epoch,learning_rate,train_total_nll,train_selection_score,train_market_nll,train_sector_nll,train_idio_nll,train_mse,train_market_mse,train_sector_mse,train_idio_mse,train_coverage_68,train_coverage_95,train_standardized_residual_mean,train_standardized_residual_std,val_total_nll,val_selection_score,val_market_nll,val_sector_nll,val_idio_nll,val_mse,val_market_mse,val_sector_mse,val_idio_mse,val_coverage_68,val_coverage_95,val_standardized_residual_mean,val_standardized_residual_std
1,0.0002,0.5491102011668251,0.5606678380750028,0.6038290825780507,0.5549153716128,0.5414810915670071,1.070978693555512,1.1601260091186663,1.0782692408600307,1.0607165046723803,0.7621367196424291,0.9438712614263256,-0.006623342726291678,1.0486042009323786,0.4839745547090258,0.4646988255637033,0.3700185332979475,0.4958538157599313,0.47589401262147085,0.952697251524244,0.748151251247951,0.9818544813564846,0.9303589122635978,0.7610655682427543,0.9479654686791557,-0.006865047317530427,0.9840356452124459
2,0.0002,0.5470211310960509,0.5600446033529249,0.6100236150424544,0.5522859474484237,0.5396563445498862,1.0673909222700115,1.1607568001528399,1.0748805261854861,1.0567894288159292,0.7631364241202201,0.9444003128966832,-0.006393446469919719,1.045876372844801,0.4817612426621573,0.4623826657022749,0.36724933981895447,0.4936546640736716,0.47368493250438143,0.9494103022984096,0.742497444152832,0.9784902589661735,0.9272284252302987,0.761987703187125,0.9486387627465385,-0.006149916909635067,0.9813649569238935
3,0.0002,0.5430749916605736,0.5514082544183191,0.5817010386274495,0.5480467603133294,0.5368155134541244,1.0629285120410785,1.1537400209382618,1.0697878177141538,1.0530421735142863,0.764771350544334,0.9444728464097251,-0.005672213052742734,1.041733240798172,0.4800192969185965,0.46063005924224854,0.36545409900801523,0.4919099680015019,0.4719474698816027,0.946809036391122,0.7382731863430568,0.9758237855775016,0.9247452786990574,0.763275751045772,0.9488437005451748,-0.005393995504294123,0.9791526624134609
4,0.0002,0.5415703922236731,0.55105685917545,0.5864911655670748,0.5463279094878751,0.535315525866301,1.0612033159746972,1.1550649454062267,1.0681053246926824,1.0511725591892689,0.7658772230534314,0.9450850600303345,-0.004828699269742618,1.0401424733741953,0.4785832975591932,0.459163418837956,0.36387963805879864,0.49045242582048687,0.47053757309913635,0.944679856300354,0.7347223928996495,0.9736402630805969,0.9227177926472255,0.7640661512102399,0.9491510731833321,-0.004778006247111729,0.9773532748222351
5,0.0002,0.5394322348811854,0.5482285004722319,0.581575327349301,0.5433777551424548,0.5340818468294334,1.0578812282920462,1.1481215275112384,1.0642262517087084,1.0485280661150629,0.7664752723201828,0.9452850124479563,-0.004264199016620775,1.037584837938217,0.477418269429888,0.45802497012274607,0.3628471451146262,0.4892938733100891,0.46936196088790894,0.942891606262752,0.7319769178118024,0.9718534094946725,0.9209597195897784,0.7645638244492667,0.9494291543960571,-0.00426673682938729,0.9759933948516846
6,0.0002,0.5369141292906554,0.5446021135150582,0.5723034937640363,0.5417340225100324,0.5309146268909453,1.0558593572311896,1.1473224740766925,1.0625008472673196,1.0461691823831714,0.7674484471018997,0.9456972708524528,-0.0038308275709480564,1.0352974192747475,0.47644551736967905,0.45707043579646517,0.36193742070879253,0.4883527628013066,0.4683551958629063,0.941391578742436,0.7294063653264727,0.9703776240348816,0.9194719621113369,0.7649004629680088,0.9497219238962445,-0.0039427791988211015,0.9747652837208339
7,0.0002,0.5368292624089631,0.5410614505016154,0.5552991178154109,0.5404435995135897,0.5325994075341799,1.0551004117074299,1.136715712125277,1.0616172223688136,1.045862928507332,0.7679261801632687,0.9456441951518566,-0.003448039656168245,1.0342362627620254,0.4755895904132298,0.4562086207526071,0.36102298753602163,0.48752344506127493,0.4674743584224156,0.9400790844644819,0.7271705184664045,0.9690853953361511,0.918169515473502,0.7654127563749041,0.9497950758252826,-0.0036342094452785595,0.9737004297120231
8,0.0002,0.5349158291487326,0.5401343383212638,0.5582778804764127,0.5388144612054985,0.530238355743647,1.0532067274957235,1.1370327460463472,1.0596441250521624,1.043975108453408,0.7684693845040208,0.9458264346323461,-0.003334740650751143,1.0326511452021756,0.47483669434274944,0.455412038734981,0.36002364328929354,0.4867859355040959,0.466714437518801,0.9389147503035409,0.7249896441187177,0.9679603917258126,0.9170001319476536,0.7659397125244141,0.9498097045081002,-0.0033544661211115973,0.9727265919957843
9,0.0002,0.5329365592612747,0.5386124626726829,0.5587398501518155,0.5368027674206128,0.5282103376844028,1.0509781609080768,1.1426183599687176,1.0581793989031236,1.040722095509574,0.7691169850451844,0.9459980696648825,-0.002775192141122774,1.0301486781270068,0.474164285830089,0.45475157669612337,0.35940128564834595,0.48612503920282635,0.4660292778696333,0.9378595522471836,0.7232518451554435,0.9669411437852042,0.9159315569060189,0.7662324564797538,0.9499121819223676,-0.003089689483333911,0.9717589276177543
10,0.0002,0.5329275431339636,0.5367767522609111,0.5489508709872792,0.5369513979230902,0.5283695688070121,1.050871500438828,1.1371252572800234,1.0580321833435034,1.0408357029918458,0.7693735362707571,0.9463342573600271,-0.002355267827083252,1.0307030237756802,0.4735524569238935,0.4541616269520351,0.35892423561641146,0.48549547365733553,0.46543020009994507,0.9368592841284615,0.7218093531472343,0.9659629804747445,0.9149242128644671,0.7666861585208348,0.9500438911574227,-0.0028730264997908045,0.9708778176988874
11,0.0002,0.5315268073799928,0.5364232351505879,0.5522651222674704,0.5363075916212569,0.5260547053408635,1.0493349773589173,1.1352877358263143,1.0558021809047322,1.040002657604166,0.7698371294891905,0.9465129696480081,-0.002623667622224317,1.0280064507812279,0.4729569596903665,0.4535796046257019,0.35836160608700346,0.4849362203053066,0.46479719451495577,0.9359483804021563,0.7204246946743557,0.9651012080056327,0.9139799220221383,0.7671692030770438,0.9500878197806222,-0.0026943713559636046,0.97008216381073
12,0.0002,0.531350160651894,0.5334164414673449,0.5374469697893599,0.5358895028982044,0.5266076510845489,1.0482059273923081,1.1324940637453658,1.0552433217401704,1.0383588376073534,0.7706846721225086,0.9465395107632126,-0.0022380793653378295,1.0276827431342697,0.47246225816862925,0.4530973264149257,0.35790060247693745,0.4844710997172764,0.464272141456604,0.9351576140948704,0.7193162015506199,0.9643888303211757,0.9131209594862801,0.7674912129129682,0.9501902631350926,-0.0025552835847650257,0.9693498611450195
13,0.0002,0.5300459908236057,0.5329004361767159,0.5406056301245095,0.5342864820877411,0.5254535483014435,1.047011496823862,1.1322428354107876,1.0538474832170408,1.037334466231429,0.7707289054274109,0.9466527461104951,-0.0021600055219193432,1.0271166361349695,0.4719851953642709,0.4525529827390398,0.35706205453191486,0.48400147897856577,0.463799387216568,0.934424877166748,0.7180142147200448,0.9637073448726109,0.9123561041695731,0.7679596032415118,0.9501902716500419,-0.002492015715688467,0.9687983053071159
14,0.0002,0.5286049217838117,0.5315954016146631,0.5392504884819693,0.533443976304239,0.5234110134714562,1.0459136392255763,1.138121963898298,1.052607649735226,1.0361459909486437,0.771307490191071,0.946797834720344,-0.0020785906944671196,1.0245267524631745,0.4715227782726288,0.4520474374294281,0.3563509966645922,0.4835588889462607,0.4633260113852365,0.9337148155484881,0.7168272648538861,0.9630660159247262,0.9115933009556362,0.7682523216520037,0.9502927320344108,-0.002476508795682873,0.968234292098454
15,0.0002,0.5280040459445021,0.529163672740049,0.5287947400447426,0.5330510887177133,0.5229305807185444,1.0452802439541413,1.128918816190247,1.0523405546313418,1.0354319806685657,0.7715782081829942,0.9471393313783604,-0.0022853944487432475,1.0245446325699445,0.47107858317238943,0.45156076550483704,0.35566953676087515,0.48312802399907795,0.46287613681384493,0.933043190411159,0.7156421116420201,0.9624433176858085,0.9108895403998238,0.7684426052229745,0.9503952009337289,-0.0024444761885596173,0.9677703976631165
16,0.0002,0.5259253893487851,0.5259612838738169,0.5208711680919494,0.5309064860319487,0.5211126873349088,1.044069476244711,1.13050095715268,1.051418213669313,1.033839672530463,0.7719179376099345,0.9470420192205384,-0.002320994095995176,1.0219082373962876,0.4706828679357256,0.451145384992872,0.355152998651777,0.48274870429720196,0.4624681089605604,0.9324120538575309,0.7145874159676688,0.9618696825844901,0.9102154885019574,0.7687646235738482,0.9504830070904323,-0.002422889195648687,0.9672617316246033
17,0.0002,0.5257573500878735,0.5254273130259383,0.5189566155317598,0.5305678768377978,0.5211734852627427,1.0437894198164963,1.1286198402248842,1.0508201614754045,1.0339311425645996,0.7717710788418523,0.9471375686184368,-0.0018701956816484042,1.0215747107767248,0.47030915532793316,0.4507131406239101,0.3544697037764958,0.48237658398491995,0.46210297090666635,0.9318519490105766,0.7136643358639309,0.9613614678382874,0.9096156018120902,0.7688524552753994,0.9505415729113987,-0.0023440341132559945,0.9669768043926784
18,0.0002,0.5249907804448992,0.5226254920765186,0.5075129594310065,0.5297682012858033,0.5207959773150638,1.0434949702979808,1.1303405799031965,1.050296720207799,1.033798441524063,0.7723054366374235,0.9472844187337132,-0.001929610371675103,1.0208644126469035,0.4699532091617584,0.450267847095217,0.35365544472421917,0.4820096961089543,0.4617730293955122,0.9312947051865714,0.712820223399571,0.9608546665736607,0.9090173244476318,0.7690427558762687,0.9505415643964495,-0.002313792539228286,0.966720632144383
19,0.0002,0.5234423280727265,0.5214389833127623,0.5077358006273034,0.5283466981541962,0.5190615467425623,1.042720599812684,1.1211404041284108,1.0499334426680194,1.0328939318721255,0.7724540593555922,0.9473782002572041,-0.0018321150657570084,1.0196033009824017,0.46960586309432983,0.4498015216418675,0.3526896025453295,0.48165462272507803,0.4614542211805071,0.9307835698127747,0.7116935082844326,0.9603755474090576,0.9084942085402352,0.769247659615108,0.9504683613777161,-0.002168546530551144,0.9665369646889823
20,0.0002,0.5227239346156812,0.5193213150749577,0.5003436852871761,0.526972068205307,0.5192217534770852,1.0418600238662634,1.1233358913927032,1.0488674707561974,1.03213663401632,0.7730379625390944,0.9474896706250701,-0.0018855781019175577,1.0184489086197959,0.46928900480270386,0.44932728154318674,0.3515752511365073,0.4813082345894405,0.46119376165526255,0.9303483537265232,0.7106676357133048,0.9599926727158683,0.9080261758395604,0.769218385219574,0.950512272971017,-0.002047522392656122,0.9666486893381391
21,0.0002,0.5208285930217181,0.5173859555400904,0.4971355906513274,0.5261238746493814,0.5163229843345257,1.041264832759637,1.124400682212595,1.0481846443203031,1.0315737360178685,0.7728680908454796,0.9475799059134461,-0.0018863695035431054,1.016683012263169,0.46898429308618816,0.44881944145475117,0.35024915848459515,0.48095818928309847,0.460968370948519,0.9299374648502895,0.7096206630979266,0.9596140384674072,0.9076046688216073,0.7692037650517055,0.9504244753292629,-0.0018782475131696888,0.9669562152453831
22,0.0002,0.5200831571818041,0.5161410174174239,0.4943453118373945,0.5248232356001735,0.516201075868097,1.0410239944185236,1.1259451123166586,1.0481358162789363,1.0310817452874366,0.7724664478255682,0.9476400725081104,-0.0016806714600620563,1.0170908685445914,0.46866803084100994,0.44837868213653564,0.3492960716996874,0.48062447564942495,0.46069071548325674,0.9295039006641933,0.7089253919465202,0.9592207329613822,0.907140212399619,0.7691744821412223,0.9504244582993644,-0.001860594260506332,0.9671503049986703
23,0.0002,0.5190563365953778,0.5134531151457085,0.48435548766522685,0.5240059115085097,0.5152634957386105,1.040723515920747,1.1191434619623586,1.0481287031256052,1.0307043409965133,0.7731547531924631,0.9478010826669251,-0.0018564314392726532,1.0154665824341504,0.4683522241456168,0.44793602398463656,0.34833509581429617,0.48028782435825895,0.46041699392454966,0.9290822574070522,0.7083354422024318,0.9588339754513332,0.9066890052386692,0.7690427303314209,0.9503366521426609,-0.0018291818975870097,0.9673325163977486
24,0.0002,0.5184113645289823,0.512968021151959,0.4850688315344963,0.522870192737497,0.5150638229610208,1.0403761316555227,1.1249793789480675,1.0472405595645606,1.0306918942728882,0.772914102768422,0.947730307313988,-0.0016281489228565373,1.016018037466635,0.46806899990354267,0.4474615624972752,0.34708493522235323,0.47996615512030466,0.4602049844605582,0.9287606307438442,0.7077191386904035,0.9585473452295575,0.906341918877193,0.7687207290104457,0.9501902716500419,-0.0017444109710465585,0.9679222788129535
25,0.0002,0.5171322523421747,0.5087107607337892,0.46774072202874467,0.5219466023295877,0.5139643448272784,1.0403692249150387,1.128394437846273,1.0474499765114083,1.0303542585033245,0.7727831731727814,0.9479054777736736,-0.0013568000684512896,1.014983793882441,0.4678283546652113,0.4469596530709948,0.3455347035612379,0.4796640872955322,0.46006889428411213,0.9285360063825335,0.7071344171251569,0.9583580153329032,0.906093920980181,0.7682816301073346,0.9500439167022705,-0.0016414855906207646,0.969085020678384
26,0.0001,0.5156400676392505,0.5068249727704367,0.46428883905611484,0.5203481674258669,0.5126437237953664,1.0402329061009468,1.1243457474132132,1.0472857369903095,1.0303764248692018,0.7730963530247107,0.9478930912658581,-0.0015683577018269753,1.0143333424829626,0.4676949509552547,0.44667759963444303,0.34465851954051424,0.47949317523411344,0.4599977561405727,0.9284211312021527,0.7067484174455915,0.958266190120152,0.9059650216783796,0.7680327722004482,0.9499414478029523,-0.0016004405749429549,0.9697010772568839
27,0.0001,0.515126967455848,0.5051714317803762,0.4575866421878627,0.5200124520967281,0.5121595655591566,1.0401729613269142,1.1231723684783375,1.0476277973352093,1.0299513687395239,0.7725531441806396,0.94769667704171,-0.0016828664980956423,1.0144557319842862,0.4675473315375192,0.44641866428511484,0.3439754673412868,0.4792972760541098,0.45991642134530203,0.9282810602869306,0.7065333638872419,0.9581459760665894,0.9058081933430263,0.7678571513720921,0.9498097215379987,-0.0015572802928675497,0.9702435561588832
28,0.0001,0.5139498054756065,0.5033867065802305,0.45333608069808434,0.5187172451279193,0.5112028772356184,1.0400583835402117,1.1206821119598742,1.0473198886182715,1.0301092262211453,0.7726221567414866,0.947818777590781,-0.0012041468384861142,1.0138801416061534,0.46740434425217764,0.4461416218961988,0.3431726949555533,0.4791102579661778,0.45983978680201937,0.9281529017857143,0.7063165051596505,0.9580349837030683,0.9056651336806161,0.7676668678011213,0.9497072611536298,-0.001521790150686034,0.9709499818938119
29,0.0001,0.5139944166411469,0.5036370527145995,0.45395871300473445,0.5192413814184927,0.5107487206258327,1.03921065450165,1.1229664771156702,1.0468990219906738,1.0287306105453649,0.7725248347406959,0.9478877832358166,-0.001473408881338646,1.0136776521793907,0.46723562479019165,0.4458865097590855,0.34257340005465914,0.4789189611162458,0.4597077965736389,0.9279897723879132,0.7060049005917141,0.9578989233289447,0.9054807850292751,0.7675058586256844,0.9496194294520787,-0.001485756049597902,0.9714331030845642
30,0.0001,0.5127569979033596,0.5011727999367073,0.4474533758675544,0.5168741285254103,0.5108168223903942,1.0402732561294672,1.1273507325635108,1.0469579203220167,1.0306860788152852,0.7723885964073494,0.9479178681736435,-0.0012706094249147878,1.0134611027471065,0.4671277531555721,0.4456461157117571,0.3418114185333252,0.478770239012582,0.4596623608044216,0.9278909393719265,0.7057370628629412,0.9578269975525993,0.9053597790854317,0.7672277433531625,0.9494876861572266,-0.0014782557929200785,0.9723180873053414
31,0.0001,0.5121161068894705,0.499358645948409,0.44008045944727503,0.5167626400156016,0.5098707575574155,1.0393023352589532,1.1218187514344744,1.046516823241084,1.0293372013217619,0.7720205701819254,0.9477320761212258,-0.0011278184515781423,1.0132919186459832,0.4669809341430664,0.4454184515135629,0.341266142470496,0.4785974792071751,0.4595549064023154,0.9277496252741132,0.7055549536432538,0.9577154176575797,0.9051909957613263,0.766978919506073,0.9493998714855739,-0.0014964682715279715,0.9728889380182538
32,0.0001,0.5121265441195358,0.500082953984327,0.44350877894753066,0.5170951849437699,0.5094453243069307,1.0396838699941435,1.1224749136858867,1.0467113663683179,1.0298967694374142,0.7722399616588854,0.9479461743969307,-0.00122537384149822,1.013898618209703,0.4668274734701429,0.4451468118599483,0.34053204315049307,0.4784045134271894,0.45946045432771954,0.9276371087346759,0.7053877626146589,0.9576334186962673,0.9050493836402893,0.7667301041739327,0.9492095793996539,-0.0014829059364274144,0.973658834184919
33,0.0001,0.5098629362249915,0.4963575050242836,0.43305248922743284,0.5153056042810678,0.5069806615661687,1.0389304446067542,1.1181832832448624,1.0465659372110465,1.0286531948876008,0.7718241566332752,0.9479426278723168,-0.0013735946257791194,1.0114476981834664,0.4667315823691232,0.4448619399751936,0.33950350114277433,0.4782499543258122,0.45945424692971365,0.9275957942008972,0.7051611202103751,0.9576171210833958,0.9049889700753349,0.7661738821438381,0.949107119015285,-0.0014648858590849809,0.9750386221068246
34,0.0001,0.5102579939770686,0.49653997811445083,0.43302744737973553,0.5150367458382621,0.5080536871392599,1.0397405681646135,1.1184511827702015,1.0475667237077477,1.0292905482870145,0.7712455614476479,0.9476312311739131,-0.0013719823199369041,1.013541652071624,0.46661231347492765,0.4445783964225224,0.33858067223003935,0.4780729455607278,0.4594193058354514,0.9275184444018773,0.7049350312777928,0.9575578144618443,0.9048979026930672,0.7656469515391758,0.9487851091793605,-0.0014344501541927457,0.9763645018850055
35,0.0001,0.5085867939932052,0.4932627623073487,0.42292553340816136,0.5133447619109816,0.506684230828504,1.03951789975102,1.1189289424654862,1.0471348072217723,1.029253717956193,0.7709111554907002,0.9479019385508698,-0.0011643878158123604,1.0133557287474548,0.46645358204841614,0.44431330476488384,0.3379163997513907,0.47786271572113037,0.45932886004447937,0.9273830226489476,0.7048124670982361,0.9574427689824786,0.9047423601150513,0.7653249331883022,0.9486094883510044,-0.0014288207083674414,0.977332523890904
36,0.0001,0.5083200571926877,0.4936942674633753,0.42646898807735617,0.5129496617633719,0.5064187788410053,1.0400603850725465,1.1227217197932877,1.0477410216493601,1.0296243478077138,0.77114471186835,0.9477391496453489,-0.0010183382813536792,1.0133559422691127,0.4663076911653791,0.4440143619264875,0.33702227047511507,0.47766168628420147,0.4592635546411787,0.9272927982466561,0.7045960256031581,0.9573797328131539,0.9046295200075422,0.7646662507738385,0.9484484706606183,-0.0014260742380949004,0.9785999740873065
37,0.0001,0.5074019645653862,0.4902371310956145,0.4124417898465798,0.511789810509535,0.5061795411724949,1.039851057870415,1.123679567721491,1.0473216686516404,1.0295859389992192,0.7703184095255053,0.9475993758205202,-0.0011122895952407623,1.0137238478055852,0.46613150409289766,0.44373866489955355,0.3363754451274872,0.4774357293333326,0.4591524047510965,0.9271729758807591,0.7045203702790397,0.9572901129722595,0.9044773663793292,0.7641979030200413,0.9483020901679993,-0.0014588541151689632,0.9796851021902901
38,0.0001,0.5072990841178462,0.48983263712088865,0.41012699634270994,0.5122803214171482,0.5055568997627069,1.039798089509646,1.119861792565936,1.0471046711391072,1.0298224868352388,0.7702157802666707,0.9477444602487155,-0.001048551940223975,1.0140122982597455,0.4659654710974012,0.44348051718303133,0.3357707645211901,0.47722575068473816,0.45904489925929476,0.9270231638635907,0.7043943320001874,0.9571679064205715,0.9043000425611224,0.7638905133519854,0.9481996468135289,-0.001469844054164631,0.9808068190302167
39,0.0001,0.5066826661663704,0.49046659714070384,0.416379163458871,0.5113904774188995,0.5049850573040509,1.040235870925401,1.1252541104266274,1.0478904712090797,1.029747260852048,0.7695911762460913,0.947608221851036,-0.0009619437554032938,1.0147164455955247,0.465836158820561,0.44325261456625803,0.33517575689724516,0.4770458596093314,0.4589817907129015,0.9268798998423985,0.704208995614733,0.9570532781737191,0.9041286110877991,0.7633928656578064,0.9480679205485752,-0.0015239410401721085,0.9822619472231183
40,0.0001,0.5051760758281848,0.4865420507664174,0.40183293367487255,0.5101819953047386,0.5036148618860496,1.0401518357102446,1.1197601332576996,1.047194292528592,1.0304557009445805,0.7691913012935867,0.9476294553543643,-0.0008916496488154367,1.0137532368519468,0.465699417250497,0.4429975748062134,0.33448155437197,0.47684708663395475,0.4589256431375231,0.9267637133598328,0.704019810472216,0.9569677710533142,0.9039845977510724,0.7627927575792585,0.9478483540671212,-0.001563111536337861,0.9838156614984784
41,0.0001,0.5039173839739446,0.48476932015666047,0.39780226716529465,0.508986440852598,0.5023854657307999,1.0402276919972748,1.1233289410343572,1.0480018614821993,1.0296834335414642,0.7690355881960149,0.9474737478216082,-0.0013142321609976892,1.0145146050970424,0.46556359955242704,0.44274442962237764,0.3337856573717935,0.47665676048823763,0.45886307103293283,0.9266356996127537,0.7037749801363263,0.9568619728088379,0.9038383705275399,0.7620755434036255,0.9476581045559475,-0.0015598536535565341,0.985544468675341
42,0.0001,0.5021428349400235,0.48306140750727006,0.39658281059118455,0.5070174391759902,0.5007870565924977,1.039857489896734,1.1288717226343932,1.0473031905362622,1.0294447839099268,0.7686976339452921,0.9474560509355918,-0.0011504383841142484,1.0140754496864672,0.46536220397268024,0.44247621297836304,0.333268974508558,0.47642040252685547,0.45870731132371084,0.9264419504574367,0.7036293489592416,0.9566922613552639,0.9036188891955784,0.7616071615900312,0.9473360862050738,-0.0015995755924710206,0.9867900013923645
43,0.0001,0.5023743209649728,0.48197007171218614,0.3905889206941361,0.5065492823422437,0.5019254424864064,1.0402632537109429,1.1215456877601384,1.0477820524510602,1.0300350153825764,0.7678483251423946,0.9473481193080311,-0.0010826633303263865,1.0153687188127398,0.4652338922023773,0.44221763951437815,0.33249532324927195,0.47625431418418884,0.4586379826068878,0.9263183304241726,0.7033947535923549,0.9566027266638619,0.9034655775342669,0.7606411065374102,0.9470433252198356,-0.0016274450380089028,0.9887734055519104
44,0.0001,0.5004235483541144,0.47908869322994496,0.3834993537863203,0.5048271070862228,0.49991754943849714,1.0406775883063715,1.124545999751886,1.0484253963906895,1.0301340622832438,0.7674413656326352,0.9472826529822991,-0.0011670031390574806,1.0147221152099222,0.4650907133306776,0.44198743786130634,0.33193484800202505,0.47607227308409555,0.4585477794919695,0.9261771525655474,0.7032258425440107,0.956493752343314,0.9032921535628182,0.7598653265408107,0.9467505897794452,-0.0016329027379729918,0.9907311797142029
45,0.0001,0.49968342245815256,0.4783547989304363,0.3828639947782641,0.5040188292297748,0.4992419276698113,1.0409715259261731,1.117518038024017,1.048598970262926,1.0307924260465249,0.7668468529510292,0.9474436648459417,-0.0013233544570089785,1.0150746013175072,0.4649099665028708,0.4417881369590759,0.3316770834582193,0.47587211217199055,0.4583888564790998,0.9259786265236991,0.7031702399253845,0.956326391015734,0.903058545930045,0.759572582585471,0.9465163946151733,-0.001707985797630889,0.9921606268201556
46,0.0001,0.49842058553994184,0.47697436877089583,0.38115723451214484,0.5025897079136844,0.49816019660192634,1.0410845236912072,1.1257744491003812,1.0486075270838564,1.0307386598906128,0.7665389735699987,0.9472065638736719,-0.0013666058423352431,1.0152110070134908,0.4647171369620732,0.44156946880476816,0.33139277356011526,0.4756371889795576,0.45824105824743,0.9257658294269017,0.703152562890734,0.9561343959399632,0.9028181859425136,0.7590749263763428,0.9462675537381854,-0.0017357157110901816,0.9935880984578814
47,0.0001,0.49818278774337643,0.4754288971777935,0.3738844717475317,0.5024968778771834,0.4980118391775017,1.0414899256958938,1.1224480714916347,1.0496204394105313,1.0306608216928521,0.7661974877842812,0.9471428758121476,-0.0013031421643387802,1.0156561289358577,0.46461884890283855,0.4414364865847996,0.3311705376420702,0.47548305136816843,0.45820283038275583,0.9255964585712978,0.7030553306852069,0.9559872150421143,0.9026243260928563,0.7579771620886666,0.9459455694471087,-0.0017654172178091748,0.9957715954099383
48,0.0001,0.49621985260049395,0.4723686587308718,0.3661267387500275,0.5005523802072244,0.49622370269706423,1.0407669078769777,1.1214662134422204,1.0482797395906382,1.0305640809418894,0.7655428036830262,0.9471641072246492,-0.001399262438473456,1.0150673952671365,0.46436681491988047,0.44123116561344694,0.3311520048550197,0.4752420655318669,0.45793244668415617,0.9253410696983337,0.7031802194459098,0.9557528666087559,0.9023345623697553,0.7577722753797259,0.9457552688462394,-0.0018728005067844475,0.9966143710272652
49,0.0001,0.4938237398814589,0.4686607600255586,0.3568816596247091,0.498103571465642,0.49410878949337755,1.0411166810243115,1.1241296523014919,1.049192204066244,1.0302740220951507,0.7651623834871435,0.9470738630583012,-0.0013297612118422664,1.014206748039608,0.464264269386019,0.44118951899664743,0.3314218010221209,0.47509106567927767,0.45786544254847933,0.9251530596188137,0.7032074843134198,0.9555835383278983,0.9021209052630833,0.7572306820324489,0.9453454273087638,-0.001989120850339532,0.99843111208507
50,0.0001,0.49390139315363785,0.4696736820343695,0.3624697460461744,0.4976230903824664,0.494560611035717,1.0406898568593934,1.1298688307878975,1.0480291357699176,1.0303778119879803,0.7645395516512913,0.9473693465710459,-0.0011620141086568156,1.0159228124685438,0.46411665848323275,0.441134512424469,0.3317793309688568,0.47492619923182894,0.45771842343466623,0.9249126315116882,0.7032607112612043,0.9553650362151009,0.9018483757972717,0.7566305654389518,0.9451697979654584,-0.002070122814205076,0.99981290102005
51,5e-05,0.4925375878489217,0.4659049288202349,0.34810706885421977,0.49658338280864106,0.4933060624119532,1.0414081194628526,1.1281323718239793,1.0487473703562988,1.0311779701188648,0.7645643227047619,0.9472384166537396,-0.0013984843859367608,1.015004277454475,0.4640500375202724,0.4410965527806963,0.33187875151634216,0.47484477928706575,0.45766131367002216,0.9248056837490627,0.7032835057803563,0.9552648748670306,0.9017304522650582,0.7563231928007943,0.9449941430773053,-0.002082287932613066,1.0006695645196098
52,5e-05,0.4918669079421857,0.46642773558626416,0.3546048892843871,0.4950697430230062,0.49323957487820164,1.0412596955662217,1.1227387184396795,1.048203619280443,1.031599617010828,0.7632036666193333,0.9470667782115473,-0.000993062890196572,1.0170194683561309,0.46407160588673185,0.44113088505608694,0.3319953296865736,0.47484015566962107,0.4577057361602783,0.9247124791145325,0.7032037121909005,0.95517612355096,0.9016324537140983,0.7557084219796317,0.9447160363197327,-0.002111295604013971,1.002209654876164
53,5e-05,0.4918058284282427,0.4658411405437776,0.35181994809373546,0.4949690018932818,0.4933087930638148,1.0412615228844408,1.1254823857619836,1.0485202873068376,1.031195428586302,0.7637468679685948,0.9467836866106012,-0.0011569614692038771,1.0169443783088432,0.4640085314001356,0.4410787650517055,0.3319888157503946,0.4747783158506666,0.45763943450791494,0.9246048501559666,0.7031533462660653,0.9550921406064715,0.9014988541603088,0.7553132346698216,0.9445696558271136,-0.0022052653200392213,1.0033279657363892
54,5e-05,0.49208451682853493,0.4652079353445746,0.34708915526199136,0.4954472161503785,0.49355495468192145,1.0408680256932603,1.124249700527222,1.0486431080331302,1.0303132781066318,0.7631558844738243,0.9467730747965047,-0.0013271327591885668,1.0186257808194312,0.4638880022934505,0.4410608581134251,0.33239603468350004,0.47466967361313955,0.45748930318014963,0.9244546379361834,0.7032542654446193,0.9549509286880493,0.9013317908559527,0.7554303322519574,0.9445696558271136,-0.00224147444324834,1.003255546092987
55,5e-05,0.4897063656941788,0.4617292004151404,0.3392981911792796,0.49270831055726094,0.4917179860106302,1.04071563028736,1.118861592916045,1.0488188426300313,1.0300073619153907,0.7635133156760988,0.9471800236912978,-0.0014097983499057089,1.0146449456263797,0.46374206457819256,0.4410091383116586,0.33274062616484507,0.47452891724450247,0.45732178006853375,0.924300057547433,0.7033579434667315,0.9548029048102242,0.9011618750435966,0.7555181469236102,0.9446428503308978,-0.0022575003427586387,1.0029744080134801
56,5e-05,0.4900953421963271,0.46326192253290865,0.34480898436892693,0.4939502949207716,0.491083235304483,1.0409205375461403,1.128267259000767,1.0490537354962863,1.029875645429073,0.763814106993719,0.9473658198288692,-0.0016243893304348186,1.0150668781896057,0.4636815743786948,0.4409968682697841,0.33294310314314707,0.47445989080837797,0.45726099610328674,0.9242002197674343,0.7033572537558419,0.9547116160392761,0.9010500567299979,0.7551961370876857,0.9444672209875924,-0.0022702222423894064,1.0037637438092912
57,5e-05,0.4890136367008613,0.4614411014450349,0.3397845080010774,0.49291872085588273,0.49008277135801137,1.0410678558779354,1.1191891380663634,1.0490533832724005,1.0304784024977645,0.7635451562972051,0.9471977195158174,-0.0013070316689719203,1.014870885862123,0.4636190916810717,0.44100952999932425,0.3332939233098711,0.4743797183036804,0.457202924149377,0.9240887590817043,0.7033705030168805,0.9546035783631461,0.9009318266596112,0.7549912418637957,0.9444086807114738,-0.002286288987046906,1.0042834537369865
58,5e-05,0.4885081520160339,0.4604930689832808,0.3363337383132591,0.49299836464334806,0.48909042486936033,1.0413586006123376,1.1223660840643335,1.049380062402292,1.030637086949603,0.763451379663032,0.9468933865950677,-0.0012024758010197993,1.015503168620744,0.4636331115450178,0.44105189187186106,0.33347382715770174,0.47437811749322073,0.4572268170969827,0.9240011998585292,0.7032334293637957,0.9545301369258335,0.9008309841156006,0.7542008246694293,0.9441305569240025,-0.002305376044075404,1.0058167576789856
59,5e-05,0.4879128178164435,0.4581869413449966,0.32834731415517254,0.49087074534094016,0.49027365336724377,1.0406729804459482,1.1256321833639356,1.0490409634721902,1.029473030110404,0.7626232996028112,0.9468774608322819,-0.0012714677341774919,1.0159384811239762,0.463611330304827,0.4410872203963144,0.333756868328367,0.47435212561062406,0.45719933084079195,0.9238880446978978,0.7031735607555935,0.9544267143521991,0.9007062826837812,0.7540691069194249,0.9440281135695321,-0.0023352121601679494,1.006654245512826
60,5e-05,0.4889302333817891,0.4604197574253669,0.33514760679093425,0.49247135267795517,0.4905151851069136,1.0407993566713267,1.1207637141603943,1.0488098303305415,1.0301231045499082,0.7625773037953179,0.9467341372661827,-0.001680580411657703,1.0173501048420033,0.463552509035383,0.4410973276410784,0.33404670868601116,0.4743072901453291,0.457114394221987,0.9237720455442157,0.7031859329768589,0.954323410987854,0.9005739518574306,0.7537909831319537,0.9438963787896293,-0.0023639571320797715,1.0072054266929626
61,5e-05,0.48719812124661993,0.45750074690892384,0.32739635695654573,0.49052300164651946,0.489199893624475,1.0414883127356631,1.1245025193054357,1.0494741407910104,1.0307353081988826,0.7622181149154371,0.946976556690461,-0.0013523420233016103,1.0157905807060226,0.46357446908950806,0.4411896552358355,0.3344378045627049,0.47433033159800936,0.457123053925378,0.9236574769020081,0.7031192524092538,0.9542199969291687,0.9004466363361904,0.7532640695571899,0.9436914665358407,-0.002395020365448935,1.0083598835127694
62,5e-05,0.48790974219425653,0.4585998011355907,0.3299893424662782,0.49138436205504205,0.4896991358405503,1.041406188150129,1.1217371199623805,1.049533269306292,1.0306017412344186,0.761779300695616,0.9469464617488323,-0.001431978226054301,1.0172907385514738,0.4635593593120575,0.4412164219788143,0.33464845163481577,0.47431022354534697,0.4571053811482021,0.9235560894012451,0.7030718837465558,0.9541278907230922,0.9003340601921082,0.7528688481875828,0.9434718830244881,-0.002435806972373809,1.0096698658806937
63,5e-05,0.4869002256596725,0.4569486413398306,0.3265002767298586,0.48952208926596646,0.4896250913031218,1.0414788519699254,1.1297236339697243,1.048947915217713,1.0310685228027656,0.7611670869141737,0.9465748815361513,-0.001692009981444203,1.0186688820864147,0.46349876693316866,0.4412253201007843,0.3349545512880598,0.4742477067879268,0.45703515836170744,0.9234384894371033,0.7031051175934928,0.9540162682533264,0.9002050161361694,0.7527078645569938,0.9434865457671029,-0.0024499268204505953,1.0101665428706579
64,5e-05,0.4859023957688681,0.4563247102598725,0.3261212931731811,0.4898059171595833,0.48732492950113154,1.040315336751346,1.122726757399018,1.048145239634959,1.0297380654283042,0.7613723441130138,0.9468031529471865,-0.0012269478353595837,1.0172547868182062,0.46337974071502686,0.44121159826006207,0.33537513869149344,0.47414311340876986,0.4568833240440914,0.9233205659048898,0.7031739098685128,0.9539058804512024,0.9000734431403024,0.7529274225234985,0.9435304318155561,-0.0024652270866291864,1.0097780738558089
65,5e-05,0.4855595754084559,0.45505690235288737,0.3222315423693196,0.4882077854739867,0.48835563727217757,1.0415429631504445,1.1324315076895939,1.048753229785596,1.031303075346764,0.7609972312395082,0.946790758011731,-0.0015228746238575355,1.0174906170181628,0.46344408818653654,0.4413448912756784,0.3358066550322941,0.47420391014644075,0.4569386712142399,0.9232249941144671,0.7031024864741734,0.9538164053644452,0.899971067905426,0.7522394827433995,0.9432669622557504,-0.0025132051669061184,1.0113991413797652
66,5e-05,0.48328491525912504,0.4520119770243563,0.31509629533667854,0.4866994923504378,0.4854765503199372,1.0405836321505997,1.1202367431591218,1.0486181594845545,1.0298939078676335,0.7611281674614612,0.9467854552570061,-0.0016562033965025163,1.0155507642001766,0.46338485394205364,0.44137844869068693,0.3362266421318054,0.4741529311452593,0.45685542481286184,0.9231125627245221,0.7031454188483102,0.9537121057510376,0.8998461535998753,0.7520930852208819,0.9432523250579834,-0.0025688260793685913,1.0116760560444422
67,5e-05,0.48430245960331325,0.45331250368358633,0.3180473708360181,0.48729504980207194,0.4868516490804268,1.0410254048580616,1.1279582285070444,1.048938163987894,1.0302148451370223,0.7611476280402314,0.9471871111435435,-0.0013245455545629085,1.0170751201482444,0.4633596880095346,0.4414153737681253,0.3364911036831992,0.4741639026573726,0.4567840184484209,0.9230143683297294,0.7031175579343524,0.9536258578300476,0.8997328877449036,0.7516393406050546,0.9430766957146781,-0.002563212698857699,1.0126411999974931
68,5e-05,0.48296794430410545,0.4521259846908623,0.31697069172819303,0.48645565830496795,0.4850133782583382,1.0414019883869148,1.1258623871170246,1.0498406858426201,1.0301481606956437,0.7604628745697668,0.9470437781848073,-0.001742968691590343,1.0155914082311002,0.4631796521799905,0.44132689918790546,0.3367435336112976,0.4740297326019832,0.4565443566867283,0.9229043977601188,0.7032641683306012,0.9535177264894757,0.8996127673557827,0.7518150040081569,0.9431791475840977,-0.002546847565099597,1.0119414925575256
69,5e-05,0.48369496941759466,0.451178048053305,0.30924774099219765,0.48683512690127767,0.486369746283332,1.0415029995388683,1.1255084009216851,1.0500353296190355,1.030170448586803,0.7601160754143581,0.9467323748922579,-0.0014322560940981232,1.0174231502215925,0.46317003454480854,0.4413778781890869,0.3370188687528883,0.47405314445495605,0.45649172152791706,0.9227874875068665,0.7031905395644051,0.9534074578966413,0.8994875209672111,0.7513758965900966,0.942959589617593,-0.0025529797920691116,1.0128407563482011
70,5e-05,0.4837366006564785,0.4527189445958804,0.3172327710835276,0.48682693552469086,0.48619637268012883,1.0410618359053128,1.1339516689245983,1.0488652494297244,1.0301622538648936,0.7607070541806434,0.946881002692744,-0.001807350053663551,1.0170541443312677,0.4631801460470472,0.44147783517837524,0.3374969150338854,0.47406751768929617,0.4564823125089918,0.9226891483579364,0.7031335234642029,0.953315692288535,0.8993811011314392,0.7512002417019435,0.9428571207182748,-0.0025589517317712307,1.0137165529387338
71,5e-05,0.48240611943050904,0.45139685754060616,0.3157813255682676,0.48565327146538384,0.48471316597105296,1.0405726196697707,1.123967876385433,1.0488274720187323,1.0295380375157546,0.7607654329576302,0.9468951526038144,-0.001642791213315931,1.0165590253058987,0.46322162662233624,0.4415897173540933,0.33790560705321177,0.47411280444690157,0.456507214478084,0.9225909028734479,0.7030355760029384,0.9532173105648586,0.8992824724742344,0.7506147537912641,0.9426961200577872,-0.0025599307513662745,1.015112348965236
72,5e-05,0.48243179201629444,0.45079027837633895,0.3133370391079624,0.4848642265610095,0.48563582271224925,1.0403978326033723,1.1296062890864422,1.048087728969226,1.0297342314954328,0.7597674973835767,0.9466722229012141,-0.001468216485763044,1.0187481314313778,0.46328336000442505,0.44174147503716604,0.33841954810278757,0.47419455647468567,0.4565343090466091,0.9224814772605896,0.7029766099793571,0.9531044960021973,0.8991747753960746,0.7501609921455383,0.9425058450017657,-0.002571196195536426,1.016251598085676
73,5e-05,0.4812820296607916,0.44967152351182793,0.3118906628744575,0.4841512112571173,0.4840592514548634,1.0409823462117767,1.1328392021088618,1.0490050558071167,1.02989766112676,0.759533933318118,0.9467889833501784,-0.0014772903426971008,1.0179847172962544,0.4632330409118107,0.44178591455732075,0.33885944741112844,0.47415224994931904,0.4564597010612488,0.9223827975136893,0.7029553140912738,0.9530120662280491,0.8990676232746669,0.7501170890671867,0.9426082968711853,-0.0025739268665867193,1.0163033860070365
74,5e-05,0.48127050285267303,0.4492453011190061,0.3100209680043615,0.48383161462582064,0.4844176295121425,1.040685241632827,1.1243097790498318,1.0485874710376366,1.0299957557041068,0.7597781174966469,0.9466474429376049,-0.0015676101846585258,1.0176796804423984,0.4631289115973881,0.4417720947946821,0.33921296681676594,0.4740645672593798,0.4563240536621639,0.9222784042358398,0.7030479311943054,0.952912015574319,0.8989521861076355,0.75019029208592,0.9426814998899188,-0.0025670810136944056,1.0159827385629927
75,5e-05,0.483098241681996,0.45181583221127264,0.31650523972459826,0.48494960106326257,0.486799931339618,1.0408077289526745,1.1311204522864213,1.0483249931546461,1.030279941772424,0.7597108833608406,0.9468420687972438,-0.0015305143133151615,1.01950210065888,0.4630454310349056,0.4417467330183302,0.3393954975264413,0.47401910168784006,0.4561935578073774,0.9221858637673515,0.7030541045325143,0.9528271385601589,0.8988485762051174,0.7501171060970852,0.9426668456622532,-0.002571327445496406,1.0160263095583235
76,2.5e-05,0.47959860133211224,0.4470748894290543,0.30547533434787055,0.48239708892474353,0.4826042366008532,1.0407182827423023,1.1254662991342066,1.0486441074161355,1.029967516934106,0.7601603075290975,0.9467447665145573,-0.0017928486549573424,1.0163630261591043,0.4630299210548401,0.4417720649923597,0.33958713923181805,0.4740114765507834,0.4561629891395569,0.9221487471035549,0.7030452404703412,0.9527964847428458,0.8988044857978821,0.7499268054962158,0.942666871207101,-0.0025877137003200395,1.0162801998002189
77,2.5e-05,0.47859179682494885,0.4451161866501995,0.29936737803208524,0.4814769731330923,0.4816807143056451,1.040293467636695,1.1179049239246124,1.047990442480323,1.0300095980063169,0.7593888504982509,0.9467677595289862,-0.0013308651831767009,1.016165275671517,0.4630412459373474,0.44182769315583365,0.33982144934790476,0.4740326532295772,0.4561568796634674,0.9221015402248928,0.7030434012413025,0.9527508531297956,0.8987546392849514,0.749780433518546,0.9425497651100159,-0.002589261924315776,1.0166991353034973
78,2.5e-05,0.47872999920049875,0.4454859381132491,0.3009313245399926,0.4814184947845039,0.4819680374503715,1.0406465453195752,1.1230667114129147,1.0488974698092959,1.0296484500218004,0.7597250282539268,0.9468863061872999,-0.0016753621189817343,1.0158382970065731,0.46299420084272114,0.4418108548436846,0.339908378464835,0.4740087645394461,0.45608262504850117,0.922059851033347,0.7030773077692304,0.9527135831969125,0.8987050907952445,0.7497511676379612,0.9425644108227321,-0.0025967313974563566,1.0167492117200578
79,2.5e-05,0.4804882645381829,0.44885006754448525,0.3115867489875489,0.4827539280692243,0.48385249071036296,1.0410717549481008,1.1278032941298426,1.0488076423607964,1.030444680582943,0.7593835446233693,0.946719989445939,-0.0017196734502953786,1.0179824883784723,0.4629800021648407,0.44183979289872305,0.34009483456611633,0.4740201660564968,0.4560357800551823,0.9220123035567147,0.7030947889600482,0.9526657717568534,0.8986562149865287,0.7496633359364101,0.9425643937928336,-0.0025847812981477807,1.0168536049979073
80,2.5e-05,0.48003389056283463,0.4474039694552671,0.30472013951795396,0.4834321925785499,0.4824794358777408,1.0407059628514426,1.130926708369659,1.0486272885165084,1.029777133233214,0.7598878284820787,0.9465908162090757,-0.0012705491180596076,1.0175031023738323,0.46299266815185547,0.44189402035304476,0.3403116932937077,0.47404674121311735,0.456027695110866,0.9219681876046317,0.7030697805540902,0.952623290675027,0.898610132081168,0.7494437779699054,0.9425058620316642,-0.002566664379888347,1.0172122461455209
81,2.5e-05,0.47893906707578393,0.44616768018207353,0.3034449022040133,0.48180155537286706,0.4819264040402445,1.0403860811278811,1.1212596546554978,1.0484016756720629,1.0296747181393684,0.7590420461961919,0.9468296865675814,-0.0011362093703090517,1.0175338820129616,0.46297940611839294,0.44190987944602966,0.3404410779476166,0.47404309681483675,0.45600038341113497,0.9219247954232352,0.7030403954642159,0.9525826062474932,0.8985629762922015,0.7493413175855365,0.9424619419234139,-0.0025587347336113453,1.017464884689876
82,2.5e-05,0.47839342163050425,0.44529366840623996,0.3001997498277709,0.4821785653017047,0.4805480818843687,1.040055020558017,1.127354855802467,1.0472433619156953,1.029956889583559,0.7591075088871021,0.9463059451537588,-0.0017013517072694694,1.0178275097079104,0.46292351824896677,0.4419019137110029,0.3406158685684204,0.4740076746259417,0.45591636640684946,0.9218865462711879,0.7031035763876778,0.9525463495935712,0.8985198054994855,0.7494584407125201,0.9425643852778843,-0.0025594924643103567,1.0169399550982885
83,2.5e-05,0.47975734046711127,0.44572267890040834,0.2976976648431434,0.4825405930578548,0.48304281840115965,1.0404594198022092,1.121241099018698,1.0479227462074787,1.0303033395387389,0.7599780567581436,0.9470543940197245,-0.0015592713466118188,1.0165038995014546,0.4629385897091457,0.4419563284942082,0.3408329657145909,0.4740276719842638,0.4559196787221091,0.921840216432299,0.7030735186168126,0.9525004965918404,0.8984716619764056,0.749238874231066,0.9425058620316642,-0.00256224226073495,1.0174489191600256
84,2.5e-05,0.47999578625912676,0.44759942765693955,0.307237798548105,0.4821341691374843,0.48361594152334764,1.0405891039727897,1.1295017138469303,1.0484213248755696,1.029792913184961,0.7591659116925128,0.9467907670827023,-0.0010185319749472328,1.0176797926715433,0.46301729338509695,0.44208243063517977,0.341151054416384,0.47411590814590454,0.4559807564531054,0.9217915960720607,0.7029982549803597,0.9524526596069336,0.8984233736991882,0.7487265808241708,0.9423301986285618,-0.002562369319743344,1.0184850352151054
85,2.5e-05,0.4797319966718691,0.44663443368509276,0.30395346896846553,0.4812338049998492,0.48408945035882983,1.0408209001316744,1.130182064293657,1.048653943983851,1.0300091544293868,0.7590809727577151,0.9466297510052396,-0.0015225653846252356,1.0197034987062619,0.46304851770401,0.44214785950524466,0.3413498742239816,0.4741593045847757,0.4559940653187888,0.9217503326279777,0.7029405236244202,0.9524158154215131,0.8983789001192365,0.7484045454433986,0.9421691979680743,-0.002569491376302072,1.0192057745797294
86,2.5e-05,0.4778066917296943,0.443240188870376,0.2916104308637618,0.4818607079004894,0.47995914886336166,1.0405566807186932,1.1223095971638617,1.04861462682373,1.0297736923757657,0.758520086005901,0.9465005746803861,-0.0013857890352460013,1.017866440322421,0.46303148780550274,0.44218097414289204,0.34157991835049223,0.47415803159986225,0.45595323187964304,0.921713616166796,0.7029662643160138,0.9523794395583016,0.8983397824423653,0.748477748462132,0.942154552255358,-0.0025638295670173,1.0191463657787867
87,2.5e-05,0.47893966862271425,0.44614279556454545,0.3032757307925999,0.4818359268593003,0.4818989492337638,1.0403740656292253,1.127271063058877,1.0483075572681375,1.0295440233274853,0.7586580852335103,0.9465465760526951,-0.001698086109475765,1.0189452522584572,0.46297614915030344,0.44216993876865934,0.3417424942765917,0.4741172194480896,0.45587606515203205,0.9216798714229039,0.7030359932354519,0.9523443239075797,0.8983033810343061,0.7486387491226196,0.9422423839569092,-0.002554599428549409,1.0187008891786848
88,2.5e-05,0.47720300070479055,0.44381426446063416,0.298337532164146,0.48018150709476976,0.48018666415103883,1.0403149132463525,1.1224837053549077,1.0478303014620922,1.0300604090199108,0.7582369733680214,0.9466739851464726,-0.0014215882468508246,1.0166962111054145,0.46300533413887024,0.442240161555154,0.3419732792036874,0.47415959409305025,0.45588564446994234,0.9216355170522418,0.7030046241624015,0.952301391533443,0.8982568553515843,0.7484045624732971,0.9421691809381757,-0.0025720318912395407,1.0193562848227364
89,2.5e-05,0.47775904371876105,0.4440497445918648,0.2977625544143251,0.48020900183604076,0.48130906757250774,1.040480433768732,1.1297989944734899,1.0474955888291146,1.030487891151914,0.7584422205952265,0.9464598837184443,-0.0009611933327835863,1.0181915110919004,0.4630888785634722,0.44238507747650146,0.3423578143119812,0.4742645280701773,0.4559374919959477,0.9215921759605408,0.7029748048101153,0.9522618736539569,0.8982095888682774,0.748082561152322,0.9419496314866203,-0.0025790115552289145,1.0203459347997392
90,2.5e-05,0.47777717282691007,0.44471040607721046,0.3009481352210624,0.48043061473597337,0.4810182173800224,1.0404743489483146,1.1275021537084935,1.049159585303766,1.028888272647271,0.7583555221493284,0.9463183360683938,-0.0013786258856493014,1.0183224616279747,0.46302432673318045,0.442342289856502,0.3423712807042258,0.47423477683748516,0.4558354786464146,0.9215569581304278,0.7030508177621024,0.9522274051393781,0.8981698836599078,0.7481557215963092,0.9420374631881714,-0.002577933283256633,1.0199758665902274
91,2.5e-05,0.4772833254745183,0.44392282558787016,0.2990493059029659,0.47980302659100094,0.4807048048834124,1.040174986501674,1.1198171528364862,1.0479264214305188,1.0297688354496304,0.7587996477445138,0.9466757544040423,-0.0009553094204898202,1.017303926650087,0.4629561560494559,0.44231846928596497,0.3425096571445465,0.47419173802648273,0.45573553442955017,0.9215252910341535,0.7031438095229012,0.9521962404251099,0.8981338569096157,0.7483313935143607,0.9422277552740914,-0.0025928005176995483,1.019231642995562
92,2.5e-05,0.47719395585273705,0.4436243634190485,0.2974159106234248,0.4801350849033753,0.48024543947743775,1.0403251872471841,1.1256342119483516,1.0480485398641999,1.029758093296613,0.7587164814126086,0.9467341396465085,-0.0016451744449159549,1.0170598551188683,0.4629176897662027,0.4423213005065918,0.3426673582621983,0.47417337128094267,0.4556704844747271,0.9214885149683271,0.703179657459259,0.9521586043494088,0.8980958206312997,0.7485362887382507,0.9422863040651593,-0.0025859015794204815,1.01870938709804
93,2.5e-05,0.47826742419859425,0.4450568977845918,0.30022386078312147,0.48135619931007423,0.481113397361006,1.04004718960779,1.1261402900580515,1.0486824955736953,1.0285421071410243,0.7596631129239613,0.9469411558096176,-0.0016269175929087226,1.0171242978723385,0.46294966340065,0.44239865030561176,0.34293039781706675,0.4742133063929422,0.4556864244597299,0.9214522668293544,0.7031360268592834,0.9521235483033317,0.8980578780174255,0.7483021020889282,0.9422277382441929,-0.0025768880399742295,1.019225469657353
94,2.5e-05,0.47619839465367236,0.4419648579436898,0.29263062114916294,0.47942009413814907,0.479095623259022,1.0400854130082045,1.1187162057039741,1.0478195793810112,1.0297301608166434,0.7595923246078985,0.9468049083088002,-0.0010744776469703082,1.0145418484083588,0.46296403663499014,0.44244252358164105,0.34308124014309477,0.47424481170518057,0.4556795230933598,0.9214140602520534,0.7030894671167646,0.9520912255559649,0.898014954158238,0.7480679154396057,0.9421252693448748,-0.0025852773937263657,1.0197386571339198
95,2.5e-05,0.4770943660769537,0.44303637040156774,0.2949911557495819,0.47980252102910026,0.48045622540112126,1.0409120466666677,1.1231468887632754,1.0492807016846173,1.0298023547472597,0.7579733381641921,0.9463944232148604,-0.0013137817668290763,1.0192418938318717,0.46295879568372456,0.44246276787349154,0.34318370478493826,0.47426517946379526,0.4556447650705065,0.9213764156614032,0.7030729481152126,0.9520553520747593,0.8979743208203997,0.7479947294507708,0.9420813747814724,-0.0025842368070568356,1.0199909806251526
96,2.5e-05,0.47472240432043433,0.4404777396034049,0.29227225354601744,0.476826735174598,0.4786997219387802,1.0399910798924585,1.1276343474823014,1.0481824629768706,1.028878092701475,0.7588491860558005,0.9469075401087934,-0.0016821776132244582,1.0156656849789607,0.4629721939563751,0.44250268595559256,0.34331415806497845,0.47430006521088736,0.4556327206747873,0.9213373831340245,0.7030393310955593,0.9520191976002285,0.8979330829211644,0.7477019854954311,0.9419789229120527,-0.0025752410957855837,1.0204818504197257
97,2.5e-05,0.4736306747261795,0.43829342804917504,0.2856276477920771,0.4755473970337552,0.4779806549460323,1.040120744473601,1.1269171615902693,1.0483179912654632,1.029030465301281,0.7577627792721238,0.9465766602828576,-0.0011314270084073462,1.016031540572418,0.46301591396331787,0.4426068833896092,0.34365697843687876,0.4743617858205523,0.4556487032345363,0.9213008880615234,0.703030560697828,0.9519806504249573,0.8978965623038155,0.7475702592304775,0.9419496400015694,-0.0025675815330552204,1.0207491687365942
98,2.5e-05,0.4732257710459164,0.43752080839000645,0.28292347945140234,0.47548818411340726,0.47730670990779217,1.0396152104291798,1.1284406543164014,1.0464975287382885,1.0297721513721407,0.7585289258282698,0.9468809981894248,-0.0012587657671007623,1.015008117917159,0.463065185717174,0.44270014337130953,0.34392335159438,0.4744241535663605,0.45567796911512104,0.9212609018598285,0.7029720289366586,0.9519427929605756,0.8978553669793266,0.74726288659232,0.9417447192328317,-0.002559375117665955,1.021501864705767
99,2.5e-05,0.4753726114148522,0.4418602737297062,0.29613419670834773,0.478087377368085,0.4786324662835419,1.040112797530741,1.1264313481912958,1.0481642413898473,1.02918425840876,0.7583944558839958,0.9468544516380709,-0.0014517247592412132,1.016422003266365,0.46302262374332975,0.4426735554422651,0.3439400153500693,0.474405688898904,0.45560902782848905,0.9212317211287362,0.7029903105327061,0.9519162944384983,0.8978218691689628,0.7472628695624215,0.9417740106582642,-0.002576037808986647,1.021415182522365
100,2.5e-05,0.4750947289960936,0.44038894018223657,0.2903478501361573,0.477075365898227,0.4792722763400173,1.0402512091015457,1.133242661092195,1.0476202921036186,1.0297824190683256,0.7579131707331971,0.9464386442643015,-0.0011108369016527317,1.0185544365364605,0.4630156968321119,0.4426968778882708,0.3440689146518707,0.4744209221431187,0.45557544912610737,0.9211945874350411,0.7029787387166705,0.9518798419407436,0.8977823172296796,0.7471311347825187,0.9417740021433149,-0.002576782734000257,1.0216589229447501
101,1.25e-05,0.47500503822332835,0.43988563608492764,0.2879232164337644,0.4771357979957181,0.47911031377746555,1.039383159350268,1.1204689681626498,1.047886528778385,1.0281770523985334,0.757914947292577,0.9468119908073949,-0.0012309907910932223,1.0170516998331673,0.46300661989620756,0.4427070915699005,0.34415515405791147,0.47441757576806204,0.45555753793035236,0.9211812359946114,0.702977180480957,0.9518684659685407,0.8977676715169635,0.7472043292863029,0.9417740021433149,-0.002585282449477485,1.021614168371473
102,1.25e-05,0.4763657717175955,0.4415216297956653,0.29052059585605516,0.47869805775329477,0.4802282537020546,1.040428949122936,1.1280384918707997,1.0481532252741967,1.0297841397543823,0.7579379420440002,0.9465023546815884,-0.001077345949866549,1.0178248836617179,0.4630084591252463,0.442731716803142,0.344273179769516,0.47442362563950674,0.4555508153779166,0.9211662411689758,0.7029747452054705,0.9518557105745588,0.8977493558611188,0.7471164975847516,0.9417593564305987,-0.0025923260088477817,1.021718442440033
103,1.25e-05,0.47393321286519025,0.43898895784963227,0.286700751240422,0.47708280052420776,0.4770246815243992,1.0395713358136427,1.122258229958194,1.0481058118540212,1.0282804482831096,0.7580228801746337,0.9467306013887017,-0.0013391420037093126,1.0165356377042183,0.4630228110722133,0.4427671091897147,0.34439015814236235,0.4744454707418169,0.455554472548621,0.9211480872971671,0.7029708283288139,0.9518398897988456,0.8977282387869698,0.7469994085175651,0.941671541758946,-0.0025970262940973043,1.0220140729631697
104,1.25e-05,0.47512593098222017,0.44120005945611246,0.2932153995044799,0.47831149580217475,0.47800408191958826,1.040048575954571,1.1210594509848375,1.0485442546465173,1.028852651039459,0.7586333225755131,0.9466527492949851,-0.0015937075555348178,1.017197112649824,0.46301051122801645,0.4427760754312788,0.3444797822407314,0.47444309507097515,0.455528553043093,0.9211338588169643,0.7029843074934823,0.9518263425145831,0.897713133266994,0.7471311262675694,0.9417154533522469,-0.002599489309691957,1.0218252454485213
105,1.25e-05,0.47527774312788257,0.4407347379924797,0.2900812963593733,0.4784993403065996,0.47822932980218835,1.039795189725986,1.119553095928991,1.048248169554676,1.0286836458487698,0.7580140306057959,0.946516510639973,-0.0013224055133136748,1.0177370066972147,0.4630284437111446,0.4428226351737976,0.34463842851775034,0.4744702322142465,0.4555327722004482,0.9211173568453107,0.7029758436339242,0.9518123865127563,0.8976937532424927,0.7470286743981498,0.9416422758783612,-0.0025990955265504973,1.0220410908971513
106,1.25e-05,0.47454568939921793,0.43971558158872454,0.28824425642707835,0.4773816045592813,0.47791974511071916,1.0395953133501237,1.127618038808727,1.0476113119063606,1.0286451279634536,0.7582971333363734,0.9466474437739356,-0.0014998141506056544,1.0169218933974737,0.46302891203335356,0.44284253886767794,0.3447259409087045,0.47448489921433584,0.4555162617138454,0.9211024131093707,0.7029842053140912,0.9517987285341535,0.8976765019553048,0.7469701341220311,0.941612992967878,-0.0025979726841407163,1.022135785647801
107,1.25e-05,0.47582121901877555,0.44175745463988875,0.29272195497398046,0.47944664990522384,0.4782991139424278,1.0398640276867186,1.1218497667580247,1.0481230579899634,1.0288722535371138,0.7584669916808637,0.946636826362857,-0.0013568938422809404,1.0180849136369523,0.4630482494831085,0.4428794724600656,0.3448281926768167,0.47451341577938627,0.45552375486918856,0.921084829739162,0.7029637694358826,0.9517820647784642,0.8976576924324036,0.7467798590660095,0.9415690728596279,-0.00259521566996617,1.0224569950784956
108,1.25e-05,0.47533498348188735,0.4399349439871099,0.2865096284805345,0.47771886829035515,0.47924526404897005,1.0400172154837792,1.129028886701375,1.0482581190592009,1.0288094275073625,0.7580087195520973,0.9467429841330292,-0.0012998056922940244,1.0176768975198687,0.46305606620652334,0.44290599652699064,0.34492626786231995,0.4745288235800607,0.4555211067199707,0.9210661223956517,0.7029539006096976,0.9517644558634076,0.8976381250790187,0.746706656047276,0.9415251697812762,-0.0025965189893863033,1.0227331008229936
109,1.25e-05,0.474239521649356,0.4400969792943482,0.2920889651138462,0.47656964409756647,0.4779812145638453,1.0398402241713538,1.1340614599726102,1.0478429334972976,1.028696838161203,0.7581732870434917,0.9468456071193837,-0.0011659898674233021,1.016250331660444,0.4630512722900936,0.44292449951171875,0.34503028648240225,0.47453704476356506,0.45549970865249634,0.9210543632507324,0.7029797690255302,0.9517534630639213,0.8976251568113055,0.7467213187898908,0.9415544526917594,-0.002599933750129172,1.022614700453622
110,1.25e-05,0.4747669512975943,0.4395347069034175,0.2862711761265398,0.477676615979436,0.4781405128502421,1.0400601848678466,1.1226637746859292,1.0476200779386295,1.0297466264952213,0.7576548431734105,0.9464528092293243,-0.0015946780465879008,1.0181899187504377,0.4630663990974426,0.4429590957505362,0.34513792395591736,0.4745618871280125,0.455501845904759,0.9210365584918431,0.7029688698904855,0.951735930783408,0.8976060577801296,0.7465456553867885,0.9415544271469116,-0.0026019426461841378,1.0228849479130335
111,1.25e-05,0.4732526029951175,0.43823091988941815,0.287229702825554,0.4748660847906544,0.47783977499345287,1.0403606510779952,1.1267932364571371,1.0471056988930225,1.0307342899019372,0.7580794981216908,0.9469075433897831,-0.0012646015201726926,1.0162651672983452,0.46305871435574125,0.442971408367157,0.34521880745887756,0.4745703765324184,0.45547487480299814,0.9210239563669477,0.7029915452003479,0.9517237969807216,0.8975917526653835,0.7466627699988229,0.9415690728596279,-0.0026033897218959673,1.022755401475089
112,1.25e-05,0.4739694155459139,0.4383742164356028,0.2839470883189056,0.47651479093692656,0.47775798728835306,1.0403178295957933,1.12160220528318,1.0479426516498416,1.0299833454573664,0.7578494767851914,0.9467642179258566,-0.0012689442842174976,1.0166753750521624,0.46306059615952627,0.4429862456662314,0.34527466126850676,0.47458535007068087,0.45546207257679533,0.9210067306246076,0.7029799137796674,0.9517083934375218,0.8975733007703509,0.746560309614454,0.9415397899491447,-0.0025970187769936664,1.0229382174355643
113,1.25e-05,0.4732773786644902,0.43758611790373464,0.28384706878173177,0.4747796683811974,0.4780895493671306,1.0407516746925007,1.1317701709637176,1.048964306076861,1.0295050982134573,0.7577769292796939,0.9470048557406043,-0.0016123099474731936,1.015929389083572,0.46309042402676176,0.4430462803159441,0.34545181904520306,0.47462625588689533,0.45547595620155334,0.9209886363574437,0.7029667752129691,0.9516904609543937,0.8975542187690735,0.7464139206068856,0.9415251697812762,-0.002589062222146562,1.023244823728289
114,1.25e-05,0.47468776839267096,0.43979975483061107,0.2881833335643064,0.4774271912724021,0.47816496588896884,1.040339183948906,1.135870854049133,1.048482881580503,1.0290110656138183,0.7568568433546982,0.9460104525378763,-0.0012136388462513316,1.0196907712006917,0.4630665821688516,0.4430284627846309,0.3454464929444449,0.47461519496781485,0.4554386181490762,0.9209753615515572,0.7029819573674884,0.9516778332846505,0.8975395389965602,0.7465749382972717,0.9415690898895264,-0.0025829531784568515,1.0230923976216997
115,1.25e-05,0.4750467965523102,0.4400820413346041,0.2890991884601869,0.4768731902563051,0.4794186564535305,1.0399522718968934,1.129362822865642,1.0475308024040506,1.0293933878186838,0.757237271817388,0.9463731908373619,-0.0013471579056532719,1.018948357875966,0.46304390685898916,0.4430201138768877,0.3454941213130951,0.47459710921560017,0.45540912662233624,0.9209642836025783,0.7029909150941032,0.9516670278140477,0.8975271242005485,0.7466773986816406,0.9416276216506958,-0.002578885926465903,1.0228313037327357
116,1.25e-05,0.473059675996521,0.4364806505968554,0.27733149391152184,0.47610635663841583,0.47653721724081477,1.0397627789846833,1.126169273548363,1.048041026816134,1.0286043605094206,0.7579733339503721,0.9467642261604972,-0.0011891052359338152,1.015882530858307,0.4630246503012521,0.4430193815912519,0.34556317755154203,0.47458697642598835,0.4553774297237396,0.9209511450358799,0.7030184183801923,0.9516538892473493,0.8975132874080113,0.7468091334615435,0.9416276216506958,-0.0025804864708334208,1.022652702672141
117,1.25e-05,0.47272401449812856,0.4374758825711283,0.2848512489314473,0.47496272687067936,0.4767475281286677,1.0395182072633804,1.1275326768192677,1.0475290546015799,1.0285735379922603,0.7579308640808913,0.9468969298708587,-0.0013574548482822523,1.0153821591615548,0.4630720615386963,0.44310340711048674,0.34578760606901987,0.47464901208877563,0.45540464350155424,0.9209326335362026,0.7029954450471061,0.951638034411839,0.8974919319152832,0.7465895669800895,0.9415690728596279,-0.0025882882598255363,1.0231112156595503
118,1.25e-05,0.47308437702337985,0.43814443670217246,0.28693048293308765,0.47523086031127865,0.47714300885499006,1.0396702126496815,1.122874107254047,1.0476507782228432,1.0289164650009184,0.757384127947812,0.9467553813523109,-0.0015028509021376315,1.016616795234145,0.46310804997171673,0.44317013025283813,0.34597576941762653,0.474694733108793,0.4554253986903599,0.9209135259900775,0.7029745663915362,0.9516211662973676,0.8974705593926566,0.7464139206068856,0.9414812411580767,-0.002591350448450872,1.023538282939366
119,1.25e-05,0.47202420281321694,0.43634458520704517,0.28056759254969715,0.4755098211945422,0.47492049147937343,1.0396726943966639,1.1239569631706234,1.0475972323757343,1.0289386723469993,0.757787547173271,0.9465766629526825,-0.001431676723626912,1.0158170825136847,0.4631156751087734,0.4432084730693272,0.3461355481828962,0.47471059220177786,0.4554201875414167,0.9209006939615522,0.7029999494552612,0.9516082150595528,0.8974562202181134,0.7464724779129028,0.9414958783558437,-0.002598617924377322,1.0235246930803572
120,1.25e-05,0.4739550370270667,0.4387705466326545,0.2856810856721109,0.47689294577030894,0.4772928598212733,1.0398074034671814,1.1253935664136283,1.0480739294485473,1.028688069040944,0.7575239076269554,0.9466828264806699,-0.0014664519877769595,1.0177491159614074,0.46306838733809336,0.44316348007747103,0.34607824257441927,0.4746845747743334,0.4553518295288086,0.920892059803009,0.7030523078782218,0.951599257332938,0.8974468452589852,0.7466481072562081,0.9415837015424456,-0.002592516364529729,1.022986922945295
121,1.25e-05,0.4717918881775557,0.4363947609792319,0.2824817302094494,0.474650845502559,0.47524327689483237,1.0395602332342655,1.1296458146537374,1.0478630822797241,1.0282545851425937,0.7576424569872605,0.9467500618066391,-0.0013496322930261243,1.015880785275329,0.4630753823689052,0.4431937592370169,0.34619779671941486,0.4747009107044765,0.45534575411251615,0.9208779675619942,0.7030479056494576,0.9515872427395412,0.8974299090249198,0.7466042041778564,0.9415837015424456,-0.002592943242884108,1.023013881274632
122,1.25e-05,0.4724876850248348,0.4365130348329086,0.2809741623776061,0.4745523305564588,0.4768067737945787,1.0400783210204732,1.1309771157571964,1.0481111323968566,1.0290156501213152,0.757994572954183,0.9466881404936924,-0.0013101250168209503,1.0158609348699588,0.4630558746201651,0.4431823066302708,0.3461998275348118,0.4747008127825601,0.4553064150469644,0.9208634325436184,0.7030598095485142,0.9515724693025861,0.8974146246910095,0.7466481242861066,0.9415837015424456,-0.0025867958486612353,1.0228664108685084
123,1.25e-05,0.4735933417606148,0.43915522124274514,0.2889180036891941,0.476844341962066,0.4764981407991822,1.040124170277097,1.128913032320211,1.048142167309845,1.0291466092136958,0.7576619218441839,0.946661595615,-0.0013591405864027456,1.0170093067774435,0.463044000523431,0.44317455802645,0.34619398202214924,0.474704772233963,0.4552779069968632,0.9208488719803947,0.7030683415276664,0.9515583685466221,0.8973985910415649,0.7466334700584412,0.9415544526917594,-0.0025903372027512106,1.0228829213551112
124,1.25e-05,0.4744060346389293,0.44034610982206274,0.2921889091400089,0.4772126524112576,0.4776733118781385,1.0393535536942582,1.122465600403849,1.0471236169241727,1.0288129228549716,0.757654837447762,0.9465395103450472,-0.0012247572128781098,1.0182896422104648,0.46303492358752657,0.44318534646715435,0.34627534236226765,0.47470842940466745,0.4552535286971501,0.9208375215530396,0.7030907784189496,0.9515483123915536,0.8973845839500427,0.7467212932450431,0.9415690813745771,-0.0025964960721986635,1.0227433017321996
125,1.25e-05,0.47287034883861984,0.4375793266733852,0.28443759520569817,0.4754264579871765,0.4765952540228834,1.038823421555986,1.1186496105569796,1.0467031698772473,1.0282827140316086,0.7578052474689432,0.9468190647818497,-0.0014379556084761842,1.0168697318706523,0.46305874841553823,0.4432389225278582,0.34645072902951923,0.4747368480478014,0.4552678380693708,0.920823471886771,0.7030771885599408,0.9515369534492493,0.8973687205995832,0.7466627614838737,0.9415397899491447,-0.002598454976188285,1.0229332276753016
126,6.25e-06,0.47282202666473594,0.4363399454856395,0.27773670121199107,0.47574264078093936,0.4764042656227375,1.0403015785968697,1.126451457441014,1.0482913080705416,1.0294402043239144,0.7581856617140114,0.9468969276513657,-0.0014249055042734227,1.015700383888858,0.4630745606763022,0.4432671240397862,0.34652386818613323,0.47476022584097727,0.45527405398232595,0.9208153315952846,0.7030710237366813,0.9515286939484733,0.8973598054477147,0.7465749382972717,0.9414958953857422,-0.0025962332064019783,1.0230891278811864
127,6.25e-06,0.47308794791416675,0.4372731252612131,0.2830055157236325,0.4745920982736545,0.47791989146858954,1.03915595622302,1.1186047977714106,1.046990475716362,1.0286732976396729,0.7575309875522249,0.9466244363810523,-0.0009751681673666688,1.0171343692881445,0.4630656625543322,0.4432637691497803,0.34653787527765545,0.4747575521469116,0.45525798201560974,0.9208090220178876,0.7030794535364423,0.9515224780355181,0.8973529423986163,0.7465895754950387,0.9415251527513776,-0.0025970861315727234,1.02304926940373
128,6.25e-06,0.47374509636029255,0.4393701432076777,0.2898907885156447,0.4765318609448426,0.47708682719913614,1.0395263454043022,1.1225264665248005,1.047314029221141,1.0289722076957444,0.7576495372985288,0.9466810575769324,-0.0016124318029653107,1.0174942774445832,0.463065790278571,0.4432740424360548,0.3465869980198996,0.4747620565550668,0.45525200026375906,0.9208038364137922,0.703087329864502,0.9515183142253331,0.8973476120403835,0.7466481328010559,0.9415251782962254,-0.002597302830378924,1.0230437517166138
129,6.25e-06,0.47150060632585256,0.4365335758865941,0.2853936875069135,0.4734671514097318,0.47573755452327965,1.039076237857374,1.126068579751739,1.0479382999639413,1.0273146241404723,0.7587447902413876,0.9470667868965198,-0.0017975378247290545,1.0137314787441116,0.46307233401707243,0.4432917833328247,0.34664401412010193,0.4747763190950666,0.4552493563720158,0.9207962666239057,0.7030875597681318,0.9515107274055481,0.8973389949117389,0.7466481328010559,0.9414958868707929,-0.0025923006635691437,1.0230955566678728
130,6.25e-06,0.4716517003529534,0.4362568206807696,0.28239529265047597,0.47447087490680856,0.47514106856766614,1.0401936629882582,1.1258904680778576,1.0480991856059831,1.0294314132017248,0.7575097489022462,0.9463484126750804,-0.0016301603349130772,1.016423136108448,0.4630863198212215,0.44332018068858553,0.3467279630047934,0.4747957970414843,0.45525558079992023,0.9207880752427238,0.703086086681911,0.9515026637486049,0.8973304629325867,0.7466042212077549,0.9414666039603097,-0.002587403603164213,1.0231735621179854
131,6.25e-06,0.4721464783805676,0.4355609363404339,0.2776158875989322,0.47402279066897957,0.4767545196923834,1.0393460661542782,1.1243205959579459,1.0468999934531005,1.028959992249721,0.7575168305323436,0.9464015040729603,-0.0012110974728866118,1.0170860880462145,0.46310049295425415,0.4433483523981912,0.34680924245289396,0.47481625846454073,0.4552611836365291,0.9207804713930402,0.7030859419277736,0.9514952642577035,0.8973223396709987,0.7465749382972717,0.9414519837924412,-0.0025855808718396084,1.0232550246374947
132,6.25e-06,0.4729340416607957,0.43598469263530715,0.2754887291549414,0.4757602859431193,0.4766893362394231,1.0390927318103624,1.1132069741206367,1.047741296609157,1.027973788593887,0.7573221920634113,0.9465518861413967,-0.0012376079103606364,1.0187597236180395,0.46311046395983013,0.443371662071773,0.34688185368265423,0.4748337524277823,0.4552613411630903,0.920772876058306,0.7030859845025199,0.9514875752585275,0.8973146251269749,0.7465749212673732,0.9414666295051575,-0.0025864324998110533,1.0232912812914168
133,6.25e-06,0.4724617824641936,0.4361197643838441,0.2779177853820521,0.47556833552143346,0.47584009969871366,1.039464052567531,1.1255107946287795,1.0476661448342313,1.0283937414980424,0.7577220830348653,0.9469429262251836,-0.0016657242198870254,1.0159662177417321,0.46312726395470755,0.4433987651552473,0.34694384251322063,0.47485887578555513,0.4552684724330902,0.9207616192953927,0.7030659317970276,0.9514779363359723,0.8973020996366229,0.7464871151106698,0.9414373465946743,-0.0025843718820916755,1.023530193737575
134,6.25e-06,0.47124351589215235,0.43505233806078975,0.2773280830815619,0.4745072317457945,0.4744436755671864,1.0396093372004263,1.1251703928562995,1.0481835383694684,1.028183023574477,0.7574814436761225,0.946765986829594,-0.0012586351586591213,1.0154261505417224,0.46311997941562105,0.4433939371790205,0.3469425823007311,0.4748583010264805,0.4552542396954128,0.9207536918776376,0.7030654890196664,0.9514710136822292,0.8972929545811245,0.7465163895062038,0.9414227093969073,-0.0025818047246762683,1.0235413312911987
135,6.25e-06,0.4713703872252977,0.4347381187623987,0.27618673557985557,0.4736334239703156,0.4756135206349914,1.039588765588504,1.1299418150510134,1.0472708115755258,1.0288948178998985,0.7570037103895876,0.9468544621887043,-0.0011442345589664712,1.0169726529767305,0.46311625838279724,0.44339812653405325,0.3469778767653874,0.474857006754194,0.4552467720849173,0.9207457644598824,0.7030690567834037,0.9514628648757935,0.8972843204225812,0.7465163809912545,0.9414227093969073,-0.0025771219349865404,1.0235365629196167
136,6.25e-06,0.47283486826511184,0.4381012178663942,0.28714647709004504,0.47557045865946695,0.4762889660504851,1.039404245755895,1.1217093379576015,1.047179814100394,1.0288852201689274,0.7575593042939789,0.9466509758879286,-0.0015024434320510028,1.016803994091279,0.4631227765764509,0.4434168338775635,0.34704391019684927,0.47486781648227144,0.45524715525763376,0.9207385267530169,0.7030719433512006,0.951455899647304,0.8972769635064262,0.7465017437934875,0.9414080721991402,-0.002574650936626962,1.0235699926103865
137,6.25e-06,0.4711938696298738,0.43508049515988206,0.2776265709032191,0.4745158470777068,0.47432415817019363,1.0402109831072996,1.1234829452831683,1.048224695038937,1.0294217444469784,0.7570797973430549,0.9465625082809604,-0.0016768885002643899,1.0159897205962147,0.46312100120953154,0.44342280285699026,0.3470802434853145,0.47486894045557293,0.455241003206798,0.920732421534402,0.7030779123306274,0.9514500754220145,0.8972703218460083,0.7465310181890216,0.941378789288657,-0.00257190566376916,1.0235641854149955
138,6.25e-06,0.47186144922658424,0.43606505568324716,0.28043046680515804,0.4747389795583323,0.4753648864212901,1.0395295835480585,1.1293048526040297,1.0478838718201235,1.0281830039207058,0.7575575291177613,0.9466438978604864,-0.001518198680630204,1.017134814988068,0.4631207968507494,0.44343305059841703,0.3471306094101497,0.47487259762627737,0.45523546423230854,0.9207267590931484,0.7030796664101737,0.9514444214957101,0.897263935634068,0.746560309614454,0.9414227179118565,-0.0025685342427875313,1.0234876700810023
139,6.25e-06,0.47095585665507245,0.4357426602230546,0.28237893796263036,0.47403785439999246,0.47415978898567185,1.0389828873015197,1.1297443709499566,1.047120746251254,1.027819719304282,0.757069171665169,0.946857992469203,-0.0013248632808758225,1.0156621163559165,0.4631430719579969,0.44347643852233887,0.34726031337465557,0.4748985341617039,0.45525037816592623,0.9207201514925275,0.7030782869883946,0.9514375754765102,0.8972572088241577,0.7465163724763053,0.9414080721991402,-0.0025667891105903046,1.0236176592963082
140,6.25e-06,0.4724018731377154,0.43530376766156453,0.2747910555896409,0.4746414309440917,0.47674946471670804,1.0388648518342556,1.125840144098223,1.046722817987091,1.028107668217362,0.7576035247644217,0.9467960647229433,-0.0014061483831476083,1.0168281824474263,0.46316544498716083,0.4435178978102548,0.34737973128046307,0.4749236192022051,0.45526709301131113,0.9207129052707127,0.7030720966202872,0.951431861945561,0.8972485661506653,0.7464870980807713,0.9413495148931231,-0.002569181412192328,1.0238357867513384
141,6.25e-06,0.47111909899657567,0.43551304428177273,0.2806628655885531,0.47402213025723544,0.47456466178603257,1.0392548072936403,1.119024744821251,1.0477234936378097,1.0281270254127926,0.7574938230107942,0.9466492045073656,-0.0019482326425191796,1.0159012774036693,0.46316840818950106,0.44352759633745464,0.3474149363381522,0.4749305674007961,0.4552643597126007,0.9207043136869159,0.7030673027038574,0.951423636504582,0.8972396169389997,0.7464578407151359,0.9413348691804069,-0.0025688266780759606,1.023930081299373
142,6.25e-06,0.47166842122497393,0.43570300487975333,0.27980263916402653,0.4741137451052473,0.47561866527496643,1.0400555127064601,1.1217629124651196,1.0483709125987144,1.029016481627018,0.7574814453166173,0.9465483644172042,-0.001341589581820947,1.0159336334296452,0.46316573449543547,0.4435338888849531,0.3474521551813398,0.474934458732605,0.4552541545459202,0.920697672026498,0.7030725223677499,0.9514176504952567,0.8972322174480983,0.7464431950024196,0.9413348691804069,-0.00256606111569064,1.0238784466470991
143,6.25e-06,0.472154882297732,0.4351319935408014,0.27537323500713784,0.4739830781656925,0.4768860003816972,1.0393270071429044,1.118219444704133,1.04696477144651,1.0290592616143512,0.7571983405917126,0.9466845934544135,-0.001248075784293606,1.0179911789158134,0.46317568847111296,0.4435570069721767,0.34752475363867624,0.47495104159627644,0.4552550826753889,0.9206904768943787,0.703070444720132,0.9514102765492031,0.8972246987479073,0.7464285492897034,0.9413202575274876,-0.0025626711680420806,1.0239532675061906
144,6.25e-06,0.4709709993871688,0.434536018920987,0.2763757715981777,0.47366172200721207,0.474766660881763,1.0398527156708373,1.1234640252313548,1.0474104174265524,1.0295081264060444,0.7573328057753351,0.9466262099489416,-0.0011924783369004566,1.0163533194156447,0.463186685528074,0.4435816024030958,0.3476034232548305,0.4749655510698046,0.4552604556083679,0.9206811359950474,0.7030620234353202,0.9514009356498718,0.8972153578485761,0.7463992834091187,0.9412909661020551,-0.002559319437880601,1.0241047484534127
145,6.25e-06,0.47079588711679915,0.43523183741636423,0.28083872047232344,0.4734349779611784,0.4744886515980724,1.0390769580667623,1.1257743151909714,1.0464958189245308,1.0287684678259374,0.7568763091122853,0.9465801943268444,-0.0012460567365730703,1.017969083541545,0.4631683954170772,0.44356395517076763,0.3475813227040427,0.47495411549295696,0.4552354301725115,0.9206751585006714,0.7030774865831647,0.951394396168845,0.8972088353974479,0.7464285663196019,0.9413202575274876,-0.0025545272177883555,1.0239605052130563
146,6.25e-06,0.47164245700102786,0.43563432726934675,0.2793954736837103,0.4742364366023655,0.4754566922743643,1.0395871307871758,1.1252337463855486,1.0473981253276048,1.0289213991911426,0.7570851011271098,0.9468155331503554,-0.0012726200433147402,1.0161428228945457,0.46316868918282644,0.4435720443725586,0.3476170429161617,0.47495957783290316,0.4552294782229832,0.9206675120762416,0.7030801006725856,0.9513863665716988,0.897201589175633,0.7464578492300851,0.941276320389339,-0.0025506980517613037,1.0239985074315752
147,6.25e-06,0.47033444732122015,0.4340306765892926,0.27597864587372595,0.4734536838319195,0.4736936773503721,1.0400596636729953,1.1323436785567726,1.0478104431437467,1.0292326956263633,0.7566179779498434,0.9466155842067226,-0.0012212755395772004,1.0162167101374717,0.46315586992672514,0.44356298446655273,0.34761354327201843,0.4749566486903599,0.45520653469221933,0.92066376549857,0.7031012007168361,0.9513823730604989,0.8971978000232151,0.7465017352785382,0.9413348947252546,-0.0025498538743704557,1.0238205194473267
148,6.25e-06,0.4721221645909004,0.4370249399158418,0.28416252638833045,0.4751975369884462,0.4753122159389953,1.0398902889528083,1.1273369848953345,1.0482221714754203,1.0286436350166765,0.7580653400724795,0.946643903875634,-0.0014144045429447987,1.0160466522637792,0.4631617878164564,0.44358144061905996,0.3476825995104654,0.4749652700764792,0.4552076416356223,0.9206578646387372,0.7031014817101615,0.9513760379382542,0.8971911157880511,0.7464285833495004,0.9413348947252546,-0.0025517878654812065,1.023842147418431
149,6.25e-06,0.4705980089761988,0.43551299556551015,0.28390249494147574,0.4725338506878741,0.4748852280301785,1.038955861597015,1.1296794844265572,1.0468350361954246,1.0280524938735716,0.7572549634924207,0.947093323444072,-0.0014440617076771135,1.0150961919018724,0.4631609448364803,0.4435903472559793,0.3477295253958021,0.47496820773397175,0.4552010936396463,0.9206511122839791,0.7031009452683585,0.9513700945036752,0.8971842016492572,0.7463846547263009,0.9413056032998222,-0.0025519144920898335,1.0238571166992188
150,6.25e-06,0.4704984456734984,0.4327772481661517,0.26831544330167695,0.47396635325676806,0.4737699285784864,1.0394971405758577,1.1233389299750907,1.0479034510291851,1.0282961733265303,0.7573045081405207,0.9469376220872965,-0.0016528888561808607,1.0152340666448754,0.4631708690098354,0.44361197096960886,0.3477954609053476,0.4749829087938581,0.45520475081035067,0.9206432444708688,0.7030918768474034,0.9513624651091439,0.897175303527287,0.7463846462113517,0.941276320389339,-0.002551446169880884,1.0239791188921248
151,3.125e-06,0.47086286562491414,0.4344487591846145,0.276031936800808,0.4738817494814935,0.47433831580123964,1.0395326339355753,1.1185134882805994,1.0471295957879254,1.029303249512501,0.7577008422618934,0.946790759266227,-0.0013715543534658966,1.0157097836346223,0.4631729509149279,0.44361793994903564,0.34781551361083984,0.4749878772667476,0.45520305207797457,0.9206393446241107,0.7030870318412781,0.9513598850795201,0.8971709438732692,0.7463407516479492,0.9412616831915719,-0.002551470184698701,1.0240299701690674
152,3.125e-06,0.46987627781987895,0.43265532786242716,0.2716074210691632,0.4721269019378306,0.47423461994736243,1.039231548100887,1.1162215943472873,1.0474449383910127,1.0284518960097386,0.7575628386596314,0.9468721571125601,-0.0013573618693185766,1.0146967353398775,0.4631708008902414,0.44361843381609234,0.3478231600352696,0.4749888437134879,0.4551979090486254,0.9206361174583435,0.7030847413199288,0.95135669197355,0.8971672824450901,0.7463553888457162,0.9412616831915719,-0.0025509331774498734,1.0240408096994673
153,3.125e-06,0.4724286046629009,0.43752078064634425,0.2859352912796039,0.47505799849420643,0.4760157089425111,1.0391663903490118,1.1282222699102555,1.0465054905742681,1.028858853525171,0.7568356111380324,0.9466456669250567,-0.0012009510376776633,1.0190929608028512,0.4631597910608564,0.44360807112285067,0.3478131081376757,0.4749804011413029,0.4551841361182077,0.9206345932824271,0.7030948655945914,0.9513548697744098,0.8971653069768634,0.7463992834091187,0.9412763289042881,-0.0025493002363613675,1.0239160231181554
154,3.125e-06,0.4706120066590008,0.43435203525676513,0.2769590150293504,0.47328255860727025,0.47439651015122647,1.0391290826663673,1.1218619170989208,1.0468837199054148,1.028616607221345,0.7574513657184401,0.9469039933268469,-0.001139278448296382,1.0149863571073323,0.46316260950905935,0.4436155727931431,0.34783663919993807,0.47498660002435955,0.45518311858177185,0.9206311787877764,0.7030940566744123,0.9513524430138725,0.8971611772264753,0.7463846717561994,0.9412763289042881,-0.002550296186070357,1.023962872368949
155,3.125e-06,0.4715997160478212,0.4347372575508731,0.2746856659892052,0.4743557506905848,0.47540746509417675,1.0398884460981381,1.1256246178843687,1.0478047855918111,1.0291140097189901,0.7571452561096442,0.9465678156355041,-0.0013910880260429854,1.0162814168497736,0.4631590758051191,0.4436161390372685,0.34785212363515583,0.4749858294214521,0.45517605543136597,0.920628913811275,0.7030982034546989,0.9513495649610247,0.8971587419509888,0.7463993089539664,0.9412763289042881,-0.0025483523162880112,1.0239284549440657
156,3.125e-06,0.47218265807828064,0.43775621540663506,0.28824696608824596,0.4747893872997018,0.4757070809972653,1.0396584695374973,1.1235197391692715,1.0480412101333874,1.0284803932702549,0.7573292840511427,0.9466262004919717,-0.0017580244631375324,1.0170632576659377,0.4631538348538535,0.443614912884576,0.3478641467435019,0.47498435633523123,0.4551663739340646,0.9206270234925407,0.7031064118657794,0.9513480748449054,0.8971568856920514,0.7464432035173688,0.9412763289042881,-0.0025429672095924616,1.0238178031785148
157,3.125e-06,0.4708999953138719,0.4343748504383398,0.2760701505351697,0.4733625897766768,0.47493172415642243,1.0392852922548683,1.127062207418587,1.0468215971332722,1.0288232561709492,0.7571505653620152,0.9467129007713639,-0.0011088190540214985,1.0157445418274988,0.46315466931888033,0.4436204603740147,0.34788637501852854,0.47498846479824613,0.4551631510257721,0.9206239240510123,0.7031087449618748,0.951344507081168,0.8971539224897113,0.7465017693383353,0.9412763289042881,-0.0025405534875712226,1.0238094755581446
158,3.125e-06,0.469642144325805,0.43201010375491233,0.2684523615799141,0.47261233667200214,0.4733782187064017,1.0389821873249006,1.1204238405307434,1.0468682355643992,1.0283816151534038,0.7572443426073531,0.9467925318691194,-0.001245997680267706,1.0149625586742848,0.4631653002330235,0.44363927841186523,0.3479374349117279,0.4750018332685743,0.4551695627825601,0.9206198794501168,0.7031019159725734,0.9513406412942069,0.8971491626330784,0.7464285833495004,0.9412763289042881,-0.0025404674732791527,1.0239378299031938
159,3.125e-06,0.47350543325679467,0.43698950751176474,0.27793331681491873,0.4767191568002531,0.4768108680192934,1.0390974821043348,1.1232430785009813,1.0476498278295163,1.0277402813345822,0.7569541622996652,0.9466102854728184,-0.0013229682628433253,1.01952266976181,0.4631625371319907,0.44363938910620554,0.347946149962289,0.4750024208000728,0.4551631808280945,0.9206174697194781,0.7031048536300659,0.9513388531548637,0.8971472978591919,0.7464285578046527,0.9412763289042881,-0.002541761545996581,1.023912557533809
160,3.125e-06,0.4708920534372458,0.4343058812701889,0.2751174533183808,0.4739469984738298,0.4743629557437917,1.0389953713705267,1.1329570308094468,1.0470665882422483,1.0277921265997374,0.7578636316499129,0.9468190692851689,-0.001463364650677795,1.0151261613295648,0.4631683315549578,0.44365244678088595,0.3479891376835959,0.47500925404684885,0.45516653997557505,0.9206137912614005,0.7030983992985317,0.951335975102016,0.8971426146371024,0.7463553718158177,0.9412763289042881,-0.002542017859273723,1.0239892516817366
161,3.125e-06,0.4717315887671448,0.43543325981383574,0.27813223681045235,0.4741591611104081,0.4757574240677561,1.0394698692474633,1.1301142241076012,1.0476410490592878,1.028277308858541,0.7576690031847823,0.9467889915204859,-0.0011238053485527995,1.0171320378876865,0.46317857078143526,0.44367038352148874,0.3480365574359894,0.4750222861766815,0.45517304965427946,0.9206095082419259,0.7030902249472482,0.9513310960360936,0.8971379484449115,0.7463407601628985,0.9412616831915719,-0.0025404545345476697,1.024099554334368
162,3.125e-06,0.4704101087914501,0.43391706531136603,0.27528782469545643,0.47331096745798285,0.4740133427698678,1.0390631282130127,1.1204692180646927,1.0472800924658325,1.0281327313110755,0.7571735696025752,0.9468066816515236,-0.0016050184703709962,1.0165527420177758,0.4631895933832441,0.4436901935509273,0.34809124895504545,0.4750358249459948,0.45518012983458384,0.9206050208636692,0.7030826466424125,0.9513270769800458,0.8971331289836338,0.746311468737466,0.9412616831915719,-0.00253973003210766,1.0242119516645158
163,3.125e-06,0.47186337088933844,0.4356196832959226,0.277912928407667,0.47489790284691535,0.47529380942639055,1.039538837096785,1.1223262316847389,1.047043076927959,1.029274942678049,0.7569771685023856,0.9465855052518768,-0.0012755545991569902,1.0174634086719025,0.4631971333708082,0.44370666572025846,0.34814188310078215,0.4750468007155827,0.45518292699541363,0.9206012061664036,0.7030844688415527,0.9513234666415623,0.897129842213222,0.7462675741740635,0.9412616831915719,-0.0025379274572644916,1.0242414048739843
164,3.125e-06,0.47182520167350256,0.4351167866042416,0.2752721831725214,0.47500835842399164,0.4751938661883087,1.0385484542321721,1.124678969962238,1.046679802733502,1.02754594523136,0.7564976602004659,0.9465005859708503,-0.001341256243796373,1.0185884176816287,0.46319715465818134,0.44371070180620464,0.3481595047882625,0.47505055155072895,0.4551783416952406,0.9205982685089111,0.7030898928642273,0.9513202139309475,0.8971263510840279,0.7462675741740635,0.9412616831915719,-0.0025360648121152607,1.0242223824773515
165,3.125e-06,0.47232481681264804,0.4370211148287757,0.28369037333335095,0.475008964184742,0.47592854062351614,1.0392752713405693,1.1233682869192207,1.047751565785004,1.0279958080872291,0.7573823656060538,0.9464474987867904,-0.0011619474772510661,1.0175240439977506,0.4631921052932739,0.44370984179633005,0.3481705827372415,0.475050973040717,0.4551673744406019,0.9205964718546186,0.7031018563679287,0.9513191069875445,0.8971238391739982,0.7462822113718305,0.9412763289042881,-0.0025343377741851975,1.024102807044983
166,3.125e-06,0.47051378994520715,0.4338625692478464,0.2746428469275373,0.47333513246120407,0.47422142589793487,1.0388287766778785,1.1294388325871871,1.0463342756692358,1.028302998106607,0.7573045006457111,0.9469517752150234,-0.0017753252304720513,1.0153289741911375,0.46318621720586506,0.44370788761547636,0.34818290386881146,0.475048052413123,0.45515757373401095,0.920594334602356,0.7031096049717495,0.9513163566589355,0.8971220084599086,0.7463407431329999,0.9412909661020551,-0.0025334866783980814,1.0240341424942017
167,3.125e-06,0.4714013607805636,0.43552019981455303,0.27972386713872005,0.47408916917415933,0.47510278779818316,1.0393946206511773,1.121787471508761,1.046958991790294,1.0290837583835228,0.756830305102318,0.9466120488439067,-0.0016774037919226879,1.0167408947100591,0.4631870559283665,0.4437142951147897,0.34820881485939026,0.47505222048078266,0.4551547723157065,0.9205918141773769,0.7031137432370868,0.9513148409979684,0.8971184832709176,0.7463407431329999,0.9412909661020551,-0.002533368267385023,1.0240160737718855
168,3.125e-06,0.4712633759796587,0.4347411923580921,0.2766270907068021,0.47355686508509126,0.47545776104065,1.0395403929291966,1.1174031333285155,1.0477248416098786,1.0287606111424585,0.7567542172481868,0.9465182729817312,-0.0014112477494364517,1.0173989372258565,0.4631827771663666,0.4437122813292912,0.34821476680891855,0.475049546786717,0.4551484499658857,0.9205888084002903,0.7031172343662807,0.9513110092708043,0.8971154945237296,0.7463700175285339,0.9413056032998222,-0.002529621955805591,1.0239701441356115
169,3.125e-06,0.47165327818729524,0.4356540702383903,0.2796717586626057,0.4740395046573552,0.4756665384679373,1.0389902316681192,1.124985674105653,1.0469269842247158,1.0281867803719258,0.7569028513533196,0.9466598283517573,-0.001096298389013151,1.0175165660112404,0.4631898147719247,0.44372859597206116,0.3482685089111328,0.47505895154816763,0.45515137910842896,0.9205852576664516,0.703116272177015,0.9513080290385655,0.8971109560557774,0.7463407431329999,0.9413056032998222,-0.0025293596887162755,1.0240240437643868
170,3.125e-06,0.47071059021638395,0.43410038082778485,0.2746120187892698,0.4739531821742678,0.4740046053336751,1.039383409091478,1.123714154949075,1.0478749581433218,1.0280806806302367,0.7568338384708069,0.9467288357981205,-0.0013598120160435044,1.0165196603784288,0.46319158588136944,0.44373578684670584,0.3482943390096937,0.475064822605678,0.4551483392715454,0.9205815536635262,0.7031154632568359,0.9513048529624939,0.8971072520528521,0.7462968485695975,0.9413056032998222,-0.0025291024441165583,1.0240501846585954
171,3.125e-06,0.4703555470116384,0.435119507509634,0.28165682836667433,0.4734391547092154,0.473561866213937,1.039162088167455,1.1266913048589287,1.0474522806989524,1.0279541446013638,0.757989256753834,0.9470561718336004,-0.0011896670165713484,1.0149375686308402,0.4631918157849993,0.4437395419393267,0.3483106919697353,0.4750677602631705,0.4551450397287096,0.9205779603549412,0.7031132238251823,0.9513016768864223,0.8971028838838849,0.7462822028568813,0.9412909661020551,-0.0025294337288609575,1.024092503956386
172,3.125e-06,0.4711806630676525,0.43386306935751434,0.27158788254276456,0.4742057845358326,0.4748086261865067,1.040142863747627,1.1260114897925082,1.047861857923764,1.0295615559710212,0.7569948636835739,0.9465324277177863,-0.0010749022222560803,1.0167574050036625,0.46319351877485004,0.4437451277460371,0.3483307276453291,0.47507123010499136,0.4551445373467037,0.9205738220896039,0.7031088215964181,0.9512981261525836,0.8970984135355268,0.7462968485695975,0.9412909661020551,-0.002530250066359128,1.0241539563451494
173,3.125e-06,0.4706319299698905,0.4342288277436126,0.2767092514636384,0.4728429408505744,0.4748849925387568,1.0387593319913984,1.1286933773990844,1.046218292493146,1.028302401127329,0.7576689966871362,0.9470243187640335,-0.0012501947913108784,1.0155255481222805,0.46319633296557833,0.4437530594212668,0.34835574882371084,0.4750787786075047,0.45514172741345,0.9205701606614249,0.7031078934669495,0.9512947201728821,0.8970940283366612,0.7462675656591143,0.941276320389339,-0.0025313523864107473,1.024206987449101
174,3.125e-06,0.4709569577970057,0.4362625678165887,0.2859555327097789,0.4732363080888327,0.47484432956172656,1.039741274896211,1.127184582991788,1.0479673037835218,1.0286003319688315,0.7579910329593817,0.9469039985378305,-0.00139594632836689,1.0152389184243602,0.46319260767527987,0.4437512074198042,0.34835659180368694,0.4750791575227465,0.45513434069497244,0.920566703592028,0.7031090429850987,0.9512917740004403,0.8970902391842434,0.7462968485695975,0.941276320389339,-0.002531794099403279,1.0241956455366952
175,3.125e-06,0.47131238497403655,0.4355398424399973,0.28007745142891416,0.47412275365733225,0.4748765899404216,1.038852491059692,1.1249338070637331,1.0467728092679447,1.028062876211394,0.7569311655217483,0.9466810564189361,-0.001223989639291012,1.0165600748365786,0.463185829775674,0.44374614102499826,0.3483558510031019,0.4750758537224361,0.45512346284730093,0.920564319406237,0.7031169874327523,0.9512897389275687,0.8970876506396702,0.7463114857673645,0.9412909661020551,-0.0025302819308957885,1.0241352490016393
176,1.5625e-06,0.4712230090315253,0.43597307900962995,0.2833346278038272,0.4734673152822967,0.4752416228257317,1.0391943893494378,1.1281262937585406,1.0465260352306087,1.0288983526193831,0.7576459976575597,0.9469199262306103,-0.0010148423881693686,1.0154754131212147,0.4631898616041456,0.443753787449428,0.34837731293269564,0.4750814267567226,0.45512533613613676,0.9205626419612339,0.7031142115592957,0.9512878230639866,0.8970859221049717,0.7463114857673645,0.941276320389339,-0.0025295438577554057,1.0241694705826896
177,1.5625e-06,0.471981398009379,0.436414418851628,0.2825171672455118,0.47413753805389547,0.47614069278987753,1.0399424089847613,1.1266158696965662,1.0485020779431091,1.0284934517376112,0.7579025585331018,0.9467712992021218,-0.0012913715641913433,1.0161937244248531,0.46319184984479633,0.4437586580004011,0.3483918011188507,0.4750856714589255,0.4551248550415039,0.9205607857022967,0.7031148757253375,0.9512859582901001,0.8970838359424046,0.7463114857673645,0.941276320389339,-0.0025290655570902993,1.024181570325579
178,1.5625e-06,0.4696776872059492,0.4325360635519671,0.27143300325080505,0.4723020421931117,0.4736614448761721,1.0392220840219928,1.1247478949656953,1.0472032745271775,1.0283899069540061,0.7566356757686901,0.9466403605355099,-0.001160445419954125,1.0159923857891167,0.46319463423320223,0.44376388617924284,0.34840611474854605,0.4750898352691105,0.4551257746560233,0.92055858033044,0.7031134622437614,0.9512837784630912,0.8970816646303449,0.7463114857673645,0.941276320389339,-0.002527695315490876,1.024210274219513
179,1.5625e-06,0.4714561218804948,0.4345203897660961,0.2736779406256632,0.4746665681334875,0.4748383656393433,1.0394851416108162,1.1268354383469656,1.0468881886776114,1.0291703276484963,0.7570567832916927,0.9463537165234684,-0.000937663283449368,1.0175424062813287,0.4631959923676082,0.44376808404922485,0.34842113511902945,0.4750918618270329,0.4551264303071158,0.9205569454601833,0.703112278665815,0.9512825097356524,0.8970797913415092,0.7463260974202838,0.941276320389339,-0.00252748021323766,1.024227729865483
180,1.5625e-06,0.4690919420684407,0.4319637571549454,0.2707633041910912,0.47186329130925686,0.47293147969040045,1.039348403119552,1.1240102666426657,1.0470680900991638,1.0288066023179665,0.7575150638480992,0.9467217522058626,-0.0013530260797326654,1.0145202614588154,0.46319715465818134,0.44377085140773226,0.3484303057193756,0.47509398204939707,0.4551259790148054,0.9205553701945713,0.7031092984335763,0.951281121798924,0.8970778073583331,0.7463407346180507,0.941276320389339,-0.00252758788077959,1.0242545689855302
181,1.5625e-06,0.4703739750436751,0.4341767366937348,0.2771744150537706,0.47292734963213245,0.4742605898487073,1.0401516479861717,1.1267602621897839,1.0476256222964233,1.029790585708824,0.7572708818890633,0.9468933890075601,-0.00121837132095213,1.0157081630830822,0.4632000071661813,0.44377663305827547,0.3484476847308023,0.475097975560597,0.4551269795213427,0.9205537608691624,0.7031082681247166,0.9512798701013837,0.8970760447638375,0.7463407346180507,0.941276320389339,-0.0025266053354633705,1.0242825661386763
182,1.5625e-06,0.4718243744298695,0.43662517050183663,0.28420928196204526,0.47406267174115,0.4758399140976341,1.0393234982853379,1.1270062343146565,1.0472052689828681,1.0285189575719242,0.7568586179519176,0.9468438417539684,-0.0014191529669844649,1.0176633623440203,0.46320214016096933,0.44378106934683664,0.348461389541626,0.4751009004456656,0.455127831016268,0.92055173431124,0.7031062926564898,0.9512777498790196,0.897074111870357,0.7463407346180507,0.941276320389339,-0.0025253216736018658,1.0243107165609087
183,1.5625e-06,0.4702711354155059,0.4337819414047441,0.2755891526398373,0.47277288297286757,0.4742588835571884,1.03892827320279,1.1241340645248672,1.0471280538514698,1.0278881832000313,0.7575186025240713,0.9465554263613639,-0.0010777843389328402,1.0159817026939124,0.46320192728723797,0.44378301927021574,0.34846984914370943,0.4751024288790567,0.4551261493137905,0.9205504740987506,0.7031083106994629,0.9512762086732047,0.897072264126369,0.7463407346180507,0.941276320389339,-0.0025250507252556936,1.0243036321231298
184,1.5625e-06,0.47109538960057984,0.4345706415961256,0.27668997981518717,0.473156537870684,0.4755145700410193,1.0393293671394386,1.1250740026887276,1.0472031257246484,1.0285974814965155,0.7572921192523794,0.9467907616143862,-0.0012788151368736031,1.0161427730685366,0.4632009480680738,0.44378358125686646,0.34847586921283175,0.475103144134794,0.4551227390766144,0.9205494267599923,0.7031106863703046,0.9512753656932286,0.89707122530256,0.7463407346180507,0.941276320389339,-0.0025251832724149737,1.0242727398872375
185,1.5625e-06,0.4710094203707082,0.43460293779229064,0.2763260800132093,0.47392606124064757,0.47458228308062134,1.0396857642509842,1.1308929930489835,1.0475649683783006,1.0287662920473204,0.7573363492441254,0.9465625133954443,-0.0010086318307857272,1.0169479468675542,0.46320355790002005,0.4437899589538574,0.348496390240533,0.47510720576558796,0.45512362888881136,0.9205476726804461,0.7031113164765495,0.9512738840920585,0.8970695734024048,0.7463407346180507,0.941276320389339,-0.0025251229692782673,1.0242858869688851
186,1.5625e-06,0.4706987776405028,0.43468542502367746,0.27792816773595774,0.4737640426278565,0.4740592175667439,1.0390924242658353,1.1260183061771114,1.047190545863611,1.0280966869059345,0.7574672909987276,0.9468119900032307,-0.0010102292094570653,1.015155830257208,0.46320177401815144,0.4437896268708365,0.34850203139441355,0.4751059285231999,0.4551208359854562,0.9205466168267387,0.7031129513468061,0.9512726579393659,0.8970684153693063,0.7463407346180507,0.9413056032998222,-0.002525767544284463,1.024265604359763
187,1.5625e-06,0.47038684168572176,0.4343019570136032,0.2774547365827298,0.4732476259268623,0.47395730604047204,1.0391693093361112,1.1255046200636458,1.0477929886006305,1.0276677282964353,0.7572655733121901,0.9465271184654154,-0.0011331567600951467,1.016280795134407,0.46320873498916626,0.44380142859050203,0.34853259154728483,0.47511460525648935,0.4551253616809845,0.9205441900662014,0.7031115123203823,0.9512703844479152,0.8970656139510018,0.7463260974202838,0.941276320389339,-0.0025257313890116556,1.0243305563926697
188,1.5625e-06,0.47073922120939377,0.4337822636654746,0.2731835303985937,0.4736322372653197,0.4744314507928592,1.0391311639074499,1.1207071365823762,1.0473693402084994,1.0281737033122949,0.7569860137287373,0.9465784412168903,-0.0012641635849565283,1.0177347563565002,0.46320667437144686,0.4438006111553737,0.34853445632117136,0.47511463931628634,0.45512130856513977,0.9205429128238133,0.7031149353299823,0.9512694733483451,0.8970639365059989,0.7463260974202838,0.9413056032998222,-0.002525271814582603,1.0243016566549028
189,1.5625e-06,0.4710354886374085,0.4333302991749207,0.2698312268923632,0.47365373858746745,0.4751239271017261,1.0402410900148906,1.1252264064901016,1.0479443797020416,1.0297048828502764,0.7566728313678159,0.9463041740305284,-0.0010245162890635982,1.017988861732977,0.4632049373217991,0.44380044511386324,0.34854072758129667,0.4751134599958147,0.45511851140431,0.9205416866711208,0.7031149608748299,0.9512681535312107,0.8970627103533063,0.7463407346180507,0.9413056032998222,-0.0025247070672256605,1.024283732686724
190,1.5625e-06,0.4702299207175544,0.4334493267555463,0.27414474134115807,0.4726078447881288,0.4743881393656239,1.0394931061166206,1.126203693252477,1.0473970628337994,1.028698535462167,0.7573770586696754,0.9466969857522107,-0.0011353915608405094,1.0152195829735275,0.46320477979523794,0.44380212255886625,0.3485491233212607,0.4751146265438625,0.4551165614809309,0.9205400773457119,0.7031145351273673,0.9512669699532645,0.897060683795384,0.7463407601628985,0.9413056032998222,-0.0025246455001511742,1.024287121636527
191,1.5625e-06,0.4694725839562887,0.43249241083747814,0.2720760640683717,0.47209850167559086,0.4734264598366253,1.039624551985628,1.1269172119309434,1.0473042276184814,1.0290349495455953,0.7575592969278355,0.9469500030302963,-0.0010065843878415426,1.015039034360689,0.46320355364254545,0.44380279949733187,0.3485569272722517,0.4751142476286207,0.45511423689978464,0.9205388937677655,0.7031167319842747,0.9512659651892525,0.8970592788287571,0.7463700090135846,0.9413202404975891,-0.00252420428608145,1.024263083934784
192,1.5625e-06,0.4711362125258541,0.43559444629367594,0.27994470728518056,0.47505936594313053,0.47358603311498554,1.0384501516014837,1.1208883381764823,1.0464358911022777,1.0277165162582624,0.7573982840670294,0.9464333423780739,-0.0010294628496250642,1.0165626298268293,0.46320721081324984,0.4438099605696542,0.3485773929527828,0.47511947580746244,0.4551158036504473,0.9205367650304522,0.703117140701839,0.9512635724885123,0.8970575077193124,0.7463553973606655,0.9413202404975891,-0.002523408703772085,1.0242811015674047
193,1.5625e-06,0.4711852298835388,0.43441155903479634,0.27531571696721985,0.4733926838498082,0.4755069093162539,1.0394954474887137,1.1302779709012587,1.0468291751899657,1.0291354292415633,0.7565471980935873,0.9464563413111506,-0.0008702077143923598,1.0183946280240113,0.4632060059479305,0.44381012235369,0.348580322095326,0.4751206040382385,0.4551124700478145,0.9205350961003985,0.7031171492167881,0.9512621760368347,0.8970556429454258,0.7463700090135846,0.9413202404975891,-0.0025231194615896258,1.024281110082354
194,1.5625e-06,0.472143830123362,0.43622040954462205,0.28139538301433414,0.47373759817317956,0.47690844262411836,1.0392398993131347,1.1194017426232936,1.0462195558671494,1.0295879710897908,0.7572337289597624,0.9465855037078816,-0.001288616446767121,1.0181657700556648,0.4632057675293514,0.4438121020793915,0.3485906251839229,0.47512165137699675,0.4551104647772653,0.9205336059842791,0.7031170300074986,0.9512607370104108,0.8970539740153721,0.7463553718158177,0.9413202404975891,-0.002522977967081325,1.024288432938712
195,1.5625e-06,0.46980887218803186,0.43360300689404935,0.27621461781565076,0.4726942134624034,0.4733765753326838,1.0391327657702158,1.1225313663611332,1.0471483653323816,1.0283371522757279,0.7571629542179901,0.9464758095455633,-0.001296967689673674,1.0163319070662156,0.46320289373397827,0.44381039483206614,0.3485926687717438,0.47511998244694303,0.4551061562129429,0.9205325841903687,0.7031203934124538,0.9512598088809422,0.8970524157796588,0.7463846462113517,0.9413202404975891,-0.002522540677871023,1.0242582900183541
196,1.5625e-06,0.4703493165088485,0.43361962031365986,0.2737172873066492,0.47350124687487155,0.47375177167842536,1.0391624315455354,1.1192788373311018,1.047185555253232,1.028468671645336,0.7576442325173104,0.9466792818538833,-0.0012710130788735553,1.0161345429634057,0.46320208055632456,0.44381144642829895,0.34859995331083027,0.4751207615647997,0.45510354212352205,0.9205311707087925,0.703122045312609,0.9512590169906616,0.8970508830887931,0.7463846717561994,0.9413202404975891,-0.0025220291822084357,1.024251639842987
197,1.5625e-06,0.4721151022929085,0.43538407174819105,0.2760064318028258,0.47476305008835235,0.4760041970275121,1.0396995722636364,1.128800900125272,1.047977731218868,1.028451373817724,0.7568214572061415,0.9466032020413934,-0.001366258322935264,1.017611987128878,0.4632001987525395,0.4438116465296064,0.3486081063747406,0.47512001650674,0.4550999786172594,0.9205299190112523,0.7031244891030448,0.9512580122266497,0.8970496995108468,0.7463700260434832,0.9413348776953561,-0.002521441351356251,1.0242333837917872
198,1.5625e-06,0.4712239490833015,0.4344136885096431,0.2743218009271174,0.4742296980286828,0.47478159868067427,1.0388983365206608,1.1231667798593503,1.0465357374385829,1.0284521693612072,0.7568002240888119,0.9463041710712043,-0.0012718040084102455,1.0169986381571936,0.4632043072155544,0.443818952356066,0.3486261878694807,0.4751261941024235,0.45510198388780865,0.920527526310512,0.7031215344156537,0.9512557131903512,0.8970462850161961,0.746355380330767,0.9413202404975891,-0.002521127961309893,1.024287189756121
199,1.5625e-06,0.47087920028907315,0.4354922761160557,0.28166859423670326,0.4736944603167285,0.47437107860559524,1.0394375047616808,1.1334017093157163,1.0472399704017576,1.0285027376137357,0.7566692942358388,0.9463572508891209,-0.0014753547171407208,1.0171909798690582,0.4632056440625872,0.44382239665303913,0.3486376021589552,0.4751290168081011,0.4551012601171221,0.9205254656927926,0.7031218494687762,0.9512533034597125,0.8970444202423096,0.746355380330767,0.9413055947848729,-0.0025208773357527597,1.0242992213794164
200,1.5625e-06,0.4702866912949619,0.4337123354190244,0.27435633832869244,0.4735487484314348,0.4735556212040262,1.0390884779108194,1.1228609914980383,1.047331833993816,1.0280527173025313,0.7566409829624009,0.9465678216828183,-0.0010877209288332988,1.0174669236411162,0.46320309383528574,0.44382177931921823,0.34864336252212524,0.4751281099660056,0.45509677273886545,0.9205243246895927,0.7031265156609672,0.9512521028518677,0.897043091910226,0.7463846547263009,0.9413202319826398,-0.0025203307159245014,1.024262683732169
201,1e-06,0.47122928691566535,0.43591501654255926,0.28177236399326333,0.4746418941265432,0.474131962172868,1.0394320198798657,1.1301586998197368,1.0480529111717047,1.0277869401271447,0.7576141464536537,0.9466474376944548,-0.0011498513157819727,1.0164721419022524,0.46320358770234243,0.44382390805653166,0.34865248629025053,0.4751288337366922,0.45509663224220276,0.9205234391348702,0.703127886567797,0.9512513875961304,0.8970416954585484,0.7463700175285339,0.9413202319826398,-0.002520548412576318,1.0242580941745214
