epoch,learning_rate,train_total_nll,train_selection_score,train_market_nll,train_sector_nll,train_idio_nll,train_mse,train_market_mse,train_sector_mse,train_idio_mse,train_coverage_68,train_coverage_95,train_standardized_residual_mean,train_standardized_residual_std,val_total_nll,val_selection_score,val_market_nll,val_sector_nll,val_idio_nll,val_mse,val_market_mse,val_sector_mse,val_idio_mse,val_coverage_68,val_coverage_95,val_standardized_residual_mean,val_standardized_residual_std
1,0.0002,0.5716251810691966,0.5837433876311914,0.6336896219931611,0.5732549435694798,0.567926588360194,1.1003375617928977,1.2337395361289423,1.101298037118289,1.0949302346913543,0.7532614348581914,0.9413870283223074,0.0014300049426857356,1.0629029200325382,0.5100768974849156,0.4986283779144287,0.43352578793253216,0.52555798632758,0.4971473940781185,0.9806469849177769,0.8286510705947876,1.004724144935608,0.961636313370296,0.7516686150005886,0.9454771450587681,0.0021647005674562286,1.0037235447338648
2,0.0002,0.564517379498649,0.5760316269595882,0.6235825976550868,0.5659763168561671,0.561089788764088,1.0918456214669583,1.2222993893039207,1.0932589571860696,1.0860834870541733,0.7561473116254523,0.9424468949879432,0.002264625503929383,1.0560343885383152,0.5052201322146824,0.49369849477495464,0.42847363012177603,0.520521172455379,0.4924772892679487,0.9745543599128723,0.8192716836929321,0.9990869760513306,0.9551972235952105,0.7534689818109784,0.9464139427457537,0.003008840871708734,0.9988752773829869
3,0.0002,0.5587224057733338,0.5684049788900665,0.6078987240437489,0.5604175702340527,0.5553881531461663,1.0841390517873501,1.2110160540968293,1.0856405795103012,1.078408590279202,0.7590845126560168,0.9431511113853372,0.003115139376638227,1.0507069166068186,0.5013461709022522,0.48970978600638254,0.4241874473435538,0.5164652509348733,0.48879885247775484,0.9697609458650861,0.8113580601555961,0.994695612362453,0.9501067399978638,0.7556791475840977,0.9465603062084743,0.0038278686281825814,0.995264436517443
4,0.0002,0.5547338442357244,0.5643238421073168,0.6033623406710782,0.5564866736330216,0.5513600699012497,1.079094301927302,1.2059456083624027,1.0807272357935527,1.0732332432649616,0.7603284031458307,0.9437013975170195,0.004061673738965056,1.0468774748311709,0.4982170122010367,0.48641832385744366,0.4203428030014038,0.5132039529936654,0.4858259473528181,0.965915824685778,0.8042528373854501,0.9912634832518441,0.9459564770971026,0.7567476545061383,0.9470433081899371,0.004616184625774622,0.9923809681619916
5,0.0002,0.5509876922955078,0.5598132708911566,0.5955094342384863,0.5528201387820215,0.5476710413895745,1.0746452081737425,1.1980265931251945,1.0769313145378636,1.068246132672573,0.7617509821525343,0.944237523122665,0.0048387612613733245,1.0432660874005466,0.49566986305373056,0.4837626985141209,0.4172837095601218,0.5106012097426823,0.483351183789117,0.9627794112477984,0.7979286994252887,0.9885693703378949,0.9424845746585301,0.7577283382415771,0.947087219783238,0.005379340411829097,0.9898715019226074
6,0.0002,0.5471568544426932,0.5552998182906116,0.5875269180687454,0.549519747029236,0.543448494629672,1.071210119509401,1.1926926865940537,1.0733205455094494,1.0650504157791507,0.7630019586149319,0.9445843265240603,0.005472855662793339,1.0403642629329024,0.493488426719393,0.4813916087150574,0.4141644707747868,0.508361850466047,0.48125921402658733,0.9601202011108398,0.7917835712432861,0.9863371167864118,0.9395144070897784,0.7589871031897408,0.9471604057720729,0.006051831878721714,0.9880326475415911
7,0.0002,0.5455135295858141,0.5535591138226241,0.5861323802971673,0.5471533453599607,0.5425198378591234,1.0681465955534564,1.1848818512137878,1.070363348712808,1.0620383335588046,0.7639698158453042,0.9447931096287463,0.006545068483540353,1.038786081063445,0.49164160660334993,0.4793675584452493,0.41137840492384775,0.5065216038908277,0.4794369084494455,0.9578366109303066,0.7858975614820208,0.9844506127493722,0.9369546600750515,0.7595872453280857,0.9475117070334298,0.0065628790429660255,0.986338130065373
8,0.0002,0.5433891029918895,0.5510462011379997,0.581018835386584,0.5459262405417123,0.5395976748584864,1.0654966930923626,1.1811580004334385,1.0686441549274386,1.0584938695993027,0.765013754399995,0.9450956716835981,0.006760777107953093,1.037363599907432,0.48999292509896414,0.47757671560559956,0.4089940445763724,0.5048603926386152,0.47782568846430096,0.9558466928345817,0.7808973704065595,0.9828908698899406,0.9346337999616351,0.7601287961006165,0.9474970613207135,0.0072994302692157885,0.984969709600721
9,0.0002,0.5407346944132175,0.5472121277308374,0.5721750774707783,0.5432535324364306,0.5371678000003405,1.0633575024633104,1.1789168219146893,1.0666995071682877,1.0561638713461994,0.7654596439131003,0.9453256989387454,0.007777102000325822,1.0346002565225394,0.48867461936814444,0.4760934923376356,0.4067614163671221,0.5035869394029889,0.4764924432550158,0.9542107667241778,0.7763508132525853,0.9815897856439862,0.9327611071722848,0.7611680371420724,0.947804468018668,0.007690912245639733,0.9838005644934518
10,0.0002,0.5395709576474225,0.5456935295657216,0.56888985770558,0.5423307080109314,0.5358339869937444,1.0611405852223113,1.1745324522433767,1.0648016243513636,1.0536998924666074,0.7662293379266907,0.9454088562318459,0.008113039213172886,1.0333457233708934,0.4875192173889705,0.4748480405126299,0.4050816978727068,0.5024792083672115,0.47530694944517954,0.9527167422430856,0.7720233968326023,0.9804667830467224,0.9309897763388497,0.7618413312094552,0.9478630082947868,0.00818809840295996,0.9827382905142648
11,0.0002,0.5382508817583692,0.5438920474991693,0.565269864319597,0.5407888447344142,0.534812137428259,1.0600311955566735,1.169383345522626,1.0638795841467168,1.0525378094964972,0.7667672352023982,0.9457132041422148,0.00823798827642019,1.0324221020830817,0.486471597637449,0.47360241413116455,0.4030025431088039,0.5014212897845677,0.4743041566440037,0.9514396105493818,0.7682108623640878,0.9794378365789141,0.9295494045530047,0.7623975447246006,0.9480240089552743,0.008530666120350361,0.9820717232567924
12,0.0002,0.5372625855709885,0.542329624512359,0.5610312265894314,0.5400173344035697,0.5337156665788363,1.0590179107090105,1.1644262186077177,1.0631155960957424,1.0514062984338401,0.767007866133501,0.9455928821790174,0.008866677542216574,1.0321039817041149,0.4855109325477055,0.4724780832018171,0.40114676100867136,0.5004927686282566,0.47334117123058866,0.9502618568284171,0.7651191864694867,0.9784740209579468,0.9282213023730687,0.7627780948366437,0.9480240089552743,0.008729521451251847,0.9814238974026271
13,0.0002,0.5352880551373708,0.5391954185508485,0.5524881356835558,0.5384848272871212,0.531517919725942,1.0572278855687145,1.1614268005569754,1.0615107077106036,1.0494718008664126,0.7675457579408924,0.9458936747511335,0.008863765496058974,1.0307227944401363,0.484679639339447,0.4715099845613752,0.399546993630273,0.4997076690196991,0.4724891313484737,0.9492011666297913,0.7622782247407096,0.9775684220450265,0.9270645720618111,0.7631586449486869,0.9481703894478934,0.008752085135451384,0.9806986962045942
14,0.0002,0.534711696171336,0.5391126552981682,0.5548743980997521,0.5375619410374842,0.5311893128859823,1.056240542476652,1.1648782564380398,1.060641375349717,1.0482185536696984,0.7676643144100084,0.9460405361890407,0.00907711415359106,1.030604354574818,0.48383105652672903,0.4705133523259844,0.3979062054838453,0.4988712455545153,0.47165490899767193,0.9481838771275112,0.7600959454263959,0.9767077990940639,0.9259290780339923,0.7636123980794635,0.9479654686791557,0.00897095538675785,0.9803398506981986
15,0.0002,0.5335500526930022,0.5372915000640182,0.5492893829901542,0.5373049931016666,0.5292703879889578,1.0551541550250807,1.1592679539694377,1.0598677773766432,1.0469699368500027,0.7681933590610543,0.9460069246377034,0.009339936196711567,1.0295246537800937,0.48306077292987276,0.4695999877793448,0.39631860171045574,0.4981617586953299,0.47085124254226685,0.94716648544584,0.7577950784138271,0.9758230447769165,0.9248221346310207,0.7640076194490705,0.9480532918657575,0.00892464124730655,0.9797861576080322
16,0.0002,0.5330009702985118,0.535550838152396,0.5430703269296637,0.5361844799805511,0.5294817279495552,1.0547770374347503,1.1605244546855262,1.0595680787893997,1.0464607545381228,0.7683915311879747,0.9461325470717997,0.009028830459714338,1.0291336707919594,0.4823796706540244,0.4687443631035941,0.3946909989629473,0.4975072613784245,0.4701750576496124,0.9462918383734567,0.7558689287730626,0.9750319634165082,0.9238992759159633,0.7642125317028591,0.9481557352202279,0.008922904995935304,0.9794666852269854
17,0.0002,0.5316361058292296,0.5344054889370156,0.5431331300246541,0.5345606083684654,0.5283285127867252,1.0532960291495532,1.1576836214024377,1.0582210158118028,1.0448913260916408,0.7685507830580183,0.9461378623393183,0.008809830099283942,1.0281936904898992,0.4817883244582585,0.4679971252168928,0.3932123439652579,0.4969796453203474,0.4695493962083544,0.9454446860722133,0.7541055849620274,0.9742127060890198,0.9230544737407139,0.7644320896693638,0.9481557522501264,0.008641926704772882,0.9789647034236363
18,0.0002,0.5298816191140086,0.5309296520542468,0.5307974893533405,0.5342519922444322,0.5254804678562841,1.05310911560985,1.1570409233995984,1.0582454050803145,1.0445084962340476,0.7687348043088712,0.9463767157782108,0.00869938524925445,1.026688576194961,0.4811773257596152,0.4671982101031712,0.39157757588795256,0.49640123333249775,0.4689401686191559,0.9446550181933812,0.7525552766663688,0.9734859125954765,0.9222276977130345,0.7645345330238342,0.9481118321418762,0.008502628255103315,0.9787981169564384
19,0.0002,0.529623601253909,0.5303590630140423,0.5295263162768344,0.5333930700615298,0.5258575320018669,1.052282063496544,1.1556503213359033,1.0577666452300272,1.0433516832087661,0.768610933215568,0.9464262668274572,0.008827840267538349,1.0271720425283593,0.4806223681994847,0.4664519599505833,0.3899362087249756,0.4959217309951782,0.4683461700166975,0.943954314504351,0.7512361322130475,0.972892267363412,0.9214405587741307,0.7644027982439313,0.9482143010411944,0.008405834835554873,0.9788169945989337
20,0.0002,0.5288987092500883,0.5295921452805858,0.5281018920673014,0.533122957203109,0.5247009402664687,1.0521752181338802,1.1537597090633123,1.0578507964699833,1.0431132324952663,0.7689612766760977,0.9464280313243753,0.008561142256882502,1.0262641486642943,0.4799992399556296,0.46556038515908377,0.38790225982666016,0.49529724035944256,0.4677710235118866,0.9432729397501264,0.75020318371909,0.9722057070050921,0.920775830745697,0.7644467098372323,0.9482289297240121,0.00811976141163281,0.9789662701742989
21,0.0002,0.5273817332770074,0.527608923569796,0.5246297966385299,0.5311320868621822,0.5237230358095473,1.0511793004327765,1.1564932762450677,1.0566196159871282,1.0422280914900564,0.768741874230339,0.9463749556559456,0.008269844405328944,1.0258278407345447,0.4793852652822222,0.46471198967524935,0.38604587742260527,0.4946911803313664,0.46719067437308176,0.9425511956214905,0.7491972616740635,0.9714972632271903,0.9200501527105059,0.7644760012626648,0.9482142840112958,0.007896767130919866,0.9791706459862846
22,0.0002,0.5268533811399374,0.5266062694501696,0.5213660888586955,0.5308307450781368,0.5230588859245704,1.0506961626165054,1.1530507430474435,1.0563464147363941,1.0416340907071644,0.7686463303650899,0.946192703019331,0.008438432496945744,1.026205600047845,0.4787051337105887,0.46382408482687815,0.3842820184571402,0.4940019292490823,0.4665556720324925,0.9417984145028251,0.7481309005192348,0.9708531924656459,0.9191992368016925,0.7642271603856768,0.9480825662612915,0.007939439666058336,0.9795236502374921
23,0.0002,0.5257616934908832,0.5232108717857665,0.508000553715763,0.529880584235199,0.5222348462583178,1.050288251233757,1.1500736976145927,1.055577291679331,1.0416728553422,0.7684393023968515,0.9464386505367817,0.008374466176541332,1.0260405278308804,0.4781156948634556,0.46296703815460205,0.38225454092025757,0.4934408366680145,0.46598569410187857,0.9411361728395734,0.7473899807248797,0.9702603561537606,0.9184700846672058,0.7639490536281041,0.9480386291231427,0.0077708592372281214,0.9800178408622742
24,0.0002,0.5243004304424724,0.5212591254125719,0.5036353840740448,0.5287256108961811,0.5205641073982457,1.050687912214272,1.1530686526831202,1.056788243349346,1.0411748771595428,0.7681615133254642,0.9464616592163275,0.008057767980170617,1.0247225098139006,0.4775951164109366,0.46231273242405485,0.3809027373790741,0.4930407575198582,0.4653726177556174,0.9404965894562858,0.7465908101626805,0.9696741870471409,0.9177822044917515,0.764300354889461,0.9481557352202279,0.007454444122101579,0.9796942898205349
25,0.0002,0.5230594651479047,0.5188003100708118,0.496426384479885,0.527065167636789,0.5199414697197792,1.0500855178235997,1.152718840517743,1.055958183083223,1.0407916873259218,0.7681455871766796,0.9464651957049732,0.007933310940720974,1.0246224797743433,0.47697766763823374,0.46130611641066416,0.37823860560144695,0.49242235933031353,0.4648239868027823,0.939924248627254,0.7460671067237854,0.9691292643547058,0.9171815855162484,0.7638465932437352,0.947819105216435,0.007134206326944488,0.9809831040246146
26,0.0001,0.5220070299880928,0.5164070116527906,0.4881908408513406,0.5261321274641071,0.5190092378285404,1.050383302371565,1.154725857058925,1.0560078211108608,1.0412808120154202,0.7681172716250886,0.9463802572205076,0.0075668508209050895,1.0242639612135087,0.47667587229183744,0.4608444316046579,0.37708686930792673,0.492128244468144,0.4645431126867022,0.9396047847611564,0.7456043618065971,0.9688186645507812,0.9168575320925031,0.7637880444526672,0.9478776454925537,0.006924069486558437,0.9813890882900783
27,0.0001,0.5215287565605999,0.5156033045365498,0.4854936755417619,0.5261346230427124,0.5181241525679875,1.0501099451129912,1.1521784220910112,1.0559410888699667,1.0408762486252474,0.7678819447997063,0.9464935061099139,0.00727713064738402,1.0248426055496471,0.4763500690460205,0.4603630304336548,0.37593535440308706,0.49180891684123446,0.4642383030482701,0.9392859510013035,0.7451748251914978,0.9685252223696027,0.9165168404579163,0.7635246004377093,0.947877654007503,0.006787758320569992,0.981819042137691
28,0.0001,0.5207381673716109,0.5139909339993307,0.48091143477432674,0.5248373968177915,0.517966474961797,1.0499893670074372,1.1547776490240822,1.0558262357696353,1.040659646568463,0.7675616815485184,0.9465111936676264,0.007291041437236927,1.0246847063158244,0.4760056904384068,0.4598142164094107,0.3745345558438982,0.49144576702799114,0.4639480241707393,0.9389625872884478,0.744733316557748,0.9682515263557434,0.9161479302815029,0.7632172192846026,0.9476873619215829,0.006705194312546935,0.9825735007013593
29,0.0001,0.5207406869464737,0.5140773303690178,0.48073991060385624,0.5254245350892262,0.5173902321170616,1.0499637644804303,1.1486943962119813,1.0564883150284958,1.0401481411229323,0.7673493578056998,0.9462971084515468,0.007089785557025134,1.025813249916369,0.4757140151091984,0.45931948508535114,0.3731638618877956,0.49116418617112295,0.46368207250322613,0.9386870690754482,0.7443857278142657,0.968030069555555,0.915820700781686,0.7630415729113987,0.9475556356566293,0.00661032327583858,0.9833883217402867
30,0.0001,0.5200626119625484,0.5140222823754942,0.48421072749208904,0.5239202471855069,0.5174000168322744,1.0495722683712527,1.1586780665825331,1.0557365709552877,1.0397712275329565,0.7666185924444595,0.94619270125017,0.006766123760238298,1.026346782961216,0.47540999736104694,0.45887294837406706,0.372089935200555,0.4908790077481951,0.46338481988225666,0.9383929371833801,0.7438931550298419,0.9677538190569196,0.9155148352895465,0.7628805722509112,0.9475117070334298,0.006406531403107303,0.9835978405816215
31,0.0001,0.5191663694072914,0.5129018319952636,0.48158384307101165,0.5235471573959346,0.5160382568868379,1.0497248625665243,1.1525792240839163,1.0563358821807136,1.0396852531564345,0.7665389768188218,0.9461803212078339,0.006768742083188365,1.0250892991384042,0.47511529070990427,0.45840695074626375,0.3708879351615906,0.49058936323438374,0.463115577186857,0.9380781480244228,0.7433662669999259,0.9674659541675023,0.9151807768004281,0.762748828956059,0.9474678124700274,0.006254392343440226,0.9841313702719552
32,0.0001,0.5178980479932642,0.5092345301003567,0.46748389556995934,0.5224739809938206,0.5150025211761143,1.0499927491930712,1.1488474461753113,1.0569008132025672,1.0397895425638506,0.7659391485480315,0.9461520053345772,0.006898976474170082,1.0249501671973782,0.4748054104191916,0.4578781638826643,0.3694314573492323,0.49027445912361145,0.46284877402441843,0.9377929653440203,0.7430261884416852,0.9672408529690334,0.9148367813655308,0.7621487208775112,0.9472482374736241,0.006150942827974047,0.9851201261792865
33,0.0001,0.5173794356668825,0.5090416480384514,0.4682933675940463,0.5223222298037986,0.5140728550348421,1.0497585028747707,1.1554312083248957,1.0562914702548765,1.0397031919671855,0.7660895520715667,0.9463289503271491,0.0066895574035753256,1.0252794665513139,0.4744699001312256,0.4573794347899301,0.3682287463120052,0.4899469443729946,0.46253404872758047,0.9374732630593436,0.7426457490239825,0.9669865965843201,0.9144541110311236,0.7617388793400356,0.947116494178772,0.006074100466711181,0.9857925517218453
34,0.0001,0.5180409266314375,0.5093354772247627,0.4677845444861966,0.5222571207681863,0.5154999923332922,1.0503854922069709,1.149673654527453,1.0567318979495934,1.0407297568133376,0.7657639847789914,0.9463590331419828,0.006367608470589935,1.0269188276832322,0.4741633151258741,0.456966016973768,0.36733822737421307,0.48966103366443087,0.4622262588569096,0.9371496183531625,0.7421158977917263,0.9666843669755119,0.9141160590308053,0.7616949677467346,0.9470433167048863,0.005894652168665614,0.9859189391136169
35,0.0001,0.5165167955919915,0.5064325702878764,0.45930444981945057,0.520447293745783,0.5144934284963675,1.0500917644418386,1.1531718829742201,1.0563110218650253,1.040436522997976,0.7655923409971493,0.9460493790350666,0.006443645771948698,1.0255299001144063,0.4738194985049112,0.4564667684691293,0.36615788510867525,0.48933451090540203,0.4618930603776659,0.936826935836247,0.741531218801226,0.9664083123207092,0.913755544594356,0.761548570224217,0.9469847849437169,0.005699739658406803,0.9863415105002267
36,0.0001,0.5162648245635961,0.5063492319935152,0.4597106593979158,0.5204135469983735,0.5140010401550268,1.0503392354643029,1.1573056605334417,1.0569249791064523,1.0401877377783357,0.7656418903094012,0.9460776932356619,0.006236233187968055,1.025420029550646,0.47347626090049744,0.45594705854143414,0.36487526978765217,0.489001133612224,0.4615714890616281,0.936534081186567,0.7410597460610526,0.9661565848759243,0.9134277020181928,0.7610802054405212,0.9469116074698312,0.005522458082331079,0.9869652305330548
37,0.0001,0.5151223953968116,0.5033382785944314,0.44864348691666506,0.5193568584536837,0.5131038143643802,1.0503080952058144,1.1557127325456333,1.0569608381356796,1.0401419201736122,0.7648722061387796,0.9460175316589816,0.005940352798742631,1.0258452243182188,0.47316689150674,0.455455413886479,0.3635744707924979,0.48872241377830505,0.46126434206962585,0.9362481236457825,0.7405968904495239,0.9659097364970616,0.9131076761654445,0.7609045931271144,0.9468091300555638,0.005347588365631444,0.9877162660871234
38,0.0001,0.5134667180643426,0.5010466874771612,0.4427066080742634,0.518588768458019,0.5107032305089062,1.0502681135809622,1.15202515226921,1.0570702704621597,1.0400739046154444,0.7652420040985989,0.9460635346074524,0.00586657865119709,1.0243850207882061,0.47292506269046236,0.4551160590989249,0.36276340058871676,0.4885334457669939,0.46098888771874563,0.9360093900135585,0.740099344934736,0.9656921539987836,0.9128569619996207,0.7609338249479022,0.9468384214809963,0.005214507159377847,0.9877611143248421
39,0.0001,0.5124584505896406,0.4986054299331908,0.4346466908825454,0.5171145771042566,0.510395981206549,1.0503926527738185,1.1498658379798186,1.057117450417407,1.0403519318480783,0.7648969772244169,0.9462740875487062,0.005887926827072776,1.0246732336601179,0.47257084931646076,0.4544331729412079,0.3607157809393747,0.48814461060932707,0.4607256352901459,0.9357239093099322,0.7396773099899292,0.9654741968427386,0.9125084706715175,0.7604508399963379,0.9465749519211906,0.005038278376949685,0.9897181817463466
40,0.0001,0.5124880903100427,0.5000523782490526,0.44261594387691083,0.5166878962735517,0.5106174307324985,1.0505338465916552,1.1547093118002656,1.05694439831902,1.0406510702867606,0.7640671251724683,0.9458866001655138,0.005698756229874255,1.0272263876502732,0.47224070344652447,0.4538683465548924,0.3591503756386893,0.4878150522708893,0.4604357821600778,0.9353910769735064,0.7391825658934457,0.9652059078216553,0.9121162721088955,0.7595286880220685,0.9463114738464355,0.004916152650756496,0.9911932093756539
41,0.0001,0.5120771108160004,0.49782726022274637,0.4328374235744548,0.5161055730152182,0.5106899394129523,1.0505764196193097,1.156371331446504,1.057451634618056,1.040174763909045,0.7630373364323484,0.9458866047974992,0.005503863819984893,1.0277150953002576,0.4718411649976458,0.4533973378794534,0.3583486037594931,0.4874399815286909,0.4600254552704947,0.935000342982156,0.7385168841906956,0.964825417314257,0.9117248398917062,0.7595872453280857,0.9463261195591518,0.004737343705658402,0.9908194371632167
42,0.0001,0.511660507866581,0.498170511309546,0.43707727494911447,0.5150643202721976,0.510742948689592,1.050384381238152,1.1557001785143477,1.0568647260480615,1.0403937556199363,0.7636354016215494,0.9460635418770961,0.005320271861217253,1.0272027534597061,0.47156359468187603,0.45308105860437664,0.3577800180230822,0.48724524889673504,0.45967470748083933,0.9347243990216937,0.7380145788192749,0.9645776663507734,0.9114289794649396,0.7599531582423619,0.94663348368236,0.00463835263092603,0.9902864694595337
43,0.0001,0.5101466099764294,0.49544124232069325,0.427429395949461,0.515200979054714,0.507849544463644,1.0495263717654455,1.1528858505450772,1.0561909051566785,1.039416486742171,0.7639768912672547,0.946008689906619,0.005144262790284886,1.0258295508378015,0.47123895798410687,0.45238322019577026,0.3555007874965668,0.48691135219165255,0.45942460213388714,0.9344246898378644,0.7374317390578133,0.9643384729112897,0.91107748235975,0.758943225656237,0.9461358274732318,0.0044044991955161095,0.992629987852914
44,0.0001,0.5092394276367801,0.49409151463269285,0.4251034215406283,0.5134292086651695,0.5078540700419941,1.050660763569156,1.15667118629892,1.0573643519308396,1.0404234938665267,0.7624428202445869,0.94575566320373,0.005161193181534815,1.0277615864728504,0.47088161536625456,0.4518373778888157,0.3541633529322488,0.48654255270957947,0.4591114563601358,0.9340992484773908,0.7369237882750375,0.9640557851110186,0.9107152649334499,0.7586504561560494,0.9459894554955619,0.004255436893020358,0.9934297970363072
45,0.0001,0.5074490961099533,0.49055997527938755,0.41450492726489135,0.5113002994513421,0.5066960973959643,1.050388793847526,1.1513387264912025,1.0569969827718368,1.0404154890560164,0.762591457566376,0.9459219864105702,0.005008354802848143,1.0261434343976712,0.4705956791128431,0.45148218103817533,0.3534453170640128,0.4863207936286926,0.45877571616853985,0.9338577389717102,0.7365610429218837,0.9638324294771466,0.9104595695223127,0.7587822079658508,0.946077287197113,0.00407151339043464,0.993284557546888
46,0.0001,0.5073386401468782,0.49101603584423364,0.41676674147136006,0.5117690627535034,0.5059271598917306,1.0501803126260518,1.1569660974719753,1.05653942203882,1.040261682084748,0.7619774741091988,0.9459467557913795,0.00448656940749302,1.026730710020338,0.4703303447791508,0.45096183674676077,0.3517963034766061,0.4860946067741939,0.45851755142211914,0.9335404549326215,0.7360039864267621,0.9635618925094604,0.9101034147398812,0.7579478962080819,0.9458577292306083,0.0038736708063100067,0.9948821238109044
47,0.0001,0.5060796856526356,0.48968871258685737,0.41449119391083655,0.5111336839951763,0.5040787611532649,1.0499628481514958,1.1479031397276034,1.056877508301125,1.0397836854505462,0.7616112099360339,0.9456034975636025,0.004577547727435168,1.0272258938613352,0.4700457751750946,0.45042039666857037,0.35011752588408335,0.48585063219070435,0.4582386314868927,0.9332556979996818,0.7353398885045733,0.9633318952151707,0.9097769686153957,0.7572306820324489,0.9455210566520691,0.0037507538550666402,0.9964885456221444
48,0.0001,0.5060245947971642,0.4886916058004321,0.4103022027324485,0.5102957763899614,0.5049442085007751,1.0507448389925187,1.1526292476921678,1.0575027734732796,1.0405906816141322,0.7608432942509844,0.9457273521554579,0.004360559505761812,1.028565967366043,0.4696441079889025,0.44993747983660015,0.3493006271975381,0.4854372186320169,0.4578624836036137,0.9329362852232796,0.7346981338092259,0.9630243693079267,0.909456159387316,0.7571867448943002,0.9456235425812858,0.0036659976467490196,0.9962031756128583
49,0.0001,0.5047536731666961,0.4861425190954934,0.4018663630669527,0.5094407271740569,0.5034962466807862,1.0493037113613266,1.1546118727131784,1.055549728664526,1.03954729564886,0.7613068806822726,0.9457432798160712,0.004425311590008602,1.0273185328284407,0.46932745831353323,0.44941835744040354,0.3479139677115849,0.4851246348449162,0.4575774925095694,0.9325794492449079,0.7339769686971392,0.9627173117228917,0.9090613637651715,0.7567330258233207,0.9453161614281791,0.003519441732870681,0.9974515438079834
50,0.0001,0.5042899099158006,0.48651812533977157,0.4064326617631537,0.5083953960161883,0.5034463063678546,1.0494834263133024,1.1507695468129562,1.056197924608806,1.0393925886571054,0.760530110635567,0.9456424216161338,0.004109440447287146,1.0284771487575186,0.46900104199137005,0.44893707547869,0.3467611415045602,0.4848092198371887,0.45726744191987173,0.9322077035903931,0.7333159702164787,0.9623635496412005,0.9086814522743225,0.7566451941217694,0.9452136840139117,0.00343173835426569,0.9980237483978271
51,5e-05,0.5031162576616228,0.4834985593107669,0.3963223422500036,0.5064819088126284,0.5033104223653039,1.0504173700447927,1.1487147445236099,1.0574368375478662,1.0401212622266296,0.7605248029593578,0.9455309519237656,0.004211860741742136,1.0277483804896272,0.4688745694501059,0.4486186334065029,0.3456114615712847,0.4846950088228498,0.457162754876273,0.9320011138916016,0.7328912530626569,0.9621892486299787,0.9084491729736328,0.756103651864188,0.9448185052190509,0.0033225184306502342,0.9995793700218201
52,5e-05,0.5020893433257431,0.4829378896832659,0.39646291018690344,0.506677106915457,0.5010224701067724,1.0494507460483524,1.1533863502647577,1.0563846687593785,1.0390522170568632,0.7599816004842664,0.9454017841230516,0.0037342451438177084,1.028466516421154,0.46872423802103313,0.448358952999115,0.344875944512231,0.4845535627433232,0.45702318634305683,0.9318300996507917,0.7325818794114249,0.9620370439120701,0.908264662538256,0.7558401652744838,0.944686770439148,0.0032301626301237513,1.0002544522285461
53,5e-05,0.5022620974330727,0.48256975026369997,0.39456218452113934,0.5061153032878767,0.5019988499006837,1.0504325671383836,1.1541841549289207,1.0574960074293505,1.039910609183026,0.7595746436764984,0.945472559604655,0.004033737358799494,1.0283197743533692,0.46855190822056364,0.4481456109455654,0.34448639835630146,0.48438226750918795,0.4568572853292738,0.9316937923431396,0.7323223352432251,0.9618939161300659,0.9081392117909023,0.7559133512633187,0.9447599564279828,0.003180786235524075,1.000149326665061
54,5e-05,0.5018650036339366,0.4810639531369217,0.3874919435106865,0.5065141530276246,0.5010282615037847,1.05008566418147,1.1494543775956307,1.0568619330895634,1.0399971539049102,0.7592455331402989,0.9451434568527641,0.0036048882059952474,1.0301201324236438,0.4683994267668043,0.44785012517656597,0.3435773083141872,0.48423401372773306,0.4567255122320993,0.9315422858510699,0.7319856115749904,0.9617633138384137,0.9079728211675372,0.7557230932371957,0.9446575130735125,0.003089740007583584,1.0010676639420646
55,5e-05,0.5026859671311705,0.48266547503371016,0.393284744143293,0.50651469291125,0.5025039255715549,1.0496188280586287,1.150985578299212,1.0572413763225368,1.0386173809404573,0.7591517539006339,0.9452620024174146,0.0037568295304776563,1.0311723090607736,0.4682450549943106,0.44775562626974924,0.343715671982084,0.48410079308918547,0.45654022693634033,0.9314431803567069,0.7318941184452602,0.9616600785936628,0.9078782030514309,0.7561329177447728,0.9449795314243862,0.0031075546118829933,1.0000371932983398
56,5e-05,0.5009814384044086,0.4793767069264868,0.383283104596753,0.5047711556625573,0.5011149854256022,1.0499533333137623,1.157957948675943,1.056633503644195,1.0396733790941646,0.7594702342877951,0.9453097803491035,0.003536819752958627,1.0291235820705416,0.46809971758297514,0.44757736580712454,0.34337649175098967,0.48397483570235117,0.45638212987354826,0.9313184022903442,0.7316418034689767,0.9615318604878017,0.9077609862600055,0.7561914665358407,0.9449941430773053,0.0030791692302695344,0.9998193553515843
57,5e-05,0.5003711936509873,0.48118106497344104,0.3954944811475901,0.5040533301383819,0.5001849858135515,1.050067230102119,1.155213630109366,1.0567334373448902,1.0398961026734168,0.7589004989964732,0.9451186811351416,0.003704954082592598,1.0287837867664764,0.4679677358695439,0.44730803796223234,0.3425081159387316,0.4838560734476362,0.4562612644263676,0.9311955230576652,0.7313337581498283,0.9614307710102626,0.9076230696269444,0.7559719000543866,0.9449941686221531,0.0030186185613274574,1.0006658349718367
58,5e-05,0.4998382765476085,0.47842589360086324,0.3834272158576936,0.5033667807120988,0.5001901661905802,1.0494405062727457,1.144757196250891,1.0559798285437478,1.0397238997723435,0.7588456506286514,0.945440708175583,0.003605411586162463,1.028628815976723,0.4678243568965367,0.44708601917539326,0.34194318311555044,0.4837197320801871,0.45612503801073345,0.931085297039577,0.7310777902603149,0.9613370043890817,0.9075008801051548,0.755723067692348,0.944891699722835,0.0029831428213843276,1.0009757620947701
59,5e-05,0.49801478891583695,0.47680597072411923,0.38170311049519523,0.502466783514553,0.4974398247242231,1.0489410142028777,1.1531623701629803,1.0564703080567939,1.0379377398629865,0.7591747554070359,0.9452726303147935,0.003646431359348349,1.0274413594733813,0.4676585538046701,0.446853118283408,0.3414228175367628,0.4835550103868757,0.45597012979643686,0.930961651461465,0.7308119535446167,0.9612230658531189,0.9073712059429714,0.7556791646139962,0.9448624082974025,0.002944819296577147,1.0011153391429357
60,5e-05,0.49920523137706585,0.4776396887468378,0.38187251866860966,0.5028435815622275,0.4994779701851795,1.0497128583261661,1.147825784189149,1.0561763841721152,1.0399790212262725,0.7592649950700647,0.945417715257654,0.0035381426210970056,1.0285353425767572,0.46754120928900583,0.44663348368235994,0.3407366020338876,0.48346749373844694,0.4558413880211966,0.9308260338647025,0.730539858341217,0.9610981856073652,0.9072296874863761,0.7555181724684579,0.9447599734578814,0.0028807399794459343,1.001719398157937
61,5e-05,0.49888869935090774,0.4775753674221502,0.38210340858277797,0.5032680897023056,0.4984021260490047,1.0493998009001828,1.1489635399400513,1.0569507941901202,1.038529797045527,0.7583236738404131,0.9452637698414901,0.0033106675376051095,1.0298620181281826,0.46745528067861286,0.44649751697267803,0.3403499594756535,0.48341643810272217,0.455730995961598,0.9306918127196175,0.730281046458653,0.9609857542174203,0.9070778914860317,0.755137596811567,0.9445989642824445,0.0028576980611043318,1.0021821430751257
62,5e-05,0.4967461863338658,0.47331835027971075,0.3692432905105533,0.5007345969781191,0.4970079363839921,1.048895152658626,1.1429915150564165,1.0554716211361173,1.0391819807753586,0.7588757240186815,0.9455822608114511,0.0031167716426192846,1.0270820983473958,0.46736022404261995,0.4463916080338614,0.34016153216362,0.4833564417702811,0.45560362935066223,0.9305618405342102,0.7300519091742379,0.9608544281550816,0.9069523726190839,0.7551522169794355,0.9446721502712795,0.0028258273378014565,1.002122061593192
63,5e-05,0.4995026172847923,0.4767865702646588,0.37519998924833853,0.5040099219380362,0.499138679365435,1.0490712079883457,1.14143025206027,1.0564878809728688,1.0385758012806603,0.7577716291947939,0.9448355709097543,0.003096169424210602,1.0320064030784692,0.46724326269967215,0.44616121905190603,0.33942478043692453,0.48326076780046734,0.45548621671540396,0.9303680828639439,0.7296534265790667,0.9606779558318002,0.9067487376076835,0.7548302071435111,0.9444379380771092,0.0027698901082788196,1.0030335698808943
64,5e-05,0.497255541476699,0.4745444975154051,0.3742047740971791,0.500598517418937,0.498014236133419,1.048931196259603,1.1451184259384821,1.0566047715034217,1.0380516660837502,0.7586775535322561,0.9452602364086681,0.0032179774801938906,1.0289212150697251,0.4671640523842403,0.44609150290489197,0.3393532122884478,0.48322165438107084,0.4553667392049517,0.9302458252225604,0.7295114908899579,0.9605479495865958,0.9066348501614162,0.7549473217555455,0.9445696898869106,0.002777455308075462,1.0026990345546178
65,5e-05,0.4981223425219269,0.47543605359515434,0.37473243991233696,0.5019112829092832,0.4984464086330844,1.0488253768816935,1.1474253922556132,1.0563674355865618,1.0379967443118272,0.7579750964207965,0.945152303397945,0.0029839924775303104,1.0306486056034976,0.4670691745621817,0.4458308688231877,0.3383679986000061,0.4831437723977225,0.4552845699446542,0.9300665599959237,0.7291070308004107,0.9603976862771171,0.9064343827111381,0.7543618253299168,0.9443208575248718,0.0026826858520507812,1.004016944340297
66,5e-05,0.4975656443393623,0.4746877075335301,0.3728405306034325,0.5016649217619744,0.497623769386485,1.0496696513598505,1.1530865114634576,1.05651455490382,1.0393774742637527,0.7572001077906222,0.9449435154039411,0.0031670956679906836,1.0310462209513171,0.46692998920168194,0.4455651811191014,0.33756852575710844,0.4829994184630258,0.4551725387573242,0.9298787372452872,0.7287047164780753,0.9602334414209638,0.9062297259058271,0.7538788148335048,0.9442476800509861,0.002607947082391807,1.005043523652213
67,5e-05,0.4972986185222591,0.4736798385382342,0.3694547813323402,0.5006563598667038,0.4982023036164718,1.0494353629676831,1.1482503087341753,1.056495720479402,1.0390813297280992,0.756814384293183,0.9449965984063475,0.0028184618260832057,1.0331297587910924,0.4667669875281198,0.44533245052610126,0.3370581141539982,0.4828175774642399,0.45504011852400644,0.929699787071773,0.7283002989632743,0.9600668890135629,0.9060459733009338,0.7538056203297206,0.944145211151668,0.002571618716631617,1.0053941777774267
68,5e-05,0.4968828315260085,0.4741319220129117,0.3727399162421404,0.5010639289972014,0.49683988248729344,1.0498921036141278,1.1511368519926612,1.0573508088420163,1.0390585241482442,0.7566055930181895,0.9447170368929008,0.0027113534119110848,1.0326595342423037,0.4666172819478171,0.44513377973011564,0.33663719466754366,0.48268146174294607,0.45488535506384714,0.9296091284070697,0.7281316263335091,0.9599679708480835,0.9059661882264274,0.7539812752178737,0.944174485547202,0.0025309978186019827,1.0052682587078638
69,5e-05,0.4951656767631053,0.47063891674078806,0.3620782363466231,0.49896475433080956,0.4958029539599267,1.048628671260634,1.144930075196659,1.0553922843624306,1.0386552517953205,0.7568072989960972,0.9447311804028247,0.003028040389940987,1.0310523775031744,0.46653312018939425,0.4448742611067636,0.3355869608266013,0.48263779282569885,0.4547932318278721,0.9294230341911316,0.7276703204427447,0.959814156804766,0.9057573420660836,0.7532494068145752,0.9438670958791461,0.0024414525500365664,1.0067759837423051
70,5e-05,0.4956309282483761,0.4719316320713957,0.36713721439507735,0.49920340743633584,0.4963415781517513,1.0492510091788823,1.1472418881466244,1.0566231014917686,1.0386122510166858,0.7563844192883676,0.9449081246555656,0.0027901164421392528,1.0319890909045693,0.46641441328184946,0.4448293830667223,0.3358475608485086,0.48252797978264944,0.4546528969492231,0.9293755974088397,0.7277414117540631,0.9597677333014352,0.9057045408657619,0.753732442855835,0.9440280965396336,0.002546055242419243,1.0057230591773987
71,5e-05,0.49598337162267947,0.47190595691228515,0.36504473359084294,0.499988015928078,0.4963432976315617,1.0500606026960848,1.1458203165967338,1.0571366120079564,1.0397922169242237,0.7569683130470662,0.944904588971084,0.003125267806204103,1.0320892665943324,0.46631859455789837,0.4446987083980015,0.3355513683387211,0.48244776896068026,0.4545485292162214,0.929242057459695,0.7274984206472125,0.9596421803746905,0.9055675268173218,0.7537470630237034,0.9439841934612819,0.002525784940059696,1.0058401737894331
72,5e-05,0.49422417499860816,0.46858928160801233,0.3556158988300813,0.49772756024431164,0.49534105432721903,1.0481921752851457,1.1419674760254408,1.055116236306369,1.038142162661133,0.7570408636727207,0.9449098957466294,0.0028954614838409345,1.0301817552630346,0.4661535450390407,0.44446525403431486,0.33504738552229746,0.4822637438774109,0.4544130095413753,0.9290969116347176,0.7271856495312282,0.9594907420022147,0.9054334419114249,0.7538056118147713,0.9439988306590489,0.002476424178374665,1.0060880184173584
73,5e-05,0.4942215753129155,0.46994199128132924,0.3628991917861325,0.49757984159961627,0.49524072100520455,1.0485863008823384,1.1479462684969997,1.055555097489375,1.0383055213330181,0.7560570823843905,0.9446816361085569,0.002505755019183517,1.032588042700799,0.4660880906241281,0.4443047727857317,0.33444723912647795,0.48223090171813965,0.45433282000677927,0.9289418969835553,0.7268407600266593,0.9593486445290702,0.9052719729287284,0.7535275306020465,0.9438085641179766,0.0024155262258968185,1.0069332207952226
74,5e-05,0.49393516605246474,0.46875173647984003,0.3577964596020101,0.49734981183547683,0.495058422306069,1.0484181042304248,1.151558804306158,1.0555363408437113,1.0378619332089658,0.7556571899654411,0.9447931106580764,0.002786488983432345,1.0320143709939298,0.46595260075160433,0.4440797482218061,0.3338355507169451,0.4820995330810547,0.45420954482895987,0.9288084081241063,0.7265305944851467,0.9592336416244507,0.9051257967948914,0.7533372300011771,0.9437207324164254,0.0023750217099274907,1.0074356283460344
75,5e-05,0.49309237273203893,0.4671749283478701,0.35283691845773946,0.4967477318568932,0.4941122291928295,1.0496598567373354,1.1479370844280534,1.0566073804370018,1.0394367903422743,0.7559403078464708,0.9447789614546704,0.002906669637402424,1.0313935825069467,0.46577078104019165,0.44387827600751606,0.3335851473467691,0.48188427090644836,0.4540636880057199,0.9287197164126805,0.7263263634272984,0.9591531668390546,0.9050326347351074,0.7533957702772958,0.9438378385135106,0.0023891151483569828,1.0072201320103236
76,2.5e-05,0.49277864674008737,0.46697227487162646,0.3530149694654791,0.49652224727662525,0.49369384593662546,1.0487445074998554,1.148201896284827,1.0559609515951314,1.0382128200914431,0.7560500063191088,0.9448426498700269,0.0025762210326662305,1.0315364375026947,0.4657135009765625,0.4438224179404123,0.3335313243525369,0.4818313164370401,0.4540016140256609,0.9286645991461617,0.7262151667049953,0.9590972832271031,0.9049794759069171,0.7533957958221436,0.9438232013157436,0.0024014947869415793,1.0070820961679732
77,2.5e-05,0.4942775669126207,0.4688214162717429,0.35736112077044463,0.4970676256268332,0.4960512698693849,1.048746001379463,1.144727317114746,1.0555364763292827,1.0387562152442582,0.7555474907529721,0.9447453409931946,0.0024529299335639683,1.033172203023821,0.46565433059419903,0.4438152015209198,0.33373019099235535,0.4817862127508436,0.4539201387337276,0.9286465729985919,0.7262522578239441,0.9590714914458138,0.9049683724130902,0.7536446026393345,0.9439695732934135,0.002457008697092533,1.0063988055501665
78,2.5e-05,0.4920732343254769,0.4667094265263079,0.35554342876558875,0.49495749462635147,0.4937399725816215,1.0486384727989604,1.1516710055305452,1.0555381993634985,1.038304292763238,0.755989851143575,0.945095684485891,0.002711383483628453,1.0302871919231549,0.4656121390206473,0.4437178799084255,0.33338288749967304,0.48175847956112455,0.4538735108716147,0.9285899145262582,0.7261193564959935,0.9590238673346383,0.9049050722803388,0.7534250446728298,0.943940281867981,0.002425131920192923,1.006839735167367
79,2.5e-05,0.49147858873162475,0.46539658198662853,0.3508521102356769,0.49466371068231363,0.4929810013085266,1.048100556512813,1.1487504084947877,1.0552497403851986,1.0375963347510138,0.756271179952431,0.9450443677173971,0.0026115422633150366,1.0298827201755254,0.4655795097351074,0.4435957840510777,0.332866187606539,0.4817381799221039,0.453844747373036,0.9284980807985578,0.7258937784603664,0.9589427283832005,0.9048065287726266,0.7531323177473885,0.9436768293380737,0.0023631248623132706,1.0077348351478577
80,2.5e-05,0.4922398471118178,0.4660362549170377,0.34978503551730195,0.4965539626732943,0.49267420211291224,1.0483671815666842,1.1441109116438974,1.0557047024457697,1.0378384286174887,0.7556288876664747,0.9449311331099455,0.002767623877074897,1.031605448197881,0.465535432100296,0.4434973725250789,0.3325307198933193,0.48169966680662973,0.4538046291896275,0.9284147109304156,0.7257139257022313,0.9588647655078343,0.9047211408615112,0.7529420341764178,0.9435304403305054,0.0023304433561861515,1.0082673515592302
81,2.5e-05,0.4911337408482932,0.4646403663266496,0.34776810670439384,0.49486404097665665,0.49218237519071223,1.0485634876790075,1.1468145815153992,1.0556303104772737,1.0382216253990877,0.7553227804380047,0.9448108055497657,0.0022323242885237023,1.0317507556368708,0.4655203904424395,0.44345487441335407,0.33234566875866484,0.4817082839352744,0.45377194029944284,0.9283609986305237,0.7256067565509251,0.9588127561977932,0.9046679905482701,0.7528395567621503,0.9434718915394374,0.0023316864389926195,1.008484925542559
82,2.5e-05,0.49259776964228796,0.4679057331131525,0.3592425525606611,0.49582517163147494,0.49381543421706703,1.0483839511228006,1.1422702695508937,1.0554582415177767,1.0381799535499157,0.7552608504400855,0.9445984831901093,0.0025719562570548867,1.033074800091953,0.46547398396900724,0.4434481348310198,0.33250208837645395,0.4816679741655077,0.45371235268456594,0.9283300638198853,0.7256048151424953,0.9587726763316563,0.9046450172151838,0.7529713085719517,0.9435743519238063,0.002358170392523919,1.007989832333156
83,2.5e-05,0.49319147010204667,0.46771211080208897,0.3553387602792195,0.4967546914148768,0.4942233288249517,1.0483260304298647,1.1476783061503593,1.0556464900342568,1.0376935258338855,0.7558677527496639,0.9448161156063007,0.0024353266312678924,1.0334010009371906,0.46542983395712717,0.44339913981301443,0.33242782950401306,0.48162845202854704,0.45366442629269194,0.9282880595752171,0.7255506770951408,0.9587271724428449,0.9046066403388977,0.7530298488480704,0.9435597232409886,0.00236737505266709,1.0078959209578378
84,2.5e-05,0.4914737388821338,0.4657821626645195,0.3533973196713396,0.49418831723996004,0.4933617774917831,1.048073978406059,1.1437751993062493,1.0550522856691755,1.0379054799828733,0.7562782542485517,0.9450709107625954,0.002782694648104909,1.0308362952902455,0.465386552470071,0.44328209332057406,0.33198859436171396,0.48159234864371164,0.4536272670541491,0.9282144563538688,0.725364659513746,0.9586655327251979,0.904525373663221,0.7527956621987479,0.9435158286775861,0.0023333788184182985,1.008561977318355
85,2.5e-05,0.4899110453905959,0.4634983495513105,0.34680288504151735,0.49380015107791486,0.49079229485261655,1.0479060918719976,1.145155139054341,1.05541548366104,1.0371551205837848,0.7549458975349319,0.9446161694611592,0.002295760914062125,1.0311418805840333,0.46536050949777874,0.4431685635021755,0.3314786340509142,0.4815886361258371,0.45359499965395245,0.9281244107655117,0.7251491035733905,0.9585890429360526,0.9044253485543388,0.7524443864822388,0.9432816249983651,0.0022997139686984675,1.0094402517591203
86,2.5e-05,0.49078125096113695,0.46354257108325003,0.3437099335197494,0.49430562982801096,0.492159194757793,1.0485688483013826,1.1443628623751905,1.0556034276566504,1.0383409964542933,0.7553917965371739,0.9446497910806313,0.0026729504999499095,1.0318043998815019,0.46529453141348703,0.443071825163705,0.3312486154692514,0.481524931532996,0.45353206992149353,0.9280629498617989,0.725039541721344,0.9585340278489249,0.9043594598770142,0.7523858291762215,0.9432377219200134,0.0022973444179764818,1.0096238936696733
87,2.5e-05,0.4910630600811402,0.46503178911214255,0.350759321911169,0.49419513621397165,0.4926078232217337,1.0478567017520755,1.1403847435520458,1.0550753774349586,1.0375539635685542,0.7548326526341796,0.9444976305228211,0.0020957433119018175,1.0335582924481026,0.46525747009686064,0.44299820491245817,0.33100556475775583,0.48150025946753366,0.45348989963531494,0.9279802100999015,0.7248691916465759,0.9584547792162214,0.9042764220918927,0.7522979889597211,0.9431791646139962,0.002276870422065258,1.0099416375160217
88,2.5e-05,0.49215178047716457,0.4679269103249922,0.3610692170106329,0.49555569062088867,0.49311736456072786,1.048046658248819,1.141873661080889,1.0549933438808032,1.0379724145514606,0.7544681678832188,0.9444445418269327,0.0024014382549756067,1.0346225720126117,0.46518964426858084,0.4429556812558855,0.331071070262364,0.4814324251243046,0.4534175225666591,0.9279476233891079,0.7248577305248806,0.9584182500839233,0.9042464920452663,0.7524882895605904,0.9432816249983651,0.0023010274661438806,1.0095290115901403
89,2.5e-05,0.48996764960252975,0.4631071893575702,0.3446875078190486,0.4936813148561839,0.4910967322986189,1.0477004674918189,1.1443702708175874,1.0551742415652041,1.0370044687343687,0.755119307003855,0.9446374110061287,0.002484232534381023,1.0316447570590284,0.4651250498635428,0.44292465278080534,0.33118388056755066,0.4813666726861681,0.45334845781326294,0.9279261316571917,0.724890947341919,0.9583867958613804,0.9042333619935172,0.7528103079114642,0.9433840683528355,0.002349088168037789,1.0089311003684998
90,2.5e-05,0.49084413390962484,0.4634271531380387,0.34367536256844716,0.49356952335341714,0.4930243803820479,1.0484305064998571,1.1457025493986208,1.055325246603503,1.038293104845964,0.7553157033755595,0.9447435686798014,0.0024052804024915415,1.0317278022194836,0.46510736857141766,0.4429720299584525,0.33149976815496174,0.4813579661505563,0.4533102938107082,0.927932722227914,0.7249975289617266,0.9583838071141925,0.9042461173874992,0.7531469464302063,0.9435304658753532,0.002402565541810223,1.0082492998668127
91,2.5e-05,0.488228667991842,0.4609149042748144,0.34053431427999886,0.49196943661617193,0.48941104785532674,1.047555082434908,1.1431548331019303,1.0545417000909014,1.0373815730399076,0.7552661652894388,0.9448143419419117,0.002319444640071161,1.02988589240999,0.4650736706597464,0.44287363971982685,0.33110558135168894,0.4813428223133087,0.4532703331538609,0.9278306790760585,0.724756624017443,0.9582930547850472,0.9041368450437274,0.752898131098066,0.9433255365916661,0.00237021641805768,1.0089933616774422
92,2.5e-05,0.4892628709174978,0.46158742804946734,0.3398873678620159,0.49279215463868875,0.49071289160672354,1.0477056427382805,1.148088658235553,1.0547929378181164,1.0372724893989913,0.7548149689686214,0.9448178883056929,0.002543842718904839,1.0314956879654384,0.46502091203417095,0.4427117279597691,0.3304719499179295,0.4812965052468436,0.45323027883257183,0.9277132408959525,0.7244244132723127,0.958197363785335,0.9040054338318961,0.7523565632956368,0.9431937847818647,0.0023155230363564832,1.010072307927268
93,2.5e-05,0.4902303008793884,0.4630771034547463,0.34414036467438186,0.49324972244835,0.49208053517071415,1.048684939010299,1.1454849354460377,1.0557078530321362,1.038435450709323,0.7538789473092048,0.9444109208186253,0.0020804700318646516,1.0334124908020093,0.464989858014243,0.44263114248003277,0.33017317737851826,0.48127204179763794,0.4532016600881304,0.9276359251567295,0.724253237247467,0.958123905318124,0.9039273262023926,0.7520638108253479,0.943135244505746,0.0022767677437514067,1.0105330433164323
94,2.5e-05,0.4903959154568038,0.4625976998549954,0.3402932267284239,0.49400238754681103,0.4917928535296218,1.0482996519488126,1.142676400610774,1.0554785958123862,1.0379748576663985,0.7540647435754425,0.9442640612463788,0.0020224801328785104,1.0340231526431944,0.46495762041636873,0.44262061374528067,0.33024525216647554,0.4812495538166591,0.4531559433255877,0.9276036790439061,0.7242611816951207,0.9580885597637722,0.903897362095969,0.7522101742880685,0.9432084219796317,0.0023042274239872184,1.0102373276438033
95,2.5e-05,0.48880102534070247,0.4612882215141671,0.3401419061682897,0.4924632480706772,0.49009402320633305,1.0478762816688014,1.1405070881810113,1.055606179152446,1.0370584378934717,0.7546203308213548,0.9444162350568138,0.0020692418579148363,1.0328951467389489,0.46489836062703815,0.4426384057317461,0.33059401171548025,0.48118792687143597,0.453085401228496,0.9276185461453029,0.7244261503219604,0.958085298538208,0.9039256061826434,0.7527078475270953,0.9433987055506025,0.002378021167325122,1.0091925348554338
96,2.5e-05,0.490299640091702,0.4639582253120039,0.34852945706487926,0.4932740262824654,0.49205104396334226,1.047948211190254,1.1475610673202417,1.0548360795506386,1.0377400149156515,0.7552449363859293,0.9446285552613104,0.0026144234893800307,1.0327301774228257,0.46483875598226276,0.4425066368920462,0.33014450328690664,0.48113745876720976,0.4530299944537027,0.9275121944291251,0.7241719279970441,0.9579879896981376,0.9038143839154925,0.7523565377507891,0.9432084390095302,0.002335191271933062,1.0098774092538017
97,2.5e-05,0.4883766961110584,0.46163194541730435,0.34455581815964587,0.49128295559208907,0.49026433551755394,1.0474769181968455,1.1402221288284737,1.0538423248580258,1.038019867375678,0.7550980654267189,0.9448922002116088,0.00256408438379527,1.0315259181031393,0.46479788848332,0.4424789675644466,0.3301629253796169,0.48110690287181307,0.45297643542289734,0.9274778536387852,0.7241530844143459,0.9579511029379708,0.9037824869155884,0.7525175554411752,0.9432230591773987,0.0023283126897045542,1.0096835834639413
98,2.5e-05,0.48762655964234813,0.4599643725674666,0.33836425481393284,0.4911148076886045,0.4891136956742436,1.048023735550501,1.1470178495338654,1.0548901583655614,1.0378575424728558,0.7541142789274052,0.944453396542421,0.0022647536298912472,1.0314473196164506,0.4647979097706931,0.4423840982573373,0.32962764160973684,0.48114079236984253,0.45296057632991243,0.9273702757699149,0.7238718952451434,0.9578619429043361,0.9036616597856794,0.7521223681313651,0.9430035012108939,0.002265875693410635,1.0108452013560705
99,2.5e-05,0.48867284379903525,0.4615609385615996,0.34302280404184293,0.4914806644400583,0.49072013435914463,1.0485533362649546,1.1505250851334718,1.0554206808772655,1.0382870249791976,0.7540010368894772,0.9447506488624033,0.002335504589012296,1.032152168086845,0.46478826659066336,0.4423577104296003,0.329512962273189,0.48114642075129915,0.45293969767434256,0.9273120931216648,0.7237434898103986,0.9578093375478473,0.9036000796726772,0.7520198907170977,0.9429742523602077,0.0022604648090366808,1.011085229260581
100,2.5e-05,0.48887348747613685,0.46173358162994715,0.3417977431434203,0.49289572930503267,0.48975386760457423,1.048328070015246,1.1463689513291402,1.0554889302863601,1.0378993332096518,0.7539355695665816,0.9442941435465475,0.0021941419713464513,1.0338455555700188,0.46476771576063974,0.44232745681490215,0.3294303161757333,0.4811369904450008,0.452909631388528,0.9272665125983102,0.7236869420324054,0.9577622073037284,0.9035564575876508,0.7520638193402972,0.9429888640131269,0.0022668848146817516,1.0111195359911238
101,1.25e-05,0.4886513221958683,0.45998387264677854,0.33405526023392285,0.492180388101165,0.4902753737638013,1.0479201348935727,1.1362586570828268,1.0550015806122464,1.0378941073008505,0.7536878707726711,0.9443454600577089,0.002239516906337727,1.03432113627003,0.4647518736975534,0.442299165896007,0.3293449580669403,0.48112496307918,0.45289229495184763,0.927239213671003,0.7236204402787345,0.9577381185122898,0.9035272598266602,0.7520345279148647,0.9429596151624408,0.0022626658901572227,1.0112415892737252
102,1.25e-05,0.4876715072862406,0.4595295967472867,0.3354838453333763,0.4915402911189306,0.4888756063521005,1.0481201422516875,1.1397623885855184,1.055827156441056,1.0373583730336338,0.7541001323616575,0.9444834679059576,0.002616581048747837,1.0327564473417212,0.46474428687776836,0.44231813720294405,0.32947069832256864,0.48112334523882183,0.4528743837560926,0.9272498999323163,0.7236887301717486,0.9577463098934719,0.9035388146127973,0.7522101828030178,0.9430327926363263,0.002279330444123064,1.01094879422869
103,1.25e-05,0.4879480837424639,0.4605573612133104,0.33922912215002793,0.4922774632557366,0.4885759849002795,1.0475694404314868,1.141760218162763,1.0546573841822706,1.0373416818031027,0.7545265550878456,0.9442516789845499,0.0020390129283840677,1.0330062467731531,0.4647261585508074,0.4423520267009735,0.32973370381764006,0.4810985965388162,0.4528532496520451,0.9272730350494385,0.7237920675958905,0.9577621221542358,0.9035665222576686,0.7523126431873867,0.943105970110212,0.0023167165594973733,1.0103519729205541
104,1.25e-05,0.4895340142157421,0.4626259725285554,0.34476685461262013,0.49252253555312264,0.49137109701400566,1.047983488197656,1.136437587524451,1.0551893135308577,1.037829190669546,0.7540594386655578,0.9441879771879024,0.00181029564753794,1.0348070277050903,0.46472709093775066,0.44232808692114695,0.32959331359182087,0.48110943181174143,0.4528490390096392,0.9272341302462986,0.7236988714763096,0.9577282837459019,0.9035244839532035,0.7522394486836025,0.9430474213191441,0.0022959101146885325,1.0106961982590812
105,1.25e-05,0.48866928400571324,0.4610327814825792,0.3409317083379351,0.4908374564363322,0.49142566614387745,1.0470889125137925,1.1505966927641094,1.0540133517816526,1.03671436765293,0.7541532210253794,0.9444816982945557,0.001968817431424406,1.0340017649011874,0.4647246301174164,0.442318605525153,0.3295420067650931,0.4811179041862488,0.45283750551087515,0.927212050982884,0.7236747145652771,0.9577090740203857,0.9034996203013829,0.752239465713501,0.9430035267557416,0.002304641330348594,1.010813934462411
106,1.25e-05,0.48727428493342784,0.4588813928739483,0.3337393943451574,0.49116815236601646,0.4884981041139869,1.0473760854406609,1.1404379606568613,1.055424399846834,1.0362256877305247,0.7539939657778465,0.9443631436267673,0.0024497802329088345,1.0323924525518773,0.4647179629121508,0.44233137369155884,0.3296308091708592,0.4811175465583801,0.45282142077173504,0.9272143500191825,0.7237294316291809,0.9577070559774127,0.9035047037260873,0.7522541029112679,0.9430181639535087,0.0023224346472748686,1.0105597376823425
107,1.25e-05,0.48809899712213617,0.4608767674667927,0.34100984454283634,0.4917225784471855,0.48937837614668295,1.0475563737616562,1.1375658037658647,1.055317274828055,1.0367951834131046,0.7538931036857547,0.9444905474773948,0.00244462278234801,1.0333606688576136,0.46469094497816904,0.4422819529260908,0.32948669365474154,0.4810898218836103,0.4527989753655025,0.9271746788706098,0.7236329657690865,0.9576670186860221,0.9034667866570609,0.7521955456052508,0.9429888725280762,0.0023032468411007096,1.010709856237684
108,1.25e-05,0.4858664602475493,0.4563878109438382,0.32646036697315384,0.4899088613773383,0.48713767917749373,1.0476373530566467,1.1422772500814777,1.0550313983745854,1.0370886769734777,0.7542770750060702,0.9446710304061079,0.0024901330099112912,1.0303891710635462,0.46466903175626484,0.4422600950513567,0.3294675477913448,0.48106563942773,0.45277920365333557,0.9271455236843654,0.7235828042030334,0.9576359816959926,0.9034404328891209,0.752283377306802,0.9430620755468097,0.0022978894745132755,1.0106452362877982
109,1.25e-05,0.48698363965804425,0.45803858063958236,0.3309887942354935,0.49045369781742726,0.4887132501994605,1.0482731773540643,1.139819725326635,1.0554209182021814,1.038073867897182,0.7539426555069987,0.9443118322300899,0.002047007722346991,1.0319471634598725,0.4646665837083544,0.442284745829446,0.32960244587489534,0.4810686835220882,0.45276637162481037,0.9271447913987296,0.7236298407827105,0.9576297232082912,0.9034442135265895,0.752473635332925,0.9430913243974958,0.002320943500048348,1.0103648475238256
110,1.25e-05,0.48629082394366774,0.45788422588779676,0.3334740896161929,0.48943366916901476,0.48824187473097946,1.0472348755073753,1.141389485635567,1.0547665791195016,1.0365647745338313,0.7543920770697637,0.9445737094989803,0.0023990899904420488,1.0318279988175139,0.46464392117091585,0.4422431247574942,0.32947718671389986,0.48104809863226755,0.45274542910712107,0.9271069594791957,0.7235345670155117,0.9575945479529244,0.9034049596105304,0.752429723739624,0.9430913329124451,0.0023105547962976353,1.0105253798621041
111,1.25e-05,0.48626975817289214,0.45769752406842373,0.33243043189169713,0.48955565478694935,0.4881119781163211,1.0472047561834905,1.1456599844769408,1.054266057526557,1.036861615765114,0.7540275783263473,0.9446427110588621,0.0022498522048310468,1.0309029667041654,0.46462471996034893,0.4421767677579607,0.32920082977839876,0.4810377189091274,0.4527257468019213,0.9270692978586469,0.7234263505254473,0.9575654864311218,0.9033610735620771,0.7522687315940857,0.9430327756064278,0.00229497706251485,1.0109415735517229
112,1.25e-05,0.487521942312886,0.45833464590073664,0.33078747746497955,0.4904831240644213,0.48978526873390416,1.0478092846327451,1.1428274612328972,1.05464078237479,1.0378105181716162,0.7539338063563261,0.9447294154877413,0.0023344950556968167,1.0322390277515665,0.4645977020263672,0.4421198325497763,0.32901181493486675,0.48101483072553364,0.4527001551219395,0.9270348634038653,0.7233405538967678,0.9575358033180237,0.9033237269946507,0.7522248200007847,0.9429595981325422,0.002280067020495023,1.0112012454441615
113,1.25e-05,0.4874675525437801,0.45911357914893225,0.33439215298800357,0.49111923924408535,0.4889183947992402,1.047717717938081,1.1450618244285398,1.0549776143662297,1.0372132293867924,0.7539285032799355,0.9444392279425764,0.002326829329658756,1.0330106966957426,0.464599928685597,0.4421280494758061,0.32904348203114103,0.4810187305722918,0.4526999124458858,0.9270298480987549,0.7233316217150006,0.9575302260262626,0.9033191714968,0.7522541029112679,0.9429595981325422,0.0022863796246903284,1.0111371534211295
114,1.25e-05,0.48706251778476506,0.45945680738138756,0.33745211403851116,0.4911637139751405,0.4879483943428147,1.0472004627512392,1.1437944891127263,1.0545380174052181,1.0366431334439445,0.7538223271426547,0.9444197763061112,0.0022259235767324954,1.0332074698665885,0.46460982731410433,0.4421886886869158,0.3293114943163736,0.48103746346064974,0.452692163842065,0.9270489386149815,0.7234351975577218,0.9575455955096653,0.9033394541059222,0.7524297407695225,0.9431059871401105,0.0023267903764333043,1.0107005323682512
115,1.25e-05,0.487333857395555,0.45894864164554167,0.3338386470475071,0.49122812773045244,0.48855612983075725,1.047467971002483,1.140538453991453,1.0547709587903134,1.0370627160466046,0.7542912247884743,0.9444781633820717,0.0019529200866677699,1.0326464826585922,0.4646024533680507,0.4421460245336805,0.32910923446927753,0.4810384767396109,0.452683082648686,0.9270062531743731,0.7233160649027143,0.9575091259820121,0.9032933967454093,0.752224828515734,0.9429596151624408,0.0023050878330000807,1.0110831090382166
116,1.25e-05,0.4881383693835829,0.460112640295425,0.3369227068783204,0.4916644126289417,0.48965292339124233,1.0478110600984618,1.144491169881126,1.0555225588216437,1.0368770032847694,0.753726783020073,0.9443454637890305,0.002146629292188193,1.0347069024525009,0.46459801282201496,0.4421448494706835,0.3291151949337551,0.4810405543872288,0.45267178756850107,0.9269851190703255,0.7232776028769357,0.9574904016086033,0.9032705426216125,0.7522394486836025,0.9429888640131269,0.002307433136073606,1.0111143503870283
117,1.25e-05,0.4867851215153852,0.4585174837275833,0.33486524275747814,0.48977096897489114,0.48886315216583237,1.0475962759029267,1.1440460211640104,1.0549780442080368,1.0369994952687687,0.7538258685849515,0.9444427748531892,0.002053375236531222,1.0330056653946589,0.4645783134869167,0.4420969103063856,0.3289441849504198,0.48102366072790964,0.4526540892464774,0.9269353406769889,0.7231484992163522,0.9574437396866935,0.9032201852117266,0.7520784565380642,0.9428864206586566,0.0022813051473349333,1.0114503758294242
118,1.25e-05,0.48560818233685565,0.45687746860115064,0.33080997739813484,0.48901290843374845,0.4873633442282741,1.047229172085918,1.1420732657457775,1.0545547642195734,1.0367420384900607,0.7538665788146656,0.9445188529608511,0.0021253008783945217,1.0321406321595052,0.46456506848335266,0.4420882591179439,0.32894977927207947,0.48101537568228586,0.45263533507074627,0.9269137212208339,0.7231252534048898,0.957421498639243,0.9031985657555717,0.7521223681313651,0.9428864206586566,0.0022818937099405696,1.0114295823233468
119,1.25e-05,0.48600563903917704,0.45717511364272395,0.330514744865013,0.48956929009731437,0.48762504210423213,1.0472811672150992,1.140525699562468,1.0545383307075604,1.0369158684081536,0.7537851746315192,0.9446214819623532,0.0019215585339610367,1.032328296659833,0.4645504908902304,0.442075035401753,0.3289365129811423,0.4810062519141606,0.452615282365254,0.9269038268498012,0.723126973424639,0.957408572946276,0.9031926819256374,0.7521370053291321,0.9429303407669067,0.002276758530310222,1.0113379784992762
120,1.25e-05,0.4846762488548394,0.4554047847977858,0.32689272992300844,0.48821314178604214,0.486398854965914,1.047659226803283,1.1416350530728867,1.0554175985483498,1.0367684903430476,0.7538718721124203,0.944400314762344,0.002024655459907069,1.0309999527573521,0.4645428444658007,0.44206975187574116,0.3289356231689453,0.48100402099745615,0.4526020075593676,0.9268947158540998,0.7231334788458688,0.9573956302234105,0.9031858784811837,0.7521223511014666,0.9429742268153599,0.0022718781339270727,1.0112795659473963
121,1.25e-05,0.4852639266078175,0.45661468949436307,0.33062080931998045,0.4889286825030286,0.48675392446682636,1.0465417095473568,1.1499081491716348,1.0533459411398243,1.0362918035313688,0.7541355179633826,0.9443985308368207,0.0020151593000163146,1.0324084650035557,0.4645260785307203,0.442036041191646,0.3288258654730661,0.48099114213671,0.45258427943502155,0.9268637129238674,0.7230720945766994,0.9573671732630048,0.9031530363219125,0.7521077309335981,0.942944952419826,0.002268207824922034,1.0114381739071436
122,1.25e-05,0.485545823092211,0.4568767421836153,0.33048984557953126,0.489503613643497,0.4867565332395736,1.0468589403921376,1.142801202443633,1.0543821922715007,1.0361378725579926,0.7537303207953814,0.944478162095409,0.0020405052963436187,1.0318461085935573,0.46451600534575327,0.44197912727083477,0.3285552178110395,0.4809939776148115,0.4525702680860247,0.9268136365073067,0.7229447790554592,0.9573245389120919,0.9030988642147609,0.7519027931349618,0.9428278803825378,0.0022475178286965403,1.0119081139564514
123,1.25e-05,0.48772820606787526,0.45994292229365735,0.33859822614026985,0.4904750852216853,0.489952399852272,1.0468299658441311,1.1408071200138674,1.0538939004708674,1.0366335592588989,0.753300363253209,0.9444038452680087,0.0021316042736361654,1.0352651190899285,0.4645020365715027,0.4419522626059396,0.32846982564244953,0.48098364898136686,0.45255490286009653,0.9267828123910087,0.7228604555130005,0.9572958861078534,0.9030669161251613,0.7519027931349618,0.9427985889571053,0.002242692746222019,1.0120385544640678
124,1.25e-05,0.4847609979908208,0.4556017724231199,0.32769554707885623,0.48817703063527895,0.4865804618426548,1.0473245583671655,1.1424086956931525,1.054284950494123,1.037194626851141,0.7539285055637617,0.9447453454321806,0.00223617699322443,1.0305157677907268,0.464476432119097,0.44192362683159964,0.3284350846494947,0.48095173069408964,0.45253575699669973,0.9267572249685015,0.7228053212165833,0.9572723252432687,0.9030402643339974,0.7518735357693264,0.9428132261548724,0.002242915432101914,1.012045408998217
125,1.25e-05,0.4848468761732304,0.4543100599977562,0.32110643888639234,0.487716102175499,0.48743571250167206,1.047111987552962,1.1449967988812466,1.0542276244644726,1.0367338328636857,0.7529341031973644,0.9444993917387495,0.002135562664664341,1.0320403209841709,0.4644639066287449,0.4419349431991577,0.3285469966275351,0.48093986085483004,0.4525187185832432,0.9267563394137791,0.7228474531854902,0.9572697366986956,0.9030401536396572,0.7519027846200126,0.9428425175803048,0.002265517965757421,1.0117852176938738
126,6.25e-06,0.4860087904297077,0.4562411446604803,0.3255093919381668,0.4896447311461583,0.4877229707021039,1.0469538167046653,1.137286132371432,1.054332242549849,1.0365642654014418,0.7535763831956929,0.944625022729152,0.0021231383378268157,1.0326502714939396,0.4644534374986376,0.4419412229742323,0.32862802488463266,0.4809259942599705,0.4525087135178702,0.9267608182770866,0.7228784305708749,0.9572716355323792,0.9030455946922302,0.7519613589559283,0.942886403628758,0.002281753146754844,1.0115733913012914
127,6.25e-06,0.4854902958972867,0.45530050774233055,0.32275593670007674,0.48913898782606585,0.48726606983399945,1.0470341473608742,1.1362118223069877,1.0539582057444392,1.037137360683468,0.7533198178168315,0.9444321654194185,0.002008813134803202,1.0330977421223764,0.46444728119032724,0.4419444927147457,0.32866928407124113,0.4809222306524004,0.45249837211200167,0.9267560584204537,0.7228907006127494,0.9572641934667315,0.9030432445662362,0.7520052450043815,0.942886403628758,0.0022888286704463618,1.0114596400942122
128,6.25e-06,0.48606064421900275,0.4571138158464715,0.33089267951825857,0.48873604720692604,0.4885574923421136,1.0476863344360285,1.141172528395573,1.0541279611880883,1.0381285790424377,0.752610291620235,0.9442428294800451,0.002088444688324995,1.0345105501489902,0.46444410511425566,0.4419432665620531,0.3286720471722739,0.4809232311589377,0.45249075974736896,0.9267376831599644,0.722865913595472,0.9572447538375854,0.9030265041760036,0.7520198822021484,0.9429010493414742,0.002288274034591658,1.0114656771932329
129,6.25e-06,0.4849892933981134,0.45554225099324797,0.32616247142641464,0.4886394675943701,0.48663338267732426,1.0469189731095587,1.1415365015051524,1.0541953294263038,1.036488753007157,0.7529447092536456,0.9444940895630228,0.0017975505664582774,1.0331812137793157,0.4644442583833422,0.44193635668073383,0.32862740755081177,0.48093052421297344,0.45248534849711824,0.9267201764242989,0.7228323136057172,0.9572272385869708,0.9030094998223441,0.7519906333514622,0.9428864121437073,0.002284366072022489,1.0115636672292436
130,6.25e-06,0.4858035216026543,0.4567657184002532,0.33006788052003316,0.48856353787107204,0.4882345730654948,1.0475878285126499,1.1445793642652917,1.055001505535484,1.036941313737158,0.7536878615087004,0.944246370021678,0.002185654441091743,1.0328263531359092,0.46443950704165865,0.4419131704739162,0.32852097494261606,0.48093017084257944,0.4524795923914228,0.9266934224537441,0.7227573394775391,0.9572032775197711,0.9029814430645534,0.7519028101648603,0.9428278633526394,0.0022712400116558585,1.0117775457245963
131,6.25e-06,0.4850651548317942,0.45566640383349327,0.32669836530412655,0.4885199847121015,0.4868891338078447,1.0481431893381117,1.1438450513501073,1.0555184123584276,1.0375781077921744,0.7528155423857621,0.9446197070434681,0.0017886541820750952,1.0332166459582268,0.4644428150994437,0.44191991431372507,0.3285376472132547,0.4809383281639644,0.45247735721724375,0.9266886370522636,0.7227580547332764,0.9571981940950666,0.9029768705368042,0.7519613419260297,0.9428278633526394,0.0022713656736803906,1.0117702654429845
132,6.25e-06,0.486162402085594,0.45797510437880473,0.33480355367104686,0.48901685974241527,0.48835319375515757,1.0472023959617902,1.1471240858869558,1.0546786695702681,1.0363952521369448,0.7532773649956301,0.944375534637902,0.0018850290753662032,1.0336322458576526,0.46444544196128845,0.4419427045754024,0.32864800095558167,0.4809396139213017,0.4524776680128915,0.9266948785100665,0.7227922081947327,0.957201361656189,0.9029854110309056,0.7520198822021484,0.9428425175803048,0.002285899461380073,1.0115770101547241
133,6.25e-06,0.48495773743502335,0.4560714206435651,0.32953624916250357,0.48817653699109054,0.486919640529754,1.0468597174076795,1.1416827857462188,1.053643649227865,1.0369149073355275,0.7533092118892165,0.9444746306569141,0.0019201882881164165,1.03179146956574,0.4644337126186916,0.4419194204466684,0.32857412099838257,0.48092885528291973,0.4524672329425812,0.9266770311764309,0.7227487649236407,0.9571864434650966,0.9029650858470372,0.7519613419260297,0.9428132346698216,0.002285453524174435,1.0116843921797616
134,6.25e-06,0.48522762659106844,0.4558944865554587,0.3262078148798883,0.489630673488796,0.4861252512792864,1.0472479130986312,1.1408953774123338,1.0544126413348425,1.0369612854748111,0.7537639483978346,0.9447347245149463,0.0020338469191217624,1.0313046902369887,0.4644354411533901,0.44191344720976694,0.32853034138679504,0.48093542030879427,0.45246551292283194,0.9266594478062221,0.7227056452206203,0.9571722320147923,0.9029445222445897,0.7519320590155465,0.9428132346698216,0.0022863796579518487,1.011812993458339
135,6.25e-06,0.48438369812865034,0.45474245108531347,0.3241210636967784,0.4884268900573543,0.4856826283451807,1.0478568655120575,1.1340313526790204,1.0547500707237256,1.0380913463400558,0.7533729144900281,0.944718803737978,0.002047095656735723,1.0315554704913177,0.4644277606691633,0.4418800302914211,0.32838395663670134,0.48093075837407795,0.45245950136865887,0.9266307864870343,0.7226235781397138,0.957147879259927,0.9029136385236468,0.7518735102244786,0.9427839432443891,0.0022706714724855764,1.012098925454276
136,6.25e-06,0.48584269081266007,0.45688351165328356,0.3299720712886652,0.48912369461877886,0.4877574756797815,1.0472636471165238,1.1459354858943982,1.0543086974606666,1.0369295167459776,0.7527235366818201,0.9442729090782224,0.0021220252621451247,1.0348228315887615,0.4644164400441306,0.44185443435396465,0.3282940558024815,0.4809224307537079,0.45244795083999634,0.9266136799539838,0.7225879941667829,0.9571313772882734,0.9028961828776768,0.7518442613737923,0.9427693315914699,0.002257157915404865,1.012221097946167
137,6.25e-06,0.48491815843906394,0.4552181660324834,0.3249628019780001,0.4883758294794666,0.4867922689100246,1.0470031569985783,1.1368215039686067,1.0550411763669862,1.035971163609706,0.7528562465359955,0.9440588120248469,0.0019190952281582714,1.0335429829002005,0.4644113608769008,0.44184328828539166,0.32825158749307903,0.4809226989746094,0.45243868231773376,0.9265962839126587,0.7225498557090759,0.95711521591459,0.9028786420822144,0.7518149784633091,0.9427107657705035,0.0022529648018202613,1.01231620992933
138,6.25e-06,0.4854740670932928,0.4568338763437204,0.3307811339932136,0.4892313468475568,0.48687324670926985,1.046970210458804,1.1421311982438427,1.0541631655633867,1.0366053356071838,0.7531605885598831,0.9444233043027838,0.0018985244901363295,1.0329038313898085,0.464400942836489,0.44184442503111704,0.3283017235142844,0.4809127705437796,0.45242558632578167,0.926598574434008,0.7225685545376369,0.9571153010640826,0.9028832401548114,0.7518735272543771,0.9427693315914699,0.0022657798004469703,1.0121322103909083
139,6.25e-06,0.48648752354957964,0.45694656611389556,0.3279307044588162,0.4894116614486357,0.488848636923001,1.0464367804434642,1.1423047649751015,1.0535681607655043,1.0361099364753679,0.7531340378912088,0.9443277701840038,0.0017191471253796664,1.0344047508430172,0.4643918573856354,0.4418386050633022,0.3283091187477112,0.4809041917324066,0.45241558977535795,0.92658873966762,0.7225598778043475,0.9571053811482021,0.9028726645878383,0.7518735272543771,0.9427546688488552,0.0022697762053992066,1.012093790939876
140,6.25e-06,0.4846566591273111,0.45551893687608497,0.3283890966814528,0.4874221559672245,0.48710011950197957,1.0475327489958925,1.1401764386676803,1.0544984533667114,1.0374788830104031,0.7537037908419749,0.9446851696700452,0.0017775997764009257,1.0309904008315693,0.4643796043736594,0.4418036469391414,0.32817410996982027,0.48089531489780973,0.4524038987500327,0.926554160458701,0.7224690999303546,0.9570738077163696,0.902836663382394,0.7518442358289447,0.9427107742854527,0.0022559602345739093,1.0123502016067505
141,6.25e-06,0.4855509303063878,0.45620767959567965,0.3269735233756702,0.48948332849091863,0.48690434780496555,1.047081436392943,1.1399178406514159,1.0547316398610311,1.0363365561654616,0.7541231354120546,0.9448691950060519,0.0020221561257296712,1.0314424541018425,0.4643767263208117,0.4417934162276132,0.3281298577785492,0.4808952510356903,0.4523994028568268,0.9265319279261998,0.7224229489053998,0.9570537550108773,0.9028134686606271,0.751741783959525,0.9426961200577872,0.002249582204967737,1.0124526109014238
142,6.25e-06,0.48422574408300106,0.4540015040251994,0.32098755004016116,0.488180845300378,0.4857118877281193,1.0469274798149812,1.1448918085000481,1.0542700571172379,1.0363196395759768,0.7533764446740271,0.9444339290478393,0.002083765119401207,1.032281075499216,0.4643789402076176,0.44179006133760723,0.32809630036354065,0.4809029144900186,0.45239779353141785,0.926517299243382,0.7223847082683018,0.9570406249591282,0.9027983631406512,0.7516832521983555,0.942666871207101,0.002247566423778023,1.0125375134604317
143,6.25e-06,0.4849905501618877,0.45467996623023293,0.3228047783479006,0.48751424938938903,0.4878729108662716,1.0471775372865968,1.143123939753994,1.0537184898234417,1.0374385182174295,0.7535604726798587,0.9443136040931512,0.0020043245017633076,1.0320773372377374,0.4643763559205191,0.44176435470581055,0.3279661110469273,0.4809060479913439,0.45239371061325073,0.9264931167875018,0.7223158393587384,0.9570200613566807,0.9027712089674813,0.7515954290117536,0.9426229596138,0.002232206253600972,1.012800191129957
144,6.25e-06,0.4863842522139428,0.4574703045362276,0.3304496859449087,0.48995238897997306,0.4880138822683951,1.0477027102090575,1.146321022664928,1.054700662075862,1.0374172763507943,0.7523714335493571,0.944048196029097,0.0016188114179505355,1.035710664292123,0.4643796682357788,0.4417763905865805,0.3280116617679596,0.4809131111417498,0.4523916755403791,0.9264906133924212,0.7223224469593593,0.9570167405264718,0.9027698040008545,0.7516247119222369,0.9426376053265163,0.0022397963662764858,1.0127329060009547
145,6.25e-06,0.4870988742699188,0.45829459175636367,0.3321175932305218,0.49030977358897826,0.4890539522950738,1.047729903919531,1.1393678509989624,1.0551865522242596,1.0372186063176159,0.753135806151615,0.9441649797344877,0.0020395717308421797,1.0355401377515798,0.46437312023980276,0.44177636078425814,0.3280387350491115,0.48090673770223347,0.4523841781275613,0.9264865432466779,0.7223247289657593,0.9570127895900181,0.9027661425726754,0.7516393320901054,0.942666871207101,0.0022450594697147608,1.0126574209758215
146,6.25e-06,0.4860746568431741,0.4571980506551632,0.33056043031340476,0.48943015709479176,0.4879029321786332,1.0476635486064443,1.1378782265133556,1.0547988959022683,1.0375208126424262,0.7533109816292847,0.9445595485869447,0.002492747250220628,1.0326157758123993,0.4643653333187103,0.4417626900332315,0.3279976376465389,0.4809010752609798,0.4523753992148808,0.9264695388930184,0.7222909586770194,0.9569967303957257,0.9027482696941921,0.7516686064856393,0.9426814998899188,0.0022458473353513648,1.0127176812716894
147,6.25e-06,0.4873228318229342,0.4583123487456065,0.3313895429525257,0.49040705116774286,0.48943635703934507,1.0467737199677305,1.1413694371163234,1.0538724418980845,1.0365215036203845,0.752946490509344,0.9442145273740782,0.001998491305681986,1.0352580671495704,0.4643569929259164,0.44176587888172697,0.3280523249081203,0.4808909978185381,0.4523663435663496,0.9264621649469648,0.7222939133644104,0.9569878578186035,0.9027418664523533,0.7516978893961225,0.9426668626921517,0.002252474127869521,1.0125975864274162
148,6.25e-06,0.4848903304039306,0.45531198190986566,0.3257942171400454,0.4881399887288768,0.4869438081706336,1.046956172069214,1.1438899094905328,1.054060877430973,1.0366203535330083,0.7534259914451203,0.9444569260509221,0.002015121609346486,1.0325635293980129,0.4643487972872598,0.4417597736631121,0.32805382353918894,0.4808835344655173,0.45235741564205717,0.9264543056488037,0.7222967999322074,0.9569811735834394,0.9027325085231236,0.7516978893961225,0.9426668626921517,0.0022595148267490523,1.0125853163855416
149,6.25e-06,0.4852749126477301,0.45659915328476147,0.3306250491627345,0.4888135974817641,0.48689109390964397,1.047441836247493,1.1405261893949183,1.0554429116406057,1.0363380240544846,0.7529199414811646,0.9441826752051752,0.0017443409761794904,1.034136843694202,0.46434373940740314,0.4417535066604614,0.3280407190322876,0.48088039244924274,0.45235057388033184,0.9264411841120038,0.7222691859517779,0.9569680946213859,0.9027201533317566,0.751741783959525,0.942637596811567,0.0022606937480824335,1.0126018864767892
150,6.25e-06,0.4838799822993106,0.45434971075732195,0.3249155500098556,0.4872446583369842,0.4858142083326804,1.0470996959365129,1.1455290091726116,1.054063974524342,1.0368545500252997,0.7527253186773495,0.9442764521931805,0.0019928584900859056,1.0328985942227096,0.464335173368454,0.4417463541030884,0.3280412682465145,0.4808703192642757,0.45234305943761555,0.9264365860394069,0.722267176423754,0.9569634880338397,0.9027152061462402,0.7517564126423427,0.9426083053861346,0.00226299135413553,1.0125675542013985
151,3.125e-06,0.48492047028225044,0.4550822602370849,0.32356882955792526,0.4890133784837615,0.48620600103366973,1.0467579634975757,1.1400961098771318,1.0538565255601022,1.0365482245788533,0.7528562475974921,0.9443826225083131,0.0018596601304565483,1.0338767693612747,0.46433633140155245,0.44175044127873014,0.3280557904924665,0.48087345702307566,0.4523418460573469,0.9264325158936637,0.7222599557467869,0.9569594178880964,0.9027112296649388,0.7517710498401097,0.9426229510988507,0.00226676364296249,1.0125555310930525
152,3.125e-06,0.48593623423923754,0.45644279766005563,0.3274041542605458,0.4890743996958056,0.48808253601121054,1.0472416149495551,1.144760303380228,1.0543322484041637,1.036900270519164,0.7529447147219617,0.9443808413169478,0.0020890883748061226,1.034525356161485,0.46433559485844206,0.44175781096730915,0.32809762018067495,0.48087258849825176,0.45233996851103647,0.9264324903488159,0.722271272114345,0.95695789371218,0.9027124558176313,0.7517856955528259,0.9426375882966178,0.002272380449409996,1.012474775314331
153,3.125e-06,0.48366956529396005,0.4534636806360915,0.3211215069438082,0.4870606918657913,0.4856967485021786,1.0469065317255835,1.1385441892415977,1.0545528494726306,1.0362053669534756,0.7528827843380438,0.9442357592690782,0.0019456684811536326,1.0321982464015773,0.46433880073683603,0.44177025982311796,0.3281473858015878,0.4808777698448726,0.45233964920043945,0.9264322093554905,0.722278722694942,0.9569569826126099,0.9027124643325806,0.7518149784633091,0.9426229425839016,0.0022797416230397566,1.0124043481690543
154,3.125e-06,0.48540512674638403,0.45680770430768175,0.3315843722656876,0.488547558631372,0.48739016509609356,1.0470241857617208,1.145828918836854,1.0542012442142592,1.0365538475517317,0.7526138439669972,0.944377302094144,0.0022003602591346744,1.0339330421289237,0.46433798330170767,0.44177193301064627,0.3281584765229906,0.4808781019278935,0.4523372564996992,0.9264289225850787,0.7222792165619987,0.956954334463392,0.9027082409177508,0.7518149869782584,0.9426083053861346,0.002284138529960598,1.0123919248580933
155,3.125e-06,0.4841097767650277,0.45397348233126206,0.32245562379577647,0.48699969873515836,0.48660830777848146,1.047218663140496,1.1397301099522976,1.0542694405485216,1.0370842475088236,0.7525112182143181,0.9442764568251658,0.0017727499292973434,1.03336638942385,0.4643430539539882,0.4417946934700012,0.32825554268700735,0.48088423694883076,0.4523382144314902,0.9264366541590009,0.7223162991659982,0.9569607291902814,0.9027165685381208,0.7519174303327288,0.9426375882966178,0.0022988103197089265,1.0122320566858565
156,3.125e-06,0.48412749110140546,0.4542071461613218,0.3222892594237747,0.4882720048145803,0.4853776353182692,1.0474466831054934,1.1395854876289737,1.0549227283313605,1.036899145300557,0.75313049815374,0.9440782804200923,0.00211465122938132,1.0328104326806067,0.46434436099869864,0.44180147988455637,0.3282854812485831,0.4808859782559531,0.4523379845278604,0.9264353684016636,0.7223183257239205,0.956958898476192,0.9027157596179417,0.751932076045445,0.9426375882966178,0.002305706131405064,1.0121863739831107
157,3.125e-06,0.48421622927743424,0.4546626196059419,0.32456806532061555,0.48811371330949854,0.4856404900486509,1.047128036545858,1.1403599025362965,1.0547852767073522,1.036362986016518,0.7530084146529484,0.9442976865328394,0.002017556642937583,1.033037251417404,0.4643454764570509,0.44180634192058016,0.32830415878977093,0.48088863492012024,0.4523372309548514,0.9264341592788696,0.7223205140658787,0.9569575871740069,0.9027145079204014,0.7519759706088475,0.9426375882966178,0.002308946701564959,1.012157951082502
158,3.125e-06,0.48364891263837756,0.4537507229023731,0.322692807661284,0.48706633060028665,0.4855966362448814,1.0466531448215004,1.145182310762884,1.053565473924504,1.0364566992503916,0.7529995743480812,0.9444781646365676,0.002180004992177514,1.0325068795417234,0.46434246216501507,0.4418064611298697,0.32831707171031405,0.4808865189552307,0.45233265842710224,0.9264296804155622,0.722318206514631,0.956952657018389,0.9027109060968671,0.7519906333514622,0.9426522254943848,0.0023119457930858645,1.012131290776389
159,3.125e-06,0.48433662964663377,0.4550002615836525,0.32732481804977415,0.4868159490022798,0.48709107164235227,1.0472191208385482,1.145776802729222,1.0542362830604146,1.0369166484795194,0.7525678335558834,0.9439225744956645,0.0018209555254559571,1.0342272460878827,0.4643335427556719,0.4417916110583714,0.32827660867146086,0.4808783105441502,0.4523237645626068,0.926416780267443,0.7222901497568402,0.9569404721260071,0.9026973332677569,0.751946713243212,0.9426522254943848,0.002306961487712605,1.0121920704841614
160,3.125e-06,0.4840382169660722,0.45374448677043433,0.3218788341033542,0.4866207581047618,0.48686109998711236,1.0470801719896097,1.1401217012101743,1.0544747810265984,1.0365844179473565,0.7531871166797953,0.9445206284587343,0.0019824756790632037,1.0323214995430021,0.46432676911354065,0.4417720351900373,0.32820158345358713,0.48087200096675325,0.4523190089634487,0.9264011297907148,0.7222424575260707,0.9569259371076312,0.9026817423956734,0.751932076045445,0.9426229425839016,0.002297121100127697,1.0123213188988822
161,3.125e-06,0.4850013017718752,0.4557758678762062,0.3282347848559481,0.4878025044316674,0.4874255170033419,1.0470339414948588,1.143165695300568,1.054492874590693,1.0363705770041707,0.7535374592074946,0.9447364930648515,0.0017968826367847994,1.032543633862952,0.4643263391086033,0.4417767567293985,0.3282264769077301,0.4808735251426697,0.4523155816963741,0.9264000739370074,0.7222502742494855,0.9569240808486938,0.9026806780270168,0.7519613589559283,0.9426522254943848,0.002300720096432737,1.012271625655038
162,3.125e-06,0.48391733409839904,0.45401371635106597,0.3238576251110771,0.48645594273781817,0.48671403604459584,1.0467348969182129,1.143781149702592,1.0539906640600913,1.0362442942226635,0.7523413539190132,0.9442145169199446,0.001958723298044794,1.033723888240244,0.46432909795216154,0.44178421156747,0.3282517279897417,0.480878084897995,0.4523160329886845,0.9263987966946193,0.7222540378570557,0.9569218158721924,0.9026800990104675,0.7519759961536953,0.9426375882966178,0.002302875675793205,1.012232746396746
163,3.125e-06,0.48394506491008993,0.45421944581941215,0.3239225986048266,0.4873383301403223,0.4858858365981693,1.0467174811036408,1.1433508546688205,1.0539744958579058,1.0362395312872308,0.753489691086608,0.9446232524100858,0.0021174006768830494,1.032031070780767,0.4643250150339944,0.44178772824151175,0.3282893640654428,0.48087245651653837,0.4523120479924338,0.9263979537146432,0.7222638726234436,0.9569192784173148,0.902680652482169,0.7520052450043815,0.9426522340093341,0.0023080070303486927,1.0121511135782515
164,3.125e-06,0.4833764558345385,0.45413169945116244,0.32548126404631544,0.4871530093119972,0.4848631104455403,1.0465497538905753,1.1388662782026766,1.054151555041783,1.035870848252718,0.7527819244976116,0.9442481390862483,0.001798503012916589,1.032616390258122,0.46432300550597055,0.4417858464377267,0.32828637957572937,0.48087174551827566,0.45230891023363384,0.9263925552368164,0.7222534332956586,0.9569141609328133,0.9026750837053571,0.7520052450043815,0.9426522340093341,0.002307840124038713,1.0121575934546334
165,3.125e-06,0.4837326253676376,0.45389903529360687,0.3229357994654599,0.48732167040085833,0.4855034487735112,1.0471353802369596,1.144392699019303,1.0544836416607346,1.036545259979565,0.752932331848968,0.9440658977079315,0.001804946802146391,1.0330996173687774,0.4643247936453138,0.4417904019355774,0.32830127647944857,0.48087533031191143,0.45230829289981295,0.9263899496623448,0.7222528883389064,0.9569119129862104,0.9026730230876377,0.7520052705492292,0.9426375882966178,0.002310772692518575,1.0121435012136186
166,3.125e-06,0.48469978630446253,0.45559786958946646,0.3283606637379831,0.48771224887835546,0.4868986688300975,1.0462778265644779,1.1435300865754912,1.053714901578793,1.0355989150723057,0.7531676545891965,0.94434191826158,0.0022890602370220976,1.032853878837499,0.4643259176186153,0.4418003559112549,0.3283469634396689,0.4808781317302159,0.45230628337178913,0.9263892344066075,0.7222638555935451,0.956910388810294,0.9026723504066467,0.7520784480231149,0.9426522340093341,0.002318143911127533,1.0120718223708016
167,3.125e-06,0.4825971567560001,0.4528079078413639,0.32254729002987576,0.4856983294084274,0.484830929196595,1.0466901864866534,1.1432911236737782,1.0535238487168512,1.0366364356574662,0.753820568017553,0.9448055005433813,0.001987631831684286,1.0295350246666188,0.4643297238009317,0.4418100672108786,0.3283788561820984,0.48088463289397104,0.45230657288006376,0.9263886894498553,0.7222705568586077,0.9569101929664612,0.9026716266359601,0.7521077309335981,0.9426522340093341,0.0023232141975313425,1.0120388865470886
168,3.125e-06,0.4852555348817812,0.45658530646314893,0.3318053543953656,0.48768216371536255,0.48794380330550496,1.0461400221697523,1.1513008153316335,1.0532484894756104,1.0355261828020592,0.7532950610774823,0.9443065324346889,0.001698800762718231,1.033852775162513,0.46433269126074656,0.4418149931090219,0.32838926570756094,0.48089075088500977,0.4523058533668518,0.9263856666428703,0.7222695606095451,0.9569076299667358,0.9026676416397095,0.7520930937358311,0.9426375882966178,0.0023265118444604532,1.012055584362575
169,3.125e-06,0.48532871220861973,0.4563215392316539,0.3296894253233093,0.4881500254047927,0.48769544939125026,1.047066317013773,1.1463370321251158,1.0545765164730938,1.0362471332436822,0.7532932823629426,0.944290609631227,0.0022418358922607824,1.0337556172755364,0.46433080094201223,0.44181578499930246,0.3283997561250414,0.48089026127542767,0.4523022983755384,0.9263807024274554,0.7222642132214138,0.9569024869373867,0.9026626433644976,0.7521077053887504,0.9426375882966178,0.0023291403028581825,1.0120391505105155
170,3.125e-06,0.4860208287344581,0.4577161473515094,0.3341352873503422,0.48878880510186096,0.48831558600671215,1.0466810208813153,1.14330198452142,1.0537046082458559,1.0364367601939684,0.7529854119242171,0.9444551533515301,0.0018733357482560516,1.034813983917751,0.46432518533297945,0.4418024293013981,0.3283527536051614,0.480885033096586,0.4522977982248579,0.9263672913823809,0.7222307068961007,0.9568907703672137,0.9026474612099784,0.7520638023103986,0.9426375882966178,0.0023271707219204734,1.0121338282312666
171,3.125e-06,0.4855085559716047,0.45625575838125015,0.32847719695429123,0.48842427883994816,0.48782726559391937,1.0475769755136497,1.1495758789780972,1.0546168306358943,1.0371371568761127,0.7524687489238354,0.9442888317530179,0.0019402069198465226,1.0347050445117116,0.46432439770017353,0.4418022206851414,0.3283525322164808,0.480886378458568,0.4522950691836221,0.926362156867981,0.7222229753221784,0.9568856954574585,0.9026433399745396,0.7520784480231149,0.9426375882966178,0.0023272733337112834,1.0121357696396964
172,3.125e-06,0.48355807749181584,0.4529620177090908,0.3191920329896553,0.4867254877116187,0.48586953379499287,1.0464153109983825,1.1424138394807135,1.0543978204613946,1.0352328588881494,0.7527642358784025,0.9444958560542679,0.0020990038630728657,1.0327742358381145,0.46432467443602427,0.44180746163640705,0.3283786177635193,0.48088741302490234,0.4522934598582132,0.926358733858381,0.7222253595079694,0.956882085118975,0.9026400957788739,0.7520930937358311,0.9426375882966178,0.0023307647622589555,1.01210641009467
173,3.125e-06,0.4861854069212354,0.4564212499537213,0.3255730978521346,0.48994634951441207,0.48777817467130075,1.04778960432417,1.1414857337234217,1.054635607835993,1.037820454970348,0.7530084133662859,0.9442746812629493,0.002015990580301943,1.0342921155951696,0.46432131103106905,0.4417987125260489,0.32834539243153166,0.48088536092213224,0.452289811202458,0.9263488394873483,0.7221991164343697,0.9568742513656616,0.9026287708963666,0.7520784480231149,0.9426375882966178,0.002326704328879714,1.0121843729700362
174,3.125e-06,0.482669875098124,0.45266310474194515,0.3212124226836983,0.48602069559704597,0.48470088821839336,1.0470041220598587,1.1375916207151933,1.054383831962147,1.036604790802074,0.7538329498933832,0.9447718746135895,0.002325286578107575,1.0302135290741856,0.46431919080870493,0.44179379088538034,0.32832686815943035,0.480884598834174,0.45228702681405203,0.9263410653386798,0.7221837214061192,0.9568666560309274,0.9026208009038653,0.7520638108253479,0.9426375882966178,0.0023239251957940204,1.0122305239949907
175,3.125e-06,0.4830909698027504,0.4537630904640819,0.325049745685914,0.4865908466894692,0.4848590143551649,1.0465877155194847,1.1364163744468916,1.054039583358003,1.036141857609386,0.752831466894052,0.9445984837369409,0.002103719614542663,1.0316887029235067,0.46431083764348713,0.4417823723384312,0.32830395868846346,0.48087515575545176,0.45227997643607004,0.9263334359441485,0.7221652780260358,0.956859290599823,0.9026130267551967,0.75200526203428,0.9426375882966178,0.0023232117029173033,1.0122437732560294
176,1.5625e-06,0.4837476864449089,0.4535257021157213,0.3214655799185078,0.486805473252753,0.48609947907364953,1.0470370480773645,1.1357044049745242,1.054623061235184,1.0364954599611063,0.7530951134526788,0.9448692035945248,0.0023129650379575817,1.0315891218005293,0.46430868761880056,0.4417752666132791,0.32827334318842205,0.48087469594819204,0.45227746452604023,0.9263269645827157,0.7221498829977853,0.9568529299327305,0.9026062062808445,0.751990624836513,0.9426083053861346,0.002319865860044956,1.012296634060996
177,1.5625e-06,0.48346143139097025,0.45340491560299334,0.32240408260115916,0.48618318334310295,0.4861083151325302,1.046612050394335,1.1370333431864583,1.0539686802716366,1.0362413961438315,0.7531959718777821,0.9446763390473141,0.002007415180038751,1.0325319681435228,0.4643071847302573,0.4417713199343,0.3282583696501596,0.4808738572256906,0.45227559975215365,0.9263219577925546,0.7221377406801496,0.9568492429597037,0.9026004416601998,0.7519613334110805,0.9425936937332153,0.002319514485342162,1.0123303958347865
178,1.5625e-06,0.4846361931343048,0.45517247583952325,0.3263954371455162,0.4876462854505293,0.48690081303723104,1.0470897917546778,1.1368760376187574,1.0539680273225356,1.0372187197690903,0.7532331236169201,0.9444356879477751,0.0019852634773404212,1.0336653460571075,0.4643076615674155,0.4417715498379299,0.328256436756679,0.4808754750660488,0.45227510162762236,0.9263195054871696,0.7221326657703945,0.9568472078868321,0.9025979808398655,0.7519759791237968,0.9425936937332153,0.002319111455497997,1.0123406222888403
179,1.5625e-06,0.4855099863061632,0.45604678218067496,0.32745669228092633,0.4883444893379438,0.48794395254228284,1.0471344998059116,1.1386576060726394,1.0547544685686465,1.0364639197757164,0.7526492307910517,0.9441915172470369,0.0021198450183597404,1.03376132298082,0.4643079127584185,0.4417758158275059,0.3282791333539145,0.48087556447301594,0.4522740628038134,0.9263220173971993,0.7221454722540719,0.9568493110792977,0.9026007737432208,0.7519906163215637,0.9426083309309823,0.002323427703231573,1.0122905458722795
180,1.5625e-06,0.4827797972570544,0.45270186466457907,0.3205680346495386,0.48649135404062865,0.48447521695946594,1.0463170540120494,1.1440069718548753,1.0541490931415711,1.0352287879841944,0.752507670370875,0.9446002449850359,0.0017473281141148385,1.0330142122439545,0.4643055498600006,0.44177099636622835,0.3282619672162192,0.48087399772235323,0.45227199367114473,0.9263185432979039,0.7221367274011884,0.9568462797573635,0.9025971123150417,0.7519759791237968,0.9426083309309823,0.0023214503390980618,1.0123180150985718
181,1.5625e-06,0.48498108299500353,0.45574476351560417,0.32899066321732734,0.4869902910120862,0.48817162399863273,1.0463592720494936,1.145455425517725,1.0525508253753217,1.0368646817534148,0.7529022456244784,0.9442711404961506,0.0021553392174236048,1.0340263808796486,0.4643032210213797,0.4417608380317688,0.3282182386943272,0.48087230750492643,0.4522701288972582,0.9263103859765189,0.722114622592926,0.9568389483860561,0.9025884185518537,0.7519759791237968,0.9425936937332153,0.002314825974670904,1.0124091846602303
182,1.5625e-06,0.48408049679548754,0.45465919230670077,0.3256246795122905,0.4875067237641962,0.4859362946158799,1.0465586475597737,1.1375002283954774,1.0530937489984618,1.036992024937901,0.7534100687703248,0.9442269149433904,0.0018135427449077481,1.0327244201867052,0.46430286339351107,0.44175578015191214,0.3281916720526559,0.48087326543671743,0.45226929017475676,0.9263032078742981,0.7220965198108128,0.9568324174199786,0.9025809509413583,0.7519467217581612,0.9425936937332153,0.0023111197099621806,1.012474196297782
183,1.5625e-06,0.4842996080855839,0.45629339409852376,0.33314911465482716,0.4878613133721267,0.4857763387644799,1.0471224105493224,1.1463893044657534,1.0543906262804865,1.0365452355973088,0.7528084724642944,0.9445241659767102,0.001851240643292577,1.033310598318344,0.46430432370730806,0.441762592111315,0.32822101031030926,0.48087466614586966,0.45227016295705524,0.926305217402322,0.7221069591385978,0.956833975655692,0.9025826028415135,0.7519613334110805,0.9426083309309823,0.0023154253472707103,1.012424545628684
184,1.5625e-06,0.4825453403764201,0.4515540352140448,0.3159473289590363,0.48585698672776856,0.4847868921238219,1.046599449303365,1.1359850790329515,1.054310609119619,1.0359087263772246,0.7531340408183662,0.944653331268432,0.001992319895007838,1.0306965786897357,0.46430244616099764,0.4417566401617868,0.32819787093571257,0.480873031275613,0.45226849402700153,0.9262997167451041,0.7220917684691293,0.9568289773804801,0.9025772895131793,0.7519613334110805,0.942593685218266,0.0023137195301907404,1.0124701176370894
185,1.5625e-06,0.48324817293602523,0.45296676076558623,0.32034717542830504,0.4865970146443737,0.48532938021167316,1.0467275909906584,1.1431741802613926,1.0538235040722315,1.0364170010773093,0.7533870667170912,0.9443136063126442,0.0020280392730937283,1.0319385908129919,0.4643013094152723,0.44175523093768526,0.3281951972416469,0.4808720776012966,0.45226714440754484,0.9262971367154803,0.7220877919878278,0.9568270359720502,0.9025745051247733,0.7519467217581612,0.942593685218266,0.002313164861074516,1.0124750818525041
186,1.5625e-06,0.4837407962219559,0.45412006424172013,0.32427021335153017,0.4871343041006707,0.4856628583723059,1.0468243062335352,1.1410431319549157,1.0547564604188453,1.0357513825634783,0.7533499082873077,0.9445524798878064,0.0019761982340132504,1.0321080029750604,0.4643006409917559,0.4417570573943002,0.32820576429367065,0.48087236285209656,0.4522656926086971,0.9262959701674325,0.7220886605126517,0.9568246517862592,0.9025738068989345,0.7519613589559283,0.942593685218266,0.002313742580424462,1.012455701828003
187,1.5625e-06,0.4845610181190359,0.4557923175036682,0.3294135469458776,0.4881075859970488,0.4861860430633063,1.0462691629505518,1.1399725833842385,1.0538272103681734,1.035587460172543,0.7528208519919654,0.9441649814714822,0.0016281470029146942,1.0334902082464854,0.4642968646117619,0.44175355775015696,0.328205121415002,0.480867611510413,0.4522623334612165,0.9262937562806266,0.7220855184963771,0.9568226507731846,0.902571610042027,0.7519759706088475,0.9426083309309823,0.0023133988226098673,1.0124397788728987
188,1.5625e-06,0.4845934480959444,0.45523790218221516,0.3268750273274269,0.4876482156052566,0.48679593425792933,1.0472903914279186,1.14017063498304,1.0546197906675303,1.0368649871427822,0.7528827839842115,0.9443826147883374,0.0019435313604651465,1.0333202107172688,0.46429626430783955,0.4417581983975002,0.32823159439223154,0.4808674582413265,0.45226049423217773,0.9262945566858564,0.7220952936581203,0.9568228551319667,0.9025728957993644,0.7519906078066144,0.9426083309309823,0.002316449735579746,1.0123872756958008
189,1.5625e-06,0.4847129569366309,0.4554151558451439,0.3269195722298434,0.4881276780215715,0.4865579798584427,1.0471639298646436,1.1466782796209205,1.0544793490326476,1.0365317147677484,0.7530384950552897,0.9444852382571904,0.0018783485470666348,1.0336656951608365,0.46429609826632906,0.44175807918821064,0.3282300318990435,0.48086837359837126,0.45225956184523447,0.9262921725000653,0.7220916066850934,0.9568202325275966,0.9025703413145882,0.7519613589559283,0.9426083309309823,0.002316405697326575,1.0123912010874068
190,1.5625e-06,0.48289714702965436,0.4524632312932403,0.31917188021857484,0.4862664725834527,0.48498535891256006,1.0465729127879795,1.1384667017880608,1.0535167687272484,1.0365657144730245,0.7528120104647686,0.9443224597093034,0.0022284848426674234,1.031914986022665,0.46429342882973806,0.44175598451069426,0.32823016388075693,0.4808657850537981,0.45225676042693,0.9262883407729012,0.7220847095761981,0.9568168180329459,0.9025664499827794,0.751946713243212,0.9426229425839016,0.002316463738679886,1.0123889190810067
191,1.5625e-06,0.48377649925942684,0.45337679203754494,0.32056969838469207,0.48682436905097654,0.4861688620003249,1.0472413004892167,1.1398762564239666,1.0549524942733632,1.0364422319518252,0.7526952287215384,0.9441472839421345,0.0021353545661511064,1.0335455598923817,0.46429277317864553,0.44175212723868235,0.3282121845654079,0.4808659255504608,0.45225570457322256,0.9262829933847699,0.7220707535743713,0.956811921937125,0.9025610429900033,0.751946713243212,0.942593685218266,0.0023141511982040746,1.012428070817675
192,1.5625e-06,0.4841643965572392,0.4553601659766031,0.32866178315456535,0.48787088667259176,0.48564121218803313,1.0468023803770639,1.1448531366333856,1.0542788447654383,1.0360573747643123,0.7533180557002394,0.9442976882055008,0.0021304507280965786,1.0325989985041404,0.4642913980143411,0.4417503390993391,0.3282090127468109,0.4808645120688847,0.4522541676248823,0.9262799535478864,0.7220660533223834,0.9568081327847072,0.9025586843490601,0.751946713243212,0.942593685218266,0.0023136340148214784,1.0124286753790719
193,1.5625e-06,0.4841408216174847,0.45556457865836486,0.3304388986622007,0.48727644744333676,0.4861285353568973,1.0474110590851893,1.149052347869276,1.0546578042132753,1.0367763550360012,0.7531234267847768,0.9442198243388213,0.0021416333223066328,1.0328889173619888,0.46429048691477093,0.44174836363111225,0.3282011789934976,0.48086436305727276,0.4522531586033957,0.9262767519269671,0.7220600587981088,0.956805339881352,0.9025550314358303,0.7519613589559283,0.9425790395055499,0.002313265044774328,1.0124469229153223
194,1.5625e-06,0.48368273290247127,0.45474685388388536,0.3278972021933832,0.48699965302646964,0.4855586033026978,1.0474664297093588,1.1464643116841364,1.0544974306629467,1.0371353730470891,0.7529234815724657,0.9444374684636424,0.0016871208763046565,1.0321352212929558,0.464291444846562,0.4417525018964495,0.3282190774168287,0.480865478515625,0.4522531543459211,0.9262768541063581,0.7220650144985744,0.9568053569112506,0.9025556530271258,0.751961350440979,0.942593685218266,0.0023149447848222087,1.012418908732278
195,1.5625e-06,0.4836790763038722,0.4548951229145896,0.32911216143138716,0.4865977823959449,0.4859126357535575,1.047152713833792,1.1517245453625065,1.0545660389865725,1.0362536694253386,0.7529978002976934,0.9442764406453836,0.002028419994796876,1.03314151348324,0.4642925603049142,0.44175417934145245,0.32822172130857197,0.4808679861681802,0.45225280097552706,0.9262737376349313,0.7220612168312073,0.9568014996392387,0.9025528856686184,0.751961350440979,0.9425790395055499,0.0023153400314705713,1.0124247074127197
196,1.5625e-06,0.48427356531088633,0.45387212913614056,0.3207165425330706,0.4876454457906022,0.4863536381361231,1.0482248726305419,1.145997896171298,1.055679273714713,1.037511397681877,0.7532685179357843,0.9445223936311502,0.0020203491842753166,1.0322462305852804,0.46429263268198284,0.44175010919570923,0.3281987352030618,0.48086936133248465,0.4522522985935211,0.9262664914131165,0.7220420667103359,0.9567954880850655,0.9025452647890363,0.7519467047282627,0.9425790395055499,0.002311642448018704,1.0124815021242415
197,1.5625e-06,0.48406767233989073,0.45434561334811735,0.32475808372191334,0.4868014843735384,0.4866441581549029,1.0467812500962423,1.1440371281381434,1.0533786232382687,1.0369420103684541,0.7532932811406131,0.9445117781500654,0.001912967368751298,1.0324678646186463,0.464295357465744,0.4417557120323181,0.32821530529430937,0.4808734059333801,0.45225315008844647,0.9262655632836478,0.7220432502882821,0.9567945855004447,0.9025440556662423,0.7519467047282627,0.9425790395055499,0.002314101771584579,1.0124692491122655
198,1.5625e-06,0.4842562241549114,0.45473043920539613,0.3265838456424069,0.48641611221540443,0.48735202140442696,1.0467741803999404,1.1511532411791476,1.0535782455304348,1.0364906322743785,0.7533074444973077,0.944410925868776,0.002079033056481129,1.0329145084376987,0.4642956725188664,0.4417546774659838,0.3282072160925184,0.48087524090494427,0.4522520729473659,0.9262604202542987,0.7220326066017151,0.9567894424710955,0.9025392276900155,0.7519174218177795,0.9425790395055499,0.0023125208515141693,1.0124958412987846
199,1.5625e-06,0.48357642097403664,0.4537482509340265,0.32281749096839285,0.4871564381874,0.4853550970908184,1.0466051643369523,1.1411704305887094,1.053712942570657,1.0363453836680359,0.7532083662342395,0.9443242209252318,0.0019512234803005708,1.0328532333832074,0.46429565123149324,0.44175743205206736,0.3282207804066794,0.480875483580998,0.4522517578942435,0.9262608545167106,0.7220384478569031,0.9567897064345223,0.9025396278926304,0.7519320590155465,0.9425790395055499,0.002314045260261212,1.012470977646964
200,1.5625e-06,0.48362511595840785,0.4543144410517302,0.3254325022680722,0.48735458432373585,0.48516880034499726,1.0468575315609276,1.1392967935774176,1.0539114768930982,1.0367224408495574,0.7533021374644296,0.9446745685674149,0.001972376321443933,1.0314352194232292,0.4642984483923231,0.4417561377797808,0.3282004339354379,0.4808803115572248,0.45225297127451214,0.9262560435703823,0.7220254795891898,0.9567851594516209,0.9025343230792454,0.7519028101648603,0.9425497821399144,0.002310338563152722,1.012533860547202
201,1e-06,0.48428177589091237,0.45472007055444713,0.3254650634926072,0.4873490355430393,0.4865084296616103,1.0471860571481444,1.1445360661710975,1.054322915532688,1.0368042702103588,0.7529677205386833,0.9441950497470285,0.0017282830511561066,1.03412829465758,0.46429881879261564,0.4417518547603062,0.3281742674963815,0.4808821039540427,0.4522531586033957,0.926250730242048,0.7220093437603542,0.9567805102893284,0.9025286946977887,0.7518735357693264,0.9425204992294312,0.002306755233023848,1.012595432145255
202,1e-06,0.48379028673372715,0.4535811712339126,0.3210415843687248,0.48735591642160514,0.4856496490276767,1.047342955454967,1.1424437045279028,1.0547101611519787,1.036805387644657,0.7533410611952953,0.9444728512668764,0.0023866915933112324,1.0314274794078813,0.46429844413484844,0.4417497898851122,0.32816436886787415,0.48088234663009644,0.45225243057523457,0.926247068813869,0.7219992876052856,0.9567768233163017,0.9025242073195321,0.7518735357693264,0.9425058535167149,0.002304891822859645,1.012620406491416
203,1e-06,0.48326161130659656,0.4536553457242633,0.32470122862685646,0.48586255098058284,0.48594604470378566,1.0475869403937927,1.1478268281228465,1.0548937343869156,1.0369386623115457,0.752997801134024,0.9444675397306793,0.0020835428859051408,1.031545251559645,0.46429660064833506,0.4417453833988735,0.3281493144375937,0.48088036264692036,0.4522511533328465,0.92624374798366,0.721989461353847,0.9567740304129464,0.9025213888713292,0.7518588985715594,0.9424912078039986,0.0023033828141966035,1.0126470157078333
204,1e-06,0.48209473527706576,0.4508289308787293,0.3141171488804362,0.4853443069131195,0.48444444555497723,1.0468299740144387,1.1410700036459078,1.0538230159767756,1.036695399801601,0.7527146903618053,0.9444321537429554,0.0021062177182075955,1.0311877118917137,0.46429615787097384,0.4417453110218048,0.32815122604370117,0.48087991561208454,0.4522503444126674,0.9262429901531765,0.7219895039285932,0.9567732385226658,0.9025210056986127,0.7518588985715594,0.9424912078039986,0.002303530229255557,1.0126452956880843
205,1e-06,0.48465687749003694,0.4543712083159816,0.32310960192938976,0.4866986013044233,0.4879999036764494,1.0470815645123712,1.1437789445559012,1.05379899672026,1.037140756765058,0.7521484894361357,0.9440694321057505,0.001664133242362104,1.0349233050765827,0.46429685609681265,0.4417495472090585,0.32816968645368305,0.480881005525589,0.45225036570004057,0.9262429390634809,0.7219932845660618,0.9567727702004569,0.9025211674826485,0.7518588985715594,0.9424912078039986,0.002305593142019851,1.012617255960192
206,1e-06,0.4834520233301491,0.45349013728189647,0.3220535776644736,0.4869711373666783,0.485312816006907,1.0463098930270365,1.146553845258899,1.0528182281523992,1.036460223419243,0.7532826707418455,0.9442923746428101,0.0017868699015887667,1.0313355258137744,0.4642955447946276,0.4417459283556257,0.3281563477856772,0.48088005610874723,0.45224873082978384,0.9262393372399467,0.7219846163477216,0.9567701050213405,0.9025174464498248,0.7518588985715594,0.9424912078039986,0.002304668438487819,1.0126445634024483
207,1e-06,0.4838982271749267,0.4532714920049092,0.31926182296812633,0.4871688355514312,0.48611565588039124,1.0474466597204009,1.1372481387689573,1.054747796451087,1.0371522915665679,0.7529747964109657,0.9445312439398191,0.0019599330142598763,1.0328866103759535,0.4642959577696664,0.4417486786842346,0.3281678557395935,0.48088120988437105,0.4522483689444406,0.9262396352631705,0.7219886864934649,0.956769619669233,0.90251795734678,0.7518588985715594,0.9424912078039986,0.0023063565271773507,1.0126237613814217
208,1e-06,0.484417629994641,0.45389063935375057,0.32018887493266845,0.48779982666163846,0.48650982969526463,1.047755379131274,1.1382477721586397,1.0549341493597304,1.0375603133128002,0.7528544765707614,0.9440800504818261,0.0018156368920707214,1.0338981338790219,0.4642948295388903,0.4417479762009212,0.3281689626829965,0.48087979214532034,0.4522475685392107,0.9262380259377616,0.7219863363674709,0.956768410546439,0.9025160329682487,0.7518588985715594,0.9424912078039986,0.0023069428612611125,1.01262309721538
209,1e-06,0.48322450357131935,0.45400337412495,0.3252659789530316,0.48717929089127265,0.4845351081922514,1.04624631520033,1.1481712083204076,1.0538968802206077,1.0351981219252058,0.7524829128916947,0.9445383202945999,0.0018659043829451847,1.032887248367602,0.4642940674509321,0.4417473077774048,0.32816905634743826,0.480879225901195,0.4522462657519749,0.9262357609612601,0.7219827004841396,0.9567664691380092,0.9025141426495144,0.7518588985715594,0.9424912078039986,0.002307513529168708,1.0126256261553084
210,1e-06,0.4842033168141159,0.4540183971330918,0.321819669963602,0.4875431692220685,0.4862762591160765,1.0471273945655555,1.1414793239563654,1.0544866840066103,1.0366230429151673,0.7529588730928387,0.9442569904242473,0.001875650311751855,1.0332043676587355,0.4642927987234933,0.44174829551151823,0.32818024924823214,0.48087758251598905,0.4522448309830257,0.9262357354164124,0.7219859617097037,0.956766060420445,0.9025140064103263,0.7518588985715594,0.9424912078039986,0.0023108216534767833,1.0125980462346758
211,1e-06,0.48481345282846444,0.456711860328382,0.33347641673849776,0.4880755346527758,0.48659600535406655,1.0474348183393607,1.1446015589699126,1.0543164892963506,1.0373144238559993,0.7530862703493204,0.9444799331864729,0.002007300186453963,1.0325615968951263,0.46429045285497395,0.44174505131585257,0.32817250064441134,0.48087552189826965,0.4522426128387451,0.9262320484433856,0.7219781449862889,0.9567628247397286,0.902509868144989,0.7518588985715594,0.9424912078039986,0.002310684183612466,1.0126051562173026
212,1e-06,0.48298804877708873,0.4528094032488832,0.3204681026536712,0.4864887169613043,0.48490473713285526,1.0467030731845532,1.1383418198604554,1.0544618952293623,1.035889600073397,0.7530951052180381,0.9445507044864229,0.0017055495477774564,1.0322634659132568,0.4642900398799351,0.44174472774778095,0.32817201954977854,0.48087588804108755,0.4522412930216108,0.9262300389153617,0.7219751392092023,0.9567614964076451,0.9025081055504935,0.7518296156610761,0.9424912078039986,0.0023122423195413183,1.0126085196222578
213,1e-06,0.4845266781558363,0.4544558153722457,0.32327861568442695,0.48735790177415783,0.4870704383188753,1.0472788094702246,1.1458746578908263,1.0541635821847355,1.0371075227205264,0.7535958505937749,0.9445701732355005,0.002283192084648853,1.0324721324784782,0.464290052652359,0.44174547706331524,0.32817446334021433,0.48087648834500996,0.4522410588605063,0.9262283870152065,0.7219722867012024,0.9567590951919556,0.9025063599858966,0.7518296156610761,0.9424912078039986,0.0023125819861888885,1.0126039130347115
214,1e-06,0.482850750523262,0.45251712716082526,0.31893203846197543,0.48690533184451923,0.48426014960166,1.0475547406329893,1.1444620625495396,1.0548706533969316,1.0370087718165892,0.752534212772742,0.9443313023301633,0.0019369737784937628,1.0313162267754932,0.4642897461141859,0.4417446085384914,0.32817104884556364,0.4808766671589443,0.4522401860782078,0.9262262582778931,0.7219684294291905,0.9567571537835258,0.9025037969861712,0.7518296156610761,0.9424912078039986,0.0023129349907061885,1.0126155018806458
215,1e-06,0.4846972026859691,0.4546014503633661,0.3232924652562808,0.4875529316941018,0.48722163645306343,1.0480377569239783,1.1448354434143577,1.0553797492129187,1.0374693083750255,0.7524492817509194,0.9443525219053689,0.0017045425121611888,1.0342208199802116,0.4642895247255053,0.44174433606011526,0.32817002279417856,0.48087688854762484,0.45223960280418396,0.9262246830122811,0.7219646487917218,0.9567557913916451,0.9025021961757115,0.7518442613737923,0.9424765961510795,0.0023123127674417837,1.0126180137906755
216,1e-06,0.4843544063861474,0.45370406608805425,0.3206071746683867,0.48666256202984937,0.4875044815455394,1.0465778232071121,1.1468377191185373,1.0533064145110327,1.0365071817790246,0.7524776012911645,0.9443578374945532,0.0020399563467100915,1.0335582809324722,0.4642900824546814,0.4417442125933511,0.3281677109854562,0.4808777698448726,0.4522392749786377,0.926222426550729,0.721960689340319,0.9567537988935199,0.9024997779301235,0.7518149784633091,0.9424765961510795,0.0023123692787651506,1.0126293982778276
217,1e-06,0.4837233573761233,0.45391478660102796,0.3237364060706341,0.48666794233816224,0.4861117415793574,1.0477269603571762,1.1425300503317497,1.0548629179814024,1.0374309832639328,0.7523448840708458,0.944364922051808,0.0018612017519058358,1.0328507097231912,0.46428980997630526,0.4417439784322466,0.3281659781932831,0.4808781785624368,0.4522389386381422,0.9262209960392543,0.721958475453513,0.9567526749202183,0.9024982367243085,0.7518003327505929,0.9424619589533124,0.0023120196669229437,1.012636125087738
218,1e-06,0.48269834940779616,0.45167965652231135,0.31624230094298245,0.4857380147309671,0.48520726607222847,1.0470580359246366,1.1433791432969969,1.0539690474851415,1.0369365205651544,0.7526032172276146,0.9444020818647538,0.0018594955658078741,1.0320881223009524,0.4642913852419172,0.44174609013966154,0.32816933734076364,0.4808808011668069,0.4522393729005541,0.9262197443417141,0.7219565340450832,0.9567509038107735,0.9024972915649414,0.7517856955528259,0.9424619589533124,0.002312330894970468,1.0126408083098275
219,1e-06,0.48436323343838994,0.4539905638226418,0.32136984036796107,0.48734345327694867,0.48681619409542115,1.0471875487760924,1.1450870985670856,1.0543558665114483,1.0367559335454373,0.7529128702408677,0.9445772483036188,0.002158106256580946,1.0334489315313966,0.46429105741637094,0.4417454387460436,0.32816656146730694,0.48088087354387554,0.45223894715309143,0.926217896597726,0.7219516720090594,0.9567494903291974,0.9024947200502668,0.7518003327505929,0.9424473217555455,0.002312248772276299,1.0126505068370275
220,1e-06,0.4839913377360402,0.4544079763723333,0.3250992385940943,0.4870221838395273,0.4862567642477481,1.0469051566049337,1.1410126646852983,1.0545004480154014,1.036172897572525,0.7521042559060674,0.9439933459886138,0.0020385675166954206,1.0340804010227571,0.4642901463168008,0.44174365060670034,0.328160754271916,0.4808806138379233,0.4522372909954616,0.926215478352138,0.7219469206673759,0.9567475829805646,0.9024924891335624,0.7517857210976737,0.9424326760428292,0.002311734848522714,1.0126611760684423
221,1e-06,0.483627823064344,0.4530636627997055,0.31920793972591804,0.4870058382387362,0.4857305027765644,1.0463825513141836,1.1389036280878544,1.0532699697929913,1.036411183947045,0.752780161962854,0.944299454761079,0.0018959581238532784,1.0333237065795429,0.46429135118212017,0.44174879789352417,0.328182578086853,0.48088235940252033,0.4522369887147631,0.9262163213321141,0.7219540817396981,0.9567481534821647,0.9024933321135384,0.7518003582954407,0.9424473217555455,0.0023150900711438487,1.0126265968595232
222,1e-06,0.48533741292667854,0.4555846753148729,0.3259248984258881,0.48801570368404973,0.4879727684126245,1.047142053930681,1.1375183831403788,1.0540671514551252,1.0372044330214527,0.7533693638802604,0.9442605265912274,0.0019302244161954777,1.0348930721403906,0.4642898951257978,0.44174665212631226,0.3281769369329725,0.4808808309691293,0.45223609464509146,0.926213766847338,0.7219494581222534,0.9567461609840393,0.9024905136653355,0.7518003582954407,0.9424326760428292,0.0023146775285048144,1.0126376577786036
223,1e-06,0.4827415551517824,0.4526199988590597,0.320536967441319,0.4862279595552878,0.48466205518115746,1.046916662392202,1.142164417363088,1.0541186668521574,1.0365398747819343,0.7531481993822426,0.9445170920022552,0.0019012935747605077,1.032158188767132,0.46429002710751127,0.4417516418865749,0.32820298416273935,0.4808809629508427,0.4522352048328945,0.9262164149965558,0.7219624434198652,0.9567478384290423,0.9024937323161534,0.7518296156610761,0.9424619334084647,0.002317646984010935,1.0125844052859716
224,1e-06,0.48475227541558114,0.45453105817855016,0.32230562062132895,0.48797047580504377,0.48694896821839323,1.0467698220555615,1.142044461841398,1.0545081532265261,1.0358556973503141,0.7523130357297639,0.9442233671321139,0.0017817950302019265,1.0344230552911116,0.46429025701114107,0.44175291061401367,0.32820779510906767,0.4808817633560726,0.45223490255219595,0.926214975970132,0.721960893699101,0.9567457522664752,0.9024922677448818,0.7518442528588432,0.9424619334084647,0.002317484035821898,1.0125793644360133
225,1e-06,0.4835626417665435,0.4531788450444124,0.31990627287467366,0.48711713918530486,0.48546338481833595,1.0471338255625446,1.1392877973612103,1.0546150991097052,1.0365808196667394,0.7527359304271127,0.94429415438668,0.0018163121356168954,1.0327765598724292,0.46428945660591125,0.44174998147147043,0.32819586992263794,0.4808814397880009,0.45223353590284077,0.9262113315718514,0.721952131816319,0.9567428231239319,0.9024881890841893,0.7518442528588432,0.9424326760428292,0.0023161619236426695,1.0126079150608607
226,1e-06,0.4839410930630714,0.4534831198562626,0.32024765185935394,0.48715971518836665,0.4861790699631989,1.046749024023189,1.1370443906966763,1.0543736481563633,1.0361146199915516,0.7532402023520266,0.9444233098354329,0.0020046279893452235,1.0322105336433736,0.4642892139298575,0.44174717153821674,0.32818048766681124,0.4808822103909084,0.452233225107193,0.9262081044060844,0.7219440255846296,0.9567402941840035,0.9024849363735744,0.7518296071461269,0.9424326760428292,0.0023145449480840136,1.0126406294958932
227,1e-06,0.4830126301764927,0.45347100431958987,0.32321485669562705,0.4871123410274837,0.4842395161656,1.0471387619079284,1.1424623217636742,1.0549057989717494,1.0361944395853775,0.7532348978603073,0.9443206785179381,0.001811125991726269,1.0315954754047632,0.4642888137272426,0.4417461284569332,0.3281760173184531,0.480882282767977,0.4522325609411512,0.9262059841837201,0.7219402108873639,0.95673839535032,0.9024825351578849,0.7518149954932076,0.9424326760428292,0.002314551766695721,1.0126527292387826
228,1e-06,0.4826693154642277,0.45222492315803936,0.3190627716807372,0.48587351291165504,0.48491868047024583,1.0472571051448858,1.1359930275198067,1.0548554442087124,1.0367009771622906,0.7525059146875956,0.944382612086346,0.0016461036560571458,1.0317377542973336,0.46428948640823364,0.44174839769090923,0.32818447266306194,0.48088335139410837,0.4522327014378139,0.9262055584362575,0.7219416328838894,0.9567378418786185,0.9024820923805237,0.7518149954932076,0.9424326760428292,0.002316189098304936,1.0126422899109977
229,1e-06,0.48259140339595075,0.45190238756420675,0.3181986968001352,0.4853195142598005,0.48534295282940315,1.0465342543991076,1.1442879980728553,1.0536470611032382,1.0361631237939442,0.7528969437704174,0.944379073925039,0.001810873945203951,1.031974787076486,0.4642894906657083,0.44175010919570923,0.32819377950259615,0.48088347911834717,0.45223200746944975,0.9262053796223232,0.7219434891428266,0.9567379781178066,0.9024819816861834,0.7518442528588432,0.9424473217555455,0.002317898308059999,1.0126251918928963
230,1e-06,0.48452577195936963,0.4544165668394909,0.323120363856803,0.48731476197162965,0.4871170114518756,1.0466224016914223,1.1375766087401833,1.0539073404336838,1.0363055729441428,0.7530668075510571,0.9440853526897194,0.002001410432127734,1.033885731866922,0.4642883283751352,0.4417432802064078,0.3281617420060294,0.4808835174356188,0.4522306280476706,0.9261992488588605,0.7219255566596985,0.9567316855703082,0.902475220816476,0.7518296071461269,0.9424180388450623,0.0023131772010986295,1.0126881854874747
231,1e-06,0.4834360582919875,0.45331902749719843,0.3221069053901059,0.4861134857470064,0.4861363424716997,1.0458717591943962,1.1431348226678995,1.0527383483427637,1.035763017049173,0.7521201750103744,0.9441862120476531,0.001834579115066048,1.0349288738809659,0.46429004413740976,0.4417468181678227,0.32817210044179645,0.48088611023766653,0.45223113894462585,0.9262000407491412,0.7219304697854179,0.9567323837961469,0.9024761148861477,0.7518442528588432,0.9424180388450623,0.002313692189220871,1.0126767669405257
232,1e-06,0.4836897613290703,0.4543974725574786,0.32667746679948845,0.48639014223364324,0.4862230119033562,1.0470275336577965,1.1454323328191116,1.053930733375014,1.036844277343297,0.7525465994092239,0.9442481388932489,0.0018380309615426943,1.0331720443139898,0.46428888184683664,0.4417426756450108,0.32815500242369516,0.48088525448526653,0.4522301341806139,0.9261961238724845,0.7219182252883911,0.9567298804010663,0.9024710484913417,0.7518442528588432,0.9424034016472953,0.0023113927870456663,1.012712333883558
233,1e-06,0.48286525230438593,0.4526664762643628,0.31962086873895984,0.48695342227438626,0.4842186036845895,1.0464554839177962,1.1369414003359841,1.05391220015831,1.0359828255978134,0.7523059677061235,0.9443649203791467,0.0016624615336700479,1.032500758340921,0.4642897716590336,0.44174465111323763,0.32816016248294283,0.4808868680681501,0.45223056844302584,0.9261950424739293,0.7219173227037702,0.9567290629659381,0.9024701288768223,0.7518442528588432,0.9424034016472953,0.0023118830285966396,1.0127085447311401
234,1e-06,0.4835477909299405,0.4534619254996438,0.32228337473568247,0.48631941780037835,0.48615176609832406,1.0463217057476673,1.1414372882390111,1.0530262897288678,1.0364465096546263,0.7528916230667493,0.9445029302217223,0.0019113478377457414,1.0323502830859461,0.46429069127355305,0.44174451913152424,0.3281549002443041,0.48088878818920683,0.4522304194314139,0.9261924028396606,0.7219114303588867,0.9567262019429889,0.9024678128106254,0.7518442528588432,0.9424034016472953,0.002310518441455705,1.0127261791910445
235,1e-06,0.48321719195028284,0.4524392788145134,0.3171257817674442,0.4871144963320821,0.484856236997451,1.046719446159091,1.1457795507510289,1.0542532013225607,1.035883764447358,0.7528049320513277,0.9441295900154423,0.0018697061168338502,1.0332038833911008,0.46429293496268137,0.44174855947494507,0.3281653566019876,0.48089201535497395,0.4522315732070378,0.9261922751154218,0.7219132355281285,0.9567260060991559,0.9024676936013358,0.7518442613737923,0.9424034016472953,0.0023108683859131168,1.012717868600573
236,1e-06,0.48284109370231115,0.45271811662849964,0.3210725514424278,0.48590624679826877,0.48516824206209674,1.0474440641681118,1.1457391370648766,1.0549064578716651,1.0367050376764453,0.7524882168365824,0.9442835327939477,0.0021561949568636276,1.0331194323587598,0.4642936033861978,0.44175257427351816,0.32818350195884705,0.48089313932827543,0.4522309729031154,0.9261935438428607,0.7219198090689523,0.9567270534379142,0.902468911239079,0.7518442613737923,0.9424034016472953,0.0023135620368910687,1.0126852818897791
237,1e-06,0.48300295868758825,0.4526263478956413,0.3193404366052672,0.48659927569655426,0.48486199899422305,1.0468482400556545,1.14324650453093,1.0547018854668253,1.035781532123934,0.7528757081440958,0.9445577872101835,0.0022781119601227064,1.0316991874223391,0.46429318615368437,0.44175282546452116,0.32818532415798735,0.48089347992624554,0.4522300660610199,0.9261921048164368,0.721917382308415,0.9567254441125053,0.9024672167641776,0.7518296241760254,0.9424034016472953,0.00231467979028821,1.0126840557370866
238,1e-06,0.4827386658061728,0.45328906014424947,0.32388022406900246,0.48640607973722527,0.48436658081980055,1.0458246073848931,1.1365313454055168,1.0535926405185632,1.0350329747923117,0.7528120098214374,0.9441844360351048,0.0015481688610956082,1.0329789185099387,0.46429373962538584,0.4417518036706107,0.32817804387637545,0.4808943782533918,0.4522299809115274,0.9261899590492249,0.7219108598572868,0.95672436271395,0.9024649858474731,0.7518149869782584,0.9424034016472953,0.002313927714047687,1.0127038955688477
239,1e-06,0.48349587509134173,0.45346022797351393,0.3229181790313268,0.4858664424916055,0.48647787261511016,1.0466519627645732,1.1438956433415606,1.0540968509731714,1.0359657989986768,0.7528084745872876,0.9441932868906053,0.001872685874552962,1.033493547714921,0.4642935224941799,0.44175481370517183,0.3281945160457066,0.4808942803314754,0.4522291932787214,0.9261914236204964,0.7219183189528329,0.956724728856768,0.9024669442858014,0.7518149869782584,0.9424326590129307,0.0023158504960260223,1.012668592589242
240,1e-06,0.4823402520037958,0.45240909832590537,0.3216210956098708,0.4853676605790741,0.48467014294923866,1.0471991849022817,1.1422037624116208,1.053923425260133,1.037308173056107,0.7519166983595682,0.9441419810265769,0.0016104850103335804,1.0332043836133518,0.46429525102887836,0.44176317964281353,0.3282290484224047,0.48089705194745747,0.45222937635013033,0.9261940121650696,0.7219323004995074,0.956726780959538,0.9024701033319745,0.7518296241760254,0.9424619419234139,0.002319991056408201,1.0126072423798698
241,1e-06,0.4837904096421717,0.4546594258842118,0.32669139207535286,0.4873794790415653,0.48543796215067664,1.0470113428746823,1.1371408398577283,1.05470203890134,1.0363160897382067,0.7529305625270653,0.9444445443359247,0.0020912763938062493,1.0323193777077144,0.46429557885442463,0.4417644611426762,0.3282352217606136,0.4808975202696664,0.4522288271359035,0.9261925731386457,0.7219303846359253,0.9567252652985709,0.9024689708437238,0.7518149869782584,0.9424472962106977,0.0023210174071469475,1.0126062035560608
242,1e-06,0.48445269750120573,0.45473407479922834,0.32392964116058925,0.48835636864336385,0.4858998536291601,1.0473175561884835,1.1418592224748985,1.0549584428683785,1.0365249363396918,0.7529694843601036,0.9446214834741817,0.0020373070810795085,1.0327838713647994,0.46429428458213806,0.44176309023584637,0.3282328758920942,0.48089632391929626,0.4522278223718916,0.9261899420193264,0.7219257780483791,0.9567230854715619,0.9024660417011806,0.7518295986311776,0.9424326590129307,0.0023220456537923644,1.0126124790736608
243,1e-06,0.48491380212117835,0.45476974851687535,0.32245204545842976,0.4885320998306089,0.4867109191205395,1.0466513217492677,1.141134795792606,1.053982070762276,1.0361713612330519,0.7529694888955892,0.9442003725736899,0.00188959553760878,1.0340334372589925,0.46429306268692017,0.44175855602536884,0.3282134234905243,0.4808957704475948,0.45222656215940205,0.9261849096843174,0.721912716116224,0.9567186236381531,0.9024604558944702,0.7518149869782584,0.9424034101622445,0.002320588433316776,1.012650762285505
244,1e-06,0.4820310967038016,0.45267270174916857,0.3244224341573165,0.48496755957603455,0.4843481016107591,1.0457678596457467,1.1425158897413799,1.052742181632304,1.035568575503951,0.7526032273600826,0.9446798672048196,0.0016570909152835752,1.0320245616833583,0.46429357784135,0.44175899028778076,0.3282141387462616,0.4808963452066694,0.4522265749318259,0.9261832407542637,0.7219103830201286,0.9567167929240635,0.9024583697319031,0.7518003412655422,0.9424034101622445,0.0023214566255254404,1.0126540235110693
245,1e-06,0.4844735860824585,0.4555207406322955,0.3281200016374789,0.4882452136365002,0.48591373858423537,1.0468118213281976,1.139045844577289,1.0545645968308013,1.0359848332417958,0.752916402773026,0.9443259982244426,0.0017060814834970336,1.034142025727809,0.46429341605731417,0.44176002059664043,0.3282186346394675,0.48089708600725445,0.45222582135881695,0.9261820060866219,0.7219114218439374,0.9567154049873352,0.9024573905127389,0.7518003412655422,0.9424180218151638,0.0023226673448724405,1.0126484206744604
246,1e-06,0.483893545829986,0.4543678692013781,0.3253937990550923,0.48683972224890704,0.48623079909097167,1.047154647784174,1.1418530854159796,1.054427726167122,1.0367250098322638,0.7531216509008948,0.9443543114922076,0.0019548338687392147,1.0329260437538736,0.4642947316169739,0.441762592111315,0.3282263491834913,0.4808992658342634,0.4522256212575095,0.926180728844234,0.7219113707542419,0.9567137616021293,0.9024561899048942,0.7518003412655422,0.9424180218151638,0.002323756825977138,1.0126426390239172
247,1e-06,0.48204861696321,0.45147535248312254,0.31904699174507334,0.48403381659607597,0.4854967999767112,1.04598299210868,1.1400077031936378,1.053345976426546,1.0354860705166202,0.7532331176982721,0.9446462514074957,0.001679836266512766,1.0312913184029568,0.464294182402747,0.4417584368160793,0.3282058366707393,0.48089961068970816,0.45222483362470356,0.9261763777051654,0.7218991603170123,0.9567113092967442,0.9024509106363569,0.7517857040677752,0.9423887644495282,0.0023224220744201113,1.0126898884773254
248,1e-06,0.4828087721749762,0.4522944597122287,0.3181767704611653,0.4866376695475962,0.4844675406982496,1.04684166537062,1.1363487407058495,1.0540847905378243,1.0366148650163711,0.7525625254936753,0.9445170806152912,0.0024014884743968168,1.0324350075019222,0.46429253476006643,0.44175528628485544,0.328196325472423,0.4808977501732962,0.4522237777709961,0.9261733548981803,0.7218914883477348,0.9567077245031085,0.9024475812911987,0.7517564467021397,0.9423887644495282,0.0023222316189536025,1.0127089960234505
249,1e-06,0.48358617273460386,0.4530611223487422,0.31937926920825443,0.486957608977975,0.4856881764986292,1.0468393649787306,1.1449989134468905,1.054030820799723,1.036375731567531,0.7524032724013022,0.9440959712266279,0.002048114536071766,1.0335192499582793,0.46429344160216196,0.44175795146397184,0.3282059558800289,0.4808991125651768,0.4522239863872528,0.926172844001225,0.7218927826200213,0.9567074775695801,0.9024473854473659,0.7517710838999067,0.9423741187368121,0.002323832196582641,1.012699442250388
250,1e-06,0.48141533200700926,0.45059892240885585,0.315529832149028,0.4849245790140859,0.48343553709713627,1.0474681350519641,1.1390119477728542,1.0545098272067306,1.0373748924947082,0.752596148174644,0.944350768119917,0.0020473619713912896,1.0310989590638147,0.46429653252874103,0.4417675478117807,0.32824178678648813,0.4809031869683947,0.4522252678871155,0.9261767864227295,0.7219078711100987,0.9567105259214129,0.9024519750050136,0.7517856955528259,0.9423887644495282,0.0023282988196504967,1.0126401100839888
251,1e-06,0.4855359069926637,0.4559137667119664,0.32685389074195864,0.4881731499161388,0.4881880267915762,1.0467133864285942,1.144793003041617,1.0537302871041212,1.036426910309295,0.7526315386656871,0.9440729718110527,0.0018094553440282522,1.0354826503744399,0.46429584281785147,0.44177019596099854,0.32825941273144316,0.48090231844357084,0.4522237607410976,0.9261779274259295,0.7219144446509225,0.9567110112735203,0.9024533884865897,0.7518296156610761,0.9423887644495282,0.0023313255182334353,1.0126004900251115
252,1e-06,0.48324340762026685,0.45313511165617865,0.32062374750987555,0.48719047779529984,0.4847170600714841,1.047419085672464,1.1389946539338962,1.054747850780415,1.0370376799728056,0.7531128080870355,0.9447701075111796,0.0019342106743690574,1.0318940854111172,0.46429729887417387,0.4417718734060015,0.32826013224465506,0.48090523907116484,0.45222407579421997,0.926176130771637,0.7219111238207135,0.9567098362105233,0.9024511320250375,0.75181496994836,0.9423887644495282,0.0023320916308356182,1.012607020991189
253,1e-06,0.48415434860694234,0.45460414132168664,0.32568227681866607,0.48695186965863124,0.4866391505284111,1.046922697997775,1.144955813305737,1.0536967994905586,1.0368808185610332,0.75275716216128,0.9444551555388564,0.0016462657154832764,1.0328473850513753,0.4642977842262813,0.4417707494327,0.32825144699641634,0.48090651631355286,0.45222397787230356,0.9261728610311236,0.721903281552451,0.9567071454865592,0.9024480410984584,0.7518003327505929,0.9423887644495282,0.0023305197578987907,1.0126323444502694
254,1e-06,0.48290362901064876,0.4517593236466195,0.31607938477848907,0.4856650962967263,0.48570297105982696,1.0470315642892125,1.135814156682827,1.054482300443644,1.0366214583901798,0.7532189729016855,0.9445843253982306,0.002191446613996851,1.0320722692667699,0.46429559162684847,0.4417630561760494,0.3282195585114615,0.480905009167535,0.4522220918110439,0.9261677520615714,0.7218871201787677,0.9567021386963981,0.9024425659860883,0.7517564381871905,0.9424034101622445,0.0023277754828866038,1.0126882110323225
255,1e-06,0.4817576935917895,0.45110532591552654,0.3168627658504058,0.4851458917356348,0.48386605485220313,1.0465910755745218,1.1425098675492642,1.0540364381112861,1.0359484593545303,0.7532968302063857,0.9446090887960588,0.0018661526123894085,1.0307246326949875,0.4642934117998396,0.4417583644390106,0.32820433378219604,0.4809028080531529,0.4522203207015991,0.9261639799390521,0.7218777111598423,0.9566994224275861,0.9024383085114616,0.7517564381871905,0.9424034101622445,0.002326889894902706,1.0127138495445251
256,1e-06,0.4824923545492062,0.45159311122142876,0.3165421203719688,0.4856488573602645,0.4848675033207269,1.0468726630347263,1.1429494748035767,1.0544032177858202,1.036139076423851,0.7532879726924062,0.9446604140886923,0.0018720117285651648,1.0311855403590833,0.4642916406903948,0.4417546902384077,0.3281932515757425,0.4809006324836186,0.45221905197416035,0.9261608804975238,0.7218699114663261,0.956696595464434,0.9024349451065063,0.7517418009894234,0.9424034101622445,0.002326015748881868,1.0127325568880354
257,1e-06,0.48332015081990815,0.45347151160240173,0.32301233577779737,0.4863693764000021,0.4856144971321289,1.0467534332229071,1.142011475125584,1.0539636830671117,1.0363679577129568,0.752495299270844,0.9441862130769831,0.0016612309414171652,1.0329313864273055,0.46429150445120676,0.4417532171521868,0.32818497930254253,0.48090135625430513,0.45221850275993347,0.9261583685874939,0.7218653048787799,0.9566939132554191,0.9024321266583034,0.7517271552767072,0.9424034101622445,0.002324119077197143,1.012751247201647
258,1e-06,0.4844006192857873,0.453885484147059,0.320568958827115,0.48746503843723343,0.4867972156773756,1.046616341253261,1.136481076012543,1.0540611970379619,1.0361761209196614,0.7526049855201874,0.9441525871150248,0.001763365730915683,1.0345100131603555,0.4642921132700784,0.4417565337249211,0.32819972719464985,0.48090239082063946,0.45221791522843496,0.926158240863255,0.7218692132404873,0.9566934193883624,0.9024324417114258,0.7517271552767072,0.9424034101622445,0.002324992424941489,1.0127295000212533
259,1e-06,0.4839766522516641,0.45472920600363065,0.3260585819619833,0.48776159801807395,0.4854555893317468,1.046239821446373,1.1460163667918666,1.0533803041986176,1.03577352116961,0.7532738264483242,0.9446108624926144,0.002034125980783879,1.0325079041433154,0.46429172583988737,0.4417533704212734,0.32818364245550974,0.48090286765779766,0.45221734046936035,0.9261542984417507,0.7218585354941232,0.9566899878638131,0.9024277925491333,0.751712509563991,0.9424034101622445,0.0023237017448991537,1.012765313897814
260,1e-06,0.48262708031417095,0.4530500483654411,0.3227231918607476,0.4866505858065692,0.4839336736679592,1.0466020511281342,1.1398991008610322,1.054349660873413,1.0357447783495373,0.7520494007511005,0.9444073909241254,0.0017938022147903055,1.0327233793409978,0.4642900398799351,0.4417513183185032,0.3281796191419874,0.48090129664966036,0.45221583758081707,0.9261519994054522,0.7218550528798785,0.9566881060600281,0.902425502027784,0.751712509563991,0.9424034101622445,0.002324748119073255,1.0127683452197485
261,1e-06,0.48423973406191073,0.45523514375452473,0.32851988514628977,0.4871507118150986,0.4865193315859556,1.046421302439262,1.1398502448025871,1.0543123585947514,1.0354158521277546,0.7533021345051056,0.9442499109493097,0.0017117033524089932,1.0326306638496345,0.46428866045815603,0.44175090960093905,0.32818345938410076,0.48089968306677683,0.4522144964763096,0.9261499558176313,0.7218541843550546,0.9566865052495684,0.9024236372538975,0.751712509563991,0.9424034101622445,0.002327101138819541,1.0127597621509008
262,1e-06,0.4832841895492541,0.4533231765015731,0.32145100365570284,0.48722074701537715,0.48474196640144346,1.0463907862764659,1.142525097259752,1.053720753770613,1.035856359788552,0.7527023037896565,0.9446303354555121,0.0017213114880073636,1.0329389818539443,0.4642878387655531,0.44174948760441374,0.3281788442816053,0.48089961068970816,0.4522129680429186,0.9261474098478045,0.7218498587608337,0.9566844872065953,0.9024212190083095,0.751712509563991,0.9424034101622445,0.002327600194673453,1.0127689582960946
263,1e-06,0.4840119608466328,0.4527903226537442,0.316111889743702,0.4874088734758267,0.48621167084106676,1.0473842996233422,1.1417588060505637,1.0551438672569593,1.0364790617036486,0.7524740517107268,0.9443543076322198,0.0020047702949194572,1.0336333986108392,0.4642879920346396,0.44174627321107046,0.3281599964414324,0.4809008538722992,0.4522128020014082,0.9261433567319598,0.721838755267007,0.956680919442858,0.9024162633078439,0.751712509563991,0.9424034101622445,0.002325245245758976,1.0128149815968104
264,1e-06,0.484120701350718,0.45407200400017433,0.3220367807104854,0.4878569344572293,0.48578724967938014,1.0462837970970904,1.1396083209042414,1.0535775978888169,1.0358793829108854,0.7520423232061568,0.9442251347813552,0.0019139466079477678,1.0358251137020649,0.46428798351969036,0.4417455153805869,0.3281558837209429,0.4809011433805738,0.45221252952303204,0.9261415260178703,0.721835059779031,0.956679471901485,0.9024139983313424,0.751727146761758,0.9424034101622445,0.0023245647815721376,1.0128273963928223
265,1e-06,0.4829244166210543,0.4527511938931938,0.320597849171096,0.48626856463250123,0.48499110247789046,1.0473701041322494,1.140827835249502,1.0538287761400535,1.0377961839461287,0.7532048136301447,0.9444622370724541,0.0021401258875076603,1.031409457221394,0.4642882985728128,0.44174715876579285,0.3281614865575518,0.4809025909219469,0.4522118355546679,0.9261412450245449,0.7218372992106846,0.9566786544663566,0.9024139983313424,0.7517417924744743,0.9424034101622445,0.0023251689438308987,1.0128188984734672
266,1e-06,0.4824974626801301,0.4519333851961464,0.3184870636212266,0.4854871308037994,0.484974682717084,1.0479128634807424,1.1416389682263346,1.0543321835563688,1.0383691933755932,0.7524882136199259,0.9442959160851069,0.0017833362456111572,1.032053408530102,0.46428559507642475,0.44174187098230633,0.32814582330839975,0.48089973841394695,0.4522094428539276,0.9261375750814166,0.7218285884175982,0.9566755890846252,0.902410226208823,0.7517271552767072,0.9423887644495282,0.0023233560911778894,1.0128418377467565
267,1e-06,0.4840508536654296,0.45393142607555603,0.32184840075337945,0.48754596189106725,0.4859625325451268,1.0467586270938096,1.1420822172504597,1.0536477391744266,1.036692085583919,0.7530225723483276,0.9440818202218942,0.001979710890057598,1.033301598821147,0.4642854120050158,0.44174117701394217,0.3281424982207162,0.4809002067361559,0.4522084764071873,0.9261356932776315,0.7218261105673653,0.9566736051014492,0.9024080548967633,0.7517271552767072,0.9423887644495282,0.0023227522282728125,1.0128509998321533
268,1e-06,0.482428031198025,0.45321124171284294,0.32458075375989265,0.4862989954413174,0.4838186255095781,1.0471171868921807,1.140432909830673,1.0541221131779217,1.037001739562169,0.7524245188034231,0.9443436857821551,0.0021708854572134793,1.0318640031752815,0.46428559507642475,0.4417418624673571,0.3281446823051998,0.4809009219918932,0.45220821244376047,0.9261349439620972,0.721825727394649,0.956672728061676,0.9024074162755694,0.7517418009894234,0.9423887644495282,0.0023228230753115247,1.012852600642613
269,1e-06,0.4834077916979082,0.4532218285013519,0.3206547857038536,0.4870931402902248,0.4851476289874724,1.0470860828532442,1.141594244413484,1.0545155544636124,1.0365062797642115,0.7521414113121938,0.9441755863376006,0.0020812181139583975,1.0335029777294227,0.4642843816961561,0.441740483045578,0.328141382762364,0.4809001769338335,0.45220702035086496,0.9261328663144793,0.7218216487339565,0.9566708718027387,0.9024056621960231,0.7517418009894234,0.9423887644495282,0.00232228307452585,1.012856364250183
270,1e-06,0.48281523824960426,0.4520459118496709,0.3173220744180602,0.4861871146119998,0.48495978713678917,1.0466971384854942,1.1364896894144614,1.0541048140314806,1.0362965505121853,0.7529836408009867,0.944375538111891,0.001806935630698527,1.0322907834971717,0.46428304484912325,0.44173699617385864,0.32812902331352234,0.48089892097881864,0.4522057899406978,0.9261306183678764,0.7218144621167865,0.9566688111850193,0.902402971472059,0.7517418009894234,0.9423741272517613,0.0023210210326526847,1.0128772343908037
271,1e-06,0.4832649337750027,0.4527163048467312,0.3183262631079987,0.48721349035091677,0.48481434490380904,1.0463833560573044,1.1333949988556113,1.0535918606080303,1.0362744772363468,0.7528951735156842,0.9442852982236962,0.0019214300718836997,1.033475999695767,0.46428427951676504,0.4417375751904079,0.3281260473387582,0.48090108377592905,0.45220606667654856,0.9261288642883301,0.7218109965324402,0.9566672699792045,0.9024011748177665,0.7517418009894234,0.9423887644495282,0.0023212874574320658,1.012889666216714
272,1e-06,0.4825064990884603,0.4512059981605522,0.3146168558390412,0.48549908142249387,0.48511026123376777,1.0467976030631767,1.1372006376305595,1.054073864295556,1.0365082408953408,0.7526279871552556,0.9445294726879225,0.002001386753334518,1.0323441127989657,0.4642846669469561,0.4417374048914228,0.32812235185078215,0.48090238656316486,0.45220580271312166,0.9261267014912197,0.7218063644000462,0.956665405205318,0.9023987650871277,0.7517418009894234,0.9423887644495282,0.0023209961197738138,1.0129018596240453
273,1e-06,0.4842575680739932,0.4554912535100773,0.3295717520193994,0.4873774693228397,0.48629384171428774,1.0476169812634257,1.1446261644942402,1.0540139036634066,1.0379862533475153,0.7522688114314998,0.9440906604624284,0.0017163489983681966,1.0344329162410832,0.46428454348019194,0.44173622131347656,0.3281169831752777,0.48090219497680664,0.4522057686533247,0.9261247430528913,0.7218018599918911,0.9566640257835388,0.9023966022900173,0.7517271637916565,0.9423887644495282,0.002320834734876241,1.0129176463399614
274,1e-06,0.4827216606299683,0.4517758418210313,0.3169009423680519,0.4855221997578596,0.4854484930015292,1.0464825828655693,1.1394765951861192,1.053965890915794,1.035899410521862,0.7531357996539688,0.9445719387617487,0.002150470879948178,1.0322547323692186,0.4642840879304068,0.44173565932682585,0.3281153568199703,0.48090230992862154,0.45220475111688885,0.9261234998703003,0.7217995694705418,0.9566629954746791,0.902394984449659,0.7517271637916565,0.9423887644495282,0.0023214813720967087,1.0129194685391016
275,1e-06,0.4829090946086085,0.4531073379664568,0.3222267957262522,0.48654841529119996,0.4846258906178132,1.0468459765266485,1.1450203696071812,1.0537860495813847,1.0366333451904095,0.7526209174267872,0.9444923142903056,0.0016564714033267206,1.032625112736862,0.46428210394723074,0.44173275572913034,0.3281088045665196,0.4809001215866634,0.45220305238451275,0.9261202556746346,0.7217919230461121,0.9566598790032523,0.9023917061941964,0.7517271637916565,0.9423887644495282,0.0023218220033283743,1.012924747807639
276,1e-06,0.4833534050167926,0.4538588028821312,0.3252378466865274,0.4860900830270404,0.48588727994410336,1.0468348142461268,1.1457043785181678,1.0540403017660636,1.0363337504046708,0.752551910945421,0.9444781565305933,0.001971057967996025,1.0327320610325335,0.46428134185927256,0.4417300650051662,0.32809692195483614,0.4808999853474753,0.45220227752413067,0.9261164239474705,0.7217825055122375,0.956656447478703,0.9023879000118801,0.7517125265938895,0.9423887644495282,0.002321635905121054,1.0129509312765939
277,1e-06,0.4825218585910375,0.4528098375940091,0.32267431809460867,0.48581702395252324,0.4845548668585786,1.0467526919444188,1.1447880017519383,1.0543516926423189,1.0358860271721997,0.7536294719237479,0.9448426512853557,0.0018483818687359851,1.0307785135568701,0.4642807883875711,0.4417270336832319,0.3280824380261557,0.48090010029929026,0.45220163464546204,0.926112447466169,0.7217720917293003,0.9566534927913121,0.9023832593645368,0.7517125265938895,0.9423887644495282,0.002320230206740754,1.0129836116518294
278,1e-06,0.4830371794093318,0.4528162063808616,0.3203877732680414,0.48644932597891677,0.4850466167418557,1.0464730962700801,1.140387623424602,1.053396482179439,1.036419083862387,0.7530668089985526,0.9442339871165177,0.001845032873342826,1.032732993927249,0.4642799198627472,0.44172524980136324,0.3280767372676304,0.4808994233608246,0.4522005319595337,0.9261099696159363,0.7217664548328945,0.9566510319709778,0.9023805516106742,0.7517125265938895,0.9423887644495282,0.0023198172649634735,1.012997465474265
279,1e-06,0.48350985423011905,0.45316117242806936,0.3208643134323507,0.48627964210587454,0.4861615817095226,1.0469037140631636,1.1424831941008118,1.0543694844197018,1.0362517002204015,0.7527907780872701,0.9441667526590457,0.0018346875971831538,1.0335035255903562,0.4642808096749442,0.4417265313012259,0.32807895966938566,0.4809010326862335,0.45220071503094267,0.9261093139648438,0.7217669231551034,0.9566505466188703,0.9023798874446324,0.7517125265938895,0.9423887644495282,0.0023197741912943976,1.013001561164856
280,1e-06,0.4825686039759929,0.4518315381638372,0.31648186391196376,0.48666567742599387,0.4840077210842952,1.0467091992103403,1.1381290016853673,1.0547484907663904,1.0356223035746501,0.7518936936365098,0.9442534468589573,0.0021583144299191395,1.0331913605292167,0.4642801880836487,0.4417253817830767,0.3280757665634155,0.48090048347200665,0.45220000403267996,0.9261073981012616,0.7217618823051453,0.9566482646124703,0.9023781929697309,0.7517125265938895,0.9423887644495282,0.0023189527980451074,1.013002642563411
281,1e-06,0.4836361369633765,0.4542416129572869,0.32556023511832555,0.48683583454962237,0.48570547876522724,1.047158265139564,1.1506295791524073,1.054580542729857,1.036287006531544,0.7532048136301447,0.9444162348638144,0.0016762906157676003,1.0325879105605502,0.46427839568683077,0.4417246494974409,0.3280797004699707,0.4808985931532724,0.45219806262425016,0.9261064103671482,0.7217617971556527,0.9566470384597778,0.9023772648402623,0.7517271723066058,0.9423887644495282,0.0023198872472026517,1.012987187930516
282,1e-06,0.4841936364150729,0.4538887423305851,0.3213438191126954,0.48737647873739004,0.486439109942235,1.0466195184092102,1.1377770667840388,1.0539050710181963,1.0362952616300958,0.7528173201996381,0.9443277649730203,0.0021331687872506644,1.0341576739896392,0.4642771737916129,0.4417240960257394,0.32808156098638264,0.48089742234774996,0.4521968236991337,0.9261058909552438,0.7217617120061602,0.9566464424133301,0.9023760642324176,0.7517271723066058,0.9423887644495282,0.002320109400898218,1.0129775149481637
283,1e-06,0.48315414869971873,0.452879542893998,0.3199987457095129,0.48677840061722993,0.48496860785221835,1.046594547697871,1.144843915540723,1.0537490099105589,1.0361651270954402,0.7519503125485638,0.9442499120751395,0.0020892051757811893,1.0339373734212218,0.4642764925956726,0.4417238320623125,0.32808417081832886,0.4808962898594992,0.45219612547329496,0.9261050735201154,0.7217614735875811,0.9566455653735569,0.9023755959102085,0.7517271723066058,0.9423887644495282,0.0023204986604728867,1.0129689574241638
284,1e-06,0.48145567302889136,0.450919174063997,0.3178899500155153,0.48416063351947686,0.48420288620031143,1.0461951838720829,1.1424300279156685,1.0530570062893632,1.036125346543785,0.7533074415379837,0.9444870106027503,0.0017646721112393588,1.0309105349178902,0.46427516426358906,0.44171912329537527,0.3280640287058694,0.4808955362864903,0.4521951675415039,0.9261006712913513,0.7217491013663155,0.956642142363957,0.9023708019937787,0.7517271723066058,0.9423887644495282,0.002318508257823331,1.0130095822470528
285,1e-06,0.48326708735868984,0.45334371771609144,0.3213377754815643,0.4874831000116794,0.4844486793343338,1.0459935815348473,1.145737185262051,1.0537097336663084,1.0349526610878823,0.7535799266323165,0.9443967714222199,0.0019603503248180605,1.032130391032903,0.4642742999962398,0.44171582801001413,0.32804968101637705,0.4808951871735709,0.4521943288190024,0.9260968565940857,0.7217390196663993,0.956639187676566,0.9023672001702445,0.7517125265938895,0.9423887644495282,0.0023181111152682987,1.0130426457950048
286,1e-06,0.4819700342542213,0.4514283346473624,0.31782929255907044,0.4851952269954805,0.4842161786311778,1.046284315075285,1.140641637190702,1.0534255792177245,1.0359978782956947,0.7526934631309571,0.9443224509278312,0.0018065834686328962,1.0310037342587228,0.4642734485013144,0.4417115407330649,0.32802947078432354,0.4808953361851828,0.4521932772227696,0.9260921478271484,0.7217257193156651,0.956634555544172,0.902361341885158,0.7517125265938895,0.9423741187368121,0.0023156554504696813,1.0130861146109444
287,1e-06,0.4837645310295381,0.4535054732224649,0.3214145743615294,0.4867016952133024,0.4862390097353308,1.0462306081058526,1.1382646778758256,1.0538437650194699,1.0355498203057827,0.7526014481952109,0.9443047590597989,0.0017503270174739044,1.033949970427038,0.4642726353236607,0.44171074458530973,0.3280285596847534,0.4808948721204485,0.4521918978009905,0.926090589591435,0.7217225006648472,0.9566328695842198,0.9023599539484296,0.7517125265938895,0.9423887644495282,0.0023162532597780228,1.0130883370126997
288,1e-06,0.4838611464917306,0.4528434492579294,0.31737175189798994,0.48693757914750563,0.4863343510477207,1.0470225759538134,1.1473976705631435,1.0546867723923017,1.0360125671253935,0.7523484319464554,0.9442145215197634,0.0018738106323362876,1.0339176852318381,0.46427178808621,0.44170981645584106,0.32802784868649076,0.48089389290128437,0.4521909994738443,0.9260892357145037,0.721720107964107,0.956631566796984,0.9023585574967521,0.7516978893961225,0.9423887644495282,0.0023159131607306854,1.0130879368100847
289,1e-06,0.4822508592220879,0.4518719435510157,0.3186774484961984,0.48575108307345904,0.48420303585525465,1.0468335950689835,1.1378428491141046,1.0536867748771046,1.036946463668533,0.7522988793210473,0.9440340414538746,0.0017183752880264346,1.0333936207370378,0.46427074500492643,0.44171182598386494,0.3280423751899174,0.48089296902929035,0.45218956044742037,0.9260905725615365,0.721728231225695,0.9566322479929242,0.9023603286061969,0.7517125265938895,0.9423887644495282,0.00231740197965077,1.0130503518240792
290,1e-06,0.48278702553452124,0.45240178886002874,0.3188722013172689,0.48657999299888793,0.48445782790747577,1.0467522866135344,1.1414451991553185,1.0543187442368838,1.0360292552036012,0.7520900933213704,0.9443012164595059,0.0019788649430748776,1.034024649996791,0.46426945073263987,0.44171203885759625,0.3280495149748666,0.4808911212853023,0.45218856845583233,0.9260903511728559,0.72172897202628,0.9566320606640407,0.9023606436593192,0.7516978893961225,0.9423887644495282,0.002318566997668573,1.0130301032747542
291,1e-06,0.4843375031297038,0.45509438603489194,0.3266704667598829,0.48790556790696177,0.4860249773689173,1.0473885042437077,1.1488479647003376,1.0551180555829471,1.0362769710136244,0.7525926058316835,0.9440641207625527,0.0017922070035454605,1.0344304779832967,0.46426927191870554,0.44171049765178133,0.32804188558033537,0.48089162366730825,0.4521876743861607,0.9260875752993992,0.7217212659972054,0.956629352910178,0.902357986995152,0.7516978893961225,0.9423887644495282,0.002317545270281179,1.013048725468772
292,1e-06,0.48453258863347193,0.45382638853817325,0.3203847132707633,0.4869421192651431,0.4875946000853681,1.047151925431286,1.142305887877716,1.054010156998426,1.0371218720321327,0.7525501429423472,0.9441986021902905,0.002047069515935932,1.0344963067618822,0.46426819052015034,0.4417088287217276,0.32803837742124287,0.480890440089362,0.45218637585639954,0.9260849186352321,0.721715646130698,0.9566273944718497,0.9023552111216954,0.7516978893961225,0.9423887644495282,0.0023163083075944868,1.0130551542554582
293,1e-06,0.4816774551088721,0.4510713291213246,0.3170555904306596,0.4850374954459607,0.4838048575442994,1.0470619857536414,1.1369624317046185,1.0537802738173228,1.0373468895699614,0.7525235995433167,0.9443259964874482,0.0017076009631667565,1.0321702908903474,0.4642674539770399,0.4417081134659903,0.328036048582622,0.48089044434683664,0.45218564357076374,0.9260841863495963,0.7217154417719159,0.956626798425402,0.9023547087396894,0.7516832436834063,0.9423887644495282,0.002315883092316134,1.0130551968302046
294,1e-06,0.4834971193584055,0.4546103405424922,0.32809914675070284,0.4866912992529398,0.48548284911234446,1.0467664225643156,1.1415414801817356,1.0543002250126357,1.0360734184175584,0.7527341563123918,0.944566636360856,0.001937441083040195,1.0335422345772345,0.4642668536731175,0.44170412846973967,0.3280169495514461,0.4808907168252127,0.4521845408848354,0.9260791880743844,0.7217022861753192,0.9566224387713841,0.9023488759994507,0.7516832436834063,0.942359481539045,0.002314412600493857,1.0130979759352547
295,1e-06,0.48176417230787755,0.45233981466524936,0.32356046174772995,0.4849358317148216,0.48386598146418525,1.0466987836122899,1.138765503121143,1.0537671554236558,1.0365614745659373,0.7530296440389564,0.9444923196942885,0.001683343453797375,1.0320610788405038,0.4642664534705026,0.44170346430369783,0.32801471863474163,0.48089086583682467,0.45218365107263836,0.9260767527988979,0.7216976625578744,0.9566199438912528,0.9023461937904358,0.7516832436834063,0.942359481539045,0.002314553961956075,1.013106448309762
296,1e-06,0.4826233030427036,0.45225052246838987,0.3186903120100466,0.4864955865976557,0.48421552893089975,1.0466062190786156,1.1433448873528647,1.0538684553670292,1.0361193787453307,0.7523378099677245,0.9440959751509488,0.0021338427155173077,1.033387082368055,0.46426632574626375,0.44170343024390085,0.32801508052008493,0.48089095098631723,0.45218310611588614,0.9260736278125218,0.7216917872428894,0.9566167593002319,0.9023430943489075,0.7516685979706901,0.942359481539045,0.0023152282395000967,1.0131143246378218
297,1e-06,0.4816516085341372,0.45096267746129165,0.3168126070541237,0.48480400978650395,0.4839938166362816,1.0466584975630673,1.1391179307820793,1.0542035132437477,1.0360317096090035,0.7534224554068065,0.944357840839876,0.002010915949174841,1.0302999366056707,0.464266266141619,0.44170417955943514,0.3280180054051535,0.4808914874281202,0.45218279106276377,0.9260718737329755,0.72168915612357,0.9566152010645185,0.9023410422461373,0.7516539863177708,0.942359481539045,0.0023154439737222026,1.013113600867135
298,1e-06,0.48377895853806363,0.45321265189504856,0.31977861116077855,0.4867478139453235,0.4862767302115029,1.0474021024981899,1.1445929619407758,1.0548183016692119,1.0367462831256329,0.7523555032510856,0.9442764538336752,0.001967805754131986,1.0339580607041114,0.4642652528626578,0.44170229349817547,0.328012262071882,0.4808907210826874,0.4521815393652235,0.9260692340987069,0.7216823952538627,0.9566126806395394,0.9023384962763105,0.7516539863177708,0.942359481539045,0.0023142832131790264,1.0131245936666216
299,1e-06,0.4833588967983361,0.4540557904431322,0.3256052508990442,0.4867093255889139,0.4852668892127787,1.0465245437956603,1.1413496365047955,1.0541769350726606,1.0357116546041567,0.7520051649372061,0.9444905440355724,0.0017707633893460405,1.0343958612589725,0.46426541464669363,0.4417048011507307,0.328024617263249,0.4808911851474217,0.45218092628887724,0.9260689616203308,0.721684387751988,0.9566119142941066,0.9023388453892299,0.7516539863177708,0.9423887644495282,0.0023166834310229334,1.013100836958204
300,1e-06,0.4836042160545242,0.45467166625932304,0.3280865797884581,0.48668329301101737,0.4857090051374883,1.046414825894417,1.138716414691433,1.053617317227499,1.0361356177782923,0.7520759430243013,0.943947352368447,0.002238712679138392,1.0343976689234207,0.46426559346062796,0.44170624017715454,0.3280305436679295,0.48089210050446646,0.4521802621228354,0.9260678631918771,0.7216843792370388,0.9566107732909066,0.9023370827947345,0.7516539863177708,0.9423887644495282,0.0023173764015414883,1.0130927222115653
301,1e-06,0.48525420109516726,0.4547077073191413,0.32101551494402814,0.4885482753828546,0.48743486716434625,1.0471143696157597,1.140208234673761,1.0547824818831937,1.0363433589436077,0.7522670380244433,0.9440393606135475,0.001741095107421681,1.0359951341338758,0.46426357541765484,0.4417014164584024,0.328014143875667,0.48088998028210234,0.45217867834227427,0.9260647296905518,0.7216764092445374,0.9566083465303693,0.9023339748382568,0.7516539863177708,0.942359481539045,0.0023154532869479488,1.0131168280329024
302,1e-06,0.4830608809406025,0.45197944350327535,0.3164785543906,0.4859067437395301,0.48576783075631147,1.0469665743503067,1.1386919819015588,1.0545082370204277,1.0363674939675904,0.7523643432664536,0.944340148360679,0.002200802791154005,1.0325995215646524,0.46426197034972055,0.44170165061950684,0.32802189673696247,0.48088848165103365,0.4521768093109131,0.9260635461126056,0.7216771415301731,0.9566066690853664,0.9023333277021136,0.7516393491200039,0.9423887644495282,0.0023167809870626244,1.0130938291549683
303,1e-06,0.4822903895339513,0.45182739665427213,0.3194809699148599,0.4846445485442893,0.48536309890983814,1.046515105610851,1.1422237292277897,1.0533180112010134,1.0365220216950788,0.7533675998336743,0.9446037895153229,0.00199192122209976,1.0313153809878355,0.46426255788121906,0.4417023573602949,0.3280218115874699,0.4808899589947292,0.4521766688142504,0.9260617579732623,0.7216743912015643,0.9566047617367336,0.9023315821375165,0.7516393491200039,0.9423887644495282,0.0023173665228698936,1.0130970648356847
304,1e-06,0.4832561912725761,0.4531237565692669,0.32184307347164887,0.48593653152263044,0.4859562247943312,1.0467744273426594,1.1432050472649122,1.0538875826358538,1.0364469895154416,0.7530561905581438,0.9448178815185477,0.001828860165576435,1.0328475451765353,0.4642610933099474,0.44169903227261137,0.3280105548245566,0.4808886008603232,0.4521753362246922,0.9260590587343488,0.7216677580560956,0.9566023520060948,0.9023294448852539,0.7516393491200039,0.942359481539045,0.0023176786822399925,1.0131145545414515
305,1e-06,0.48556416712126343,0.45566482313632706,0.32566759237166165,0.48796899931146465,0.4884893312624063,1.0470294863291194,1.1438770365277562,1.054167060805731,1.0366635154018,0.7525218336954029,0.9441738264405013,0.0020788530817233263,1.035183597370154,0.4642592115061624,0.4416951281683786,0.32799831458500456,0.480886595589774,0.45217388442584444,0.9260553121566772,0.7216588939939227,0.9565992610795158,0.9023245913641793,0.7516393491200039,0.942359481539045,0.0023167796566018035,1.0131385496684484
306,1e-06,0.4848745959839561,0.45564575883355324,0.32830153010821767,0.48747493015452453,0.4874932567653821,1.0471267808596636,1.1411018481913349,1.0547342064955785,1.0363870403024227,0.7525642950729107,0.9440605814432493,0.002295116429605169,1.0342656890572695,0.46425819396972656,0.4416907174246652,0.32797896010535105,0.48088609320776804,0.45217292649405344,0.9260510461671012,0.7216475776263646,0.9565948503358024,0.9023198655673436,0.7516100662095206,0.9423741187368121,0.002314794808626175,1.013176909514836
307,1e-06,0.48228301653910893,0.45218457042752763,0.31910785950651954,0.4868070701779511,0.48319817757001776,1.0471754902385726,1.140420055009839,1.0543392328590686,1.0369036536697949,0.7522334257654415,0.9442623017352784,0.0018837899585338424,1.0329815676195584,0.4642566910811833,0.4416911516870771,0.3279875005994524,0.48088460309164865,0.45217118092945646,0.9260500499180385,0.7216483439717974,0.9565943394388471,0.9023193035806928,0.7516100662095206,0.9423741187368121,0.0023171657895935433,1.01315552847726
308,1e-06,0.48341027791604313,0.4532835616559771,0.32127495270063605,0.48680532377472585,0.4854196932466366,1.0471854267799718,1.1467911020460093,1.0552358254187184,1.0358150234366519,0.7527783910326229,0.9443118289491002,0.0015884865184917169,1.0326319658235157,0.46425611632210867,0.44169301646096365,0.3279998132160732,0.4808841347694397,0.45216992497444153,0.9260498114994594,0.721650915486472,0.9565940073558262,0.9023187501089913,0.7516393235751561,0.9423741187368121,0.0023193254933825563,1.013129208769117
309,1e-06,0.4827027725517203,0.45272282767926303,0.3215545596493558,0.4858937688409092,0.4848834164259695,1.0461525681593968,1.141318155505885,1.0530794455563772,1.0360533790979525,0.7525731433872526,0.9445914009810137,0.0021501428409214686,1.0327439194296864,0.46425656761441914,0.4416942170688084,0.32800351296152386,0.4808852289404188,0.4521695928914206,0.9260483043534415,0.7216495105198452,0.9565924661500114,0.9023179071290153,0.7516393491200039,0.942359481539045,0.0023193722923419307,1.0131300176892961
310,1e-06,0.4829878148939953,0.4521251017508221,0.3171081553905382,0.486259958355477,0.48524493416514963,1.0475434344070895,1.1401971049779696,1.054605682733827,1.0373927807074526,0.75260675699725,0.9446055592232244,0.0019898578487899552,1.0320639386411237,0.4642564356327057,0.44169547302382334,0.3280101461069925,0.48088553973606657,0.4521689074380057,0.9260480403900146,0.7216515285628182,0.956591784954071,0.9023174132619586,0.7516393491200039,0.9423887644495282,0.002319925165336047,1.013120949268341
311,1e-06,0.48138969396811465,0.44994999454655776,0.3127860227148403,0.4843647094655539,0.48403475191936707,1.0459788188507153,1.1369323837905077,1.0533369648347206,1.0355888037699592,0.7521237153590079,0.9445560164407852,0.001857101339588009,1.0323235241709305,0.4642556778022221,0.4416917988232204,0.3279933077948434,0.4808852119105203,0.45216837525367737,0.9260446088654655,0.7216418640954154,0.9565898690904889,0.9023134623255048,0.7516100576945713,0.942388755934579,0.0023182221754853216,1.0131617103304182
312,1e-06,0.484209566745511,0.4551419080654737,0.3276642939880997,0.48758930127104744,0.4860479779264056,1.0468079294311763,1.1403435375712334,1.0548314009559392,1.0356664117516148,0.7529004735040845,0.9442799949864729,0.0019463981218792849,1.033273929721011,0.4642541323389326,0.44168988295963835,0.3279903829097748,0.48088363238743376,0.45216657859938486,0.9260426333972386,0.7216383133615766,0.956587553024292,0.9023107801164899,0.7516247034072876,0.942388755934579,0.0023195193415241583,1.0131648353167944
313,1e-06,0.4833625366059883,0.4530958511413784,0.32051246665936833,0.4867364961877103,0.4854170023204826,1.046906137556497,1.1374018182319625,1.0540191469099864,1.0367764757571192,0.7526067582195795,0.944449851786968,0.0020114381737330817,1.033495150896516,0.46425322123936247,0.44168929542813984,0.32799053617886137,0.4808830533708845,0.45216546739850727,0.9260409900120327,0.7216355545180184,0.9565861225128174,0.9023094517844064,0.7516393491200039,0.9423741102218628,0.0023195528358753237,1.0131636602537972
314,1e-06,0.48257687498091106,0.4525936212947545,0.3217023751877863,0.4854912745971906,0.4850249873163632,1.046397333555587,1.1389509764994021,1.0541998921248699,1.035509473397419,0.7526969962421135,0.9441402151786631,0.001821767632332839,1.033048165275545,0.4642532042094639,0.4416895466191428,0.32799142599105835,0.48088371753692627,0.452164637190955,0.926039091178349,0.7216330426079887,0.9565845813070025,0.90230735710689,0.7516393491200039,0.9423594730240958,0.002320299656795604,1.0131673557417733
315,1e-06,0.48222997766922954,0.4515112591027827,0.31709170997689623,0.48551779438596254,0.48444670844065196,1.0472154812882284,1.146407326555741,1.0543431919842106,1.0367814508310473,0.7520458634904572,0.9442357560202552,0.0016792259987366285,1.03299527141254,0.4642520248889923,0.4416868601526533,0.32798208934920176,0.4808825935636248,0.45216379846845356,0.9260361535208566,0.7216257197516305,0.95658221415111,0.9023044109344482,0.7516393491200039,0.9423594730240958,0.0023193073658538716,1.0131871785436357
316,1e-06,0.48395385212404174,0.45366930327927557,0.3214217019737314,0.4869364490074141,0.4863890881353112,1.047183276445108,1.1412993642489973,1.0541532260304969,1.0370759835644663,0.7524988226355313,0.9444339228075257,0.0018388064437698125,1.0337080577548234,0.4642510541847774,0.44168620875903536,0.32798280886241366,0.48088168672152926,0.4521626319204058,0.9260351317269462,0.721624663897923,0.9565810816628593,0.902303295476096,0.7516393491200039,0.9423594730240958,0.002319742027404053,1.013179932321821
317,1e-06,0.4825762058520279,0.4513727937494814,0.31444411869957456,0.48628469289989645,0.48447204778082487,1.0469564193014318,1.1383473755087135,1.0542108209082968,1.0366558832731108,0.7524492839382457,0.9443100659961773,0.0017504716560664737,1.0328468747609896,0.46425133092062815,0.44168845244816374,0.3279926947184971,0.48088203157697407,0.45216295548847746,0.9260349273681641,0.7216261284691947,0.9565808176994324,0.9023033635956901,0.7516393491200039,0.9423594730240958,0.0023217692838183473,1.0131647671972002
318,1e-06,0.48289458785775025,0.4525740832749792,0.3184440763525492,0.4875200572235161,0.4837507983348978,1.046732290783124,1.137522156471442,1.0543109392772414,1.0361272642500519,0.7524952947675249,0.9442676014341796,0.002210754862219031,1.0329341627878559,0.46425190567970276,0.4416916583265577,0.32800755756241934,0.48088262336594717,0.45216273409979685,0.9260360683713641,0.7216312374387469,0.9565814392907279,0.9023040362766811,0.7516393491200039,0.942359481539045,0.0023246656637638807,1.0131313800811768
319,1e-06,0.48317548815971184,0.4533708479619322,0.32394384143645866,0.48542221095583854,0.4862365667651424,1.0470052301336865,1.1406510267074985,1.0541442726279875,1.036744505022258,0.7525377565953645,0.9445949421981445,0.0019216261747812362,1.032358532780515,0.4642513564654759,0.441692944083895,0.32801614914621624,0.4808826446533203,0.45216127804347445,0.9260366388729641,0.7216357929365975,0.9565816521644592,0.9023051517350333,0.7516539863177708,0.942359481539045,0.0023259264084377457,1.0131042855126517
320,1e-06,0.48116561746314224,0.4501306950820824,0.3147996089713225,0.48403879136442174,0.48383790283542805,1.0467407169434682,1.1420624842852176,1.05403891094813,1.036264951268982,0.7526952316486958,0.9445011653388055,0.0016614407690717396,1.0312936868914642,0.46425096903528484,0.4416942979608263,0.3280243234974997,0.4808824786118099,0.4521606479372297,0.9260365281786237,0.7216378705842155,0.956581677709307,0.9023045471736363,0.7516686235155378,0.942359481539045,0.002326960608895336,1.0130876813616072
321,1e-06,0.4829247666093638,0.4525052527125565,0.3193414169134993,0.48623148673171296,0.4850707132463769,1.0466518613112274,1.1369772832328027,1.054200531531847,1.0360924347117342,0.7528226248200237,0.9445560180812801,0.0019993527490330012,1.0321566675137779,0.46424963218825205,0.4416905513831547,0.32800979699407307,0.4808818442480905,0.45215892791748047,0.9260333265577044,0.7216295174189976,0.9565787826265607,0.9023018479347229,0.7516539863177708,0.942359481539045,0.0023254421206989457,1.013110271521977
322,1e-06,0.48191003338169935,0.45203898825390687,0.3200534935487777,0.4863185655472411,0.4828966830912887,1.0463570696691276,1.138297938843772,1.053546394583861,1.0361031337615547,0.752794314189917,0.9444993968854,0.0018589173915307955,1.0317863728378633,0.4642511010169983,0.4416953921318054,0.3280282063143594,0.4808841858591352,0.45215884702546255,0.9260341610227313,0.7216365507670811,0.9565793360982623,0.9023025035858154,0.7516686235155378,0.942359481539045,0.002328996646351048,1.0130836708205087
323,1e-06,0.4837238546551335,0.45369553794361617,0.32241666123986695,0.4868241583278098,0.4860004008588312,1.046762578884975,1.1447479508724716,1.0539599922111211,1.0362989362098047,0.7522599542070194,0.9440411242098018,0.0018156315090714743,1.0352571206805645,0.46425057309014456,0.44169282061713083,0.32801656637872967,0.48088428378105164,0.45215791038104464,0.9260316491127014,0.7216303603989738,0.9565770200320652,0.9022995148386274,0.7516686235155378,0.942359481539045,0.0023283666066293207,1.0131079299109322
324,1e-06,0.48417257012963233,0.4539371485717864,0.322644973695439,0.4864465597347511,0.4872828861281348,1.046983905116481,1.1373926459038122,1.054213756075178,1.0367403854181234,0.7520918792090542,0.9441632040114385,0.001973419036330224,1.0355102981159767,0.4642502324921744,0.4416945236069815,0.32802543469837736,0.4808847350733621,0.4521568843296596,0.9260311807904925,0.7216338430132184,0.9565766368593488,0.9022993785994393,0.7516686235155378,0.942359481539045,0.00232993731541293,1.0130862593650818
325,1e-06,0.4814471266781776,0.45057982444377187,0.3147777891840989,0.48544640225522656,0.48300353208877433,1.046140639510466,1.1386065050131298,1.0538181046569792,1.0353808689297563,0.7524245143644371,0.9444339312673322,0.0020908599988800156,1.031940268814017,0.46424893396241323,0.44169117723192486,0.32801309653690885,0.480883743081774,0.45215556025505066,0.9260282346180507,0.7216259241104126,0.9565739972250802,0.9022963983672005,0.7516686235155378,0.9423594730240958,0.002328564047015139,1.0131107057843889
326,1e-06,0.4823445429431382,0.4519176719417716,0.31909615798570373,0.48529618013503417,0.48483449481206525,1.0462891801395613,1.1402737867233885,1.053688709888983,1.0357568511046786,0.7522511162503114,0.9441419742072652,0.002067291270790715,1.0331622284293753,0.4642482910837446,0.44168828214917866,0.32799998351505827,0.4808839815003531,0.45215432558740887,0.9260248626981463,0.7216167790549142,0.9565705827304295,0.9022928902081081,0.751683235168457,0.9423594730240958,0.002325986312436206,1.0131414021764482
327,1e-06,0.4822700190273929,0.4511184969658602,0.314062652897333,0.4863094168936827,0.4838374970863783,1.0462203319820274,1.1414505164171642,1.0531607751774261,1.0361052934890558,0.7525501455800055,0.9441384443127652,0.00167802905365302,1.032660674611363,0.464248742376055,0.4416874349117279,0.32799297996929716,0.48088491388729643,0.4521545852933611,0.9260220187050956,0.7216093625341143,0.9565682751791817,0.9022893990789141,0.751697872366224,0.9423448613711766,0.0023247430633221355,1.01316613810403
328,1e-06,0.4811194350574059,0.4502576289631133,0.3147812036327973,0.48483163311361815,0.4829519111854092,1.0471323047916887,1.1422587857012225,1.0548669629269398,1.0362266358721919,0.7525961477564788,0.944550704550756,0.0018557580677954267,1.0307246168047044,0.4642484017780849,0.44168925285339355,0.3280043772288731,0.48088453497205463,0.45215370825358797,0.9260217206818717,0.7216112528528486,0.9565680708203997,0.9022888370922634,0.751697872366224,0.9423448613711766,0.0023262384347617626,1.0131497638566154
329,1e-06,0.48406986733803026,0.45413537190787806,0.32346786506357417,0.4869692003926392,0.486523950962009,1.0464346350300846,1.145715048167748,1.0539796421222924,1.035580469155659,0.7527217693220778,0.9443012214453235,0.0018628937393553552,1.0341623628454728,0.46424694997923716,0.4416875754083906,0.32800193769591196,0.4808826914855412,0.45215278012411936,0.9260202901703971,0.7216088942119053,0.9565672874450684,0.9022870744977679,0.751683235168457,0.9423448613711766,0.0023271883172648294,1.0131518159593855
330,1e-06,0.4825593011480888,0.45211168391860246,0.3187684955319648,0.4859224094195554,0.48465591207492437,1.046414712925441,1.134190784649661,1.053864725364329,1.0360389308419924,0.7516105945085875,0.9445117752872412,0.0017492501380518119,1.0332986938908366,0.46424703512872967,0.44169027890477863,0.32801606399672373,0.480882717030389,0.45215234586170744,0.9260211501802716,0.7216146503176007,0.9565677217074803,0.902288522039141,0.751712509563991,0.9423448613711766,0.002330029982009104,1.0131280507360185
331,1e-06,0.4819028774146704,0.4514304200057654,0.31783573510385627,0.48540438451898205,0.4838702407194612,1.0466825186209106,1.1422252149370897,1.0538377762162485,1.0363423509399632,0.7528102396310373,0.9445506976349445,0.0020055028950319064,1.0312097620719585,0.464245468378067,0.4416890527520861,0.328015787260873,0.4808814823627472,0.4521505151476179,0.926019379070827,0.7216131942612785,0.9565663508006504,0.9022865210260663,0.751712509563991,0.9423448613711766,0.0023313692903944422,1.0131272843905859
332,1e-06,0.4834870315054849,0.4536637133575425,0.3228566879944356,0.48696919246358095,0.4853592425086211,1.0469001983541188,1.1388963002870356,1.0545342215575595,1.036199366795457,0.7529252544648571,0.9443312967653475,0.002055388659437846,1.0330157692986954,0.46424355677195955,0.44168602568762644,0.32800883054733276,0.48087907263210844,0.45214901651654926,0.9260174802371434,0.7216075147901263,0.9565645115716117,0.9022839154515948,0.751712509563991,0.9423448613711766,0.002331361174583435,1.0131344710077559
333,1e-06,0.4821329874665558,0.45253717921839104,0.3223813439920923,0.4859180998557719,0.48367284428925367,1.0468606011518837,1.138576298228355,1.0544523690368315,1.0362116633655571,0.7522599562656795,0.9442870630422799,0.002068227181278714,1.0329651637007853,0.46424118110111784,0.44168363724436077,0.3280064974512373,0.48087629675865173,0.45214730501174927,0.9260154792240688,0.7216047048568726,0.9565631747245789,0.9022817271096366,0.751697872366224,0.9423594730240958,0.0023312628867902924,1.0131354587418693
334,1e-06,0.48385820860677453,0.45462699700096654,0.3266915932932996,0.4870102188745448,0.4859451938016442,1.0468717240283634,1.1393174562207184,1.0545716107502796,1.0360899702381972,0.752240498967899,0.9440464284763552,0.0019237206483139046,1.0347060492022,0.46423961009298054,0.44168045265333994,0.3279969436781747,0.4808745001043592,0.45214599796703886,0.9260121754237584,0.7215953384126935,0.9565602370670864,0.9022782870701381,0.751697872366224,0.9423594730240958,0.0023305980222565787,1.0131540639059884
335,1e-06,0.4833923533389971,0.4536634501546251,0.3236231658983668,0.48652833095448633,0.48558214633321994,1.046623873826432,1.1455817146038791,1.0538562968236591,1.0360928724986826,0.7525713751268464,0.9442623073644273,0.0018711410753360581,1.0341492126390732,0.4642381412642343,0.44168080176625935,0.3280049903052194,0.4808728311743055,0.45214460151536123,0.92601135798863,0.7215961984225682,0.9565589087350028,0.9022777932030814,0.751697872366224,0.9423594730240958,0.00233372490453933,1.0131329468318395
336,1e-06,0.4838625616436705,0.4531547658294198,0.31879113985278834,0.4871414292199639,0.48608606148267913,1.0456926162926108,1.1373728232581874,1.052336959310049,1.0359921675080939,0.7527288568708231,0.9441738199428552,0.0017627742546959843,1.0347643852619886,0.4642384818622044,0.4416814957346235,0.3280060759612492,0.48087415950638907,0.45214388200214933,0.9260094932147435,0.7215932267052787,0.9565569758415222,0.9022757751601083,0.751697872366224,0.9423594730240958,0.0023344021090971573,1.0131356716156006
337,1e-06,0.4830906940066229,0.4530705663878662,0.32159870525211887,0.4864072210391148,0.4851573612551012,1.0462689756124777,1.138792194422039,1.0530913696054889,1.036362349536698,0.7520104662766022,0.9441030511840639,0.0018349847715112787,1.0349270960027568,0.46423941424914766,0.44168464626584736,0.3280184822423117,0.48087560279028757,0.45214378408023287,0.9260097401482719,0.7215964198112488,0.9565568566322327,0.9022763626916068,0.751727146761758,0.9423594730240958,0.0023365695628204514,1.0131182840892248
338,1e-06,0.4823824282568722,0.45209207505196797,0.3203021563907218,0.4849070006618613,0.4852604556263812,1.0463535540244158,1.1403217907860288,1.0536802482810848,1.0358943980060522,0.7527836913105223,0.9444197706447958,0.0019414467984908855,1.0321034294041955,0.4642401252474104,0.4416861576693399,0.32802243743624004,0.4808770034994398,0.4521439032895224,0.9260089141981942,0.7215961388179234,0.9565566607883998,0.9022752898080009,0.7517125351088387,0.9423594730240958,0.0023381241730281283,1.0131156955446516
339,1e-06,0.482230321561975,0.45110285853091536,0.31536930423135445,0.4851108690210117,0.48491186460030766,1.0468938743109582,1.1385098172083328,1.0536244834878286,1.0371095482491186,0.7525324496589862,0.9443206808982639,0.0018149511235239888,1.0326818191741391,0.4642386862209865,0.44168300713811603,0.3280123216765268,0.480875483580998,0.45214267713682993,0.9260063171386719,0.7215897951807294,0.9565543872969491,0.9022726161139352,0.7517125351088387,0.9423594730240958,0.0023375156535101788,1.013134547642299
340,1e-06,0.48287383789830896,0.4528391867538304,0.32040941246412796,0.48704178183386276,0.48412134078986185,1.0472537010216545,1.1400791535941062,1.0543303560773167,1.037082820246172,0.7527624669424985,0.9443932321350831,0.0018811667610298594,1.0322138529755396,0.46423766016960144,0.44168207900864737,0.32801163622311186,0.48087431703295025,0.45214191504887175,0.9260053975241525,0.7215878282274518,0.9565537742206028,0.902271568775177,0.7517271723066058,0.9423448358263288,0.0023375736616019693,1.0131325466292245
341,1e-06,0.4836228439052621,0.4544709090020807,0.32686824351147065,0.48677997380350324,0.48569088087040735,1.046968877862353,1.1442002007206002,1.0537958827072778,1.0369005873598283,0.7524050529493361,0.9442852933343784,0.001945651410445591,1.0336302200395613,0.4642374302659716,0.44168230465480257,0.328013185943876,0.48087461079869953,0.4521411231585911,0.9260037115642002,0.721585043839046,0.9565517732075283,0.9022699764796666,0.7517125265938895,0.9423448358263288,0.0023374517248677357,1.0131322315761022
342,1e-06,0.48264117039543064,0.45271968716103134,0.3221679880885388,0.4854832095387042,0.48514826205763634,1.0465664507824217,1.143087853435819,1.0544553825936316,1.035460256719615,0.752962409613651,0.944391466898334,0.001997262144715591,1.0319318128031008,0.4642374004636492,0.4416817384106772,0.32800991194588797,0.48087516001292635,0.45214056968688965,0.9260014891624451,0.7215809226036072,0.9565491506031581,0.9022681287356785,0.7517125265938895,0.9423448358263288,0.0023356086374925716,1.0131397077015467
343,1e-06,0.4821573030093008,0.45049660752994336,0.31326619385707977,0.48430058635123924,0.48564356060460395,1.0468923304123423,1.144644420242155,1.0538668646660614,1.0366592745618826,0.7527005369767458,0.944685181153509,0.002039755609941099,1.0318495278350739,0.46423541222299847,0.44167689766202656,0.32799301402909414,0.4808733378137861,0.45213867511068073,0.9259980916976929,0.7215718456677028,0.9565459745270866,0.9022639564105442,0.7516832436834063,0.9423301986285618,0.0023329998699149917,1.0131658230509077
344,1e-06,0.48077496218797133,0.4503542206702976,0.3170212803019489,0.4842371081443844,0.48277133124233645,1.046288529409953,1.1438951186083872,1.0534042024123496,1.0359190776421454,0.7527872426279545,0.944329531271266,0.0017225139191237475,1.0315836276225765,0.4642358975751059,0.44167753628322054,0.3279933418546404,0.48087434257779804,0.45213891352925983,0.9259960310799735,0.7215663109506879,0.9565437861851284,0.9022624918392727,0.7516978808811733,0.9423301986285618,0.002333488880789706,1.0131683605057853
345,1e-06,0.4832681299413917,0.4542361437084221,0.3278465266492775,0.4857586598434901,0.4859583348888226,1.0461030659389958,1.1453608159303537,1.0532129552000224,1.0356845202088292,0.7529765713620173,0.9443985404546237,0.001741126639953439,1.0328150775325793,0.4642354462827955,0.4416760035923549,0.3279874963419778,0.480873989207404,0.4521383856024061,0.9259938767978123,0.7215610401971,0.9565422875540597,0.902260252407619,0.7516832436834063,0.9423155869756427,0.002332767039271338,1.0131832020623344
346,1e-06,0.48277370418591303,0.4531522985734749,0.32306598216150495,0.48638913689982355,0.48448176060376524,1.0465211558843779,1.1451044672576403,1.0541174901992132,1.0356387926704873,0.7521821103157769,0.9441437512813101,0.0018902199192191748,1.0337339570183917,0.46423414775303434,0.4416735768318176,0.32798054814338684,0.4808726395879473,0.45213717222213745,0.925991450037275,0.7215551563671657,0.9565401928765433,0.9022575701986041,0.7516832436834063,0.9423155869756427,0.0023327068691807134,1.0131941608020238
347,1e-06,0.4822235914320156,0.4523538572043261,0.32170885088825896,0.48536393488669355,0.4844337280576318,1.046668132124755,1.1402223557635893,1.0540669151595394,1.0361511531033132,0.7525235954903295,0.944363148387419,0.0018442209691404332,1.032102482677857,0.4642329514026642,0.44167330861091614,0.32798387323107037,0.4808713623455593,0.4521361674581255,0.9259905048779079,0.7215540494237628,0.9565392902919224,0.9022566080093384,0.7516832436834063,0.9423155869756427,0.002333941703130092,1.013187255178179
348,1e-06,0.4833237400617203,0.4530431373146374,0.31990599777012724,0.48716748084046685,0.4849273066262072,1.046547847024441,1.144690480479278,1.0537938657671584,1.0360303893323468,0.752757154988136,0.9442499129758033,0.0018988061034489027,1.0334306185269961,0.4642332238810403,0.44167607596942354,0.3279971991266523,0.4808715879917145,0.45213612062590464,0.925990240914481,0.721556910446712,0.9565391114779881,0.9022560971123832,0.7517271552767072,0.9423155869756427,0.002336066382537995,1.0131665468215942
349,1e-06,0.48138142640501885,0.45060936513940386,0.3158634186788179,0.48476333254360215,0.4835166773375343,1.0475660200319739,1.1479146255394348,1.0553231372488427,1.0364642739617624,0.752617368843513,0.9444268470960763,0.0021782418440562997,1.0315468658708715,0.4642325299126761,0.4416717844349997,0.32797672493117197,0.48087199670927866,0.4521347539765494,0.925986008984702,0.721544623374939,0.9565355692590986,0.9022517885480609,0.751683235168457,0.9423155869756427,0.0023329054404582295,1.0132100667272295
350,1e-06,0.48328534111227783,0.4531331379157559,0.321531539558721,0.4861903858712346,0.4857720947079059,1.046857145755148,1.1381278187277764,1.0539210581869547,1.0367509630069949,0.7524068186685837,0.9440605913505513,0.002029857041361489,1.0338379686996864,0.4642324830804552,0.44167089462280273,0.32797179903302875,0.4808725927557264,0.45213409832545687,0.9259844422340393,0.7215409278869629,0.956533602305821,0.9022501451628548,0.7516685979706901,0.9423155869756427,0.0023318047502211164,1.013219484261104
351,1e-06,0.4826467154126391,0.4522905485796015,0.31842044528213886,0.4868806950703738,0.48388702074579465,1.0469264169030104,1.1387899670160853,1.0544978504044522,1.036292831671283,0.7525182896154479,0.944191516571539,0.0019183653317335582,1.0331528471150528,0.46423143999917166,0.44167223998478483,0.32798234479767935,0.48087187324251446,0.45213268058640615,0.9259847317423139,0.7215455259595599,0.9565333042825971,0.9022511328969683,0.751697872366224,0.9423155869756427,0.0023322441016456912,1.013193735054561
352,1e-06,0.4830327100259706,0.45213304090937345,0.3171095148782375,0.4861613050448978,0.485434915816147,1.047138591618134,1.1374518446708717,1.0539819578576333,1.0372848607885214,0.7526598414471519,0.9442799848218384,0.001872146774799082,1.0330742681856355,0.46423082266535076,0.44167424951280865,0.32799464889935087,0.4808716561113085,0.45213159918785095,0.9259853788784572,0.7215507115636554,0.956533602305821,0.9022517289434161,0.7517271552767072,0.9423155869756427,0.0023340710904449224,1.013166606426239
353,1e-06,0.4819781745342197,0.451244342410751,0.31625986449858723,0.48574140492607565,0.4837388645071502,1.0464694006856043,1.1416089893738386,1.0539022432554752,1.0358654840598542,0.7523979741498965,0.9440694371559011,0.002283401109772763,1.0322993587817106,0.464231584753309,0.44167750648089815,0.32800886034965515,0.4808724990912846,0.4521315779004778,0.9259851489748273,0.7215536407061985,0.9565334745815822,0.9022511754717145,0.7517418009894234,0.9423301986285618,0.002336032854925309,1.0131455745015825
354,1e-06,0.48298765399683763,0.4534988430340227,0.3246726586699035,0.4859427829980207,0.4853097126732243,1.0465255448191602,1.1433746693138167,1.0539255887189558,1.0358973363252568,0.7525377524780442,0.9445984744086371,0.0021870890873521005,1.0332446764175531,0.4642310397965567,0.4416763016155788,0.32800432613917757,0.4808725544384548,0.45213050501687185,0.9259826030050006,0.7215480293546405,0.9565312777246747,0.9022487912859235,0.7517271552767072,0.9423301986285618,0.002335513010621071,1.0131559542247228
355,1e-06,0.48230132204869985,0.4514154913421586,0.3171951565398954,0.48472304395322086,0.485383104277635,1.0461306210729926,1.1376359774432052,1.0528730887435156,1.0363381316838107,0.7526350704901809,0.9442127502678667,0.0017340141658897875,1.0331427959641828,0.4642313931669508,0.4416778598512922,0.3280108230454581,0.4808732739516667,0.45213015164647785,0.9259822538920811,0.7215496046202523,0.9565305028642926,0.9022485443523952,0.7517418009894234,0.9423301986285618,0.002335629692035062,1.0131454723221915
356,1e-06,0.48171378309444934,0.45031225166639893,0.3126364432504482,0.4853294956253081,0.48373400587618703,1.0470144783105968,1.1389791076400766,1.0545397702900063,1.0364236185117084,0.7523555110032276,0.9443542999122443,0.002072509804967222,1.0324361089494378,0.4642297072069986,0.44167550121034893,0.3280052329812731,0.48087181789534433,0.45212853380611967,0.9259800059454781,0.7215448107038226,0.9565283826419285,0.9022459643227714,0.7517271552767072,0.9423301986285618,0.002335081109777093,1.013152641909463
357,1e-06,0.4818635143206947,0.45020901790130996,0.31166243226670987,0.485282229817499,0.48411803993738733,1.0463643997216057,1.1389053367114492,1.0536996883375864,1.0359442224389337,0.7522652643600543,0.9440128100092064,0.0017902957852497592,1.0329394618434258,0.4642279658998762,0.44167361089161467,0.3280024102755955,0.4808702766895294,0.45212659665516447,0.9259786946432931,0.7215424180030823,0.9565274374825614,0.9022441250937325,0.7517417924744743,0.9423301986285618,0.0023362182546406984,1.0131519947733199
358,1e-06,0.4834904380251251,0.45419234053482577,0.3264092919926867,0.4862272395228156,0.48598950749079217,1.0474033127973612,1.1450975741557796,1.054597756055903,1.0369523495387465,0.752399738389482,0.9442322127766308,0.001983923404173462,1.0335904442807242,0.46422892808914185,0.4416746369429997,0.3280025933470045,0.48087237988199505,0.4521264008113316,0.9259767021451678,0.7215387310300555,0.9565255812236241,0.9022423028945923,0.7517564381871905,0.9423301986285618,0.0023366111729826245,1.013159956250872
359,1e-06,0.4809338940811106,0.4509579627757065,0.319322847573743,0.4845844723537556,0.4826705068816253,1.046607102597654,1.1435338389017875,1.0537157714270413,1.036267385055616,0.7528456303472463,0.9445949408471488,0.0018164005870109096,1.0300924672478287,0.46422916650772095,0.4416723591940744,0.32798864586012705,0.48087367841175627,0.45212590268680025,0.9259730662618365,0.7215292794363839,0.9565223710877555,0.9022389820643834,0.751712509563991,0.9423155869756427,0.002334416444812502,1.0131929346493311
360,1e-06,0.483795156848154,0.453575816047687,0.32155352855011765,0.48682791031635714,0.48617046122543245,1.0470671846425283,1.1415530686370758,1.0538418802517655,1.0371429671870651,0.7527553941260398,0.9444162261466753,0.0019962825185151373,1.0335872164302689,0.4642279062952314,0.4416696344103132,0.3279790495123182,0.4808726906776428,0.45212496178490774,0.9259699412754604,0.7215212838990348,0.9565197059086391,0.9022350992475238,0.7517125180789402,0.9423155869756427,0.0023337009229830335,1.013211531298501
361,1e-06,0.48200731068704816,0.451643328134652,0.31872282961671955,0.4853076387178686,0.4841497845734639,1.046456319283487,1.1426737446175095,1.0541694447663559,1.0355359242210758,0.7527093800801042,0.9443348447696235,0.001944633355817551,1.032397409097864,0.4642263948917389,0.44166665843554903,0.32797027485711233,0.48087094937052044,0.45212370582989286,0.9259674634252276,0.7215141313416618,0.9565173983573914,0.9022327746663775,0.751683235168457,0.9423155869756427,0.002333911302100335,1.0132243207522802
362,1e-06,0.48188223970045735,0.4505577243410184,0.313552456405828,0.48517284405212174,0.48420266756416974,1.046402567087864,1.1432454458649455,1.0536826417308462,1.0358944539437085,0.7527200123521359,0.9443136108159633,0.0021388402901146575,1.0323901583681347,0.46422575627054485,0.44166635615485056,0.32797052604811533,0.48087088976587566,0.4521227010658809,0.9259658626147679,0.721512223993029,0.9565155165536063,0.9022311994007656,0.7517125180789402,0.9423155869756427,0.0023342746176889966,1.0132215193339758
363,1e-06,0.48154235014835695,0.4500633754797131,0.31252532332122357,0.484713696606791,0.484004843833314,1.0464058661229276,1.1453026677876372,1.0535174918637942,1.0359975450500822,0.7522652775161792,0.9444056108585899,0.0017541181411708745,1.0329732474802122,0.46422791481018066,0.441671541758946,0.32798814347812105,0.4808740828718458,0.4521228926522391,0.9259664075715202,0.7215167028563363,0.9565160870552063,0.9022319146565029,0.7517271552767072,0.9423301986285618,0.0023356487841478418,1.0131974731172835
364,1e-06,0.4826388900754777,0.4519859372572325,0.31839293177167727,0.4854076947962601,0.48534499112812174,1.0461858687887176,1.1368686401451593,1.0530151333991604,1.0363339277067767,0.7520334715786587,0.9440959697791325,0.0018027645231189916,1.0339802635468731,0.464229805128915,0.4416793073926653,0.32801975522722515,0.4808764968599592,0.45212362919534954,0.9259685618536813,0.7215269378253392,0.9565173472676959,0.9022349289485386,0.7517564381871905,0.9423448443412781,0.0023394952129040447,1.0131452253886633
365,1e-06,0.48300044902002753,0.45233433447975246,0.3184589987115093,0.4859842563794873,0.4855013255550613,1.047543936141169,1.1424003757789722,1.0553660305911505,1.0365596877132566,0.7525943741242562,0.944212756379514,0.0020413121062291197,1.0336263255048814,0.4642289749213627,0.4416781621319907,0.32801614914621624,0.4808764287403652,0.45212236046791077,0.9259651132992336,0.7215202535901751,0.9565141030720302,0.9022311397961208,0.7517417924744743,0.942359481539045,0.002339707887066262,1.013158815247672
366,1e-06,0.48202181512191367,0.45258367672779726,0.32371554780636874,0.4852221069371964,0.484098372881437,1.0466483725899307,1.1448274998168204,1.0533682253318288,1.0366558762929663,0.7524156698457498,0.9441685148721377,0.0018376812808259847,1.0339517741349988,0.46422684618404936,0.4416755182402475,0.32801249623298645,0.4808735804898398,0.4521207468850272,0.9259620138577053,0.7215131350925991,0.9565112335341317,0.9022275720323835,0.7517564296722412,0.9423448358263288,0.0023397007025778294,1.013162979057857
367,1e-06,0.48380939159853936,0.45386380134115206,0.3219067838246026,0.48788908085370153,0.4851263259882806,1.0467588245965183,1.1416007286139713,1.0540661972018106,1.036290139940965,0.7525837557803472,0.9440128170858507,0.002001548224142353,1.034668590143701,0.46422803827694487,0.4416793840272086,0.3280270184789385,0.4808755261557443,0.45212064896311077,0.9259631633758545,0.7215190018926348,0.9565123745373317,0.9022288237299237,0.7517857210976737,0.942359481539045,0.0023425690098000424,1.0131360718182154
368,1e-06,0.48273651473147766,0.4526964102766672,0.32070499446285267,0.48646583923184417,0.4844082962868346,1.0469317378318446,1.1354770500854228,1.0541810753920628,1.036731175841091,0.7522811962023208,0.9441773692016272,0.0017888372066881583,1.0333542854028075,0.46422765936170307,0.4416775277682713,0.3280184141227177,0.4808759944779532,0.4521194355828421,0.9259600383894784,0.7215114235877991,0.9565092750958034,0.9022261330059597,0.7517564296722412,0.942359481539045,0.002341101544776133,1.013157274041857
369,1e-06,0.4837377044039035,0.454351010157878,0.32588792968233793,0.4867616027545363,0.4859753879771256,1.0462912920032137,1.1397660573752455,1.0528226908772813,1.0366442717543436,0.7523590543111851,0.9442074470628099,0.0016984807410821744,1.0346931620539683,0.4642287109579359,0.4416832412992205,0.32804388233593534,0.4808773270675114,0.45211932914597647,0.9259618605886187,0.7215209943907601,0.9565101776804242,0.9022279722349984,0.7517857210976737,0.942359481539045,0.0023442788182624747,1.0131165300096785
370,1e-06,0.4833024760484052,0.45312668572100057,0.32178819340367737,0.485862017449854,0.48612678121761316,1.0456892473917683,1.1323013930982084,1.052829029041564,1.0356622550915977,0.7524032823407708,0.9444286160641467,0.0017719385495607394,1.0332325724608435,0.46422981364386423,0.4416865450995309,0.3280554243496486,0.48087907263210844,0.4521197293485914,0.9259616391999381,0.7215239235333034,0.9565098455974034,0.902227623122079,0.7517857210976737,0.9423741187368121,0.002345829802964415,1.013102114200592
371,1e-06,0.4826992791984381,0.45226938224006075,0.31881122710057613,0.486243431399593,0.4846180577536756,1.0465883402906748,1.1431407973499987,1.0536329245091256,1.0363250865012457,0.7519839337498706,0.9438960256926511,0.0019377855221146322,1.0346347740130108,0.464231048311506,0.4416925140789577,0.3280813992023468,0.48088063512529644,0.45211972083364216,0.9259632314954486,0.7215327535356794,0.9565116081918988,0.9022291813577924,0.7517710838999067,0.942359481539045,0.002349036246804254,1.0130566103117806
372,1e-06,0.48383683382789316,0.4525755262349145,0.31620790985906955,0.48677761826203825,0.4864837474361086,1.0474730726840107,1.139007290150755,1.0552036665094522,1.036691189101755,0.7528951661817074,0.944295913704781,0.0020716094366172748,1.033229273715279,0.46423016701425823,0.4416896828583309,0.3280691419328962,0.4808804392814636,0.4521188182490213,0.9259591613497052,0.7215229443141392,0.9565077594348362,0.9022250430924552,0.7517710838999067,0.9423594730240958,0.0023474671678351505,1.0130858251026698
373,1e-06,0.48236742572274904,0.4513872279647358,0.3157955168133739,0.4857097237867982,0.4845775248421506,1.0471305874831214,1.1402265824823847,1.054438228807897,1.0367198134523692,0.7520423287066395,0.9440871259359431,0.0018968360687777425,1.034002441106715,0.46423023087637766,0.4416903683117458,0.3280722371169499,0.48088097146579195,0.45211805190358845,0.9259577904428754,0.7215211136000497,0.9565068823950631,0.9022235700062343,0.7518003327505929,0.9423741187368121,0.0023475392122886012,1.0130798986979894
374,1e-06,0.48230145933559887,0.450906728257119,0.31315450905080877,0.4860175246974937,0.48422354091455405,1.0466074865699393,1.1360186652370357,1.053206199899726,1.0370284986701839,0.7524581293254302,0.9442039055561801,0.001834461894323592,1.0328636289736546,0.4642287407602583,0.4416860554899488,0.3280549432550158,0.4808804137366159,0.4521161786147526,0.9259534478187561,0.7215085795947483,0.9565022332327706,0.9022194572857448,0.7518003327505929,0.9423741187368121,0.0023443715846432106,1.0131088580404009
375,1e-06,0.4829416022838545,0.4533002121153871,0.3232752958858457,0.48641744006728715,0.4847881022943269,1.0460251786550572,1.1433624599151075,1.053131129248877,1.0356745624696635,0.752095401801744,0.9442852903428878,0.0019587981314848177,1.0339131265219264,0.46422986473355976,0.44168691975729807,0.3280539810657501,0.480882112468992,0.45211681723594666,0.9259507485798427,0.7215028234890529,0.9564995084490094,0.9022168602262225,0.7518003327505929,0.9423741187368121,0.0023436762525566985,1.0131212387766158
376,1e-06,0.4813276078980225,0.4503204566816092,0.3150322927343993,0.48427236417918607,0.48392602819014546,1.046478468279419,1.1368042954997122,1.0538381468072429,1.036108110443811,0.7524563665976732,0.9443914598860229,0.001858586356364476,1.0312925472300696,0.4642298477036612,0.4416858042989458,0.3280479099069323,0.48088263613837107,0.4521163148539407,0.9259484665734428,0.721497791154044,0.9564975500106812,0.9022143653460911,0.7518003327505929,0.9423741187368121,0.002343239096392478,1.0131359015192305
377,1e-06,0.482645433430278,0.4519384696363952,0.3175105239594877,0.48598875381209306,0.4848065891590108,1.0460598760852926,1.1448799582088696,1.0533233051099329,1.035502667885115,0.7526085237779941,0.9445223946604804,0.0016395978127489107,1.0334893245666141,0.4642300137451717,0.4416885716574533,0.3280615338257381,0.4808827042579651,0.4521163191114153,0.9259485176631382,0.721501384462629,0.9564976266452244,0.902214765548706,0.75181496994836,0.9423741187368121,0.002346630008625133,1.0131107909338815
378,1e-06,0.48375522120540615,0.4540392002960314,0.324464136500392,0.48650145374692844,0.48631879841708775,1.0465009275218697,1.14661751434215,1.0535564520393779,1.036108004873145,0.752056479936539,0.944145521922042,0.0019347856275604598,1.0349047509516116,0.46423099296433584,0.4416946385587965,0.3280893010752542,0.4808841901166098,0.4521156166281019,0.9259506634303502,0.721512223993029,0.956498886857714,0.9022173626082284,0.75181496994836,0.942359481539045,0.0023514448798128535,1.013060782636915
379,1e-06,0.48199369554511934,0.45111045407013706,0.3153096478627427,0.4859272274723969,0.4836163429942442,1.0466392137395713,1.1393915777649033,1.0546518504394433,1.0355348889401843,0.7524280514964141,0.9443790794255215,0.0018513404439553754,1.032533397432668,0.46423102276665823,0.4416974868093218,0.32810298034123014,0.48088485854012625,0.4521149056298392,0.9259505186762128,0.7215158683913094,0.9564988102231707,0.9022171156747001,0.75181496994836,0.9423741272517613,0.0023540458641946316,1.013034531048366
380,1e-06,0.483303200101698,0.453704546543951,0.32458334321661764,0.48609362371342285,0.48580353181553865,1.046803732337787,1.1411236549993495,1.054361877252267,1.0361016171401858,0.7528456268089241,0.9443489960316896,0.0019771453511840385,1.0334161624867273,0.46423069494111197,0.4416944554873875,0.32808747461863924,0.4808852842875889,0.45211430532591684,0.9259462782314846,0.7215030789375305,0.9564955830574036,0.9022124324526105,0.7518296156610761,0.9423741187368121,0.0023519564419984818,1.013073103768485
