epoch,learning_rate,train_total_nll,train_selection_score,train_market_nll,train_sector_nll,train_idio_nll,train_mse,train_market_mse,train_sector_mse,train_idio_mse,train_coverage_68,train_coverage_95,train_standardized_residual_mean,train_standardized_residual_std,val_total_nll,val_selection_score,val_market_nll,val_sector_nll,val_idio_nll,val_mse,val_market_mse,val_sector_mse,val_idio_mse,val_coverage_68,val_coverage_95,val_standardized_residual_mean,val_standardized_residual_std
1,0.0002,0.5533439575618679,0.5607575449159801,0.5891910163915529,0.5563571467743857,0.5491358710446238,1.0707197342539103,1.1565737815862793,1.0785793219232829,1.0599982212338153,0.7626048205024575,0.9444654255235616,-0.014907104544736411,1.0406081897444561,0.4926955657345908,0.4754612956728254,0.38674648318971905,0.5071760841778347,0.4817465458597456,0.9585416146687099,0.7444790005683899,0.991401731967926,0.9328168715749469,0.7630854845046997,0.9479069028581891,-0.01443057507276535,0.9808958343097142
2,0.0002,0.5462954392875089,0.5549069560312699,0.5888967050293806,0.5488815731075686,0.5422894045046763,1.061535812620621,1.147326911344201,1.0682574218502425,1.0519548503789788,0.7661605191670255,0.9456405838940978,-0.011674144819829016,1.0335051298019402,0.48861877407346455,0.4716654590197972,0.3843461147376469,0.5029111419405256,0.4778020977973938,0.9527209486280169,0.7401712707110814,0.9849789312907627,0.9275486384119306,0.7653249246733529,0.9481996553284782,-0.010934808823679174,0.976080868925367
3,0.0002,0.5389973716557606,0.5461421178904668,0.5743069844067676,0.541176847842676,0.5356409329362118,1.053422531651889,1.1362164334889504,1.0600813076670696,1.0440040253640686,0.7688734498441494,0.9466159703544758,-0.008478219346565332,1.0263680418637613,0.4856999090739659,0.468878584248679,0.3821814102785928,0.4999356397560665,0.47491486583437237,0.948658653667995,0.7368863565581185,0.9804929665156773,0.9238830634525844,0.766686201095581,0.9486973030226571,-0.008325222613556045,0.9728104897907802
4,0.0002,0.5361862713962229,0.5428818087668158,0.5692466052751692,0.5382566086097186,0.533013935615268,1.0493704243555964,1.1376139373579088,1.0554961665617888,1.0403033350286761,0.770468301517928,0.9470692520805707,-0.007174195225087805,1.023783767949723,0.48361489176750183,0.4668184093066624,0.38020521828106474,0.4978715990270887,0.4728051551750728,0.9458206295967102,0.7339977707181659,0.9774045859064374,0.9212977801050458,0.7673887695584979,0.9491657018661499,-0.006451482751539775,0.9702976516314915
5,0.0002,0.5335157791956595,0.5402357494043681,0.5669652749133366,0.5353384964660199,0.5305781243278378,1.046245091521795,1.1338271778544218,1.0515688709643825,1.0380017961896633,0.7718449108001213,0.9475879993306876,-0.005246745535976998,1.0204537575268098,0.4819509131567819,0.46521036539758953,0.3787756221635001,0.4962641511644636,0.4710771824632372,0.9436805674007961,0.7320457015718732,0.9751130257334027,0.9193027700696673,0.7682376844542367,0.9494730659893581,-0.004840897096853171,0.9684409158570426
6,0.0002,0.5322493676704684,0.5368353241355494,0.5546780576690062,0.5338719173754659,0.529879139346217,1.0437842849212857,1.1286028102002141,1.0498458260581607,1.0348954170225098,0.7724778242924246,0.9478549210767653,-0.004141307215378474,1.0195193229671387,0.48083628926958355,0.4640974061829703,0.3775446372372763,0.4952691452843802,0.4698463720934732,0.9421496731894357,0.7297661985669818,0.97349956205913,0.9178789513451713,0.7690573590142387,0.949824333190918,-0.0035240856232121587,0.9671864594732013
7,0.0002,0.5292267584825135,0.5345704594576475,0.5557292523410952,0.5307678606836111,0.5268022237041334,1.041043640586943,1.123193895883946,1.04637520452432,1.032973584186341,0.7735337824682303,0.9480328684089981,-0.003165137666743487,1.015596219715679,0.4800270199775696,0.4631204775401524,0.37578393731798443,0.49452490891729084,0.46900409885815214,0.9410354835646493,0.7273197940417698,0.9722750953265599,0.9169191207204547,0.7695696694510323,0.9500292624746051,-0.002901376898600055,0.9662089262689862
8,0.0002,0.5282167016361167,0.5349127449747604,0.562278832921723,0.5293378797452754,0.5259600948719751,1.0399136958949944,1.1251286125708042,1.0451479089669062,1.031838994360678,0.7741583002816087,0.9483417692211306,-0.0025852582876652068,1.014936758351216,0.479337534734181,0.462527334690094,0.37548209939684185,0.49394942607198444,0.4681873023509979,0.94004545041493,0.725923206124987,0.9713255592754909,0.9159026912280491,0.7700526884623936,0.9501902716500419,-0.002612242325475173,0.9652475033487592
9,0.0002,0.5269156618723794,0.5307337742735653,0.5446128960578672,0.5291939206570158,0.5240474174832053,1.0386173032945203,1.1207903952581482,1.044694560830311,1.0298009226399083,0.7746031777833098,0.9482259331333045,-0.0021558917576759,1.0137704033395052,0.4785104606832777,0.4617345758846828,0.3747854615960802,0.49317003999437603,0.46730816790035795,0.9390367184366498,0.7254062294960022,0.9703303234917777,0.914864216532026,0.7703161495072501,0.9502634661538261,-0.0023115276792720707,0.9646673032215664
10,0.0002,0.5263665758580717,0.5302317633545832,0.5452157518861236,0.5277856520305092,0.5243192589167015,1.037506222297641,1.1153415738162906,1.0428885177228002,1.0295293824952259,0.7749338941395862,0.9486825675214796,-0.0019366816315691225,1.0135327335571058,0.4779386818408966,0.4611682508672987,0.3742358088493347,0.4926042854785919,0.46672976442745756,0.9382256014006478,0.7245676176888602,0.9694754821913583,0.9140981265476772,0.7704479013170514,0.9505269357136318,-0.0018271678252079124,0.9640171613012042
11,0.0002,0.5250307707315338,0.5287708084337905,0.5422139514029728,0.5274069341585322,0.5220818169838456,1.0362420480066974,1.1130220962986845,1.0419903463787503,1.0279342555657938,0.7751554952055995,0.9486557077702289,-0.0020213416664056666,1.0115846443713414,0.4773998643670763,0.4605094960757664,0.37297400406428743,0.49215169889586313,0.46612948179244995,0.9374985098838806,0.7229117751121521,0.9687910335404533,0.9133589778627668,0.77065281357084,0.9506293705531529,-0.001907549869169348,0.9635465315410069
12,0.0002,0.5245875153429254,0.526560352023174,0.5326146705298319,0.5268257785411108,0.5220817235330405,1.0357770154369959,1.1129716957036617,1.040961192683324,1.0280197415056438,0.775442569974869,0.9486674598040974,-0.002063901019146732,1.0121126088861678,0.47683990001678467,0.4598620193345206,0.3719222588198526,0.49162252460207256,0.46555434806006296,0.9367179615156991,0.7223556893212455,0.967995992728642,0.9125849860055106,0.7706820794514248,0.950746476650238,-0.0018252768246124365,0.9631495560918536
13,0.0002,0.524519080360059,0.5267846743326827,0.5342447227901883,0.5266077120488446,0.5221061911023829,1.0351647460881832,1.1115430251061458,1.0410253664681806,1.0267583313686568,0.7752024974508036,0.9486120517780032,-0.002018849116249827,1.011819684804554,0.4763970800808498,0.45929364221436636,0.3707644428525652,0.4912314627851759,0.46508336067199707,0.9360587426594326,0.7213528326579502,0.9672682455607823,0.9120060886655535,0.7708284684589931,0.9508050339562553,-0.0015525979937852494,0.9626481788499015
14,0.0002,0.5229597683143322,0.5246347494755289,0.52940048868694,0.5252159518641322,0.5204888864230084,1.0337925820367737,1.1118986675572042,1.0387568761920294,1.0262248218212138,0.7759814645410256,0.9487581108083983,-0.0016336919823532693,1.009992520014445,0.47609264084271025,0.45909029245376587,0.37094625404902865,0.4909700197832925,0.4647201257092612,0.9354321701186044,0.7207671063286918,0.9666210668427604,0.9113986151559013,0.7710041063172477,0.9510099462100438,-0.0014048036370825554,0.9621060746056693
15,0.0002,0.5225486229214373,0.5223749837872924,0.519082640920977,0.5249732453976909,0.5202394249313499,1.033470457935724,1.1099846383820908,1.0389874256456808,1.0254028258540968,0.7758723534624575,0.948870583765945,-0.0017045132907754104,1.0104577202279326,0.47557417835508076,0.45850548999650137,0.3701053091457912,0.49042609333992004,0.4642379454204014,0.9347838248525348,0.7203520110675267,0.9659203461238316,0.9107948967388698,0.7710919209889003,0.951053866318294,-0.001482901903468051,0.9617352741105216
16,0.0002,0.5210513639193709,0.5229884769998326,0.5285480765275814,0.5236148949592344,0.5182380284398749,1.0331106640654104,1.113562961846697,1.038734224534804,1.024805227793368,0.7761594229213287,0.9489679711938087,-0.0017547949824318957,1.0087262291329613,0.4751091088567461,0.45780175072806223,0.3683338463306427,0.49000860112054007,0.46376890369824003,0.9342133487973895,0.7190963711057391,0.9653184584208897,0.910279027053288,0.7710772837911334,0.950995317527226,-0.001470652558574719,0.9616454413958958
17,0.0002,0.5206995538058674,0.5196506917568212,0.5126356722236717,0.5231158433971317,0.5185521177249387,1.0325699342072345,1.1167464963424163,1.0381346069966837,1.0241994602339608,0.7761426365686818,0.949117369213534,-0.0016732218313372813,1.00818379921481,0.47464774761881146,0.457050621509552,0.366369183574404,0.4895271233149937,0.4633773309843881,0.9336528778076172,0.7179310747555324,0.9646913749831063,0.9098052127020699,0.7714285765375409,0.951039229120527,-0.0017318439807110866,0.9615530456815448
18,0.0002,0.5203024519448151,0.518433573425457,0.5078161684324115,0.5228201632034577,0.5182008526444862,1.031504984641771,1.1065395906895659,1.0366662603979897,1.0238427347973318,0.7767436440883388,0.9491761273380676,-0.0021653381011535115,1.009003498831347,0.4741990183080946,0.456466155392783,0.3651748171874455,0.48910732780184063,0.46292505093983244,0.93309999363763,0.7170071005821228,0.9641509056091309,0.9092524221965245,0.7712675758770534,0.9509660346167428,-0.0019980153197788502,0.9614884853363037
19,0.0002,0.5191919282650984,0.5180852505193877,0.5106889334661315,0.5217362353726039,0.516931091127674,1.0312921666696142,1.1086439316051775,1.03626673763615,1.0237388749093321,0.7762416808713843,0.9490166503041448,-0.0024637536939612174,1.008545559641647,0.473694030727659,0.4558554121426174,0.36413222551345825,0.48858456100736347,0.4624555579253605,0.9325249024799892,0.716473570891789,0.9635547995567322,0.9086960809571403,0.7714724796158927,0.9509221400533404,-0.0018828984388424683,0.9614015477044242
20,0.0002,0.517958471211054,0.5155112974715733,0.5017788032049774,0.5210931088395809,0.5153632370008302,1.0310448187165424,1.1117763588261251,1.0368490206908398,1.0225495595658551,0.776114087591889,0.9490770728418416,-0.0018282333044745353,1.0080271323888166,0.4732794974531446,0.45522724304880413,0.36252337268420626,0.48823583126068115,0.4620154542582376,0.932055515902383,0.7152431436947414,0.9630848509924752,0.9082528182438442,0.771355390548706,0.9508928571428571,-0.0018031277411085153,0.9613764456340245
21,0.0002,0.5183278281323677,0.5170448562974388,0.5083352689308444,0.521405942551124,0.5155827419701687,1.0307224934917807,1.1038895478873636,1.0359818903348779,1.0230241744749007,0.7767386062903339,0.948843734910167,-0.0019034980669907589,1.0080894488465524,0.47286191156932283,0.454734776701246,0.3616865192140852,0.4878427641732352,0.46158693943704876,0.9315869041851589,0.7144684025219509,0.9626476509230477,0.9077634385653904,0.7715603028024945,0.9510099632399422,-0.0017050655192828604,0.9610825181007385
22,0.0002,0.516227618081107,0.5127405585292908,0.4945848821617064,0.519353165528253,0.5138233180267043,1.0301627174012185,1.1053380219678786,1.0352624914796305,1.0225569883860262,0.7767637828283901,0.9491878883141588,-0.0018991031986792394,1.006593373117237,0.4723723999091557,0.45398692573819843,0.3598034679889679,0.48738525594983784,0.46111193725040983,0.9311705231666565,0.7140381506511143,0.9622084498405457,0.907370286328452,0.7713261246681213,0.9508782199450901,-0.0017487755254218687,0.9617678352764675
23,0.0002,0.5154798886926126,0.5107010690542105,0.48659369408992764,0.5190276288400231,0.5128950143067945,1.0306548686498749,1.1096388892033622,1.036469617685903,1.022207350713805,0.7761191234061245,0.9490972187539827,-0.0020268676280107444,1.0071367555804822,0.4719353956835611,0.4533271704401289,0.358170075075967,0.486970990896225,0.4606921374797821,0.930766761302948,0.7132760116032192,0.9618242042405265,0.9069594059671674,0.7711797526904515,0.9508489285196576,-0.00189631140425003,0.9621142830167498
24,0.0002,0.5139100413962138,0.5073145378630892,0.47520270467536974,0.5177044489569256,0.511405878383199,1.030105703254266,1.1053862235085878,1.0355575846148588,1.0221444662875905,0.7761594146200161,0.9492214603785424,-0.0022474027040170833,1.0057996910960016,0.47156948276928495,0.4528780324118478,0.3573252984455654,0.48664399555751253,0.46030321291514803,0.9303693686212812,0.7121604851314,0.9614673767771039,0.9065448641777039,0.7710187350000653,0.9508489285196576,-0.0019592757162172347,0.9618591495922634
25,0.0002,0.5132838883768639,0.5062626858460738,0.47270793488742263,0.516724994716068,0.511195322427149,1.0303187435612091,1.1067604007198453,1.0358759185563462,1.022213320334142,0.7758773810364196,0.9490871573495547,-0.0023311549597131295,1.0061921542934802,0.47113060099737986,0.4521035296576364,0.35508700779506136,0.48623648285865784,0.4598929413727352,0.9300702469689506,0.7115870884486607,0.9611294184412275,0.9062940733773368,0.770901654447828,0.9506733076913017,-0.0018879902740341745,0.9630279200417655
26,0.0001,0.5122809608319571,0.5042015775710085,0.466826775122226,0.5150655946912243,0.5110114052609426,1.0301451475816816,1.1051151003217428,1.035943799151925,1.0218475908727689,0.7753972516142889,0.9489679642658752,-0.0021579399451239563,1.0055857413985823,0.470865683896201,0.45168343612125944,0.35402174081121174,0.48595636657306124,0.4596696708883558,0.929913980620248,0.7114251341138568,0.9609578336988177,0.906153108392443,0.7708138397761753,0.9505415729113987,-0.001807988592190668,0.963573796408517
27,0.0001,0.5122518203713866,0.5041933935297738,0.46657869480721964,0.5153491724105108,0.5106768535456777,1.0299744591368691,1.1112031506320115,1.0358498711129427,1.0213913547034392,0.7752310557360534,0.9490334382438074,-0.0021842292084845514,1.0063221168347156,0.4705952789102282,0.4513358048030308,0.35333714740616934,0.4856930502823421,0.4594061417239053,0.9297265410423279,0.7113126771790641,0.9608010479382106,0.90593307358878,0.7705503617014203,0.950526910168784,-0.001776268585152658,0.9640278475625175
28,0.0001,0.5126036103419994,0.5031245964890679,0.45923504308133145,0.5159087119136659,0.5110774218456231,1.0301790343634727,1.1099514851372363,1.0360561871125769,1.0216429652278995,0.775022873711232,0.9488823390959228,-0.0019855297535860076,1.0068362242004778,0.4703428532396044,0.45097145438194275,0.35248795577457975,0.48544782400131226,0.4591664969921112,0.9295553905623299,0.7110680597169059,0.9606511422566005,0.905743019921439,0.7703454494476318,0.9504976357732501,-0.0018531425614907806,0.9644574778420585
29,0.0001,0.5107339468602944,0.5011895681672748,0.45593475498911423,0.5150711151861376,0.5082234892244529,1.0306347363189252,1.1121014290690971,1.0365820841733089,1.0219719621748176,0.7747861608382194,0.9489830728988432,-0.0019607873357159094,1.006557401973531,0.47006923811776297,0.4505968008722578,0.3516836677278791,0.4851734297616141,0.4589111251490457,0.9293553488595145,0.7107333711215428,0.9604777438299996,0.905520328453609,0.770140528678894,0.9502780863216945,-0.0019249546582744057,0.96486782176154
30,0.0001,0.510573101055909,0.5004594879033195,0.4536379249170384,0.5140934151774239,0.508950665616037,1.030794836348042,1.1143289356584496,1.036356444518748,1.0224488880227787,0.7741179998508185,0.9488655506374283,-0.002386847990185892,1.0063957148677438,0.4698035078389304,0.45028500046048847,0.35120713285037447,0.48487738200596403,0.45868285638945444,0.9291673898696899,0.7106009210859027,0.9603056056158883,0.9053150415420532,0.7698185188429696,0.95029274054936,-0.001988519777244489,0.964991067137037
31,0.0001,0.5106109672336168,0.49988642835458363,0.45131741876914694,0.5133172438136139,0.5098810642423596,1.0307849946537204,1.0995983181705367,1.0367645722319392,1.022511442227664,0.7744789476646134,0.9490435019982392,-0.0021192154833256315,1.0072748829814269,0.4694987024579729,0.44969319445746286,0.3493919244834355,0.48457248721803936,0.45842853614262175,0.9290261524064201,0.7104305114064898,0.9601388658796038,0.9051997661590576,0.7693501029695783,0.9500439081873212,-0.001963052628395547,0.966140593801226
32,0.0001,0.5092580258632646,0.49822220824281194,0.44902732461706163,0.5112978939026122,0.5092259703143951,1.0299301316539142,1.1070044941006107,1.0352446905356825,1.0220464812873025,0.7743832586791902,0.949001529799079,-0.001819768701062461,1.0062174350252167,0.4692484864166805,0.44942450523376465,0.34901426093918936,0.4843514689377376,0.4581530605043684,0.9288496885980878,0.7101429189954486,0.9600227049418858,0.9049664906093052,0.7692330394472394,0.9500731655529567,-0.0018930559162981808,0.9660987513405936
33,0.0001,0.5093133810905695,0.4988873577764934,0.4517917271857987,0.5118288214366618,0.5087153203384851,1.0306254467839653,1.1056267775392996,1.0369717479057332,1.0217790784008125,0.7737788882428905,0.9487362892824261,-0.001851522990743712,1.0077146603032008,0.4689866857869284,0.4490270955221994,0.34802399362836567,0.4841031176703317,0.45790246980530874,0.9287079232079642,0.7098982674734933,0.9598930903843471,0.9048172661236354,0.7690720217568534,0.9499414563179016,-0.0018308709965952272,0.9667238252503532
34,0.0001,0.5082963928771032,0.4959639784957712,0.44001521199895854,0.511501455361942,0.507367347395243,1.0301916652988057,1.1033445287226897,1.0358419901153948,1.0221029564593307,0.7736966281564677,0.948932703464262,-0.0020265017199309525,1.0069835259861906,0.46871510999543325,0.4485990192208971,0.3469178080558777,0.48384150862693787,0.4576489840235029,0.9285404341561454,0.709458487374442,0.9597428781645638,0.9046405213219779,0.7688817296709333,0.9499999965940203,-0.0018523825274314731,0.9671440635408673
35,0.0001,0.5078913447219655,0.49650126765827857,0.44342472013210066,0.5121842963354928,0.5057472393443141,1.029688245628775,1.1064625323978499,1.0355691562477771,1.0212483844327365,0.7731493314412454,0.9486372371362041,-0.0019104430393334449,1.00849750840963,0.46845622999327524,0.44810543741498676,0.34542509061949594,0.4835819218839918,0.4574315292494638,0.9284014786992755,0.7091252718652997,0.9595885957990374,0.9045238324574062,0.7684865338461739,0.9498536246163505,-0.0018599564417464925,0.9680624263627189
36,0.0001,0.5078242407721614,0.49435461104618117,0.4343181228063928,0.5103068033121698,0.5077919126533571,1.0312353001456351,1.1043900224836558,1.037346264001228,1.0226860986388284,0.7729176580142926,0.9485465817981296,-0.001726418848521912,1.007710885220287,0.46820337006023954,0.4478563070297241,0.3451872340270451,0.48333293199539185,0.4571746417454311,0.9281995977674212,0.7088413408824376,0.9594220859663827,0.904288751738412,0.7685304539544242,0.9498975362096514,-0.0018163823239904428,0.967874893120357
37,0.0001,0.5062959193115166,0.49253338932441676,0.4304393620840171,0.5095469555791317,0.5055734329783972,1.0302375461648685,1.1061105296908436,1.0354411849533662,1.022504716363859,0.7729512322760824,0.9483921279433564,-0.002190857339331845,1.0080176084943753,0.4678984752723149,0.44733170526368277,0.34369934030941557,0.4830531733376639,0.45688412870679584,0.9280536941119603,0.7086832778794425,0.9592937912259784,0.9041261076927185,0.7680181435176304,0.9496926324708121,-0.0018427626096776553,0.9692821162087577
38,0.0001,0.5075719324949151,0.49368537744985014,0.43086771162668375,0.5110082334728652,0.5066923690464823,1.0314212160054317,1.112954632294709,1.0374755719595545,1.0226493300502872,0.772182358269562,0.9483148960107666,-0.0022545392821503338,1.01025437124558,0.4676236169678824,0.44690664751189096,0.3426200108868735,0.4827921560832432,0.4566218682697841,0.9278400114604405,0.7083130649157933,0.9590978281838554,0.9039005637168884,0.7676229476928711,0.9495169775826591,-0.001840347656980157,0.9699359621320452
39,0.0001,0.5053962104697748,0.4907885252117073,0.4262616196566219,0.5075355383505042,0.505894740666723,1.0308305076983912,1.1075241643223956,1.0361091874223212,1.0229951450291257,0.7718146983562709,0.948393808989664,-0.0019881070102243104,1.0090676509473364,0.4673911077635629,0.44658236844199045,0.3419025923524584,0.4825613328388759,0.45640390685626436,0.9276707257543292,0.7080184391566685,0.9589348775999886,0.9037280593599591,0.7674033897263663,0.9495169775826591,-0.0017787403069503074,0.9701822314943586
40,0.0001,0.50518656073017,0.49061047731761864,0.4244435470469231,0.5090120354342083,0.5040524861657553,1.031113083430943,1.1057929602330976,1.037403544797326,1.0223335164117007,0.7718046197693469,0.94840053738659,-0.002041114566949195,1.0090939335132096,0.46711682421820505,0.4462346264294216,0.34122524516923086,0.4823029935359955,0.4561268814972469,0.9274873307773045,0.7075833252498082,0.9587900553430829,0.9035148790904454,0.7673741068158831,0.9495170031275068,-0.0017409015230701438,0.970277224268232
41,0.0001,0.5030565289155801,0.4870380280082554,0.4152120765178434,0.5064162200863277,0.5026249802240761,1.0300692939721678,1.1125059322827422,1.035998650166052,1.0213918304418943,0.771826454845991,0.9486389142454922,-0.001814461469302632,1.0064529826625213,0.4668174811771938,0.44582633461271015,0.340325334242412,0.4820291187082018,0.455822365624564,0.927298537322453,0.7072513103485107,0.9586391534124102,0.9032926900046212,0.7670813628605434,0.9493998970304217,-0.001748342437037666,0.9708026817866734
42,0.0001,0.5038647686159434,0.4870288480994522,0.41211791325091585,0.506844733503618,0.50394298805375,1.0313382160645292,1.1078194014487728,1.037118116495735,1.0230089680573542,0.7714151393982672,0.9483233097267346,-0.001704146950415069,1.0094759681868175,0.4665063577038901,0.44524059125355314,0.3385369437081473,0.4817482956818172,0.4555301453386034,0.9271254284041268,0.7069330045155117,0.9584607481956482,0.9031295010021755,0.7661739076886859,0.9490339585712978,-0.0017218297372372554,0.9726048793111529
43,0.0001,0.5021955759111454,0.4847488143904296,0.4065468903388723,0.5058277200810187,0.5017519023744376,1.0304926582562026,1.1042389454624315,1.036738349057074,1.021788618897879,0.7709450735779707,0.9483367284016919,-0.001869439332437436,1.00884833014811,0.46625973497118267,0.44485191787992207,0.33752463119370596,0.4815190391881125,0.45529151388577055,0.9269245522362846,0.7066832440240043,0.9582698941230774,0.9029208592006138,0.7653395789010184,0.9488290463175092,-0.0017553502776926117,0.9741961019379752
44,0.0001,0.5018833995903081,0.4847941868621389,0.4093061787802564,0.5043857773022962,0.5024668663450222,1.0309817975933468,1.1069494139153226,1.0372306199422936,1.022200902425138,0.7704800473258121,0.9484576169063785,-0.0018345680467153032,1.0096582671159118,0.46600034832954407,0.4446285877908979,0.3374557707990919,0.48125823054994854,0.45502770798546927,0.9266982844897679,0.7066500953265599,0.9580864565713065,0.9026454516819545,0.7654859508786883,0.9489314981869289,-0.0017754620348569006,0.9741105096680778
45,0.0001,0.5017635691062158,0.4836503650613522,0.4023325356592353,0.5056570428063548,0.5011844309366366,1.0312772740233696,1.1036708321378466,1.0377685760633797,1.0223728722935144,0.7699411601759016,0.9483451278345193,-0.002010444235924538,1.0103368302583084,0.46566701361111235,0.44414050238473074,0.3362856890474047,0.4809467451913016,0.4546999420438494,0.9264993667602539,0.7064346841403416,0.9579156637191772,0.9024181706564767,0.7649297543934414,0.948814400604793,-0.0018127074165801918,0.975322561604636
46,0.0001,0.5021242891374882,0.48388917563331474,0.40453002403103505,0.5036631902852428,0.5038385486303691,1.0304335765635972,1.1074015046472252,1.0360100205531806,1.0222917064238497,0.7701392471942912,0.9481621404763557,-0.0015742681784978775,1.0111576986813386,0.46536136525017874,0.44385642664773123,0.3360983942236219,0.4806365498474666,0.45439491101673674,0.9262880427496774,0.7062361921582904,0.9577492220061166,0.9021622623716082,0.7652371185166496,0.9489607725824628,-0.00178087070318205,0.9748719845499311
47,0.0001,0.49852356293295447,0.47868486871123617,0.3909104272715568,0.501562629793463,0.499071525538572,1.0304341046125292,1.1049299414378828,1.0358322156861204,1.0225531222328308,0.7692310321166219,0.948111774521001,-0.0016397456732100278,1.0094294708872598,0.4650200094495501,0.44329475505011423,0.33458511318479267,0.48030668922833036,0.45408127137592863,0.9261357188224792,0.7062151261738369,0.9576162695884705,0.9019859603473118,0.7646516476358686,0.9487119487353733,-0.0018116354726121894,0.976568843637194
48,0.0001,0.49793602505587214,0.47686271644896017,0.3833819764336744,0.5013957230085235,0.49829483667032815,1.030987640008277,1.1121000941447947,1.036560906334773,1.0227105757913038,0.768680381732175,0.9480462986813774,-0.0018901541607127287,1.0106745827704653,0.46473988464900423,0.4428715876170567,0.33351453287260874,0.48006240810666767,0.4537915289402008,0.925898015499115,0.705758946282523,0.9574052861758641,0.9017275742122105,0.7642417975834438,0.9484045675822667,-0.0018652648182718881,0.9775112356458392
49,0.0001,0.4972675849215776,0.4773786305099405,0.390118760599946,0.499614082936806,0.4984927910813538,1.030904240749826,1.1103906232274257,1.0364558258486356,1.0227032081322736,0.7687139566348751,0.9481252030842865,-0.0020279767310282114,1.010137977810072,0.4645283435072218,0.4428751255784716,0.334439788545881,0.4798466605799539,0.4535461664199829,0.9256359253610883,0.7053201539175851,0.9572046910013471,0.9014110905783517,0.7649004629680088,0.9487558688436236,-0.0018329311528110079,0.9757981555802482
50,0.0001,0.497000060689431,0.47613360966649715,0.384319492519909,0.4997141438145791,0.49804211224401174,1.030582244891847,1.1003587811468079,1.0363775354071392,1.0224610701989225,0.7699025497641615,0.9484458559608069,-0.001763358971373933,1.0085001307698438,0.464346387556621,0.44272464513778687,0.33435591629573275,0.47972841773714336,0.4532975213868277,0.9255122372082302,0.7050936477524894,0.9571222577776227,0.9012499281338283,0.765163949557713,0.9488144091197422,-0.001750900983876948,0.9755408678736005
51,5e-05,0.49613207859438746,0.4744861318829483,0.37994684323981304,0.4982782276971976,0.49785878831645614,1.0306959271247853,1.1034082669327947,1.0362972903117362,1.0226709002784382,0.7690581099473082,0.9482561534817134,-0.002008956428083147,1.0087915501470024,0.46420919043677195,0.44248478753226145,0.3336589293820517,0.4796099875654493,0.4531600219862802,0.9254088401794434,0.7049662896565029,0.9570224114826748,0.9011433379990714,0.764973657471793,0.9486533999443054,-0.00172614653794361,0.9765242678778512
52,5e-05,0.49425843493851773,0.473496022281803,0.3818718378536529,0.4972137718767126,0.4950492046487313,1.0301360838607343,1.1034732273585723,1.0364069509555056,1.0214203804868707,0.7693955423401004,0.9482796541312628,-0.0016140271129856279,1.006731726484792,0.46404739788600374,0.4423176518508366,0.33349795852388653,0.479420678956168,0.4530257284641266,0.9253297703606742,0.7049493449074882,0.9569493957928249,0.9010561534336635,0.7648565684046064,0.9486094798360553,-0.0016437647781068726,0.9766877634184701
53,5e-05,0.4963910736856983,0.4738448048577941,0.3746709186970974,0.4992937745037167,0.497545749269506,1.0307583747859863,1.1018979885122804,1.0365445472860848,1.0226010504711365,0.7680055070277427,0.9479640391137865,-0.0013099367932034528,1.0118789477526562,0.4638406591756003,0.4419226816722325,0.3323003947734833,0.47921366350991385,0.4528525173664093,0.9251978993415833,0.7048049398830959,0.9568150809832981,0.9009268454142979,0.764051514012473,0.9483313986233303,-0.001645292463113687,0.9784642968858991
54,5e-05,0.4966509223625224,0.4748082597379006,0.37981022730339997,0.4984362671391145,0.4987602364510313,1.0305420007390727,1.110815330767595,1.0366488512027465,1.02175918656377,0.7681062364053312,0.948016087671945,-0.0016898856729224202,1.011616833229524,0.4637085029057094,0.4417889288493565,0.33217076318604605,0.4790715277194977,0.45273004685129437,0.9250647595950535,0.704762944153377,0.9567006060055324,0.9007718392780849,0.7640515310423714,0.9483606730188642,-0.0016728334095595138,0.9786741307803563
55,5e-05,0.4943125815771203,0.47172443931125946,0.3721584562637595,0.4974183526883904,0.4952785550968133,1.030791597371216,1.108804803778438,1.0376396344920273,1.0213433450695435,0.7682825072691859,0.9479589991488947,-0.0018303241603808093,1.0098182273350553,0.46358991520745413,0.4416405643735613,0.3318751071180616,0.47897245628493174,0.45259771176746916,0.9249556916100639,0.7046295404434204,0.9566043785640171,0.9006511398724147,0.7639051505497524,0.9483167358807155,-0.0016629107080266944,0.9789324147360665
56,5e-05,0.49537066198957924,0.4740716266711431,0.3803367242865604,0.49815780026633133,0.4964179195505622,1.0311255987582912,1.1087265708967777,1.0375146512428552,1.022149820115343,0.7680709731621554,0.9480127285702438,-0.00150799810749373,1.0107368269884702,0.46344041398593355,0.44142616220882963,0.3313815934317453,0.478824998651232,0.45245782818113056,0.924851553780692,0.7044715540749686,0.9565115911620004,0.9005369458879743,0.7635245748928615,0.9482435584068298,-0.001704585796687752,0.9796082973480225
57,5e-05,0.4928702497811911,0.46873794979031,0.36304592307994626,0.4955416913528169,0.4945263833311113,1.031320600954008,1.1073698107548025,1.0367188290700018,1.0233872726643567,0.7672483697037665,0.9483081985301258,-0.0011807817514092626,1.0095968484512305,0.4632542388779776,0.44113795672144207,0.330658848796572,0.47863823601177763,0.4522902028901236,0.9247324381555829,0.7043455924306598,0.9564077513558524,0.9004040871347699,0.7630854759897504,0.9481557607650757,-0.0017132468388548919,0.9806311045374189
58,5e-05,0.4930371321657652,0.47069001881452444,0.37299978354620555,0.4953369294077204,0.4947386345860901,1.0310862874960325,1.109191326379654,1.037422536949103,1.0221464199953914,0.7669361067990187,0.9478163069111227,-0.001910834186469599,1.0115743979880338,0.463118885244642,0.4410337805747986,0.3306826949119568,0.4785075954028538,0.4521448314189911,0.9246543390410287,0.7042886955397469,0.9563501817839486,0.9003042152949742,0.7632465021950858,0.9481996468135289,-0.001684303819534502,0.980297361101423
59,5e-05,0.49185660823271693,0.46997548407062895,0.37383113954839986,0.49457501408324994,0.4930724773844022,1.0310862843830404,1.1032352304983555,1.0380455936093973,1.021722259273666,0.7670469108570311,0.9478800937083216,-0.0011880595085432364,1.010257812231184,0.4630118097577776,0.4410301276615688,0.33112463780811857,0.478396156004497,0.45202374884060453,0.9245737535612923,0.7041948097092765,0.9562919054712568,0.9002016101564679,0.7637002212660653,0.9483460102762494,-0.0016430075962229498,0.9790611011641366
60,5e-05,0.49236964910871484,0.470273284624005,0.3739598420297434,0.49437708343167946,0.4943092040874014,1.0297946266437028,1.1144948164377833,1.036415931571769,1.0203498982186814,0.768060907362915,0.9484391326301231,-0.0015075010823584708,1.0091031005427706,0.46284239632742746,0.44069079416138784,0.33003623144967215,0.4782505716596331,0.4518608706338065,0.9244503038270133,0.7040123513766697,0.9561650667871747,0.9000840016773769,0.7629244838442121,0.948053274835859,-0.0016437891005937541,0.9806929060391018
61,5e-05,0.4922561522208906,0.46940232360906253,0.36939215843212403,0.49470762036363103,0.4939002506072498,1.0305827021659855,1.1057746818721204,1.0363461986542726,1.0223126639724083,0.766999897472198,0.9478448449008842,-0.0014994344232948206,1.010836504571449,0.4626956156321934,0.4404191630227225,0.3292044826916286,0.4781298722539629,0.45171100752694265,0.9243740439414978,0.7038979360035488,0.9560948014259338,0.9000026498522077,0.7625439081873212,0.94789229120527,-0.0016574076310332333,0.9817548138754708
62,5e-05,0.49264052577404505,0.46910829908470586,0.3664667290934403,0.4948445856113404,0.49464217698152896,1.0310807156062285,1.101747707593032,1.037708115040554,1.0220978660456534,0.7667396969204369,0.9479640393579427,-0.0016080160372300646,1.0117704533212195,0.4625718252999442,0.4403575616223471,0.32943198510578703,0.47798347047397066,0.45159807801246643,0.9242805327687945,0.7037821667534965,0.9560238974434989,0.8998871530805316,0.7627927235194615,0.9479215570858547,-0.0016745979831154858,0.9812854187829154
63,5e-05,0.4906974589586624,0.46424451651966275,0.3488024040728548,0.4932328791296061,0.49289197440765115,1.0307271912716867,1.1091516404901476,1.0371426476372614,1.0216977240425222,0.7672617935060051,0.9481235148048499,-0.0012761303925857184,1.0091861038408216,0.46251795973096577,0.4404957592487335,0.3304358891078404,0.47788446715899874,0.4515544857297625,0.9242143716130938,0.7037224343844822,0.9559785553387233,0.8997995938573565,0.7634953090122768,0.9483313815934318,-0.001682362544150757,0.9796016131128583
64,5e-05,0.4916120581119047,0.4679009625683427,0.3633298869018242,0.4949244740554997,0.4925757949619616,1.030618077965193,1.110187927271486,1.0378145222412398,1.0207694253125559,0.7677805468905479,0.9481806057694626,-0.001297121603472022,1.0091883119289167,0.46237339292253765,0.4402298160961696,0.3296232095786503,0.47776847226279123,0.45140312399183,0.9240959456988743,0.7037010618618557,0.9558623262814113,0.8996761441230774,0.7628952094486782,0.9480679290635246,-0.0016519411583431065,0.9809638006346566
65,5e-05,0.4912220436185064,0.46819148525114984,0.36797915714188717,0.49315002507206357,0.49340212993663335,1.0312560520230716,1.106427855816366,1.0370635763535545,1.022943023224092,0.7665684628474425,0.947831413194087,-0.0016071588371790225,1.010747409025584,0.46222643341336933,0.439883645091738,0.3283838501998356,0.4776627208505358,0.4512516600745065,0.9239724363599505,0.703603174005236,0.9557410308292934,0.8995496886117118,0.7619876861572266,0.9477312649999347,-0.0016471089579031936,0.9834051813398089
66,5e-05,0.49007777754490156,0.46544608791180897,0.35858604778891884,0.4918363671911965,0.4927022819847433,1.0307184396129476,1.1107310868505935,1.0362231110647526,1.0225466717772769,0.7658616834827038,0.9479321416560894,-0.0016100925698121023,1.0104457205585864,0.4621641295296805,0.4398973754474095,0.32873448729515076,0.4775882959365845,0.4511877511228834,0.9239036015101841,0.7035836918013436,0.9556951693126133,0.899455692086901,0.7623097130230495,0.9478044424738202,-0.0015729863246503686,0.9826463546071734
67,5e-05,0.4913216113159123,0.46774463183868864,0.36521114443304353,0.4932416529150053,0.4936052292539594,1.030131673300138,1.1127520519772738,1.036402545827386,1.021106731171371,0.7659758416372144,0.9475309102888053,-0.0014656097610293674,1.0136623200671953,0.4621166799749647,0.4398867402757917,0.32885612760271343,0.4775648159640176,0.4511103459766933,0.9238265241895404,0.7035405465534755,0.9556277138846261,0.8993685415812901,0.7624853508813041,0.9479654771941048,-0.0015477306608642852,0.9820865988731384
68,5e-05,0.4907603122091757,0.46503068989689267,0.35280407379971246,0.49317076190337117,0.49294830078170415,1.031275059007341,1.1070362256541353,1.037335735403814,1.0226890993801923,0.7655494276584873,0.947848206444148,-0.0014701132073424302,1.0128799457154516,0.46196773648262024,0.43953695041792734,0.3275991209915706,0.47746456520898,0.45094948581286837,0.9236808504377093,0.7034230147089277,0.955485463142395,0.8992183804512024,0.7616071360451835,0.9476873448916844,-0.0015611042617820203,0.9842509286744254
69,5e-05,0.48987810239691765,0.46349604439259307,0.3480955210790473,0.49266119807180353,0.4918211225174173,1.0308764841211069,1.1047234527282206,1.0371461161514826,1.022145278107125,0.765104554795755,0.9472455188853278,-0.001351127852230341,1.0134996186142633,0.4618765243462154,0.4394365804536002,0.32742659960474285,0.47740414312907625,0.45083062989371164,0.9235861045973641,0.7033023663929531,0.9554013695035662,0.8991131697382245,0.7615778701645988,0.9477458936827523,-0.0015394076971071108,0.9843073657580784
70,5e-05,0.49045355466165363,0.4656277201417404,0.35879978152250425,0.49139531616730014,0.49390031243982035,1.0296824954438686,1.1022620467241153,1.0355344534957953,1.021411371365365,0.7652354961594007,0.9475577717491498,-0.0015117245343243403,1.014293395673319,0.46179929801395964,0.4393769758088248,0.3274239940302713,0.4773436742169516,0.4507344237395695,0.9235133273260934,0.7032100813729423,0.9553371582712445,0.8990328907966614,0.7617535250527518,0.9477751936231341,-0.0015021952567622066,0.984066299029759
71,5e-05,0.4871300186063471,0.46073925428004736,0.3458116975156576,0.4894286479879146,0.48954193357376335,1.0300645370759296,1.109059172322429,1.0357725462483798,1.0217235451530813,0.765336216289571,0.9479522960221407,-0.000950871060432602,1.0099059799299812,0.46166292258671354,0.4392589330673218,0.3273994965212686,0.47719318526131765,0.4506081002099173,0.9234404223305839,0.7030778527259827,0.9552816918918065,0.8989442331450326,0.7620023574147906,0.9478044595037188,-0.0014899141637475363,0.9835520897592817
72,5e-05,0.48697515067783187,0.46047807760685455,0.3448392838789021,0.4895188485086727,0.48916929571126827,1.0298206060895905,1.1151780063258765,1.0362125186509983,1.0205832432919262,0.7653597227378314,0.947930463722774,-0.0017793194838612127,1.0105535628486766,0.461606251341956,0.43925923109054565,0.32764392665454317,0.4771348237991333,0.4505433440208435,0.9233679941722325,0.7030020185879299,0.9552149857793536,0.898866593837738,0.7621633580752781,0.9479069284030369,-0.0014568323053286544,0.9829939178058079
73,5e-05,0.4869305545161824,0.4617322913756812,0.3519031856832783,0.48921527628464023,0.48914669520477727,1.0307592273185757,1.10309898072002,1.0370404913189835,1.022066601776674,0.7655175239442863,0.947774334101572,-0.0011215095679598531,1.0098857793573592,0.46147918701171875,0.43907214062554495,0.32718314443315777,0.4770248830318451,0.450410212789263,0.9232496278626579,0.7028831158365522,0.9550977008683341,0.8987473334584918,0.7617974281311035,0.947848379611969,-0.001438142274439867,0.983818028654371
74,5e-05,0.48751450732495316,0.46264498687315403,0.3541616478823297,0.4898519841634611,0.489622183506512,1.0297862442712935,1.111788517929503,1.0356135814542717,1.0212256409727605,0.7657055523660448,0.9478616337866522,-0.0010163572064185533,1.0111031485287518,0.4613707533904484,0.4389291618551527,0.32686714615140644,0.47694049562726704,0.4502849153109959,0.9231606636728559,0.7028494562421527,0.9550108228410993,0.898653873375484,0.7616656763213021,0.9476580960409982,-0.0014509974446679866,0.9844194565500531
75,5e-05,0.4857261183319248,0.4576356211687685,0.33612434058633756,0.48739527267367183,0.4890437266244317,1.0305160871238142,1.1088645014467449,1.036459410977986,1.0219611755958045,0.7653446189879882,0.9478733878042902,-0.0012762115485200833,1.0095966468392064,0.46126065083912443,0.43880257436207365,0.32664922305515837,0.4768513653959547,0.45015683344432283,0.9230560660362244,0.7027450289045062,0.9549178991998944,0.8985380445207868,0.7615632159369332,0.9476434418133327,-0.0014510568331128784,0.9846328156335014
76,2.5e-05,0.48447606191840226,0.45676380514915454,0.33605127711816135,0.48691840874983966,0.4869811461939912,1.029808577609807,1.1060336493127356,1.0358833318725953,1.0211928317440637,0.764814119368288,0.9479103255931134,-0.0012151822569378052,1.0095304658458102,0.46127098373004366,0.4388466307095119,0.3268062600067684,0.47689117704119,0.4501326467309679,0.9230276261057172,0.7026736225400653,0.9548952749797276,0.8985051768166679,0.7617096049445016,0.9476727247238159,-0.001440000146560903,0.9844132661819458
77,2.5e-05,0.4877032845434139,0.46240351554740716,0.35232695534298863,0.48981198010784016,0.4901071000697365,1.029981813855618,1.1085160584310598,1.0367496721084095,1.020596241926573,0.7651079083429015,0.9477676256338999,-0.0012809856023679497,1.0118120641386088,0.46121596012796673,0.4387821299689157,0.32668997985976084,0.476846524647304,0.4500695211546762,0.9229918718338013,0.7026221241269793,0.9548628585679191,0.8984659995351519,0.7617827994482858,0.9476873619215829,-0.0014190067969528691,0.9843054924692426
78,2.5e-05,0.48637906281507387,0.458093107372324,0.3360553164391779,0.4877568682950396,0.49001202043727676,1.0297408561735841,1.1011132418468434,1.0359153429850272,1.0211872693763533,0.7647687897765203,0.9476081291590357,-0.0010431810929280212,1.0117532914257392,0.46117607184818815,0.4387310658182417,0.32658145257404875,0.476815653698785,0.4500231146812439,0.9229457463536944,0.7025699700628009,0.9548191513334002,0.8984181540352958,0.7616949677467346,0.9476288216454642,-0.0014140437706373632,0.9845420718193054
79,2.5e-05,0.48806663744887874,0.4622043819837673,0.3505246666871885,0.4894202773044858,0.4912976869179295,1.0295756584671418,1.1007725842720535,1.0366836798477954,1.020094434664424,0.7649584963147114,0.9475745559654295,-0.0012690027647819112,1.0131065956580596,0.46110392468316214,0.43865613852228436,0.3265147422041212,0.47672487582479206,0.4499691128730774,0.922902158328465,0.7025477715900966,0.9547790629523141,0.8983703000204903,0.7617388708250863,0.9476141844476972,-0.00140750316703426,0.9845523323331561
80,2.5e-05,0.4843100555511969,0.4572537549019348,0.3388055540083374,0.48725778119294266,0.4862124762257978,1.0302406172232328,1.121418297870673,1.0362547803584332,1.0211871170533722,0.7638941416359534,0.9475913465602912,-0.0012295458354525596,1.0111151041278947,0.46107410958835054,0.43870038219860624,0.32690606798444477,0.47666517325810026,0.4499552973679134,0.9228933027812413,0.7025610378810337,0.9547802209854126,0.8983510392052787,0.7621194464819772,0.9477166278021676,-0.0013922720182953136,0.9837056738989693
81,2.5e-05,0.48528283288157786,0.45754641064056906,0.33873524311195563,0.48582094669708276,0.4896296090305737,1.02940552355507,1.099901700959838,1.035236424625805,1.0212244062135603,0.7653580482837425,0.9479673997414643,-0.0015420769710862447,1.0105622373845597,0.4610352856772287,0.43863206250326975,0.326706234897886,0.4766311390059335,0.4499174441610064,0.922835920538221,0.7025255986622402,0.9547248908451625,0.8982909577233451,0.761885234287807,0.9476434332983834,-0.0013984967372380197,0.9842775889805385
82,2.5e-05,0.48413266629911483,0.4552857021887487,0.3297728824572751,0.48653978660237285,0.48687075837660737,1.02985957864609,1.0957938793434343,1.037121788941465,1.020399536130615,0.764825868106047,0.9477525046710411,-0.001253572755902853,1.0096573667592168,0.4609626531600952,0.43853013856070383,0.32648264510290964,0.4765558498246329,0.44985227073941914,0.9227710877146039,0.7024926628385272,0.9546602027756828,0.898224481514522,0.76172422511237,0.9476141674177987,-0.0014185921671534224,0.9846058573041644
83,2.5e-05,0.485229390786357,0.45709001328233445,0.3356212954672556,0.486660140710065,0.48878557323127664,1.0297981176813382,1.1055785284491606,1.0363874147930818,1.0206826174192043,0.7644582032485919,0.9475191612763705,-0.001105669855711914,1.0115704844074864,0.4608669536454337,0.4384239230837141,0.326361745595932,0.4764327960354941,0.44978387866701397,0.9227236935070583,0.702454686164856,0.9546196034976414,0.8981704711914062,0.7616656933512006,0.9475702558244977,-0.0014314276382460126,0.9846437403133937
84,2.5e-05,0.4865762977739267,0.4594958573198294,0.3410665628333856,0.48940825859095216,0.48859466547485014,1.0300106338153299,1.1062836020009919,1.035497485034843,1.0219815084095558,0.76446995790714,0.9475544181714837,-0.0012842108456430318,1.0130786612835898,0.46086631076676504,0.4384552836418152,0.3265243811266763,0.4764361636979239,0.4497744228158678,0.9226840138435364,0.7024564146995544,0.954580477305821,0.8981281263487679,0.7618267110415867,0.9475556186267308,-0.0014314902031661145,0.9844833186694554
85,2.5e-05,0.4857652399915948,0.4599225837422589,0.3471881048195922,0.48820005951633344,0.48794974044110306,1.0306012667696476,1.10882813492251,1.0368770679265367,1.021717911796941,0.7640183580818997,0.9473898837154973,-0.0010966170259455244,1.013081977078076,0.46080777049064636,0.43834818261010305,0.32618704438209534,0.4763996260506766,0.44970317823546274,0.9226245539528983,0.702388618673597,0.9545230780329023,0.8980674147605896,0.7614754182951791,0.9475117155483791,-0.001435148238670081,0.9851785046713692
86,2.5e-05,0.4867377455913282,0.45900508489782116,0.339084463643222,0.48834499081952476,0.4900523119258441,1.0291233880972777,1.1063666304013573,1.0356118798377998,1.0200601571105532,0.7641912797934205,0.9474469719638717,-0.0008854087447762848,1.0141263789722874,0.4607979272093092,0.4383905529975891,0.3264569810458592,0.47638505697250366,0.44968877945627483,0.9225989580154419,0.7023600254740033,0.9545005474771772,0.898039059979575,0.7616071275302342,0.9475702558244977,-0.0014166377950459719,0.9846673352377755
87,2.5e-05,0.4843932357251919,0.45631075427279494,0.3355784146863866,0.48535481133463443,0.4883921902056419,1.0293511654008551,1.1071272093518478,1.0351666795615349,1.0209432126800646,0.7643087899385814,0.9476937524978161,-0.0011828996950910221,1.0117842738468465,0.46076866132872446,0.43836991701807293,0.326467935528074,0.47636039342199055,0.4496537276676723,0.922543500150953,0.702337384223938,0.954443769795554,0.8979828102248055,0.761607153075082,0.9475409984588623,-0.0014098923420533538,0.9847858377865383
88,2.5e-05,0.48375724896185834,0.45662033811203956,0.3383391743904496,0.4862196977267922,0.4861421416462597,1.0297157029219304,1.1125626621097402,1.035751529919204,1.020918268670318,0.764621051164755,0.9476601820814872,-0.0012212163910338405,1.0105564673924776,0.46079408696719576,0.4384491060461317,0.3267532842499869,0.47640769822256906,0.4496486783027649,0.9225233708109174,0.7023244840758187,0.954429566860199,0.8979570099285671,0.7616949762616839,0.947614175932748,-0.0014099807511749013,0.984470180102757
89,2.5e-05,0.4831007850579097,0.45486253480147043,0.33244998212112137,0.48502802358977437,0.4861950776666113,1.0293203348754554,1.1070132940412483,1.0349501999170427,1.02110056384551,0.7646160222174141,0.9479019188050789,-0.0010222197771148688,1.0102568430529457,0.4607949810368674,0.4385036400386265,0.32703252349581036,0.4764122026307242,0.4496367999485561,0.9225060939788818,0.7022933789661953,0.9544160621506828,0.897936497415815,0.7620023318699428,0.9477312649999347,-0.0014031417335250548,0.9839187945638385
90,2.5e-05,0.4848909053781737,0.4582080269128435,0.3407984879983735,0.488364422162618,0.4862203384690937,1.0293297148092673,1.1059129249115693,1.0350293801249568,1.0210773157450828,0.7649467466918859,0.9477978486375082,-0.000898953853449243,1.0111370748943753,0.4607709986822946,0.43846226164272856,0.3268917373248509,0.4764116789613451,0.4495935482638223,0.9224546551704407,0.7022656798362732,0.9543618474687848,0.8978872980390277,0.7618413482393537,0.947658087526049,-0.0013844385643356613,0.9843823143414089
91,2.5e-05,0.4837427377029376,0.45499717850472704,0.3314817662093802,0.4846627125664363,0.48789820512990373,1.0292896035385328,1.1037233958046557,1.0362724956340565,1.0198255579592446,0.7643759442303526,0.947759230534846,-0.0011022392246935132,1.0117838966254387,0.46071324603898184,0.43836132543427603,0.32658253397260395,0.4763772828238351,0.44952056237629484,0.9223905972072056,0.7022162250110081,0.9542959587914603,0.8978247472218105,0.7614461353846959,0.9475117240633283,-0.0013577534035513444,0.9851936272212437
92,2.5e-05,0.4830642615106859,0.4554466870706385,0.33476403497514273,0.485861570207632,0.48521027603762246,1.0282106501471369,1.097538610452026,1.0346880534704808,1.019422078157045,0.7638689515777447,0.9477877704778574,-0.0010847677214426898,1.0122114589015339,0.46067166328430176,0.4383237361907959,0.32656837361199514,0.4763300546577999,0.449483437197549,0.9223514199256897,0.7022157737186977,0.9542584078652518,0.897782461983817,0.7614168695041111,0.9475263612610954,-0.0013396042299323849,0.9853859543800354
93,2.5e-05,0.48281160676045964,0.45438905947646663,0.33070790569292724,0.4851974259262749,0.4854958737683919,1.030196097223074,1.1062622165533438,1.0365206903515263,1.0213358029913915,0.7640502657331202,0.9475762387818699,-0.0010058831345314742,1.0108833246455702,0.46068223885127474,0.438370270388467,0.3267641237803868,0.47634432145527433,0.4494842716625759,0.922320442540305,0.7021684306008475,0.9542251058987209,0.8977536048207965,0.7614022237913949,0.9474531497274127,-0.0013439444924837776,0.9854776433535984
94,2.5e-05,0.4830561686160317,0.45638898178301773,0.3399021324596219,0.48571633051983587,0.4851679322631678,1.0296137424474854,1.110118062448575,1.0364155863958693,1.020128629235689,0.7641660955034032,0.9476736047545031,-0.001157908489392604,1.0107250418409102,0.4606177295957293,0.4383265972137451,0.3268298847334726,0.4762602320739201,0.4494349956512451,0.9222967284066337,0.7021387900624957,0.954207352229527,0.8977249605315072,0.7615193128585815,0.9474970868655613,-0.0013361066480034164,0.985271658216204
95,2.5e-05,0.48071467641433935,0.45184538630540716,0.32643871390080975,0.4829302647146761,0.4836416745332346,1.029334398092396,1.1079932591638013,1.035898092827062,1.0201488064913888,0.7646059469571189,0.9479959402948663,-0.0008859489941888446,1.0075595967902689,0.46054708531924654,0.43815507207598003,0.32619740281786236,0.4762192794254848,0.44935319253376554,0.9222186718668256,0.7020398293222699,0.9541252596037728,0.897651629788535,0.7609045505523682,0.947306786264692,-0.0013258402136021427,0.9865156156676156
96,2.5e-05,0.4838605526161389,0.45614404093590505,0.33625110382613804,0.4855068689484018,0.4871346063023034,1.0287764436211027,1.1026722948122685,1.0344689102338878,1.0206208207701268,0.7622254067546456,0.9470843579057419,-0.0008569212316373755,1.0152780706920321,0.4604911633900234,0.43806296586990356,0.3259474975722177,0.4761666783264705,0.4493004211357662,0.9221606424876622,0.7019871984209333,0.9540690098490033,0.8975915312767029,0.7606557352202279,0.9472043343952724,-0.0013150978234729596,0.987050575869424
97,2.5e-05,0.48300764384296574,0.4556819547522819,0.3372719129781142,0.4848282282863955,0.48604481154933565,1.0287697927437864,1.1033424292841265,1.0349364254453886,1.020117238614111,0.7641946384373287,0.9477609045311419,-0.0008943504408284206,1.0109602108529085,0.4604651119027819,0.4380700673375811,0.32609965971537996,0.476136897291456,0.44927227922848295,0.9221479892730713,0.7019594141415187,0.954062921660287,0.8975728665079389,0.7609631163733346,0.9472775118691581,-0.0013000928364428027,0.9863172258649554
98,2.5e-05,0.48333380068807313,0.4545603153404064,0.33055874528301354,0.48460272188010856,0.48715733470089057,1.0286738339962254,1.1040041354822,1.0350076553764187,1.0198287777698045,0.7638236266554653,0.9476736033506047,-0.0005738773703655248,1.0127549853559281,0.4604107141494751,0.4380385790552412,0.32618191412517,0.4760669001511165,0.4492291637829372,0.9221168841634478,0.7019593800817218,0.9540360569953918,0.8975365502493722,0.7611387372016907,0.9473360521452767,-0.001283960001144026,0.9859428576060704
99,2.5e-05,0.48283274481678645,0.4539789604304451,0.32985034478943714,0.483896981781712,0.4868679530670627,1.029103653100107,1.1007690686051563,1.0353628621001276,1.0204557305229547,0.7635667670768038,0.9475829504846123,-0.0011691975905509886,1.0131356455824403,0.4603985377720424,0.43804430961608887,0.3262688432421003,0.4760508579867227,0.4492170086928776,0.9220902834619794,0.7019294244902474,0.9540097458021981,0.8975096940994263,0.7612265603882926,0.9473946009363446,-0.0012730295254316712,0.9857791151319232
100,2.5e-05,0.48085372304830926,0.45332128235272,0.3337478633498877,0.4829420422933923,0.4836689200971411,1.0284235872980636,1.1068732735137725,1.0351013614163298,1.0191308285600396,0.764318870906029,0.9474973312049295,-0.0008886027996832694,1.0103983489965331,0.4604145416191646,0.4380337085042681,0.32609965971537996,0.47610942806516376,0.4491967942033495,0.9220398153577533,0.7019230467932565,0.9539576683725629,0.8974584596497672,0.760977736541203,0.9471896971975055,-0.0012442696107817547,0.9865343996456691
101,1.25e-05,0.48185861821792336,0.4521935359215773,0.3246189096891996,0.48291093585616923,0.4860476143257592,1.0282250792016998,1.1095443729004124,1.0341973250423768,1.0195422406020802,0.7635701369824193,0.9474486425724996,-0.000808014782385007,1.012088797883504,0.46039630685533794,0.4380083169255938,0.3260403403214046,0.47609446729932514,0.44917671595300945,0.9220213464328221,0.7019080519676208,0.9539400509425572,0.8974391051701137,0.7608899218695504,0.9471896971975055,-0.0012404515873640776,0.9866299203463963
102,1.25e-05,0.4839104942889685,0.4566310421814994,0.3400502913558538,0.48418032604184325,0.4884360653891419,1.0283930191795947,1.1047528492934389,1.0346677836795617,1.019573064932015,0.7631185280013194,0.947534265789202,-0.0014608629150158752,1.0145037499563059,0.46039919768060955,0.43802578108651297,0.32611312185014996,0.4761040338448116,0.44917045320783344,0.9220078332083566,0.7018996477127075,0.9539275339671544,0.8974253790719169,0.7608752931867327,0.9471896801676069,-0.0012303375988267362,0.9866724695478167
103,1.25e-05,0.4822919283441806,0.4539356508349005,0.3304753648398537,0.4847362830250677,0.48490809803734175,1.0286064897814104,1.0995835483348864,1.0354562750609788,1.0193909618467536,0.7629019659235731,0.9475745529134763,-0.0008458810123545583,1.0130885234870364,0.4604177858148302,0.4380850281034197,0.32634522659438,0.47612307752881733,0.44918149283954073,0.9220084803444999,0.7019165498869759,0.9539298585483006,0.897423267364502,0.7610362853322711,0.9472482459885734,-0.00121270351311458,0.9862304329872131
104,1.25e-05,0.48061429593603366,0.4516188869461669,0.32706558013108833,0.48150846433834854,0.4848384345059998,1.0282975160581176,1.1065867117473058,1.0343667245558208,1.0196185347305098,0.7640150034665695,0.9475409807575341,-0.0011600772287511576,1.0103654537943163,0.4603831597736904,0.4380651456969125,0.32639976910182406,0.47607762047222685,0.4491546154022217,0.9220035076141357,0.7019167201859611,0.953927048615047,0.8974161148071289,0.7611972945077079,0.9473360691751752,-0.001209270117604839,0.9858985032354083
105,1.25e-05,0.48260884350895333,0.4548636183669124,0.33368105302086504,0.4853639427784218,0.4848180932078188,1.0289321558877131,1.1055269649684338,1.0355324657587168,1.0197786640888962,0.7636305630603816,0.9476215633379149,-0.0012472592159739472,1.0121589957355415,0.4603474736213684,0.43800054277692524,0.3262042318071638,0.47604881865637644,0.44911764349256245,0.921971687248775,0.7018872925213405,0.953896531036922,0.8973831449236188,0.7610801969255719,0.9472336002758571,-0.0012129331839137844,0.9862003752163478
106,1.25e-05,0.4833099285547879,0.45434410248239776,0.3303030068088176,0.48383735118007515,0.48788273891484624,1.0284898466350967,1.102613366693945,1.0347120659325713,1.0197966803176184,0.7633837758426598,0.9475594496824652,-0.0009721840316447855,1.0142614376038328,0.46029854246548246,0.4378924710409982,0.3258397536618369,0.47600408111299786,0.4490749367645809,0.9219258427619934,0.7018389276095799,0.9538498180253165,0.897338364805494,0.760831356048584,0.9471604228019714,-0.0012063596929822648,0.986965503011431
107,1.25e-05,0.48343764057051997,0.45352785229011494,0.3257880114739941,0.4836557168595558,0.4884746017147197,1.0287893786225268,1.1053837683038472,1.035265898100242,1.0197597506775102,0.7635566919996258,0.9476417095552514,-0.001183302104768772,1.0139332501874847,0.4602866343089512,0.43787427459444317,0.32578002980777193,0.4760062098503113,0.4490505371774946,0.9219083189964294,0.7018252951758248,0.9538320302963257,0.8973204663821629,0.76080208165305,0.9471311398914882,-0.0011863837342908873,0.9872125557490757
108,1.25e-05,0.48390185570509325,0.45351177487566235,0.3232954882440113,0.4845273686688311,0.4886299282754926,1.0288444308214046,1.108870423517652,1.0350599009991912,1.019961201345011,0.7628902166975015,0.9473831726841846,-0.0013713084358704805,1.0160590969350358,0.46033340266772677,0.43793628896985737,0.32587253195898874,0.47608586294310434,0.4490628114768437,0.9218916382108416,0.7017977408000401,0.9538136380059379,0.8973058887890407,0.7607728072575161,0.9470140593392509,-0.0011823485006711312,0.9874618564333234
109,1.25e-05,0.4823898737148572,0.4529250621246303,0.3262727693203957,0.48337676844960653,0.48660705468621673,1.0295282033426116,1.1061027445551437,1.0358442469126619,1.0206596587049734,0.7633199791266133,0.9472824471215376,-0.0007188272417112384,1.013471753427571,0.4603348970413208,0.4379517606326512,0.32593790122440885,0.4760964938572475,0.44905310443469454,0.9218726839338031,0.701798507145473,0.9537966166223798,0.8972846354757037,0.760787444455283,0.947057945387704,-0.0011774529619807644,0.987451331956046
110,1.25e-05,0.4790853124457143,0.44952565254581567,0.32124469126729677,0.4812355920161214,0.482196366579424,1.0292437208718175,1.1053470816907673,1.0352535820959534,1.020697020837361,0.7626266484680508,0.9475006913442948,-0.0007446456669090165,1.011160842742422,0.46032946024622234,0.4379477671214512,0.3259285092353821,0.47610200728688923,0.44903682810919626,0.9218532528196063,0.7017751336097717,0.9537782839366368,0.8972642081124442,0.7608167273657662,0.947057945387704,-0.0011742670820759876,0.9875697493553162
111,1.25e-05,0.4819387331322652,0.45332775736123676,0.3284631495025911,0.48468566050727246,0.48430763207150923,1.0279460983647484,1.106203948908199,1.0344672483233264,1.018816478302463,0.7619819793100547,0.9472236827710196,-0.0012879255497174817,1.0153189766303246,0.4603201278618404,0.43795980725969585,0.3260382243565151,0.4760860502719879,0.4490304546696799,0.9218367678778512,0.7017648986407689,0.9537633061408997,0.897245969091143,0.7607142925262451,0.9470433337347848,-0.00116911214926014,0.9873490589005607
112,1.25e-05,0.4823090345415163,0.4538205998467593,0.33046435873385155,0.4841191276061004,0.4855605186527348,1.0290356327250745,1.0976440333367858,1.0346835077693997,1.0211007548367372,0.7626249623249813,0.9473496055639651,-0.0012771945219740646,1.014543229655858,0.4602952940123422,0.43792509181158884,0.3259534410067967,0.47606890967914034,0.44899977105004446,0.9218141777174813,0.7017297659601484,0.9537430831364223,0.8972223401069641,0.7606703809329441,0.9469994136265346,-0.0011701760231517255,0.987550573689597
113,1.25e-05,0.48056214126146457,0.4486939662307333,0.31251517884315005,0.48086577467715746,0.4858600988610244,1.028940555747814,1.1033857390017492,1.0351569428544012,1.0202424673318742,0.7629489737538515,0.9473563230348988,-0.0010291817221319407,1.0129222418794372,0.4602756585393633,0.43789756298065186,0.3258886933326721,0.47605256523404804,0.44897845813206266,0.9217936481748309,0.7017091512680054,0.9537222640854972,0.8972016402653286,0.760626460824694,0.9469994136265346,-0.0011750887829943427,0.9877208300999233
114,1.25e-05,0.4804546418583094,0.4513033208514993,0.32579010277910225,0.4816295741096375,0.48443500017790203,1.029039645219423,1.117076106274122,1.0343655232460267,1.0207788878322197,0.7631789717195709,0.9475090849784112,-0.0007089531351704889,1.0116163179072366,0.4602687954902649,0.4379169728074755,0.32601828234536306,0.47604712418147493,0.4489657964025225,0.9217855845178876,0.701711084161486,0.9537148220198495,0.8971924270902362,0.7606850096157619,0.9469994136265346,-0.001171945411312793,0.9875118391854423
115,1.25e-05,0.4819937235748713,0.4522317356777631,0.32444142612413573,0.48285855782440973,0.48638054559124594,1.0292308090652371,1.118339507749492,1.0347992854428425,1.0206920208225359,0.7624973722500369,0.9474805444860482,-0.0014893560656248624,1.0142990855516316,0.4602232107094356,0.4378416453089033,0.3258121481963566,0.4760057670729501,0.44892119084085735,0.9217509882790702,0.701688391821725,0.9536787526948112,0.8971578734261649,0.7605239919253758,0.9469554850033352,-0.001171824655362538,0.9879590102604457
116,1.25e-05,0.48100299268762575,0.45309843567781305,0.33281384271899067,0.48225991338628776,0.48468569151511637,1.0288676652185622,1.1133752991099632,1.0348851164975534,1.0200332157805951,0.762979192698362,0.947089385021911,-0.0009712617805240036,1.0127149485223303,0.46020438841411043,0.437836834362575,0.3258707012448992,0.4759835728577205,0.4489030156816755,0.9217412301472255,0.701683052948543,0.9536704761641366,0.8971469146864754,0.7606557352202279,0.9469994136265346,-0.0011707890163441853,0.9877167769840786
117,1.25e-05,0.47923248382146943,0.44976257820100096,0.32100421605327467,0.48219988607652237,0.4815392662669473,1.028889552300488,1.1045789064899567,1.0353414014370943,1.0199147984728836,0.7632964878770796,0.9476971066248338,-0.0007394549479308461,1.0103340560023868,0.4601926292691912,0.4378065126282828,0.3257497123309544,0.4759828874043056,0.44888378041131155,0.9217165282794407,0.7016628299440656,0.9536458849906921,0.8971226300512042,0.7604361602238247,0.9469262106078011,-0.0011709316251134233,0.9881415111677987
118,1.25e-05,0.4803865385769699,0.4499393900540689,0.3177960551493118,0.48261167540100985,0.483581094774172,1.029417219616118,1.111050325329952,1.0364740808621713,1.0196391620272194,0.7624789014328949,0.9472589471739374,-0.0009980427495385599,1.0129194329228086,0.46017761315618244,0.4377967928137098,0.3257667251995632,0.4759641800607954,0.4488711782864162,0.92170592716762,0.701648371560233,0.9536362971578326,0.8971106580325535,0.7605240089552743,0.9469262276376996,-0.0011787470762750932,0.988002095903669
119,1.25e-05,0.4800972684920292,0.4506207621225747,0.32261543820530586,0.48232234386499273,0.4831216504222237,1.0280899045654157,1.1054079964169465,1.034436476242829,1.019165922755531,0.763200789216965,0.9475896727471125,-0.0008751375778433135,1.012276574946402,0.460190406867436,0.43787444063595365,0.32613625696727205,0.4759622641972133,0.44888681173324585,0.9217156342097691,0.7016722219330924,0.953648967402322,0.8971172911780221,0.760831356048584,0.947087219783238,-0.0011850952453512167,0.9871922561100551
120,1.25e-05,0.4794349034077927,0.44814433171940776,0.3141179949701351,0.4800331348708759,0.48434720326861663,1.0288810930188594,1.1060874520725186,1.03472810907359,1.0204606390707442,0.7638420842576503,0.9478918479090768,-0.0007780253430814146,1.010230504117498,0.4601628822939737,0.4378268803868975,0.3259944873196738,0.47594275219099863,0.44885534048080444,0.921691860471453,0.7016533017158508,0.9536259855542865,0.897092376436506,0.7607728242874146,0.9470140423093524,-0.0011847063932301743,0.98752589736666
121,1.25e-05,0.4805983809312673,0.45068954359368063,0.3214132803116953,0.4822799807106356,0.48422297983369766,1.02911399552838,1.1039577847374322,1.0348542482805325,1.0208791595999547,0.7617452707402961,0.9472707013136537,-0.0011005967274449835,1.014050100591936,0.4601892020021166,0.4378820998328073,0.32616364104407175,0.47597811477524893,0.4488677510193416,0.9216844694955009,0.7016574484961373,0.9536188840866089,0.8970844575337001,0.760816718850817,0.947057945387704,-0.0011759236637902046,0.9874704735619682
122,1.25e-05,0.4820422642791326,0.4519726572070925,0.3227683869359802,0.483004379595968,0.48638928266164894,1.028585236498593,1.089990953421263,1.0350823621229825,1.0200411714899558,0.762749198028752,0.9474637653665303,-0.0013387016883339062,1.0144192159511587,0.4602310061454773,0.437968237059457,0.3264277364526476,0.4760303965636662,0.44889163970947266,0.9216770444597516,0.7016677686146328,0.9536100285393851,0.8970780968666077,0.7609777535711016,0.9470872282981873,-0.0011732325656339526,0.9872423154967171
123,1.25e-05,0.48104398980301827,0.452422474600142,0.32902451806415123,0.4823550067525367,0.48480019052701306,1.0284598134934932,1.1003243230088697,1.0349039128360171,1.0196202007001691,0.7624789112907034,0.9474503339649284,-0.0007835343904283968,1.0134286459323631,0.46025510345186504,0.4380185604095459,0.32657768045152935,0.47606572934559416,0.44890051654406954,0.9216720036097935,0.7016673939568656,0.9536055411611285,0.897071897983551,0.7609777535711016,0.9471018654959542,-0.001170952247256147,0.9871459262711662
124,1.25e-05,0.47879417227648857,0.4497776807300628,0.3229895767894575,0.48172615145758,0.4810555885220209,1.0280177480308934,1.1065839829349664,1.034494121869405,1.018922389621803,0.763345175563404,0.9477709790894879,-0.0011795035239616175,1.0110705365172667,0.46025570375578745,0.43800686086927143,0.326495532478605,0.47608352984700886,0.44888659034456524,0.9216465609414237,0.7016383835247585,0.9535791277885437,0.8970473664147514,0.7608606389590672,0.9470433337347848,-0.0011711162847599813,0.987426221370697
125,1.25e-05,0.4788902218349152,0.4494235807361202,0.32171528452613446,0.48087315915244944,0.48214646896153796,1.0285420929598186,1.1008698656140263,1.0347054521670052,1.0199676952603776,0.7624067224054781,0.9474234622805411,-0.0014089768622747704,1.0128891143625478,0.46027260167258127,0.43804532289505005,0.32661779863493784,0.47610783151217867,0.4488928020000458,0.9216360364641462,0.7016363569668361,0.9535702041217259,0.897035471030644,0.760831356048584,0.9470433337347848,-0.0011659626699318843,0.9873641133308411
126,6.25e-06,0.47919974727503656,0.4493548713216279,0.32146673147884686,0.4798217100542872,0.48383555034460685,1.0283646065335486,1.1071666731812437,1.0338239807748086,1.0202786299856395,0.7628633558475477,0.947750836290339,-0.0007493969525605883,1.010418672593386,0.460261481148856,0.4380254490034921,0.3265644907951355,0.476093943629946,0.4488852790423802,0.921621458871024,0.701624504157475,0.9535561033657619,0.8970202888761248,0.7607728242874146,0.9470286880220685,-0.001166945880478514,0.9875378779002598
127,6.25e-06,0.4784932172243496,0.4490867951437564,0.32170130465803426,0.4804135704431177,0.48179915091103914,1.0293972592932472,1.1131547744373023,1.035852208786968,1.02015053029556,0.7622757854671645,0.9475040493167735,-0.0011613612749680107,1.01244860396163,0.4602733254432678,0.43806539263044086,0.3267250529357365,0.4761047065258026,0.4488934406212398,0.9216212800570897,0.7016327977180481,0.953556409903935,0.8970198290688651,0.7609045590673175,0.9470433337347848,-0.001164228015113622,0.9872567057609558
128,6.25e-06,0.4814247691625213,0.45266172071633676,0.3287787254626972,0.4826232755544304,0.4853144407547015,1.0281047793882538,1.1067422357389272,1.0343743575821762,1.0192139004354774,0.7628969309333649,0.9473210651021217,-0.0005950368988516998,1.0139301340212532,0.46026392919676645,0.4380708166531154,0.32679920537131174,0.4760897329875401,0.44888706718172344,0.9216177548680987,0.7016295790672302,0.9535542471068246,0.8970148307936532,0.7610509395599365,0.9470433337347848,-0.001164072226466877,0.9870639783995492
129,6.25e-06,0.47991556722691775,0.44801151947796924,0.3106817757997889,0.4811673566309904,0.48430493397707824,1.0286238112024815,1.1016545220637284,1.0346463879010521,1.020166835111041,0.7622858436975611,0.9474117113758952,-0.0014632533008318072,1.0130112663453137,0.4602910024779184,0.4381399665560041,0.32704606652259827,0.47611856034823824,0.44890490600040983,0.9216236897877285,0.7016364761761257,0.9535602331161499,0.8970204932349068,0.7612704804965428,0.9471457941191537,-0.0011624691043315189,0.9866152235439846
130,6.25e-06,0.48031348250978007,0.45052780475728765,0.32392125328381854,0.4799575661001484,0.48588253118963776,1.028572258952942,1.1001449245949984,1.0345112995434833,1.0202472491625694,0.7639193137486776,0.9480093740464722,-0.0010849537049037253,1.0113651289185437,0.460278787783214,0.4381160054888044,0.3269664943218231,0.47611106293542044,0.4488905668258667,0.9216074602944511,0.70162262235369,0.9535433394568307,0.8970044851303101,0.7611826658248901,0.9471165112086705,-0.0011610253131948411,0.9868604966572353
131,6.25e-06,0.479756001167522,0.45030673152656964,0.32235470250882187,0.48204099292701413,0.4827176091369457,1.0290514864924012,1.1075811387939571,1.0359649765021486,1.0195201009099935,0.7630396203633399,0.9476148503533524,-0.0001917114350250915,1.0116319732060508,0.46025754298482624,0.4380877273423331,0.32690783057894024,0.47609026942934307,0.4488701266901834,0.9215947134154183,0.701614226613726,0.9535315632820129,0.8969905717032296,0.761065559727805,0.9471018740109035,-0.0011584153565179025,0.9870086908340454
132,6.25e-06,0.48097328506734394,0.4513359830065745,0.3233586630330474,0.4825206198145412,0.4846797628519905,1.0284779143833955,1.1100918819400145,1.0349360621408872,1.0192992112237371,0.7626014613091976,0.9471901107066361,-0.0007889062186242432,1.0142235252958534,0.46023605125291006,0.4380680194922856,0.3269017296178,0.47606323446546284,0.44885349699429106,0.9215904814856393,0.7016167300088065,0.9535287022590637,0.8969847985676357,0.7610802054405212,0.9471018740109035,-0.001154876355680504,0.9869416015488761
133,6.25e-06,0.479667922822378,0.4496136580103187,0.3194539914574308,0.4816000239243583,0.4830761495701057,1.0287433678958577,1.105515997133924,1.03552872928301,1.0193989001905008,0.7622422000047065,0.9472723749437152,-0.0012703184440161668,1.0133322138879095,0.46024721009390696,0.43810098086084637,0.3270284618650164,0.47607362270355225,0.4488616245133536,0.9215875012534005,0.7016272970608303,0.9535258412361145,0.8969819119998387,0.7611241255487714,0.9471311569213867,-0.0011541204543651215,0.9868555750165667
134,6.25e-06,0.47953991527076384,0.45002748272813287,0.3232645294068718,0.4804393382513151,0.4838496839395866,1.0281518630595678,1.1052276238806724,1.0334571140336184,1.0202774327654627,0.7627995584295519,0.9475023706509892,-0.0007993152119024741,1.0125518642018774,0.4602580453668322,0.43812870553561617,0.3271251107965197,0.47608748929841177,0.44886645674705505,0.9215848786490304,0.7016291958945138,0.9535235507147652,0.8969787444387164,0.7612265689032418,0.947145768574306,-0.0011506232798897795,0.9867512157985142
135,6.25e-06,0.48024289425189715,0.45054519954731204,0.32274068180134036,0.48138157889834443,0.48435423583845205,1.028397283978909,1.097857617501778,1.034084913123893,1.0203942990705896,0.7619467274811837,0.9473898975408449,-0.0015878204062687881,1.014824837827707,0.4602543924536024,0.4381405711174011,0.32720629232270376,0.47608097961970736,0.4488627484866551,0.9215825029781887,0.7016406314713615,0.9535211835588727,0.8969751766749791,0.7613144091197422,0.947145768574306,-0.001142900952670191,0.9866153853280204
136,6.25e-06,0.4821859893894049,0.45305639577107254,0.32788016745144444,0.4831285498658633,0.48638693760189716,1.0288603659232824,1.1075404293404074,1.0354516074038504,1.0196465935025896,0.7628029209189212,0.9473764596691024,-0.000917796430612413,1.0146616487337026,0.46025213599205017,0.43813719494002207,0.32719452892030987,0.47608216745512827,0.44885733297892977,0.9215726937566485,0.7016393457140241,0.9535118000847953,0.8969645755631583,0.761285126209259,0.947116494178772,-0.0011346536838183446,0.9866998280797686
137,6.25e-06,0.47956411649615593,0.4505508826502884,0.32545804802692674,0.48089864210660066,0.48336647582920894,1.0280664212814796,1.1051645220943553,1.0342757816627217,1.0192871607698908,0.7634223944641539,0.9475611321326713,-0.0005656638985566024,1.0110591369229467,0.46024803604398457,0.43811427695410593,0.3270825019904545,0.47608682087489534,0.4488479324749538,0.9215549911771502,0.7016251683235168,0.953493995325906,0.8969466515949794,0.7610363023621696,0.9470872368131366,-0.0011320517182217113,0.9870472039495196
138,6.25e-06,0.4793667237208064,0.4491959378710784,0.31854711803362057,0.481291283965416,0.4828028932816544,1.029423441327784,1.1072512172883557,1.0353567309704306,1.0208958657167535,0.7625594965262835,0.947678644841473,-0.000636273499308092,1.0111786243064673,0.4602244368621281,0.4380716596330915,0.326958030462265,0.47606354100363596,0.44882762006350924,0.9215404050690787,0.7016138860157558,0.953479494367327,0.8969321506364005,0.7609484706606183,0.9470725911004203,-0.001129415085805314,0.9872633729662214
139,6.25e-06,0.4785236324399664,0.4476512857601695,0.3142714168222147,0.4802014692831943,0.4823208931648481,1.0271051098491006,1.1029711886668168,1.033655192262383,1.018026413272969,0.7629590451076467,0.9475325888935505,-0.0005351923827198275,1.0121303618534125,0.460205431495394,0.43804681301116943,0.32691208379609243,0.47604081460407804,0.44881322979927063,0.9215289354324341,0.7015991466385978,0.9534687570163182,0.8969207406044006,0.7609484791755676,0.9470579539026532,-0.0011293980475914264,0.9873192991529193
140,6.25e-06,0.4787396838343943,0.44770224596131963,0.3137844507198607,0.48025981353236297,0.4827181101150532,1.0280205746888504,1.1034879997578635,1.033917785728521,1.0196076540597816,0.7629070057053475,0.9475158006486927,-0.0005975845448684216,1.0115971287824042,0.4601734791483198,0.4379921725818089,0.32676147137369427,0.4760077978883471,0.4487865907805307,0.921511173248291,0.7015850118228367,0.9534514716693333,0.8969015734536308,0.7607874700001308,0.9470433167048863,-0.0011320340729850744,0.9876179354531425
141,6.25e-06,0.47976428671671806,0.45114257115311823,0.3276177265448138,0.4811947189168447,0.48340551797023995,1.0287257341989418,1.11164414876556,1.0347805925350706,1.0199068987363433,0.7627995581548762,0.9477525120872873,-0.000773062778940101,1.0122237945909203,0.46017026901245117,0.4379949484552656,0.3267916738986969,0.4760034382343292,0.448782959154674,0.9215027860232762,0.7015855652945382,0.9534443276269096,0.8968919685908726,0.760831390108381,0.94702867099217,-0.0011366632118422007,0.9875673736844744
142,6.25e-06,0.4772004932088847,0.44559776616658053,0.3087911260964256,0.47917566013165275,0.480839023544919,1.0282996040823762,1.101437698189442,1.03422769099947,1.019933688079035,0.7630597713112037,0.9476954281421667,-0.0006218649988447512,1.0092530003035918,0.46016056197030203,0.4379907803876059,0.32681839380945477,0.4759866510118757,0.44877930198396954,0.921498818056924,0.7015812141554696,0.9534417986869812,0.8968863572393145,0.7608752761568341,0.9469994221414838,-0.001135334954597056,0.9875246201242719
143,6.25e-06,0.4789050904317691,0.4489249969010956,0.3191864367515322,0.4807372728006936,0.4823968997687727,1.0291648052987599,1.1062634887294895,1.0351970091393465,1.0205625071625677,0.7627374409896803,0.9474872592102243,-0.0010180262565535063,1.011878668498944,0.4601489646094186,0.4379807582923344,0.32681762320654734,0.4759727886744908,0.44876947147505625,0.9214911886623928,0.7015786596706935,0.9534351485116142,0.8968777571405683,0.7608606389590672,0.9469994221414838,-0.0011366249943551207,0.9875234024865287
144,6.25e-06,0.4800721461414009,0.4499639891473318,0.32047535264669047,0.4811483338833832,0.48431582018710134,1.0288118049235326,1.1065756893133543,1.0346566565636177,1.0203751150425189,0.7626350384398234,0.9476064558341695,-0.0005989759002611446,1.0126958845886156,0.46014778103147236,0.43797418049403597,0.3267793740545,0.4759798901421683,0.4487611779144832,0.9214786205972944,0.7015734910964966,0.9534224186624799,0.8968655041285923,0.760846027306148,0.9469847849437169,-0.0011374635339182401,0.9876932501792908
145,6.25e-06,0.47793310085627216,0.4475978738335054,0.3166213195200645,0.47950340864662017,0.4817396684054283,1.0284842036958237,1.1061493576458035,1.034868776950846,1.019510887338147,0.7621381094806083,0.9472975546252831,-0.0009833890601374587,1.0126781423947655,0.4601482706410544,0.43799998079027447,0.32692370244434904,0.4759700426033565,0.44876737679753986,0.9214819840022496,0.701576692717416,0.9534274169376918,0.8968672667230878,0.7609191877501351,0.9470286795071193,-0.001142458798962512,0.9873699290411813
146,6.25e-06,0.47894126810114385,0.4471551583048874,0.3105366135858232,0.47999506447172385,0.48350100810565644,1.028759900692238,1.1040037060113546,1.0353593028513395,1.0196522894848083,0.7629489711596913,0.9477206230224613,-0.0007747684777568868,1.0116616082203675,0.46012411798749653,0.43797246898923603,0.3268886038235256,0.4759397634438106,0.44874956352370127,0.9214721747807094,0.7015668664659772,0.9534184762409755,0.8968559759003776,0.7609191877501351,0.9469993965966361,-0.0011431561101094953,0.9873511876378741
147,6.25e-06,0.4790731212205296,0.4489571817459599,0.3197958972963137,0.47980688053769327,0.48364852145276066,1.0287739357701706,1.1072108079638776,1.0349134568123102,1.0200199249519548,0.7622472389624537,0.9475107676727736,-0.001023389316553558,1.013376970780671,0.46011204378945486,0.43793866464069914,0.32675095541136606,0.4759379965918405,0.44873155440602985,0.9214511087962559,0.7015386053494045,0.9533972314425877,0.8968355229922703,0.7608167443956647,0.9468969617571149,-0.0011460745091816144,0.9877775311470032
148,6.25e-06,0.478147571720469,0.4472199579842934,0.31318596286219447,0.48022296544044246,0.48157089849465695,1.0279229897080602,1.1013009157537255,1.0343231718416892,1.0190768005966346,0.762551101854503,0.9475695290934166,-0.0006119694524524277,1.010882081279862,0.4601083610739027,0.43793014117649626,0.32671746611595154,0.4759386735303061,0.4487243890762329,0.9214396391596112,0.7015247004372733,0.9533853275435311,0.8968242151396615,0.7607142754963466,0.9468676703316825,-0.001145875996111759,0.9879184535571507
149,6.25e-06,0.48024599524992156,0.45064215307899824,0.32264979532359506,0.481943124572375,0.48380207188362595,1.0295395615219276,1.104302896057955,1.0358728247609312,1.020714254392701,0.7617939563207728,0.947608143136981,-0.0007153837352655389,1.0148916573507385,0.4601412330354963,0.43800252250262667,0.32695581231798443,0.4759737636361803,0.4487482394490923,0.9214454378400531,0.7015409639903477,0.9533925567354474,0.8968282512256077,0.7609045505523682,0.946911598954882,-0.001140069166597511,0.9875871453966413
150,6.25e-06,0.4784806915813999,0.44830512167305075,0.31889398819473663,0.4792104280428342,0.48307036700397654,1.029161655347407,1.1036709324250267,1.0355017386640089,1.0203378274388273,0.7629640861712416,0.9477726565039714,-0.0009625142285694724,1.0105388635741828,0.4601272429738726,0.4379832446575165,0.3269164562225342,0.4759572148323059,0.44873781289373127,0.9214334828513009,0.7015399847711835,0.9533810189792088,0.8968154873166766,0.7608899133546012,0.9468969447272164,-0.0011348781575049674,0.9876929095813206
151,3.125e-06,0.47916263854631813,0.44964394862994866,0.32219665665780345,0.48068689756740135,0.48287054348529085,1.0284582975273309,1.104930871093328,1.0343440288283918,1.0200237566791188,0.7627139355790841,0.9475376277292196,-0.0004931919141283904,1.0121677672014564,0.4601154497691563,0.4379589983395168,0.3268393022673471,0.47594564301627024,0.4487277056489672,0.9214240397725787,0.701533453805106,0.9533715077808925,0.8968059761183602,0.7608313730784825,0.9468969447272164,-0.0011363308377830045,0.9878436667578561
152,3.125e-06,0.4776480999807181,0.44726363324960317,0.3163517970979,0.4789572151819377,0.48171552187103645,1.0278693446732154,1.0991192258936409,1.0335911264556283,1.0197726257385746,0.7622254073955558,0.9475896662159328,-0.000885076859715088,1.011737436376592,0.4601167781012399,0.4379628896713257,0.326853232724326,0.4759473885808672,0.44872839535985676,0.9214200888361249,0.7015298349516732,0.9533681103161403,0.8968022465705872,0.7608460017613002,0.9468969447272164,-0.0011369880687977587,0.9878439818109784
153,3.125e-06,0.47766358777308426,0.4470500715317265,0.31565709700507505,0.47850189850504926,0.4822256719980616,1.0281258457389417,1.105917851435363,1.035567204645824,1.0180914055611376,0.7622102982742751,0.9474620795896953,-0.0008708559676691989,1.01233239236149,0.4601193794182369,0.43797894035066876,0.3269276661532266,0.475949513060706,0.4487288296222687,0.9214231967926025,0.7015361274991717,0.9533717972891671,0.8968042646135602,0.7609045420374189,0.9468969447272164,-0.0011326541176198848,0.9877150314194816
154,3.125e-06,0.47899316340547554,0.44817212626864467,0.3150556298612755,0.4806286031413676,0.48282231835298395,1.0287013587985843,1.1099214402761328,1.034944030790529,1.019751458307199,0.7630010217016193,0.9476853635026685,-0.001068397489253811,1.0113291931469748,0.4601216869694846,0.4379872466836657,0.3269610277244023,0.47595180783952984,0.4487304134028299,0.9214222942079816,0.7015354803630284,0.9533711756978717,0.8968032768794468,0.7609777450561523,0.9469115904399327,-0.0011298469866492919,0.9876541835921151
155,3.125e-06,0.4775651255694036,0.4465110735348781,0.3128098097295561,0.4788122639800119,0.48180991078546215,1.0283786975843017,1.1109641894766813,1.0345941511594632,1.019410488914357,0.7621062113820011,0.9475376272714267,-0.0007497797470017161,1.012304580828134,0.4601226917334965,0.43800016811915804,0.3270285725593567,0.47594951731818064,0.44873229946408955,0.9214245932442802,0.7015411853790283,0.9533735683986119,0.8968049968991961,0.7610216651644025,0.9469701307160514,-0.0011266505129502288,0.9874691452298846
156,3.125e-06,0.47762640091436553,0.44820099809630004,0.32162573382723836,0.47869980979197707,0.4817531205908311,1.0282853801495835,1.1121280607173702,1.0343640658163256,1.0194119413388552,0.7624503750710748,0.9477306848541627,-0.0008438439050015049,1.010348382938598,0.46013277769088745,0.4380235459123339,0.32710680791309904,0.4759606846741268,0.4487394094467163,0.9214259045464652,0.7015466860362461,0.953375084059579,0.8968058483941215,0.7610509140150887,0.9469994136265346,-0.0011243810128819729,0.9873549512454441
157,3.125e-06,0.4781292987004098,0.4480626665807295,0.31913683430329387,0.4788389467485001,0.4827193905314725,1.0275162241731126,1.0975695992517154,1.0335770946738052,1.0191204519804111,0.7632679393580799,0.9478314123395402,-0.0011402207422673443,1.0104046988597113,0.4601328160081591,0.43802762031555176,0.327127035175051,0.47596203429358347,0.44873729773930143,0.9214236651148114,0.7015457238469806,0.9533732192856925,0.8968031065804618,0.7611241000039237,0.9470140593392509,-0.0011228708816426142,0.9873124275888715
158,3.125e-06,0.4819339601674937,0.4509252781936345,0.3175929811784566,0.4830142929501492,0.48633173930602264,1.028954400750105,1.1048370304622837,1.0354781579922483,1.019901526993626,0.7619786347051309,0.9470407083836568,-0.0010519858980928087,1.016623617195192,0.46013631990977694,0.4380312774862562,0.3271254301071167,0.47597130707332064,0.44873507959502085,0.9214182921818325,0.701542181628091,0.9533676079341343,0.8967983211789813,0.7610801969255719,0.9469847764287677,-0.0011210144563977207,0.9873846428734916
159,3.125e-06,0.48027888695765203,0.44973681190352044,0.3188581473999492,0.4809178891269842,0.48502075894942237,1.029065109434582,1.1025964808476258,1.0353289225500666,1.020350465027418,0.7627659819398364,0.947698797010118,-0.0005100195036692706,1.0124250496587446,0.4601327180862427,0.438027594770704,0.3271208958966391,0.47596812673977446,0.44873117549078806,0.9214135578700474,0.7015350375856672,0.9533631546156747,0.8967929567609515,0.7610802054405212,0.9469847764287677,-0.001121565017716161,0.9873906884874616
160,3.125e-06,0.4781353546757608,0.4466625150813851,0.3118121490927763,0.4787779937660883,0.4830369217177263,1.0283398263831658,1.1012361386587726,1.034936356837482,1.019313464577358,0.7620508092461765,0.9474469626248951,-0.0007486602625749048,1.012311343223818,0.460122674703598,0.43800285032817293,0.32702872157096863,0.47596265162740437,0.4487192715917315,0.921402130808149,0.7015238148825509,0.9533513869558062,0.8967818532671247,0.7609923907688686,0.9469408733504159,-0.001122500339988619,0.9876151425497872
161,3.125e-06,0.4775885774792614,0.4465276076741177,0.31248929672404796,0.4791279549911214,0.48155253454165403,1.0287239586946846,1.1148066662301543,1.0347604718015428,1.0198179561543697,0.7625292767272261,0.9474637628028897,-0.0007280702402721518,1.0111988652869486,0.46011864713260103,0.43799816710608347,0.3270220032760075,0.4759580194950104,0.4487157804625375,0.9213980180876595,0.7015206302915301,0.9533479128565107,0.8967777064868382,0.7609923652240208,0.9469262361526489,-0.0011248434311710298,0.9876325981957572
162,3.125e-06,0.47903344488363664,0.45014493726670773,0.32448989970831765,0.4814073208564987,0.48181097562717157,1.028582644169598,1.1108590953177937,1.0346597036946692,1.01976312549677,0.7626518256775368,0.947327775950317,-0.0007261433264291171,1.0129175229494962,0.46012310470853535,0.4380072184971401,0.32704868486949373,0.47596414174352375,0.4487180198941912,0.9213954976626805,0.7015223758561271,0.9533452902521405,0.8967750072479248,0.7609923652240208,0.9469554935182843,-0.0011222942931843655,0.9876028384481158
163,3.125e-06,0.477894612034345,0.44659641261474325,0.3115946569857204,0.479388423763784,0.4819442205134869,1.0281541688712024,1.1045772191566257,1.034893717359288,1.018866934504072,0.7634341395395692,0.9479690682137251,-0.0007635343145565748,1.0096080316925928,0.46012566345078604,0.4380101093224117,0.32704957468169077,0.47596995745386395,0.44871731315340313,0.9213909421648298,0.7015196681022644,0.9533413818904332,0.8967700600624084,0.7609631163733346,0.9469408563205174,-0.00112225316531424,0.9876245089939663
164,3.125e-06,0.4787693743026995,0.4472352213970649,0.3109796996825912,0.4804987051184215,0.4826330640989881,1.0291312542928528,1.1035750115522043,1.0349944193913763,1.0207868987208932,0.7624654805605313,0.9475157981155716,-0.0008702081863239552,1.0119984372725441,0.46011896644319805,0.43799538697515217,0.32699812735830036,0.4759658234460013,0.4487094623701913,0.9213833127702985,0.7015101398740496,0.953333420412881,0.8967620474951608,0.7608899133546012,0.9468969532421657,-0.0011228859407960304,0.9877586960792542
165,3.125e-06,0.4784819611481258,0.4485589114599086,0.319239704832015,0.48014672517898566,0.482125332019174,1.027555056919639,1.0946397589099022,1.0339514780093386,1.018922323852213,0.7622522776455252,0.94762493000846,-0.0007715954712825254,1.0128797286605444,0.46011878337178913,0.4379925046648298,0.3269794540745871,0.475969808442252,0.4487056519304003,0.9213764241763523,0.7015043071338108,0.9533266425132751,0.8967556357383728,0.7608606559889657,0.9468969532421657,-0.0011229249399288424,0.9878437519073486
166,3.125e-06,0.47764209955091425,0.4480255724098276,0.31977432609153783,0.4795339418354855,0.4810124169663167,1.0284162410637445,1.105226235882905,1.034632516651964,1.0196395248739278,0.7627273751599204,0.9475309102582858,-0.0007190548665096713,1.0117108482186512,0.46012263212885174,0.43800874267305645,0.3270507114274161,0.4759714092527117,0.44870958583695547,0.9213779398373195,0.7015078152929034,0.9533280389649528,0.8967570066452026,0.7609630993434361,0.9469408478055682,-0.001123373953825129,0.9876557418278286
167,3.125e-06,0.4805261507073367,0.45056209219948673,0.32178744566910583,0.48150753599524315,0.4848360944819707,1.028096660674076,1.1068249557546879,1.034559050707468,1.019010148778428,0.7625040971982558,0.9475678408444996,-0.0006846558111208346,1.0142455127259982,0.460111779826028,0.4379853052752359,0.3269715053694589,0.47596275380679537,0.4486987165042332,0.921367985861642,0.7014990023204258,0.953318544796535,0.8967465502875192,0.7609045675822667,0.9468969532421657,-0.0011242097160512848,0.9878067203930446
168,3.125e-06,0.48013101996547797,0.4519035264246902,0.32947779811167194,0.48211401372888546,0.4831698392820676,1.0280064065762806,1.117478202381808,1.0345629564139762,1.018467232409466,0.7621851178297189,0.9471766872095927,-0.0009195810631303812,1.0147407263349522,0.46010835681642803,0.4379809498786926,0.3269616833754948,0.47596060378210886,0.44869438239506315,0.9213628258023944,0.7014917646135602,0.9533131292888096,0.8967410922050476,0.7609338164329529,0.9468969532421657,-0.0011244835248882218,0.9878333040646144
169,3.125e-06,0.47974020685224245,0.44999664448129173,0.32103074163091655,0.4817962936572521,0.48297445427986885,1.0284604504666326,1.1073846549665507,1.034245968414342,1.0200437686410369,0.762018924454085,0.9471330344524374,-0.0008778568442826981,1.0144065810482867,0.4601206396307264,0.43800753355026245,0.3270488509110042,0.47597325699669973,0.4487037786415645,0.921364460672651,0.7014969076429095,0.9533147811889648,0.8967431613377163,0.7609923822539193,0.9469262106078011,-0.0011213204041788621,0.9876816528184074
170,3.125e-06,0.47930243701368375,0.44869548335663795,0.31666614672982624,0.4807721884416667,0.48325386075746446,1.0287835655063466,1.1085511874493366,1.0350500883594635,1.0198581595635694,0.762319424398972,0.9476585021949218,-0.0007631879327775833,1.0128907593958083,0.46011946882520405,0.43801787069865633,0.3271128066948482,0.47596764990261625,0.4487049324171884,0.9213673983301435,0.7015047158513751,0.9533182893480573,0.8967451878956386,0.7610801884106227,0.9469408563205174,-0.0011158995912410319,0.9875101787703378
171,3.125e-06,0.47748124666599756,0.44608590986505264,0.310985083572082,0.47867581733543935,0.4818365864428995,1.0273262968566317,1.1039498023845207,1.0334565296456317,1.0186418688608572,0.762539351682326,0.9477407594125087,-0.0006295970549100711,1.0111973906442318,0.4601078246320997,0.437998286315373,0.3270584430013384,0.475957133940288,0.4486934670380184,0.9213606459753854,0.7014988575662885,0.95331152847835,0.8967384355408805,0.7610509395599365,0.9469408563205174,-0.0011138108425906726,0.9876011099134173
172,3.125e-06,0.47916410249193936,0.4492446788139851,0.31988042222953,0.48088651257664866,0.4827510985391786,1.028265225203661,1.1064919440244567,1.0345318846622005,1.019391056579379,0.762598109654262,0.9474486475777028,-0.001029822703105666,1.0129524046069711,0.46009487765175955,0.43797400168010164,0.3269830984728677,0.47594652431351797,0.4486803923334394,0.9213508537837437,0.701491756098611,0.9533021960939679,0.8967282686914716,0.7609630993434361,0.9468969617571149,-0.0011119968340998249,0.987782529422215
173,3.125e-06,0.47737274428422305,0.44625363922766154,0.3116083407456974,0.4792534262781197,0.4810174999179684,1.0281790447308354,1.102632113377131,1.0344646671034408,1.019411613375971,0.7629405810658405,0.9475158005266145,-0.0003350570759279043,1.0108895008220955,0.4600868650845119,0.4379597476550511,0.32694115809031893,0.4759393206664494,0.4486728310585022,0.9213429178510394,0.701483062335423,0.9532947199685233,0.8967201113700867,0.7608752761568341,0.946838412966047,-0.0011109750900816704,0.9879026242664882
174,3.125e-06,0.4768937627016674,0.4460115374446953,0.312940710960018,0.47823813878079896,0.4810143825767349,1.0285683496146096,1.1026892470385683,1.035187293856924,1.019478485087401,0.761958484154021,0.9477978394816488,-0.0005097723888119809,1.0114884185473612,0.4600936089243208,0.43797590902873446,0.3269971140793392,0.47594666481018066,0.44867714388029917,0.9213430966649737,0.7014826365879604,0.9532947710582188,0.8967199325561523,0.7609631163733346,0.9468676703316825,-0.0011079464789613017,0.9878245421818325
175,3.125e-06,0.4775034965488524,0.44799531307271734,0.3213570234687647,0.4783017635192861,0.4819100449406301,1.0283677320387568,1.1024927455708728,1.0344445323309286,1.0198203300550785,0.7626585493134158,0.9476769644971146,-0.0004881723995728936,1.0107440764758748,0.4600861200264522,0.4379680965627943,0.3269890717097691,0.4759383201599121,0.44867043835776194,0.9213395970208305,0.7014779703957694,0.9532917397362846,0.8967161519186837,0.7609484706606183,0.9468676703316825,-0.0011057717326496328,0.9878135408673968
176,1.5625e-06,0.4773923745536218,0.44454825986548685,0.304033210017531,0.4778630604697568,0.4827002552736129,1.029476101070078,1.1034005354809504,1.0362323293060873,1.0202559019685462,0.7620256302055187,0.9475040502323594,-0.0009721814024348444,1.0115745632207767,0.46008402534893583,0.43796775170734953,0.32699661595480783,0.4759353697299957,0.44866914408547537,0.92133800472532,0.701477416924068,0.9532905050686428,0.8967144915035793,0.7609484706606183,0.9468676703316825,-0.0011064047908543476,0.9878095303262983
177,1.5625e-06,0.47789574917682426,0.44665806066422237,0.3122211370599984,0.4790982034532339,0.48221574730587446,1.0275769583457444,1.1036969389112192,1.034092571511979,1.0185242053855705,0.7625695685515084,0.9477273323751998,-0.0006514855554871951,1.0114744069694679,0.4600799211433956,0.43796163371631075,0.3269824853965214,0.4759309249264853,0.4486655465194157,0.9213352118219648,0.7014749731336322,0.9532875844410488,0.896711358002254,0.7609484706606183,0.9468676703316825,-0.0011053723782034858,0.9878387366022382
178,1.5625e-06,0.4777770880485765,0.4462889653258121,0.3103608453939099,0.4793818348868957,0.48175291079957244,1.0283933115567052,1.1064584111776707,1.0345881059117277,1.0195963000006023,0.7629305125198423,0.9477021452468661,-0.0004049153788433936,1.0104271202165533,0.46007612347602844,0.43795694623674664,0.3269748602594648,0.4759263353688376,0.44866264717919485,0.9213331597191947,0.7014730146953038,0.953285847391401,0.896709280354636,0.7609484706606183,0.9468676703316825,-0.0011048904603480228,0.9878515771457127
179,1.5625e-06,0.4779329319917051,0.4471739601979058,0.31419070066547494,0.47969312235690115,0.4816308428981154,1.0286687409883881,1.1093802489016036,1.035507485156052,1.0191394192282506,0.7620239584676681,0.9474922994803112,-0.0008042584040096813,1.0124731618077463,0.46007441197122845,0.43795485155923025,0.3269714798246111,0.4759244407926287,0.44866104636873516,0.9213308266230992,0.7014718226024083,0.9532834887504578,0.896706393786839,0.7609191877501351,0.9468676703316825,-0.0011055249571135,0.9878672191074916
180,1.5625e-06,0.4762018056966925,0.44481756953599816,0.3083041861798296,0.47878327443852403,0.47921696648619694,1.0286231384909708,1.0970789206314868,1.0355342390045288,1.0194303136694693,0.763004373295516,0.9475594504454535,-0.0007164989552435337,1.0095164515516786,0.460077771118709,0.4379614804472242,0.3269912770816258,0.4759288345064436,0.44866269401141573,0.9213292683873858,0.7014697108949933,0.9532815728868756,0.8967053805078778,0.7609045420374189,0.9468676703316825,-0.0011057060910388827,0.9878559112548828
181,1.5625e-06,0.47893774686443213,0.4484826283795493,0.3173253714229532,0.48019370621311563,0.48306897334483606,1.0279698672504591,1.1003396219768955,1.0348711087956406,1.0186559385479381,0.7624621184068768,0.9476114925029518,-0.00048432515514943,1.0123052921468516,0.46007189580372404,0.4379513944898333,0.32696285418101717,0.4759228697844914,0.4486579639571054,0.921324976852962,0.7014648062842233,0.9532771110534668,0.8967011315482003,0.7609191877501351,0.9468676703316825,-0.001106442925187626,0.9879022325788226
182,1.5625e-06,0.4781566916889126,0.4483639650996746,0.31943333341229346,0.4799802596606905,0.48162387571637594,1.0274478100045668,1.104036417913266,1.0329442498504475,1.019398348366854,0.7627609430126087,0.9475057233741084,-0.0008880931147766675,1.0119435134082957,0.4600646623543331,0.4379377620560782,0.32692257847104755,0.4759154873234885,0.44865164160728455,0.9213202936308724,0.7014600208827427,0.9532725300107684,0.8966968400137765,0.7609045420374189,0.9468237672533307,-0.00110689432559801,0.9879682830401829
183,1.5625e-06,0.47666437016715163,0.4453176914180662,0.31097137139842135,0.47733925610277145,0.48151261514721316,1.0294076493625084,1.102164139182398,1.0351916359316917,1.0211986302108687,0.7626820395863245,0.9478163098715173,-0.0006109640003204407,1.0101953159523693,0.4600628273827689,0.43793507133211407,0.326915089573179,0.475914261170796,0.4486496789114816,0.921318028654371,0.7014553546905518,0.9532703501837594,0.8966947538512093,0.7609191792351859,0.946838412966047,-0.0011066386359743774,0.9879921759877887
184,1.5625e-06,0.4792168115080166,0.44813150582530836,0.31367514011985637,0.48105493693002604,0.4828966714086987,1.0289959699998925,1.103776214736825,1.0352212274861958,1.0202778440466673,0.7618359313582495,0.9473546343587084,-0.0008570964338951274,1.0144349070493832,0.460061252117157,0.4379375534398215,0.3269366707120623,0.4759111021246229,0.4486488827637264,0.9213179860796247,0.7014560188565936,0.9532706311770848,0.896694038595472,0.7609045675822667,0.946838412966047,-0.001106256153434515,0.9879439388002668
185,1.5625e-06,0.4776837637469638,0.44764590950056155,0.318419050266971,0.4787960967465785,0.4818801461154842,1.0278274515501609,1.0983514627675428,1.0336612605828843,1.0196427185597692,0.762665254973291,0.947551056231466,-0.0006939766996686051,1.011312155984819,0.4600596172469003,0.43793611015592304,0.32693611298288616,0.47590947576931547,0.44864719254629953,0.9213155422891889,0.7014538986342294,0.9532684683799744,0.8966907518250602,0.7608899303844997,0.946838412966047,-0.001106008338475866,0.9879592316491264
186,1.5625e-06,0.4779931043760629,0.4473437050703667,0.3148177537134349,0.4797626550357524,0.48166273089475775,1.0279861315054828,1.1052335518418492,1.0343801395989538,1.0190171831031365,0.7618543967734345,0.9474536822627156,-0.0009627422418958458,1.0131418758700947,0.46006091577666147,0.4379393032618931,0.32694604992866516,0.47591194084712435,0.4486470903669085,0.9213132517678397,0.7014511483056205,0.9532655392374311,0.896689099924905,0.7608460187911987,0.946838412966047,-0.001106261184239494,0.9879625013896397
187,1.5625e-06,0.47833273188614933,0.4473545391530302,0.3128748189865841,0.4806267707487039,0.48155397343074,1.0283028140961665,1.105511955493423,1.0352857523372219,1.0187462975718824,0.7632561939164302,0.947614848216985,-0.0008063084914177824,1.011031451191099,0.46006028992789133,0.4379397715841021,0.32695031591824125,0.4759118642125811,0.4486458684716906,0.9213110208511353,0.7014490280832563,0.953263887337276,0.896686851978302,0.7608606559889657,0.9468237672533307,-0.0011077688957032347,0.9879681723458427
188,1.5625e-06,0.4777413295191859,0.44886225428388354,0.3238239170219492,0.47956742917765,0.48104583682979735,1.0284487381997136,1.1102356202042047,1.03466025200857,1.0195109476752606,0.7626081771320767,0.9476148466910085,-0.000676424025998561,1.0115354680978392,0.4600562070097242,0.4379356588636126,0.32694641607148306,0.47590748752866474,0.4486420622893742,0.9213078958647591,0.7014469930103847,0.9532612136432103,0.8966831905501229,0.7608460102762494,0.9468237672533307,-0.0011096279985005303,0.9879796164376395
189,1.5625e-06,0.477294906310039,0.4476426610626811,0.3192000648820333,0.47922396757513575,0.48063551903503465,1.0289664319766465,1.110409333287174,1.0358190793473478,1.0193988859378798,0.7619568066174595,0.947243833810442,-0.0006566270215449215,1.0117303754998914,0.4600539377757481,0.43793624213763643,0.32696271794182913,0.4759024551936558,0.4486415045601981,0.9213074616023472,0.7014478870800563,0.9532610774040222,0.8966824156897408,0.7608899048396519,0.9468237672533307,-0.0011094508559576102,0.9879302127020699
190,1.5625e-06,0.47693191388601897,0.4451563010384227,0.3085858954934053,0.4779823054061202,0.4814931692310437,1.0287564331241223,1.1044331582399496,1.0349385608359598,1.0200517523062882,0.7619970894689995,0.9473747761812322,-0.00047820770595159766,1.0114867603601825,0.4600546104567392,0.4379388008798872,0.32697227597236633,0.47590399214199613,0.448641163962228,0.921305639403207,0.7014462181500026,0.9532591870852879,0.8966804913112095,0.7608752931867327,0.9468237672533307,-0.0011094561029624725,0.9879258700779506
191,1.5625e-06,0.47613745056478046,0.44450879945427835,0.3071970973665508,0.47848737667111085,0.4794189460876961,1.0280027244253398,1.1012792822280666,1.0345915833681716,1.018971138286151,0.7623731485099225,0.9475225177839116,-0.0009244514107789999,1.010026334312349,0.4600555556161063,0.43794236864362446,0.3269859850406647,0.47590541413852144,0.4486415045601981,0.9213046431541443,0.7014447706086295,0.9532584292548043,0.8966796823910305,0.7608899303844997,0.946838412966047,-0.001108839168279831,0.987906277179718
192,1.5625e-06,0.478653637494909,0.44813716869383546,0.31591958753646365,0.48066869347570373,0.48206297408539517,1.02849394803284,1.1119078719426716,1.0345311254278184,1.0196762058408946,0.7621381200708857,0.9476215586073876,-0.0007062534357221293,1.012141931197366,0.4600596768515451,0.4379540128367288,0.32703100783484323,0.4759085944720677,0.4486450638089861,0.9213065164429801,0.7014484916414533,0.9532608900751386,0.8966805509158543,0.7609631078583854,0.9468530246189663,-0.0011067188128695957,0.9878120166914803
193,1.5625e-06,0.4770065637899556,0.44640632592526935,0.3143375691272513,0.4785408771349355,0.4808945487660136,1.0282545202033555,1.1074277345974264,1.035187032121423,1.0186827689393996,0.7619551236484213,0.9476585044228475,-0.0008341563704361137,1.0115310207612076,0.46005462748663767,0.437947792666299,0.3270208239555359,0.4759024551936558,0.4486412789140429,0.9213041322571891,0.7014473506382534,0.953258786882673,0.8966783114842006,0.7609338249479022,0.9468676703316825,-0.001107743483901556,0.9878236651420593
194,1.5625e-06,0.47793873502118,0.44684974531057975,0.31307832575491373,0.47911109421659726,0.4822617773208872,1.027771648845487,1.1023991839799037,1.0339540254135835,1.0191017688388893,0.7622119794731804,0.9473009207159571,-0.0009622122220698834,1.0124246424061178,0.4600495142596109,0.4379403591156006,0.32700503723961966,0.47589580501828876,0.4486380900655474,0.921301679951804,0.7014441915920803,0.9532561472484044,0.8966760294778007,0.7609338249479022,0.9468676703316825,-0.0011073183767231448,0.9878365567752293
195,1.5625e-06,0.47540421725174004,0.4436819194618153,0.3066900738586967,0.47707099177198903,0.47936133107221013,1.0278114907508378,1.1080433803525145,1.033375032364376,1.019573400402704,0.762917083620842,0.947633313571131,-0.000770604037152793,1.0089240773665373,0.4600458059992109,0.4379342368670872,0.3269875815936497,0.47589282052857534,0.448634283883231,0.9212989892278399,0.7014414582933698,0.953253413949694,0.8966736793518066,0.7609338164329529,0.9468676703316825,-0.0011056273277582867,0.9878647582871574
196,1.5625e-06,0.47714302627416494,0.4462124568587136,0.3126921808328985,0.47871836820017416,0.4810494207383667,1.028376681799774,1.105343583542081,1.0348836976140203,1.0193040270531903,0.7617083410696683,0.9473848551649102,-0.0010632678152992367,1.011579899072525,0.4600429620061602,0.4379299581050873,0.3269767335483006,0.47589072585105896,0.44863076720918926,0.921296979699816,0.7014395083699908,0.9532512596675328,0.8966710312025887,0.7609484621456691,0.9468676703316825,-0.0011046579290580536,0.9878801703453064
197,1.5625e-06,0.4786839177836776,0.4481426341009946,0.31493897234026247,0.4815350268904026,0.4812910799423487,1.028282642944373,1.1088078193217745,1.0349084245078208,1.0189728391701542,0.7623127113533704,0.9473613512802905,-0.0007505024549290462,1.01329526413543,0.4600462487765721,0.4379406358514513,0.32701930829456877,0.47589375717299326,0.44863296832357136,0.9212981377329145,0.701443646635328,0.953253516129085,0.8966718145779201,0.7609631078583854,0.9468676703316825,-0.001104372037973787,0.9878142561231341
198,1.5625e-06,0.47766756886283496,0.4479652513495727,0.31965182185234076,0.4792708742331677,0.4813314939973541,1.0278372076677165,1.102859305041421,1.0344331613028899,1.018740252904018,0.7622489179334333,0.947499014936956,-0.0008670269100103265,1.0119333819615433,0.46004851375307354,0.43795132637023926,0.3270681883607592,0.47589363370622906,0.44863616142954144,0.9213000791413444,0.7014477934156146,0.953255159514291,0.8966734749930245,0.7609631078583854,0.9468823160443988,-0.0011039071583322116,0.987735526902335
199,1.5625e-06,0.47955842471037285,0.45019164029842634,0.32283604148102,0.4816107342808416,0.4827301927670051,1.0286902094033823,1.1001094458839311,1.0344466636318825,1.020553105926123,0.7628549656926579,0.9474805540691811,-0.0009548570493429793,1.0127871251997433,0.46004702363695416,0.4379518372671945,0.3270794834409441,0.4758906492165157,0.4486354078565325,0.9212985464504787,0.7014497688838414,0.9532535246440342,0.8966720870562962,0.7609631078583854,0.9468823160443988,-0.0011028335762343236,0.9877188716615949
200,1.5625e-06,0.4776371732102378,0.4470601241160098,0.31455382285091243,0.4796811021479105,0.48102934502114775,1.0278410553871151,1.102781854039635,1.0339591368857373,1.0192245808980798,0.763039625704258,0.9476618519881659,-0.0005837649243363526,1.0102866073174777,0.46004440103258404,0.4379484696047647,0.3270713005747114,0.4758886865207127,0.4486328959465027,0.9212956769125802,0.7014475464820862,0.9532506721360343,0.8966689961297172,0.7609631078583854,0.9468823160443988,-0.0011032514074551208,0.9877406784466335
201,1e-06,0.4776935888081408,0.44743992653005377,0.3167403914717241,0.4793307304504402,0.48142158621955516,1.0280293302540895,1.104459183556693,1.034220009294462,1.0192910673309459,0.7627021967296532,0.9473982915717153,-0.0008365166005409045,1.0112760398428196,0.4600408673286438,0.43794242824826923,0.327054317508425,0.47588546361242023,0.4486294218472072,0.921293318271637,0.7014460904257638,0.9532484412193298,0.8966663820402963,0.7609338164329529,0.9468823160443988,-0.0011022040770123048,0.9877733162471226
202,1e-06,0.47885247645351253,0.4488896782497107,0.3188252704941915,0.4810642208188726,0.48197501343882393,1.0279208129330042,1.101409543433436,1.0342011686111192,1.01919083014184,0.7623093493523136,0.9475292286931462,-0.0005081640464061546,1.01286872075389,0.4600396624633244,0.43794192586626324,0.3270584557737623,0.4758831560611725,0.44862883005823406,0.9212923645973206,0.7014448387282235,0.9532478877476284,0.8966652410370963,0.7609484621456691,0.9468823160443988,-0.0011028691826920425,0.9877649205071586
203,1e-06,0.4780192539378184,0.4464782716003492,0.31145824219590873,0.47854719034415666,0.4830434163808212,1.0284403695610933,1.1043622280107177,1.0354366324464297,1.0189136941190018,0.7627995616341028,0.947517478978762,-0.000886643117728738,1.011551742119113,0.4600413739681244,0.43794553194727215,0.32706926124436514,0.4758856637137277,0.44862946442195345,0.9212914960724967,0.7014436977250236,0.9532469425882611,0.8966642788478306,0.7609631078583854,0.9468823160443988,-0.0011029296188748308,0.9877604331289019
204,1e-06,0.48019322699543393,0.45041998264060773,0.322073749835468,0.4815403959016219,0.484116757184618,1.0278727533996745,1.109441316072842,1.0337422329282004,1.0192844871063447,0.7623127077215461,0.947153185278223,-0.0008085624928096442,1.014607730945806,0.4600437113216945,0.4379482524735587,0.32707182850156513,0.4758901170321873,0.4486294559070042,0.9212900485311236,0.7014421224594116,0.953245495046888,0.8966628738812038,0.7609631078583854,0.9468823160443988,-0.001102527154476515,0.987784879548209
205,1e-06,0.47924472778440436,0.4505227729105913,0.3261214657984693,0.4811019703051523,0.48249161734803175,1.0283045000255993,1.1011720882949008,1.0344817190370497,1.0196985050890914,0.7621918264499885,0.9474335384869417,-0.00045966807203496105,1.0133847993151444,0.4600442818232945,0.4379488059452602,0.32706976788384573,0.4758922415120261,0.4486290897641863,0.9212884392057147,0.7014408963067191,0.9532436983925956,0.8966610857418605,0.7609631078583854,0.9468823160443988,-0.0011023397923314146,0.9878064223698207
206,1e-06,0.47841186216411014,0.44812361301670184,0.3178427071981533,0.4795111521384195,0.4826649462969195,1.027669784568605,1.0988185420685772,1.0331358677963691,1.0198320824246618,0.7628381701841516,0.9475309103498444,-0.000564838442424502,1.0129700944903444,0.4600483902863094,0.4379556008747646,0.3270877046244485,0.47589713760784697,0.44863163999148775,0.921287647315434,0.7014409984861102,0.9532433067049298,0.8966602172170367,0.7609631078583854,0.9468676703316825,-0.0011021436491448963,0.9877996359552655
207,1e-06,0.4777654221103061,0.44769661991460713,0.3182239282210546,0.47898587732515274,0.48186295753067354,1.0284270773285544,1.1078060186647845,1.034591255039053,1.019616805951655,0.7622069443303746,0.9476081318447545,-0.0005593460022328308,1.0120916383668086,0.4600482668195452,0.4379558733531407,0.3270887477057321,0.47589790395327974,0.44863058413778034,0.9212865829467773,0.7014396871839251,0.953242472239903,0.8966589825493949,0.7609631078583854,0.9468676703316825,-0.0011016303573602013,0.9878048981939044
208,1e-06,0.47973051242991954,0.45132119984914876,0.32897146106437725,0.4809050807968751,0.48358119774707087,1.0284640527479598,1.1037219421593762,1.034581806466815,1.0198377211827592,0.76327466357383,0.9476098150579488,-0.00027438818270372035,1.0115031362861715,0.46004742809704374,0.4379558563232422,0.3270918812070574,0.4758971929550171,0.44862957511629376,0.9212856292724609,0.7014377457754952,0.9532412801470075,0.8966581991740635,0.7609631078583854,0.9468676703316825,-0.0011013882883292223,0.9878011856760297
209,1e-06,0.4780157452598939,0.44792629469374906,0.3180745152314992,0.47951268362376365,0.48185014314243746,1.0287243316128385,1.1007320546090633,1.0347350264474544,1.0203135145424698,0.7631974423535958,0.9477105397965685,-0.0010883815688378174,1.009720349153127,0.46004721948078703,0.43795667375837055,0.327097339289529,0.4758969843387604,0.44862898758479525,0.921285365309034,0.7014378479548863,0.9532410417284284,0.896658114024571,0.7609923907688686,0.9468823160443988,-0.0011010257294401526,0.9877843516213554
210,1e-06,0.4782958027801328,0.44882976001675046,0.3206132283072806,0.48076393531947276,0.4810837931469411,1.0280654128246043,1.1057437054633605,1.0346903745113614,1.0188512256434803,0.7628835020954037,0.9475510578490012,-0.0006083714009414743,1.0108001033159872,0.46004258734839304,0.4379477671214512,0.32707054700170246,0.4758921776499067,0.4486251771450043,0.9212818656648908,0.7014336841447013,0.9532376187188285,0.896654656955174,0.7609338164329529,0.9468676703316825,-0.0011013282429693,0.9878426619938442
211,1e-06,0.47942742468818783,0.4494025864725655,0.31993580101028324,0.4808204636717844,0.48335062203136275,1.02878858258159,1.1059646776133907,1.035462521981778,1.0195421064687398,0.7624369361921878,0.9474704741393977,-0.0005375843216639815,1.0130898308522018,0.4600409524781363,0.43794379915509907,0.32705554366111755,0.4758914921964918,0.4486230824674879,0.921279524053846,0.7014308571815491,0.9532355070114136,0.8966526559420994,0.7609045590673175,0.9468676703316825,-0.001101084885054401,0.9878775903156826
212,1e-06,0.47641091376039474,0.44431009554460116,0.3056233962010678,0.478154837535823,0.48035995528689424,1.0280297012495128,1.0963643099549973,1.0343116996108845,1.0194697677326154,0.7628062726043764,0.9477189370319896,-0.0007553160997919254,1.010302719127442,0.4600385682923453,0.4379399333681379,0.32704563651766094,0.47588870780808584,0.44862149017197744,0.9212779743330819,0.7014296821185521,0.9532339232308524,0.8966508507728577,0.7608899133546012,0.9468676703316825,-0.0011006327612059458,0.9878945435796466
213,1e-06,0.47744174648783966,0.4465161914313932,0.31309278201763896,0.4789455233936241,0.48141623515382037,1.0274047135269098,1.1080073793912264,1.034176959969481,1.0179457602229902,0.7621616180347164,0.947164931025068,-0.0005242548421830229,1.0123796479798437,0.4600375635283334,0.43793981841632296,0.32704948101724896,0.4758873326437814,0.44862084303583416,0.9212775911603656,0.7014291797365461,0.9532335230282375,0.8966502291815621,0.7609045675822667,0.9468676703316825,-0.0011004556519245462,0.987886871610369
214,1e-06,0.4789309626320235,0.4489832423585412,0.31963135429485845,0.4805268885780467,0.48264506302060556,1.0280335776572709,1.117579649456696,1.0348790565699233,1.0182034857628348,0.7625175246628382,0.9475409839315654,-0.0005305325825675068,1.0120399733170813,0.46003549439566477,0.43793678283691406,0.32704187291009085,0.47588567648615154,0.4486185439995357,0.9212757434163775,0.7014266337667193,0.9532316241945539,0.8966482196535382,0.7608606389590672,0.9468530331339154,-0.0011001955135725439,0.9879129528999329
215,1e-06,0.47843886673053715,0.4469057884023425,0.31176940268940395,0.4791093859926469,0.4833240189188514,1.0284628314478728,1.1044948107147607,1.0350684032523199,1.0193229782477562,0.762149866702797,0.9473311312370769,-0.0005673089446628698,1.0128483029432438,0.46003598826272146,0.43793798770223347,0.3270456790924072,0.47588670679501127,0.44861828855105806,0.9212743299348014,0.7014245476041522,0.9532305513109479,0.8966466954776219,0.7608606389590672,0.9468530331339154,-0.0011005052365362644,0.9879203013011387
216,1e-06,0.4789431163181846,0.4491178778367841,0.32055549115263005,0.4802851966876466,0.4828805761708398,1.0286266911780597,1.1033747123561024,1.0350689941714863,1.0196928498199276,0.762547730880704,0.9473697476001257,-0.0006891503859515442,1.0121655978121271,0.46003823620932444,0.43794270924159456,0.32706170848437716,0.4758888695921217,0.448619795697076,0.9212738530976432,0.7014237301690238,0.9532302958624703,0.8966454948697772,0.7608752761568341,0.9468530331339154,-0.001100425167740988,0.987910440989903
217,1e-06,0.47979428427254794,0.44945161181172527,0.31859121054670353,0.481223875278091,0.48373808490882086,1.0283221141900152,1.1069357623458214,1.0349392110240563,1.0190846140544596,0.7618426452278786,0.9470541371300595,-0.0006289694422958023,1.0152194540865656,0.46003935592515127,0.43794481669153484,0.3270664598260607,0.4758907215935843,0.4486205577850342,0.9212723970413208,0.7014221804482597,0.9532288653509957,0.8966442176273891,0.7608752761568341,0.9468530331339154,-0.0011001476252983724,0.9879195690155029
218,1e-06,0.47820957636015266,0.44648157161623775,0.30911984503330237,0.48020471715646346,0.48185077907791274,1.0276132685309243,1.1021673811501378,1.0344442656512634,1.0182970595616165,0.7627273657904242,0.9476249210967568,-0.0006161076258138371,1.0112317339676926,0.46004154852458407,0.43795208420072285,0.3270956873893738,0.4758927183491843,0.448621928691864,0.9212730782372611,0.7014241644314357,0.9532291293144226,0.8966443453516278,0.7608899218695504,0.9468530331339154,-0.0010995361455050962,0.9878676703998021
219,1e-06,0.4762511566487326,0.4445929049957244,0.30768301188793173,0.4780995045572565,0.4800218212958549,1.0285212772355223,1.103951976718014,1.0342783547644119,1.0202499318598968,0.7617385616317139,0.9474335360148597,-0.000517311893666761,1.0116556096064757,0.4600426810128348,0.4379545620509556,0.32710375104631695,0.47589411054338726,0.4486225034509386,0.9212719287191119,0.7014234236308506,0.9532284225736346,0.8966430340494428,0.7608899218695504,0.9468530331339154,-0.0010992914987062769,0.9878647071974618
220,1e-06,0.47981096791171196,0.44917046636175145,0.31757817100361563,0.4807297489579616,0.4842998294328581,1.0280093547019724,1.1059102539642616,1.0342842338638187,1.0191380094395377,0.7617536714549438,0.9471179289019419,-0.001226422287637241,1.014194066684428,0.460043123790196,0.43795684405735563,0.32711427978106905,0.47589411054338726,0.44862304840769085,0.9212716051510402,0.7014236535344806,0.9532280904906136,0.8966432128633771,0.7609045675822667,0.9468530331339154,-0.0010992629852678096,0.9878384556089129
221,1e-06,0.478763427251556,0.44951111267483423,0.32282933015214194,0.48063922428926076,0.48208542539715704,1.028308890168629,1.1055048379419525,1.0340625506697467,1.0199819849932799,0.7621834403541964,0.9472874877883786,-0.0008932598037964722,1.0129908743236715,0.460046078477587,0.4379625405584063,0.3271317183971405,0.4758973036493574,0.4486251601151058,0.9212713326726641,0.7014238068035671,0.9532280819756644,0.8966426508767265,0.7609045675822667,0.9468676788466317,-0.001098675952692117,0.9878238098961967
222,1e-06,0.47763227912870604,0.44668668996842165,0.3145387300118018,0.47784329370175394,0.48285764629756617,1.0281049066852193,1.1020245053373845,1.034420274797001,1.019325651087275,0.7615303905634042,0.9472824479150455,-0.0005125581581074949,1.013580973125151,0.4600433664662497,0.4379561373165676,0.3271080085209438,0.4758957156113216,0.44862215859549387,0.921268105506897,0.7014198899269104,0.9532249399593898,0.896639883518219,0.7609045675822667,0.9468530331339154,-0.0010985889655005718,0.9878852026803153
223,1e-06,0.4789117357392709,0.44911903356565797,0.32028836722991677,0.48064040420486326,0.48247051174922656,1.0278028952910603,1.105429112941744,1.033785405552088,1.0192327844870743,0.7617167388849605,0.947527553537108,-0.00047911502372261747,1.013689000973992,0.4600428683417184,0.4379570995058332,0.32711520365306307,0.47589514936719624,0.44862157532147,0.9212674839156014,0.7014191917010716,0.9532245227268764,0.8966388872691563,0.7608899303844997,0.9468530331339154,-0.001098520097522331,0.9878778968538556
224,1e-06,0.4792368031439266,0.44867529148208257,0.31693095121393433,0.480619771551976,0.4832640104854162,1.0283337676457973,1.1086560848182858,1.034107385723028,1.019882965380878,0.76213139490903,0.9472388029403707,-0.0010713009727394893,1.0136182504132414,0.4600396028586796,0.4379509133952005,0.3270965559141977,0.4758918711117336,0.4486187866755894,0.921264512198312,0.7014154025486538,0.9532214828899929,0.8966359921864101,0.7608899303844997,0.9468530331339154,-0.0010989974419187223,0.9879293526921954
225,1e-06,0.4806349981429329,0.45092882935474665,0.32231101634803944,0.4825118871084312,0.4840355763451234,1.0286596479992103,1.1005916061977576,1.035043521777093,1.01987803916228,0.7627391273769061,0.9475107714571955,-0.0006786582800912582,1.0140852847284862,0.460039279290608,0.43795215232031687,0.3271047813551767,0.47589148368154255,0.44861816082681927,0.9212637799126762,0.7014163051332746,0.9532207591193063,0.8966350555419922,0.7609045420374189,0.9468530331339154,-0.0010985147091560066,0.9879094702856881
226,1e-06,0.47913835211039446,0.44821876105869113,0.31581733634822257,0.47969550797711014,0.4840251333397349,1.0290865908508966,1.1045372267899853,1.0353981500030847,1.0202600267747701,0.7623748251308983,0.9475829563138427,-0.000636364251787212,1.0134725303327616,0.4600414718900408,0.4379576487200601,0.3271237143448421,0.4758942127227783,0.4486192635127476,0.9212636777332851,0.7014164413724627,0.953221048627581,0.8966349363327026,0.7609191877501351,0.9468530331339154,-0.001098242006264627,0.9878766451563153
227,1e-06,0.47821211448645995,0.4479263390691477,0.31602887745948555,0.4808573143731248,0.4809730081331162,1.0282462288096692,1.1004846242227373,1.0341570753655676,1.0199272326487978,0.7617452771799172,0.9472673345210304,-0.0010713590215140534,1.0137158566051059,0.46004252774374826,0.4379601223128183,0.32713029214314054,0.4758968395846231,0.4486187483583178,0.9212624175207955,0.7014130779675075,0.9532195499965123,0.8966336931501117,0.7609045420374189,0.9468530331339154,-0.0010983923649681465,0.9878798297473362
228,1e-06,0.4794999039362347,0.4501545582742979,0.32418271769515317,0.4803246379325894,0.4838523029121325,1.0268376314878098,1.1056026729082242,1.0329973134271804,1.0180522019717855,0.7620927851687196,0.9472421653687008,-0.0004582307094024257,1.0152580387093015,0.4600430982453482,0.4379635197775705,0.3271459937095642,0.47589714186532156,0.44861909321376253,0.921262264251709,0.7014127203396389,0.9532196181161063,0.8966334887913295,0.7609484706606183,0.9468530331339154,-0.0010988531201811774,0.987852156162262
229,1e-06,0.4762646987751943,0.4450897091605757,0.3111924005055269,0.47720850035891554,0.4808232456491473,1.0280100004036976,1.1052653498974325,1.0345351999988937,1.018909659436954,0.7632998374872066,0.947953972795714,-0.0009275348253807561,1.0095990166197786,0.4600427321025303,0.4379628130367824,0.32714301347732544,0.47589761870247976,0.44861799478530884,0.9212605357170105,0.7014114005225045,0.9532181876046317,0.8966314792633057,0.7609338249479022,0.9468530331339154,-0.0010989159678242036,0.98786803654262
230,1e-06,0.4793303183909874,0.44893771889145045,0.3181939570798791,0.48044692569675046,0.4835848713372832,1.028913936917744,1.1026390910575894,1.0347910394927384,1.0205794042400744,0.7619517737025795,0.9470239151030764,-0.0010882120482200118,1.0151103451748842,0.4600450396537781,0.437967198235648,0.32715557302747456,0.47590069685663494,0.4486191315310342,0.9212596586772374,0.7014113409178597,0.9532169273921421,0.8966302275657654,0.7609631163733346,0.9468530331339154,-0.001098663845498647,0.9878672105925423
231,1e-06,0.4784037917776103,0.4477878298841253,0.3162076905087453,0.47941006908524175,0.482804153814599,1.0285828480400676,1.105253437391868,1.0352185827551654,1.0193915345457598,0.7627021836367742,0.9475443392488447,-0.0003907105653449946,1.01212260424633,0.4600470151220049,0.43797418900898527,0.32718525188309805,0.4759016845907484,0.44862096650259836,0.9212602632386344,0.7014137336186,0.9532175319535392,0.8966307895524162,0.7610070024217878,0.9468530331339154,-0.0010986998178330915,0.9878064734595162
232,1e-06,0.477489435086785,0.4465565353372557,0.31372104867476414,0.4784048322799935,0.4820330063166279,1.0283423718951998,1.099345573387693,1.034850860032679,1.0194671218418427,0.761948411030093,0.947384855958418,-0.0009677377274318103,1.0129245188501146,0.4600481263228825,0.437977705683027,0.3271972792489188,0.47590390273502897,0.44862106442451477,0.9212597778865269,0.7014149086815971,0.953217625617981,0.8966305596487862,0.7610216396195548,0.9468676788466317,-0.001097760587331972,0.9877971155302865
233,1e-06,0.47780005372126044,0.4468747919422507,0.31303122519103915,0.4797040969057078,0.4813883209680205,1.0281187143010844,1.1011486056518751,1.0342551630640786,1.0195479668596739,0.7623613896701986,0.9475493779929552,-0.0004213786280665812,1.012032516449461,0.46004381350108553,0.4379706936223166,0.3271803600447519,0.47589864901133944,0.4486176499298641,0.92125746182033,0.7014142274856567,0.9532150711332049,0.8966278433799744,0.7610070024217878,0.9468530331339154,-0.0010983888309315912,0.9878264665603638
234,1e-06,0.4772039055213889,0.4473906368917523,0.3178173279493696,0.4795547164652327,0.4801660093721584,1.0283498146322771,1.1042472139969888,1.0352546334327701,1.018915137021406,0.7622489183301872,0.9474687983424493,-0.0006693925110540266,1.0119553554137426,0.46004209348133634,0.43797045946121216,0.3271870527948652,0.47589631591524395,0.4486163301127298,0.9212571637971061,0.7014155302728925,0.9532147901398795,0.8966272984232221,0.7610216396195548,0.9468530331339154,-0.0010980882798321545,0.9878026247024536
235,1e-06,0.4788145493130408,0.44772548235750664,0.31406797396178376,0.4798783953227694,0.4832422537676689,1.0279762519364228,1.1026778958787444,1.0336889108205172,1.0197736914500908,0.7621179702522446,0.9476198837870643,-0.0009285765361466197,1.0126151437034254,0.46004209348133634,0.4379726307732718,0.327198611838477,0.4758959284850529,0.44861644932201933,0.9212565422058105,0.7014151471001762,0.9532145261764526,0.89662652356284,0.7610070024217878,0.9468530331339154,-0.0010984905030844466,0.9877822058541434
236,1e-06,0.4786853706659687,0.4466129880163893,0.3089973405652088,0.4795269886622109,0.48350004371898453,1.028851689769864,1.1015184990455111,1.0358732026537687,1.0194079472172646,0.7618896475646414,0.9473496022983752,-0.0005918124378780432,1.013909907751186,0.4600445968764169,0.4379785486630031,0.32721916266850065,0.4758983297007425,0.4486184673649924,0.9212566784449986,0.7014151641300747,0.9532150285584586,0.8966266342571804,0.7610216396195548,0.9468823160443988,-0.0010989476411071206,0.9877416150910514
237,1e-06,0.4782150696621635,0.44864534922764354,0.321138779993736,0.47958880629346606,0.4820772871046999,1.0280200358360045,1.1063069811980661,1.0346963961064601,1.0187344032864782,0.7624520441537262,0.9475208503493149,-0.001038737216940163,1.0119642579000057,0.4600475345339094,0.4379853223051344,0.3272422594683511,0.475902191230229,0.4486192124230521,0.9212564059666225,0.7014148916516986,0.9532145432063511,0.8966264980179923,0.7610216396195548,0.9468823160443988,-0.0010987234750895628,0.9877104333468846
238,1e-06,0.4773591596440541,0.4463804463850677,0.31316229466041784,0.4784524983250051,0.48173910942495146,1.0283931849616892,1.1058330025602108,1.0343997277971786,1.0198053505502478,0.7624016878120239,0.9476484324281422,-0.0008391360091822793,1.0113249869451606,0.4600446820259094,0.4379795363971165,0.3272214148725782,0.47590094804763794,0.44861590436526705,0.9212534087044852,0.701411315373012,0.9532113330704826,0.8966240882873535,0.7610216396195548,0.9468823160443988,-0.0010987460014543363,0.9877621190888541
239,1e-06,0.4775046752131541,0.44730491146513945,0.31757887157182846,0.4784353079548019,0.48190491866650365,1.028390588665155,1.1096892754236858,1.0349988334617184,1.019072486843992,0.7621498707618948,0.9474352112319369,-0.0005932493768732554,1.0115901197889068,0.46004598481314524,0.43798362783023287,0.3272382318973541,0.4759017697402409,0.44861692615917753,0.9212526253291539,0.7014115027018956,0.95321067741939,0.8966228365898132,0.7610216396195548,0.9468823160443988,-0.0010995372597660338,0.987740329333714
240,1e-06,0.47712608297482795,0.4469708619335036,0.31674588404126613,0.478711096860785,0.48088710767699094,1.028739914794,1.1111131166105568,1.0344796388868303,1.0202543134879773,0.7624688380752169,0.9473663884679049,-0.0008196435036963635,1.011582172350339,0.4600414676325662,0.4379764028957912,0.32721869008881704,0.47589723978723797,0.4486133967127119,0.9212503007480076,0.7014097230775016,0.9532085486820766,0.8966201373508998,0.7610216396195548,0.9468823160443988,-0.0010992241940195008,0.9877774715423584
241,1e-06,0.4776456565565167,0.4479948255689829,0.3190591278759199,0.48004857822680436,0.48052899831695184,1.029250019981015,1.1039322428805853,1.0359285668232963,1.0200821532692839,0.7623462877820469,0.9474100374101189,-0.0006005196422967951,1.011474857895544,0.4600436730044229,0.43798125641686575,0.32723499621663776,0.47589955159596037,0.44861489960125517,0.9212503944124494,0.7014111621039254,0.9532083443232945,0.8966203161648342,0.7610070024217878,0.9468823160443988,-0.0010995619148681207,0.9877483674458095
242,1e-06,0.47828545893270175,0.4482409526645008,0.3177727469788169,0.4805499250713032,0.48137144291944156,1.0283434453586768,1.1055315460416517,1.035299717220232,1.0188142520552468,0.7612584332472474,0.947186751330259,-0.0006440317325477134,1.0145852429953466,0.46004362191472736,0.437982976436615,0.3272450140544346,0.47589921951293945,0.4486145760331835,0.9212502666882106,0.7014113920075553,0.9532085571970258,0.896620682307652,0.761021648134504,0.9468823160443988,-0.0010987586158859944,0.9877289022718158
243,1e-06,0.47697140312292485,0.4463801426089121,0.3143195088435855,0.4785344119079285,0.4808301052190192,1.0282230892366955,1.1069474587120647,1.0342267241407161,1.0195953488288876,0.7623446117409425,0.9472958843218505,-0.0010714544799916553,1.0119084956642304,0.4600416805062975,0.4379785103457315,0.327227737222399,0.47589884059769766,0.4486118384769985,0.9212476185389927,0.7014084884098598,0.9532057132039752,0.8966178383146014,0.7610070024217878,0.9468823160443988,-0.0010980422791492725,0.9877693823405674
244,1e-06,0.4784493977695139,0.44870521060271684,0.3203462063503216,0.4799264865964117,0.4822423999515852,1.0278215192246913,1.111350552460748,1.0336923563230116,1.019166442716787,0.7625964315378294,0.9473982905340512,-0.0006636852821496378,1.0125657061827347,0.4600446607385363,0.4379842962537493,0.32724425196647644,0.47590288519859314,0.4486132987907955,0.9212470480373928,0.7014085565294538,0.9532051767621722,0.8966175488063267,0.761021648134504,0.9468823160443988,-0.0010981910496151873,0.9877470135688782
245,1e-06,0.4753702238652258,0.4438295665912853,0.30699710617355974,0.47762149717340213,0.47873129923405916,1.0282403963135867,1.1047757838972396,1.0340918714854879,1.0198377670230954,0.7621397936399081,0.9478280579683662,-0.0006086385279085107,1.0099805757990874,0.4600469640323094,0.4379866463797433,0.32724532059260775,0.4759069894041334,0.44861355423927307,0.9212446979113987,0.7014054145131793,0.9532022135598319,0.8966147133282253,0.7610216396195548,0.9468823160443988,-0.0010979031212627888,0.9877779483795166
246,1e-06,0.47537725168927414,0.44437759299798313,0.3108770681752099,0.47665410638771116,0.4795837429963926,1.0281999488396945,1.1043562233234392,1.0343228331664496,1.019538773705394,0.7626216049934129,0.9475292292730172,-0.0005625276168244683,1.009524618089962,0.46004174436841694,0.43797592180115835,0.32721072009631563,0.47590223806244986,0.44860883695738657,0.9212408491543361,0.7014005950519017,0.9531984584672111,0.8966111200196403,0.7609923652240208,0.9468676703316825,-0.001098898156279964,0.9878449269703456
247,1e-06,0.4787307019057911,0.4471369381293967,0.31189922725183805,0.4792518188754412,0.48377060150099116,1.0282989852988775,1.0997354132178132,1.0353391042624873,1.0188776397790533,0.7613541111846002,0.9470574854888857,-0.0008740047371054056,1.0158211105430182,0.46004052673067364,0.4379761815071106,0.32721641659736633,0.47590130141803194,0.4486074575356075,0.9212399125099182,0.7013992667198181,0.9531975303377423,0.8966097235679626,0.7609923652240208,0.9468676703316825,-0.001099510633918856,0.9878340874399457
248,1e-06,0.4794619223794385,0.4494083006596846,0.32052162432298253,0.4801869284813671,0.4840350205997168,1.0279468052276146,1.1037854461320777,1.0336713832400117,1.0196942849398514,0.7621901514770676,0.9475359490939549,-0.0005113014532181616,1.0138027089043757,0.4600418933800289,0.4379778632095882,0.32721830691610065,0.4759042773927961,0.4486068231718881,0.9212386182376316,0.701397819178445,0.9531962871551514,0.8966091530663627,0.7609777535711016,0.9468823160443988,-0.0010992209094443492,0.9878543359892709
249,1e-06,0.47706553744341984,0.4475095377356592,0.3190313127031097,0.4794180143874423,0.47998089165914626,1.0278206919622739,1.0965033860555748,1.034461258987372,1.0188909902123384,0.7622103061788337,0.9470910560578123,-0.0005601048917799074,1.0118576034300766,0.4600422808102199,0.43797776103019714,0.3272154927253723,0.4759051033428737,0.44860701475824627,0.9212365320750645,0.7013953072684151,0.9531940562384469,0.8966071265084403,0.7609777535711016,0.9468676703316825,-0.001099309152258294,0.9878826056207929
250,1e-06,0.4776402629770747,0.4463853497292772,0.3115674555301666,0.4791347728713134,0.48168153287933474,1.0291056922931154,1.1029799664502746,1.035546230708277,1.0202030008167593,0.7621884848054592,0.947304271760502,-0.0002038023464741253,1.0118719504786589,0.4600400711808886,0.4379721624510629,0.32719340920448303,0.4759041028363364,0.4486047029495239,0.921233492238181,0.7013916458402362,0.9531912888799395,0.8966038056782314,0.7609484621456691,0.9468530331339154,-0.001099316220331405,0.98793911082404
251,1e-06,0.47840533714934125,0.4488332125082177,0.3196758055650327,0.4813378942787983,0.48076364924464543,1.0287048211173406,1.102652522337113,1.0354921229362977,1.0194524326387944,0.7620558483565214,0.9475090863212706,-0.0004520844908968125,1.0129060620109178,0.4600448054926736,0.4379824825695583,0.32722799692835125,0.4759091394288199,0.4486077129840851,0.9212347183908735,0.7013937064579555,0.9531921574047634,0.8966050573757717,0.7609777450561523,0.9468676703316825,-0.0010982729561094726,0.9878832527569362
252,1e-06,0.4779802284909711,0.44621595647233725,0.3090532760527338,0.4796393419984543,0.48195209388115196,1.0293360834419574,1.104005677603601,1.0358853183278534,1.0202978709021167,0.7617704628433134,0.94745705027612,-0.0007666568438719464,1.0124203476366238,0.4600428598267691,0.4379815288952419,0.3272317222186497,0.4759066104888916,0.4486062824726105,0.9212340031351361,0.7013943195343018,0.953191910471235,0.8966038993426731,0.7609923652240208,0.9468676703316825,-0.0010988786733443184,0.9878678236688886
253,1e-06,0.4776124809561054,0.446713761006388,0.3133010465367537,0.4792146541739023,0.48148738416231296,1.0283410301345224,1.107103754908869,1.0350362202233678,1.0190205408009394,0.76090755272815,0.9472472002978698,-0.001004733612805727,1.0144860203670223,0.4600429194314139,0.43798266989844187,0.3272368780204228,0.47590713841574533,0.44860574177333284,0.9212330494608197,0.7013941832951137,0.953190667288644,0.8966026221002851,0.7609923652240208,0.9468823160443988,-0.0010978932841680944,0.9878688369478498
254,1e-06,0.4793076979094631,0.4492803159824592,0.32085397665584875,0.47970156225862715,0.4841957524746916,1.028232005761943,1.104516685955108,1.0340622830744957,1.0198587787133024,0.7618493638890741,0.9471531793269145,-0.0008316859065259855,1.0146881500635767,0.4600453419344766,0.4379886644227164,0.3272578460829599,0.47590980785233633,0.4486073212964194,0.9212333389690944,0.7013965419360569,0.9531911781855992,0.8966036183493478,0.7610070109367371,0.9468823160443988,-0.0010970414067352457,0.9878373742103577
255,1e-06,0.47730840491564896,0.44563926703735796,0.3088156673704363,0.4790308213942001,0.481202395525091,1.0287448234943872,1.1027191752845424,1.0345479298175084,1.0204759337507756,0.7626367055692248,0.9476568162349696,-0.00047992034835667727,1.01035240822063,0.46004706621170044,0.43799164465495516,0.3272658501352583,0.47591221758297514,0.4486078236784254,0.9212324959891183,0.7013962013380868,0.9531903607504708,0.8966026391301837,0.7609923652240208,0.9468823160443988,-0.00109608714202685,0.9878395966121128
256,1e-06,0.47707980347790596,0.4472303190294804,0.31901856526709554,0.47799049022560297,0.4814378317203268,1.027251260560168,1.105638236249952,1.0335447377445632,1.0183447235923393,0.7626417585354369,0.9477004659096522,-0.0006872184457294585,1.0099708988797158,0.4600418891225542,0.4379818524633135,0.32723561355045866,0.4759077642645155,0.44860279985836576,0.9212292432785034,0.7013935957636152,0.9531870995249067,0.8965987733432225,0.7609777535711016,0.9468676788466317,-0.0010964920677776848,0.9879025902066912
