epoch,train_total_loss,val_total_loss,train_reconstruction_loss,val_reconstruction_loss,train_selection_score,val_selection_score,train_common_reconstruction_loss,val_common_reconstruction_loss,train_common_total_loss,val_common_total_loss,train_kl_loss,val_kl_loss,train_market_loss,val_market_loss,train_sector_loss,val_sector_loss,train_idio_loss,val_idio_loss
1,1.0055060425703215,0.9151774644851685,1.005492946902027,0.9151622653007507,1.0053088226831253,0.9384112358093262,1.0072584170539323,0.8778150081634521,1.0072715158073033,0.8778302073478699,0.01308954643289714,0.01517363078892231,1.0012079498761104,1.065872311592102,1.0041788594712142,0.8858969807624817,1.0105396647516938,0.8634644746780396
2,0.9897306221147515,0.9033135771751404,0.9897064817515743,0.9032801389694214,0.9899046787162855,0.9293931126594543,0.9926499920579716,0.8646157383918762,0.9926741324211488,0.8646491765975952,0.02414419561220816,0.03341144323348999,0.9841300815018478,1.0656490325927734,0.9860263554325868,0.8669559955596924,0.9995575808244729,0.8555743098258972
3,0.9682693813332073,0.8778463006019592,0.9682015963425966,0.8777462840080261,0.9702775634545042,0.9027186036109924,0.9730360413725637,0.8460681438446045,0.9731038263631744,0.8461681604385376,0.06777929650522464,0.10002060234546661,0.9644752410178333,1.021880030632019,0.9569964945388622,0.8374376893043518,0.9893609002636263,0.8488380312919617
4,0.9397943181351424,0.846231997013092,0.9396107844673955,0.8460217714309692,0.941900479663397,0.8653085231781006,0.9501293377745166,0.8272255659103394,0.9503128714422634,0.8274357914924622,0.18353637020765312,0.21024616062641144,0.9245915329509354,0.9454140663146973,0.9217974739281022,0.8089275360107422,0.9793124217472239,0.8415840268135071
5,0.9202008467910264,0.8243089318275452,0.9199107291001422,0.8239852786064148,0.9174951325049056,0.8348968625068665,0.9393616948733193,0.8185185790061951,0.9396518094791269,0.8188422322273254,0.29011822869986886,0.32367756962776184,0.8714999913735473,0.8693479895591736,0.9065754247781866,0.7975643277168274,0.9744099925945897,0.8377784490585327
6,0.9079881519669711,0.8100237846374512,0.9075635432522161,0.8095231056213379,0.9026373997421049,0.8167131543159485,0.932138645065684,0.810880720615387,0.9325632568655157,0.8113813996315002,0.42461679833069343,0.5006836652755737,0.8405830214682061,0.8289812803268433,0.8962408989679943,0.7868970632553101,0.971088249915725,0.8342610597610474
7,0.8966695421194192,0.799479603767395,0.8960294929825242,0.7987199425697327,0.8904750507175802,0.8043016791343689,0.9235471928596882,0.804206907749176,0.9241872450816597,0.8049665689468384,0.6400539876476647,0.7596686482429504,0.8209095569790688,0.8045007586479187,0.8834643528329377,0.7764925956726074,0.9670512618393826,0.8319115042686462
8,0.8880992498033402,0.7910196185112,0.8872004876578331,0.790005087852478,0.8822362987656753,0.7949891686439514,0.9156609911500226,0.798051655292511,0.9165597502104531,0.7990661859512329,0.8987637011088007,1.0145426988601685,0.8119291880812377,0.7885472774505615,0.8719035953922017,0.7668477296829224,0.9628761180055513,0.8295724987983704
9,0.8798500037463243,0.787489652633667,0.8787149129201177,0.7862781882286072,0.874407083868643,0.7919672131538391,0.9079403806397947,0.7944784760475159,0.9090754714660012,0.7956899404525757,1.1350857414699882,1.211473822593689,0.8038715384674612,0.786685049533844,0.8606783182718375,0.7608808279037476,0.9586714267055853,0.8283358216285706
10,0.8723659048763017,0.7823935151100159,0.8710594826558318,0.7810143232345581,0.8670069341518789,0.7862891554832458,0.9010857787876538,0.7909285426139832,0.9023921979230471,0.7923077344894409,1.3064174458800275,1.3791738748550415,0.7953238294185341,0.7765305042266846,0.8514280562163653,0.7550358772277832,0.9542689100962345,0.827301025390625
11,0.8672452755558602,0.7791313529014587,0.8657727895648769,0.7775790095329285,0.8610962444454661,0.7812118530273438,0.8972292086203668,0.789772093296051,0.89870169461135,0.7913244366645813,1.472490395074714,1.5523467063903809,0.7850924497594537,0.7632058262825012,0.8464769774296965,0.7540446519851685,0.9517193168847609,0.8263850212097168
12,0.8618205433618766,0.7731923460960388,0.8601707661388087,0.7714804410934448,0.8536617589102937,0.771446943283081,0.8942983743154322,0.7887176871299744,0.8959481515385003,0.7904295921325684,1.6497710144476423,1.7118927240371704,0.7681847585631053,0.735118567943573,0.8434682165472507,0.7534502148628235,0.9493322969929101,0.8257720470428467
13,0.8537001723082404,0.7626588940620422,0.8519240001218791,0.7608170509338379,0.8417108993129213,0.7550877928733826,0.8912506500478221,0.7858757376670837,0.8930268222341834,0.7877175807952881,1.776176846080399,1.8418439626693726,0.7375065978123888,0.6903268098831177,0.840674183627058,0.75135338306427,0.9469519309365118,0.82358318567276
14,0.8426140713103619,0.7530773282051086,0.840722827789902,0.7511009573936462,0.8252384752288213,0.7400541305541992,0.8873622608821111,0.783325731754303,0.889253504402571,0.7853021025657654,1.8912477796973364,1.9763528108596802,0.694564357538528,0.6490346193313599,0.8373231115343115,0.7497786283493042,0.9438279643263163,0.821349024772644
15,0.8330236865690349,0.7438573837280273,0.8309816099881066,0.7417442798614502,0.8123273457827185,0.7291279435157776,0.8820742683472346,0.7767431735992432,0.884116344928163,0.7788562774658203,2.042074512480918,2.1131033897399902,0.6656182860730392,0.6289718747138977,0.8322440495242294,0.7421315908432007,0.9391197028595862,0.8162803053855896
16,0.8245708621372542,0.7378783226013184,0.82239983877671,0.735641598701477,0.8022986408963263,0.7218849062919617,0.8755272008415373,0.7724051475524902,0.8776982251902703,0.7746418714523315,2.1710268409927993,2.2367446422576904,0.6482661449615164,0.6156182885169983,0.8257882992506895,0.7375351190567017,0.9328414810075,0.8125012516975403
17,0.8175992085728335,0.7320016026496887,0.8153182593762899,0.729641318321228,0.7943707780465875,0.7147903442382812,0.8695486375208669,0.7680975198745728,0.8718295867174105,0.7704578042030334,2.2809467986677996,2.360306978225708,0.6362380574841853,0.6026615500450134,0.8200416332596572,0.7329806685447693,0.926832669064722,0.808728814125061
18,0.8114048716658482,0.728001594543457,0.8089907942298352,0.7255100011825562,0.7877362337471067,0.7109937071800232,0.8636628642672235,0.7635051012039185,0.8660769417032365,0.7659966945648193,2.4140764639245513,2.491591215133667,0.6280285266310495,0.6005386114120483,0.8141551054396515,0.7283475995063782,0.9210250778714992,0.8040947318077087
19,0.8040612884923316,0.7224714756011963,0.8015188149387809,0.7198621034622192,0.7801679956059778,0.7055496573448181,0.8568782418833731,0.7588781118392944,0.8594207154369239,0.7614874839782715,2.5424650283270505,2.609379768371582,0.6188119490812821,0.5933760404586792,0.8062439868192753,0.7210252285003662,0.9154480427708455,0.8022476434707642
20,0.7946664011531449,0.713193953037262,0.791982994694677,0.7104213833808899,0.7709220788809533,0.6960417628288269,0.8485540109658308,0.751038134098053,0.8512374174242988,0.753810703754425,2.6834088442926216,2.772549629211426,0.6076273599280262,0.5803593397140503,0.7945792199000625,0.7100987434387207,0.9105596779764686,0.7976670861244202
21,0.7833001893684057,0.701604962348938,0.7804844273134518,0.6987082958221436,0.7588622112819843,0.6829588413238525,0.8398755517171743,0.7437137365341187,0.8426913137721282,0.7466104030609131,2.8157523994353246,2.8966856002807617,0.5884547690317499,0.5551639795303345,0.781769540789057,0.6978084444999695,0.9063623049603364,0.7959041595458984
22,0.7714561590095594,0.6901224255561829,0.7685217766254671,0.687100350856781,0.7450919427275898,0.6682455539703369,0.8321434156257422,0.7371336817741394,0.8350777980098346,0.7401557564735413,2.9343781141534877,3.0220730304718018,0.5619836463843383,0.523343026638031,0.7706868828090154,0.6900681853294373,0.9026053086784848,0.7913255095481873
23,0.7618544627865268,0.6801130771636963,0.7588202563847697,0.6770493984222412,0.7332098301826968,0.6552851796150208,0.8264556702842512,0.7319996356964111,0.8294898766860083,0.7350633144378662,3.0341989371249225,3.0636942386627197,0.5370720121550069,0.4939204156398773,0.7631930048244953,0.6834235787391663,0.8993644817753741,0.7885116934776306
24,0.7519426906441466,0.6708676218986511,0.748827656897465,0.667702853679657,0.7209559177465397,0.6445989012718201,0.8205481094722077,0.7254241108894348,0.8236631432188892,0.728588879108429,3.1150316835365652,3.1647896766662598,0.5114688839186458,0.4745872914791107,0.7555710505581172,0.6751126050949097,0.8958278182687617,0.7840968370437622
25,0.744346605685381,0.6634351015090942,0.7411541688119261,0.6601998805999756,0.7126036801176229,0.637263834476471,0.8148643222599439,0.7195363640785217,0.8180567591333987,0.7227715849876404,3.1924360113687666,3.235225200653076,0.4975037051269124,0.46420779824256897,0.7478060825026281,0.6654161810874939,0.8925012480957133,0.7821674942970276
26,0.7366648517395387,0.6556305289268494,0.7334190899430139,0.6523244976997375,0.7044288005560841,0.6277758479118347,0.8090035999009255,0.7145644426345825,0.8122493616974503,0.7178704738616943,3.2457743712971676,3.3060262203216553,0.48446113062782226,0.4452205002307892,0.7393963322483283,0.6592415571212769,0.8894289186788482,0.778865396976471
27,0.7301152059292436,0.6506543159484863,0.7267928228559544,0.647295355796814,0.6977407832257525,0.6227487921714783,0.8036544151842184,0.7098554372787476,0.8069767982575077,0.7132143974304199,3.322377470597245,3.358968496322632,0.4749569114383492,0.439524382352829,0.7316089807567064,0.6538695096969604,0.886656429716512,0.7748523354530334
28,0.7257048478263426,0.6485245227813721,0.7223282572088384,0.6450904607772827,0.6936593069222308,0.6221116185188293,0.7995092218287599,0.7062811255455017,0.8028858155313408,0.7097151875495911,3.3765883347402927,3.434053897857666,0.4710094250024594,0.445065438747406,0.7256790628521923,0.6484825611114502,0.8842894072432389,0.7727868556976318
29,0.7212602774045075,0.6431982517242432,0.7178402192140464,0.6397464275360107,0.6889370111767406,0.6160731315612793,0.7958778402027311,0.7019971013069153,0.7992978983931921,0.7054489254951477,3.420059204776423,3.451796531677246,0.46399248485086997,0.4353363513946533,0.7209807184125265,0.6440712213516235,0.8818378137327426,0.7688117623329163
30,0.7160479888181381,0.6400995254516602,0.7125936996295681,0.6366275548934937,0.6833150418625156,0.6118318438529968,0.7917201393922234,0.7004452347755432,0.7951744285807936,0.7039172053337097,3.4542802119611777,3.4719865322113037,0.4552904936257905,0.42543819546699524,0.7156960033136391,0.6426137089729309,0.8789586232492329,0.7674435973167419
31,0.7105401507814163,0.6374090909957886,0.7070423503949774,0.6338715553283691,0.6769631315569524,0.6087866425514221,0.7877855169787563,0.698106586933136,0.7912833173651952,0.7016441226005554,3.49779910497515,3.53755784034729,0.44385395769980385,0.4209067225456238,0.7108046092632276,0.6402714252471924,0.8762308035213071,0.7651817202568054
32,0.705399287551991,0.6344785690307617,0.7018528692258595,0.6308980584144592,0.6709172509240082,0.6065468192100525,0.7841521134947265,0.6949892640113831,0.7876985318208579,0.6985697746276855,3.54642467049515,3.580510377883911,0.4327335584226331,0.42051252722740173,0.7065034550883922,0.6352858543395996,0.8735147330908462,0.763841986656189
33,0.6999408340000981,0.632474958896637,0.6963380990460292,0.628838062286377,0.6648585401803822,0.6046946048736572,0.7802037098992946,0.6928795576095581,0.7838064448533635,0.6965164542198181,3.6027333522392486,3.636888027191162,0.42223594181339025,0.4192020893096924,0.7009449503318627,0.6326654553413391,0.8713947502987326,0.7622162699699402
34,0.6943120256735157,0.6263121962547302,0.6906696601382547,0.6226280331611633,0.6584451005278548,0.5969784259796143,0.7763927279095201,0.6900536417961121,0.7800350934447811,0.693737804889679,3.642366561627417,3.6841907501220703,0.41034838290914466,0.4011995494365692,0.6955194375893871,0.6273369789123535,0.8694675036687577,0.7623987197875977
35,0.688492876915521,0.6200668215751648,0.6847956018605986,0.6163327097892761,0.6513000567143522,0.588062047958374,0.7730373596788369,0.6876066327095032,0.7767346347337593,0.6913407444953918,3.697276677672698,3.734130859375,0.3952318989960616,0.37867531180381775,0.6907436620162365,0.6247217059135437,0.8679245852816698,0.7607892155647278
36,0.6805303112437645,0.6148231029510498,0.6767876066517551,0.611020565032959,0.6404474156735833,0.5804290175437927,0.7698910060412866,0.6866389513015747,0.773633710633296,0.6904414892196655,3.7427065688687398,3.8025519847869873,0.36816951025727784,0.3570220470428467,0.6860093641898143,0.6216832399368286,0.8671633627942059,0.7625817656517029
37,0.6729027226633549,0.6063977479934692,0.6690983364951307,0.602563738822937,0.6294238615556618,0.5667045712471008,0.7674649668472574,0.6857767701148987,0.7712693530154816,0.6896107792854309,3.804389546575982,3.8340251445770264,0.3390615460388679,0.31624218821525574,0.6826150244274363,0.6207691431045532,0.8665950206480092,0.7631022930145264
38,0.6679260556243761,0.5985607504844666,0.6640884011224654,0.5946943163871765,0.6221447354909432,0.5562730431556702,0.7659637762427185,0.6824339032173157,0.7698014307446293,0.6863003373146057,3.8376474969549985,3.866450309753418,0.31962879101515684,0.29089999198913574,0.6806050414167528,0.6156927943229675,0.8662003691361301,0.7622263431549072
39,0.6620422123030907,0.5989750623703003,0.6581785644156413,0.5950965285301208,0.6142956475304342,0.5554354190826416,0.7631925259386534,0.6842058300971985,0.7670561738261027,0.6880843639373779,3.8636473868956607,3.878542900085449,0.3010987815493473,0.284573495388031,0.6771116686214381,0.6183101534843445,0.8646765104971383,0.7634225487709045
40,0.6558888363683942,0.5922627449035645,0.6520240920977317,0.5883707404136658,0.6057764459032304,0.5488179326057434,0.7608771232087459,0.6786366105079651,0.7647418674794084,0.6825286149978638,3.8647489680773424,3.8919830322265625,0.27953014497784917,0.2757510244846344,0.6738914632623706,0.6100482940673828,0.8639077250889039,0.7606545090675354
41,0.6481877392330393,0.589544415473938,0.6442987348114582,0.5856481790542603,0.5958998066136291,0.5449877381324768,0.7568818122522097,0.6774395704269409,0.760770816673791,0.6813358068466187,3.888999242894427,3.8962457180023193,0.2572824024462382,0.2663821578025818,0.6685857311752804,0.6089869141578674,0.8618312623401523,0.759594202041626
42,0.6413931261900221,0.5842003226280212,0.6374902033487698,0.5802719593048096,0.5867724741609097,0.539015531539917,0.7537760722507025,0.6737434267997742,0.7576789950919547,0.6776717901229858,3.9029324454813894,3.92838978767395,0.2354890595152944,0.25562241673469543,0.6647193497171106,0.6036008596420288,0.8601090212703185,0.7578234076499939
43,0.6369212935725735,0.584487795829773,0.632999623058009,0.5805515646934509,0.5819011443884711,0.5402335524559021,0.7504396855566022,0.673146665096283,0.7543613560711667,0.677082896232605,3.9216692399458033,3.93625807762146,0.22738902569058161,0.2606578767299652,0.6601374570869311,0.6020355820655823,0.8581769414098457,0.758007287979126
44,0.6322758479779711,0.5810421705245972,0.6283374161456117,0.577070951461792,0.5765255351949693,0.5370633602142334,0.7474324032694427,0.6698575615882874,0.7513708351018021,0.6738287806510925,3.9384312524614282,3.9712042808532715,0.21703178808846263,0.2577376365661621,0.6558379926423143,0.597438395023346,0.8567068194552466,0.7560139894485474
45,0.6273553136192349,0.5785518288612366,0.6233925628989899,0.5745620727539062,0.5710964364847383,0.5338987708091736,0.7438594449448576,0.6683956384658813,0.7478221987501793,0.6723853945732117,3.962753441379083,3.9897360801696777,0.20769834127977604,0.2509916126728058,0.6508779326431963,0.5957617163658142,0.8547130434608536,0.7549430131912231
46,0.6236817508972081,0.5770735144615173,0.6197020264709232,0.5730850100517273,0.5672212264651574,0.5334601402282715,0.7410752715921768,0.6661170721054077,0.7450549960184618,0.6701055765151978,3.979723329250985,3.988520860671997,0.2015282244960451,0.25442299246788025,0.6467787080624785,0.592065691947937,0.8533567252112843,0.7538917660713196
47,0.6185891456657993,0.5757147073745728,0.6145987216273253,0.5717011094093323,0.5613903489929435,0.5323152542114258,0.7376982739614756,0.6650974750518799,0.7416886975058553,0.6691110730171204,3.9904231533462395,4.013583183288574,0.1905357646757757,0.2530146539211273,0.6420048349211199,0.5895942449569702,0.851630446764317,0.7543367743492126
48,0.614286479658797,0.5727493762969971,0.6102782964610012,0.5687206387519836,0.556901835763787,0.5299439430236816,0.7344450303720551,0.662327229976654,0.7384532135698509,0.6663559675216675,4.008181154511016,4.028725624084473,0.18344896540099967,0.25148260593414307,0.6370576207231906,0.5845967531204224,0.8501989316275088,0.7537525296211243
49,0.6110970607374633,0.5702316761016846,0.6070817429625067,0.5661904811859131,0.5537757921498457,0.5272986888885498,0.7317987765033767,0.6604709625244141,0.7358140942783332,0.6645121574401855,4.015315613281953,4.041187286376953,0.1793136410671258,0.24717764556407928,0.633074429562542,0.5816971063613892,0.8489392914128024,0.7530212998390198
50,0.6076386059000576,0.5684418082237244,0.6036068188772962,0.5643882751464844,0.5506765136967484,0.5257596373558044,0.7285189327324059,0.6584036946296692,0.7325507197551673,0.6624572277069092,4.031792775465321,4.053560256958008,0.17659415508324058,0.24674993753433228,0.6282868172251836,0.5793977975845337,0.8471485675465853,0.7511312365531921
51,0.6036485258114758,0.5673708319664001,0.5996058417195691,0.5632995963096619,0.5466816985698736,0.5263610482215881,0.7252923579433886,0.65567946434021,0.7293350435778336,0.6597506999969482,4.042683235797813,4.071232318878174,0.17098341977432388,0.2543465793132782,0.6234532331003142,0.5750464200973511,0.8456084535423677,0.7496902346611023
52,0.6001708967407079,0.5657015442848206,0.596104517115112,0.561619758605957,0.5434508518173875,0.5250583291053772,0.722153761249007,0.6537972092628479,0.7262201408746027,0.6578789949417114,4.066378416052918,4.081773281097412,0.1675584691283291,0.2542629837989807,0.6187729452044869,0.5724676251411438,0.844021143433154,0.7484444975852966
53,0.5967685631832226,0.5634839534759521,0.5926905898396129,0.5593785047531128,0.5401206573541474,0.5239887833595276,0.7193220369834145,0.6509161591529846,0.7234000072419474,0.655021607875824,4.0779740238691025,4.105475902557373,0.16317982593866867,0.25700369477272034,0.6144998122023225,0.5674445629119873,0.8426823457676632,0.7475182414054871
54,0.5936530798830294,0.564403772354126,0.5895600540407553,0.5602892637252808,0.5373174122504941,0.5256901383399963,0.7163421081426508,0.6506205201148987,0.7204351339849248,0.6547350287437439,4.0930268088671244,4.114494323730469,0.16074821282459859,0.2629055976867676,0.6102459817052225,0.5672930479049683,0.8409580324422093,0.7468718886375427
55,0.5912573525792811,0.5603378415107727,0.5871473748916274,0.5562156438827515,0.5357560539023866,0.5210515856742859,0.713543981542676,0.6481583118438721,0.7176539607728679,0.6522805094718933,4.1099778415218715,4.122181415557861,0.1617883771079492,0.2536890208721161,0.6057287744554103,0.5631906390190125,0.8397510145725724,0.746275007724762
56,0.5886087269615269,0.5546871423721313,0.5845004409563671,0.5505584478378296,0.5337107881475835,0.5152267813682556,0.7106369798163196,0.6432587504386902,0.7147452658214792,0.6473874449729919,4.10828183799247,4.128688812255859,0.16155569176417442,0.2459181398153305,0.6015814717752076,0.5572307705879211,0.8379952057479029,0.7425314784049988
57,0.5841509482419978,0.556769073009491,0.5800325021635797,0.5526306629180908,0.5288256429440089,0.519029438495636,0.7074145057690178,0.6433565020561218,0.7115329518474358,0.647494912147522,4.1184458975554765,4.138392925262451,0.1531731783078356,0.2575139105319977,0.5970337050095098,0.5562776923179626,0.836270038820306,0.7432966828346252
58,0.5825425367870168,0.5529648065567017,0.5784129975924741,0.5488225817680359,0.528376630260739,0.5146544575691223,0.7047656804889597,0.6403946876525879,0.7088952196835026,0.6445369124412537,4.1295332100725926,4.142205715179443,0.15735139530581402,0.2501664161682129,0.5930457856314798,0.5532509684562683,0.8347327050485931,0.7405460476875305
59,0.579360441235073,0.5531813502311707,0.575226154565522,0.5490337014198303,0.5248179931149904,0.5168075561523438,0.7026624242352224,0.6387055516242981,0.7067967109047735,0.6428532004356384,4.134291579257704,4.147619724273682,0.15073147472152332,0.26040157675743103,0.589815499868848,0.5497353672981262,0.83390701183461,0.7402857542037964
60,0.5766914350466839,0.5534356832504272,0.5725485566556092,0.5492802858352661,0.5219931085366157,0.5163077712059021,0.700496020945662,0.63988196849823,0.7046388993367366,0.6440373659133911,4.142879307535174,4.155411243438721,0.1465214568198185,0.256375789642334,0.587034517943594,0.5512043237686157,0.8324233358368139,0.741343080997467
61,0.5738623100545692,0.5486137270927429,0.5697131396014826,0.5444419980049133,0.5193052001680095,0.5109732747077942,0.6981048660147204,0.6365493535995483,0.702254036467807,0.6407210826873779,4.149169347086659,4.171730041503906,0.14320933522963109,0.24683064222335815,0.5832968838919621,0.5462455153465271,0.8314093787131211,0.7398437261581421
62,0.5709948549615773,0.5477204918861389,0.5668337024082503,0.5435441136360168,0.516505116279724,0.5113599300384521,0.6957346196845626,0.6344112753868103,0.6998957722378896,0.6385876536369324,4.161153913460133,4.176390171051025,0.1395051005430854,0.25252795219421387,0.5796480074711671,0.5428648591041565,0.8303622226699663,0.7386869788169861
63,0.5681008665223282,0.5432739853858948,0.5639280305427431,0.5390784740447998,0.5136653951701007,0.5049753189086914,0.6933065980636683,0.6329250931739807,0.6974794340432534,0.6371206045150757,4.172840348053596,4.195498466491699,0.13579945156581963,0.23583969473838806,0.5760454873155593,0.5409232974052429,0.8291512648923359,0.7381630539894104
64,0.564521465159793,0.5402761697769165,0.5603362248101025,0.5360631942749023,0.5097564194205315,0.5017971992492676,0.6909223208531551,0.6308413743972778,0.6951075612028456,0.635054349899292,4.1852369011533055,4.21297025680542,0.12868338159303938,0.2303595095872879,0.5721188089503386,0.5374080538749695,0.8284670886509437,0.7376241087913513
65,0.5612296672470889,0.5381265878677368,0.5570199459224783,0.5338904857635498,0.5059948790738614,0.499258428812027,0.6888534720735515,0.6301068663597107,0.6930631949407005,0.6343429684638977,4.209718577542673,4.236072540283203,0.12136127097472652,0.22402557730674744,0.5688033738673288,0.5348021388053894,0.8278200014178395,0.7389476299285889
66,0.5581859133285016,0.5352389216423035,0.5539464200502265,0.5309754610061646,0.5022945871875685,0.4935421645641327,0.687306890109749,0.6306546926498413,0.6915463818454858,0.6349181532859802,4.2394919418584855,4.263488292694092,0.1131307646794884,0.2051330804824829,0.5659718290061735,0.5365039110183716,0.8277811622793164,0.7389894723892212
67,0.5519071834751628,0.5238083004951477,0.5476386288713454,0.5195123553276062,0.49333021420724854,0.4770681858062744,0.685304063006639,0.6276352405548096,0.6895726176104563,0.6319311857223511,4.268557400632088,4.295928478240967,0.08952312130184246,0.16035820543766022,0.562968681492981,0.5309338569641113,0.8274988131247404,0.7399125695228577
68,0.5461118972547325,0.5201192498207092,0.5418156441820811,0.51580411195755,0.4850542084605791,0.47030937671661377,0.683428466488753,0.6276648640632629,0.6877247180188661,0.6319800019264221,4.2962573875168095,4.315130710601807,0.06778420121369456,0.13932035863399506,0.5602264023723749,0.5322885513305664,0.8271520042342306,0.7393192052841187
69,0.5406470370953063,0.509386420249939,0.5363306569465008,0.5050526857376099,0.47857509390140324,0.45690250396728516,0.6804159298099297,0.6222784519195557,0.6847323104528296,0.6266121864318848,4.31638448285613,4.333744049072266,0.05401332663907679,0.1090427041053772,0.5550719957047033,0.5237234234809875,0.826639940393535,0.737941324710846
70,0.5367016687091429,0.5060020685195923,0.5323691673477411,0.5016599893569946,0.4747481742972456,0.4538533687591553,0.6770610948154621,0.6191549301147461,0.6813935956827697,0.6234970092773438,4.332498470588681,4.3420538902282715,0.04919338290038448,0.10615022480487823,0.5500757086869921,0.5190348029136658,0.8249754292541701,0.7363751530647278
71,0.5340620172057516,0.5015460848808289,0.5297187500958302,0.49718260765075684,0.4724754752343452,0.4490729868412018,0.6745271163096661,0.6158966422080994,0.6788703865046641,0.6202601194381714,4.343267672755099,4.363480091094971,0.04747023180976745,0.09816799312829971,0.5461892292078236,0.5141687393188477,0.8237669392245239,0.7348821759223938
72,0.5314709930057425,0.49891966581344604,0.5271188638685591,0.49455419182777405,0.47068832846628816,0.44565942883491516,0.671683557135732,0.6147591471672058,0.6760356847303771,0.6191245913505554,4.352131815608388,4.365462779998779,0.04790528558474825,0.0899667888879776,0.5414494130710721,0.5122867822647095,0.8227102974383782,0.734724760055542
73,0.5291463261763191,0.49822407960891724,0.5247826502480297,0.4938535690307617,0.4685602897677979,0.4462803304195404,0.6696405711561574,0.6126455664634705,0.6740042439993701,0.617016077041626,4.363675671071116,4.370513916015625,0.04559831171655433,0.09633960574865341,0.5381910562563463,0.5091762542724609,0.8218914905251928,0.7333251237869263
74,0.5262433578743416,0.49652132391929626,0.5218671434474194,0.492136687040329,0.46588876954322395,0.44465985894203186,0.6670620541219715,0.6109126806259155,0.6714382654638171,0.6152973175048828,4.376211228276186,4.3846435546875,0.04273120119709791,0.09495557844638824,0.5342018140070939,0.5071918368339539,0.8207332968856466,0.7318321466445923
75,0.5227001406526546,0.4922275245189667,0.5183156760800381,0.4878365993499756,0.4618979076769397,0.43909752368927,0.6646480444853382,0.608945906162262,0.6690325106004931,0.6133368015289307,4.384468593049811,4.390911102294922,0.03542347703832535,0.08183013647794724,0.5307495024490588,0.5041590929031372,0.819520738097853,0.731303334236145
76,0.5216943118864353,0.4921487271785736,0.5173075380616472,0.48775702714920044,0.46180542520169443,0.4394179880619049,0.6627858450332731,0.6082490682601929,0.667172617315523,0.6126407980918884,4.386770957595078,4.391714096069336,0.03905351969439445,0.08429060131311417,0.527940016331771,0.5035492181777954,0.8184227387624572,0.7304142117500305
77,0.519322756881228,0.4880088269710541,0.5149325393637423,0.4836080074310303,0.4596159559389478,0.43493568897247314,0.6606867190463988,0.6052702069282532,0.6650769334788078,0.6096709966659546,4.390216733876192,4.400818824768066,0.036674021623103764,0.07664581388235092,0.5247278373780349,0.49915239214897156,0.8174460071616938,0.7290088534355164
78,0.5163230128824301,0.48728978633880615,0.51192379156877,0.4828836917877197,0.4565247273666869,0.4338923990726471,0.6582959770336838,0.6052613258361816,0.6626951952622673,0.6096674203872681,4.399225239420149,4.4061079025268555,0.03210940254642035,0.07342679053544998,0.5213123184681131,0.49861598014831543,0.8161524851409906,0.7296344637870789
79,0.5147337893267369,0.4858185648918152,0.5103309376250381,0.48140406608581543,0.45569045020412735,0.4334137439727783,0.6561861228133038,0.6025521755218506,0.6605889745150025,0.6069666743278503,4.402842643913642,4.4145121574401855,0.03395819685768729,0.0776398628950119,0.5180266889010274,0.4954781234264374,0.8150864746760512,0.7271233201026917
80,0.5120978160903273,0.4866313338279724,0.5076848960964004,0.4822080433368683,0.4531059313943595,0.434513658285141,0.6539476430710154,0.6029476523399353,0.6583605599798656,0.6073709726333618,4.4129171199852575,4.42329216003418,0.030645759203808298,0.08022146672010422,0.5147706052213847,0.49583953619003296,0.8139014400020573,0.7274799346923828
81,0.5102417089415618,0.4835870862007141,0.505818601434066,0.4791567921638489,0.4516304613388939,0.430978924036026,0.6520095026738915,0.6012409329414368,0.6564326091329433,0.605671226978302,4.423101930352198,4.430280685424805,0.03014350561609622,0.07284163683652878,0.5118276779101149,0.49279963970184326,0.8129202070816586,0.727295458316803
82,0.508364235720941,0.48266735672950745,0.5039351462618908,0.4782372713088989,0.4500408271305772,0.4297889769077301,0.6501539431744339,0.6006135940551758,0.6545830341760225,0.6050436496734619,4.429092481268402,4.430071830749512,0.029113233013374575,0.07046836614608765,0.5090485743144915,0.49236994981765747,0.8119606694083825,0.7265287041664124
83,0.5063195278950177,0.4825640320777893,0.5018872073002301,0.4781138300895691,0.44828881004586474,0.4301065504550934,0.6481633768407526,0.6004049777984619,0.6525957020631552,0.6048551797866821,4.432320333905804,4.450193405151367,0.02786301287080154,0.07189247012138367,0.5060678612496561,0.49103596806526184,0.8109355564788436,0.7273911833763123
84,0.504782585180871,0.48191726207733154,0.5003353159195298,0.47746938467025757,0.44724648060511346,0.42941832542419434,0.6462935334846552,0.6001340746879578,0.6507408012034581,0.6045819520950317,4.4472698592676885,4.447875499725342,0.028561317798366345,0.07032651454210281,0.5033479965967155,0.4901277422904968,0.809830141703802,0.727800726890564
85,0.5027428301201144,0.4801545739173889,0.4982841848314797,0.4756785035133362,0.44572262954625147,0.428490549325943,0.6440723892700513,0.5971741676330566,0.6485310361012244,0.6016502380371094,4.458648900681067,4.476077079772949,0.02850416114232196,0.07367318123579025,0.49992112981082454,0.48702141642570496,0.8087425899804482,0.724777102470398
86,0.5020774446466988,0.480092316865921,0.49760228144799556,0.47560030221939087,0.44549625117770103,0.427636057138443,0.6429076671503933,0.5983525514602661,0.6473828288065582,0.6028445959091187,4.475162790316201,4.492023944854736,0.0302515329286197,0.06854274123907089,0.4984040084971718,0.4879103899002075,0.8078332029997073,0.7264550924301147
87,0.5002889610763701,0.47833725810050964,0.49580059654549746,0.47385191917419434,0.4442509353474186,0.4269230365753174,0.640832694204433,0.595970630645752,0.6453210633629206,0.6004559397697449,4.488366452104112,4.485332489013672,0.030751349941480512,0.07134027779102325,0.4952494168493654,0.48377591371536255,0.8067520350711913,0.7256529927253723
88,0.49789823987587134,0.47594985365867615,0.4934133216527807,0.4714685082435608,0.4421268962700262,0.4232005178928375,0.6385242560350408,0.595777690410614,0.6430091732096874,0.6002590656280518,4.484918426994944,4.481354236602783,0.02901522302152751,0.06019331514835358,0.4920031207802322,0.4830368459224701,0.8053623418117698,0.7263713479042053
89,0.49533070906472504,0.47514358162879944,0.4908516769268423,0.4706643521785736,0.4397992170560808,0.4237433969974518,0.6359844499399823,0.5937694907188416,0.6404634815837708,0.5982487201690674,4.479036176537291,4.479233264923096,0.02713375166209179,0.06610248982906342,0.4887287316657829,0.4795275032520294,0.8035351719106203,0.7256003022193909
90,0.4935346339643604,0.47333571314811707,0.4890564386655674,0.46885547041893005,0.4385071192200349,0.42118707299232483,0.6339162146567913,0.5930063128471375,0.6383944114981226,0.5974865555763245,4.478193531236907,4.480241298675537,0.02747421844471118,0.05977434292435646,0.4857371952844158,0.47882261872291565,0.8023099461596744,0.7249643206596375
91,0.49171029991145276,0.4742395579814911,0.4872320488643608,0.46975523233413696,0.4367888912203049,0.4233762323856354,0.6321755287573013,0.5923556685447693,0.6366537720917016,0.5968400239944458,4.4782496939002385,4.484331130981445,0.025803228536695304,0.06793665885925293,0.4835117959417026,0.4775514602661133,0.8010516671145247,0.7246405482292175
92,0.4898012564387632,0.47213730216026306,0.48531776608796046,0.4676508605480194,0.43532031468423427,0.42077088356018066,0.6299669213541789,0.5912265777587891,0.6344504117049816,0.5957130193710327,4.483490586618253,4.486441135406494,0.02589127147518282,0.06222596764564514,0.4805930360603371,0.4758983552455902,0.7994766308381112,0.7241882681846619
93,0.48814632090729737,0.4706054627895355,0.48365978485073485,0.466114342212677,0.43406310854679264,0.41917943954467773,0.6280407557784426,0.5899139642715454,0.6325272907865611,0.5944051146507263,4.48653545584025,4.4911322593688965,0.026041146789576138,0.060048140585422516,0.4780354748310177,0.4742881953716278,0.798112707633602,0.7232019901275635
94,0.4863052227166419,0.4693215489387512,0.48181387262695285,0.46482330560684204,0.4324481889659752,0.41863688826560974,0.6261398100052774,0.5880253911018372,0.6306311616375048,0.5925236344337463,4.4913495285907254,4.498257160186768,0.025027885510342546,0.06233685836195946,0.47556640125217586,0.4714188873767853,0.7967502692668389,0.722154974937439
95,0.48419529922665056,0.4683271050453186,0.4796910783418315,0.46381497383117676,0.43063997917458735,0.4172610342502594,0.6238664094851271,0.5875518918037415,0.6283706319124844,0.5920640230178833,4.5042202219132035,4.512138366699219,0.024198156494904855,0.0590631477534771,0.472674518425938,0.47093167901039124,0.7950472542500139,0.7217883467674255
96,0.4834954967105432,0.46914464235305786,0.478985416903652,0.46462613344192505,0.43041589383745404,0.418957382440567,0.6226392022955046,0.5871726274490356,0.6271492851874725,0.5916911363601685,4.510078496119294,4.518521785736084,0.026084107044425948,0.06512540578842163,0.471097578295705,0.4703851342201233,0.7940659900450099,0.7213615775108337
97,0.48221858459785794,0.4658184051513672,0.4776993286643393,0.4612911343574524,0.42936521022608054,0.41489386558532715,0.6211089599580838,0.5857570767402649,0.6256282128065258,0.5902843475341797,4.519256512163334,4.527255535125732,0.02604220853948998,0.055492110550403595,0.46937421151032777,0.46717917919158936,0.792679245323485,0.7220103740692139
98,0.4798267817526176,0.4661712348461151,0.47530275098813773,0.46164458990097046,0.42706526787571225,0.4155465066432953,0.6189000039654032,0.5852460265159607,0.6234240316448065,0.589772641658783,4.524029035872888,4.526642799377441,0.02355084082829509,0.05859227105975151,0.46649539458621525,0.4675598442554474,0.7911495745447161,0.7204872965812683
99,0.4783667385023806,0.46293580532073975,0.4738392098755958,0.458405077457428,0.42572205740577335,0.4125547707080841,0.6173677463739737,0.5822481513023376,0.6218952775917408,0.5867788791656494,4.527530203162539,4.53073263168335,0.022605248685102206,0.05561356619000435,0.46474938348291184,0.46333566308021545,0.7898115333496585,0.7187151312828064
100,0.4772474930395349,0.46346214413642883,0.47271698579535615,0.45892560482025146,0.4251302734252368,0.41327977180480957,0.6156924715227219,0.5822093486785889,0.6202229782728064,0.5867459177970886,4.530503502462829,4.536540508270264,0.024292533035479333,0.05794521048665047,0.4626449173970884,0.4638417363166809,0.7884533701278496,0.718052327632904
101,0.4756194666552245,0.46154502034187317,0.4710806937556107,0.45700782537460327,0.4237330485417011,0.4119318723678589,0.6140689705963613,0.5799640417098999,0.6186077434959751,0.5845012664794922,4.538772593612763,4.537208557128906,0.023371282735974306,0.058484919369220734,0.46029028582081255,0.4605880677700043,0.7875375952790057,0.7167226076126099
102,0.4747929911453426,0.45971399545669556,0.4702540040739239,0.4551728367805481,0.4233848042951824,0.4096037447452545,0.612688590966397,0.5789122581481934,0.617227579580354,0.5834534168243408,4.5389862637070575,4.541162490844727,0.025194085416641258,0.05347231775522232,0.45863534278152346,0.45938339829444885,0.7863249892991803,0.7159556150436401
103,0.4733288223643174,0.46002820134162903,0.4687878863077823,0.45548373460769653,0.42202375602056946,0.41075924038887024,0.6112363678551954,0.5783055424690247,0.6157772987900212,0.5828499794006348,4.54093387721764,4.54445219039917,0.024024786107510243,0.05833422392606735,0.4568448764710016,0.45816901326179504,0.7852016049891023,0.7157745361328125
104,0.4719600400435891,0.45805203914642334,0.4674164081241648,0.4535050690174103,0.4209721199640898,0.40826845169067383,0.6097129613727488,0.5769578218460083,0.6142565948347114,0.5815048217773438,4.543632157746472,4.5469770431518555,0.023965559403453095,0.053439248353242874,0.4546902049445836,0.4570368230342865,0.7842606150135066,0.7143293619155884
105,0.4705862024391512,0.4568893611431122,0.46604143486204197,0.45234695076942444,0.4200510182965877,0.40806639194488525,0.6079901305953356,0.5752755999565125,0.6125349094643074,0.5798180103302002,4.544772348083854,4.542400360107422,0.024730857326116247,0.0563504621386528,0.4523429958698868,0.45361119508743286,0.7830791879269068,0.7142375111579895
106,0.4691105047387726,0.45547792315483093,0.4645576102141663,0.4509209394454956,0.4187435445470266,0.4064491093158722,0.6065510240490023,0.5742998123168945,0.6111039232012235,0.5788567662239075,4.55289613810137,4.556979656219482,0.023700210767064894,0.053383927792310715,0.4502921242054493,0.45227551460266113,0.7822383009514923,0.7136878967285156
107,0.46774729399415005,0.4530908763408661,0.46318976692569147,0.44853025674819946,0.417580764989259,0.40390506386756897,0.6050741640701016,0.5724669098854065,0.6096316937295425,0.5770275592803955,4.557525535271903,4.560633182525635,0.02319808509931408,0.04934389516711235,0.44843439662017853,0.4497503638267517,0.7811098031991897,0.7126209735870361
108,0.4664509284125134,0.4532400071620941,0.4618883802251588,0.44867199659347534,0.4165481175071934,0.40460404753685,0.6036814266595096,0.5719621181488037,0.6082439763894025,0.5765300989151001,4.56254896093755,4.56800651550293,0.022922878112573156,0.0525747649371624,0.44643679635996186,0.44892922043800354,0.7802846640697916,0.7123080492019653
109,0.4649595604509754,0.4523495137691498,0.46039262674281917,0.4477795362472534,0.41535620998140776,0.40376055240631104,0.6020954079440958,0.5711254477500916,0.6066623483164996,0.5756953954696655,4.566933375642794,4.5699687004089355,0.022559962541563908,0.051717087626457214,0.4441401284207615,0.44783374667167664,0.7793685436682618,0.7117308378219604
110,0.46379885637851753,0.45176148414611816,0.45922731994088245,0.4471871256828308,0.4143901966479063,0.4033028185367584,0.6008396996595673,0.5707847476005554,0.6054112422673557,0.5753591060638428,4.571538420760867,4.574345111846924,0.022203304788667905,0.05101316422224045,0.4424823113554073,0.44657963514328003,0.778484974512917,0.7123156189918518
111,0.4627476049563782,0.4499204754829407,0.45817293796132463,0.4453452229499817,0.41366059202633065,0.40163591504096985,0.5995335599887337,0.5691086649894714,0.6041082316114023,0.5736839175224304,4.574670042337988,4.575250625610352,0.022686409683023635,0.04936567321419716,0.44073518296026576,0.44404712319374084,0.7775601880587983,0.7114949822425842
112,0.46098686916790554,0.4502541422843933,0.45641475447121777,0.44567906856536865,0.41216197523133646,0.4020872414112091,0.5978722602454362,0.5692574977874756,0.6024443811122773,0.5738325715065002,4.572115824861754,4.575070381164551,0.021529997718922292,0.05045308545231819,0.43810979857456334,0.4442293047904968,0.7768461387792773,0.7115793228149414
113,0.46030935904201686,0.44853436946868896,0.4557336637523557,0.44395628571510315,0.4119920704198954,0.400742769241333,0.596597195900841,0.5675283670425415,0.6011728942755789,0.5721064209938049,4.575695475344228,4.578075408935547,0.023684734578014288,0.04991796240210533,0.4365463345290869,0.44139787554740906,0.7757451373750847,0.7109124660491943
114,0.4587822006243325,0.44786036014556885,0.4542055185921897,0.4432886242866516,0.41073964407846025,0.4011005461215973,0.5951273915163188,0.5663427710533142,0.5997040704633849,0.5709145069122314,4.576681174105881,4.5717267990112305,0.022889577685352575,0.053522154688835144,0.4341439290708055,0.43825164437294006,0.7751854318768401,0.7115278840065002
115,0.4571961955386909,0.4466373920440674,0.452628696586649,0.4420739710330963,0.4094263563091534,0.3991839587688446,0.5934032365902686,0.5659354329109192,0.5979707406640198,0.5704988241195679,4.567497446042442,4.563406467437744,0.022440510063465674,0.04843071475625038,0.4319451242215326,0.43825745582580566,0.7738934251108104,0.7108636498451233
116,0.45656985603649514,0.44543272256851196,0.45200832943129626,0.44086989760398865,0.4091856685356722,0.3980787694454193,0.5924559907300049,0.5644679665565491,0.5970175106709562,0.5690308213233948,4.561525144897103,4.562831878662109,0.023686003336118776,0.04808769375085831,0.43054906338802773,0.4370388090610504,0.7733219438027237,0.7091098427772522
117,0.45496213742224156,0.4451139569282532,0.45039419990727353,0.44054123759269714,0.4078216346781407,0.3981752395629883,0.5907502849961022,0.5643377304077148,0.5953182204744375,0.5689104795455933,4.567938149047679,4.572722434997559,0.023040660295832797,0.048661008477211,0.42829393327019255,0.43524813652038574,0.7721303044375841,0.7106165289878845
118,0.4534271073712543,0.44281652569770813,0.44885583132131834,0.4382440447807312,0.40641080939090063,0.39668598771095276,0.5893127693611265,0.5614762306213379,0.5938840464595065,0.5660486817359924,4.571277238943776,4.572476863861084,0.02168601644675451,0.050058331340551376,0.4262734494178439,0.4311625063419342,0.7712729674960938,0.70883709192276
119,0.4522398916444844,0.44316422939300537,0.44766787795995444,0.4385826289653778,0.40585148333298066,0.3965030014514923,0.5876071190139903,0.56242436170578,0.5921791203582137,0.5670059323310852,4.572010759298878,4.581588268280029,0.023537894054114505,0.047496020793914795,0.4237766391561912,0.4323975741863251,0.7702399143746542,0.7096154093742371
120,0.45180124991633275,0.44320955872535706,0.44722273462560075,0.43863165378570557,0.4058266055159756,0.39734306931495667,0.5867690343245581,0.5620306730270386,0.5913475527003667,0.5666086077690125,4.578513336143077,4.577910900115967,0.02522353326176469,0.050931066274642944,0.4225056492699046,0.43057981133461,0.7697506336803336,0.7105183601379395
121,0.45088040723860434,0.44072720408439636,0.4463062896643676,0.4361497759819031,0.4049814457094144,0.39477062225341797,0.5857401328727007,0.5594047904014587,0.5903142493984933,0.5639821887016296,4.574116642832804,4.577415943145752,0.02476485168544016,0.048471104353666306,0.42149731591554773,0.42851656675338745,0.7686821707963847,0.707324206829071
122,0.4496321584283703,0.4400937557220459,0.4450556494858985,0.435516893863678,0.4040943050717131,0.394828200340271,0.5842430309105922,0.5587128400802612,0.5888195424440463,0.5632897019386292,4.576509103377821,4.576849937438965,0.02516079628429599,0.05010513588786125,0.4194342348072339,0.42591002583503723,0.7676878881223087,0.7084694504737854
123,0.44838983723136805,0.43949460983276367,0.44381313694183805,0.4349120259284973,0.4029853762738675,0.3940989673137665,0.5830046904506444,0.5581849217414856,0.5875813835215771,0.562767505645752,4.576698701775995,4.582582950592041,0.02432402928487473,0.048952616751194,0.41779345965703585,0.4255911707878113,0.7668386403722798,0.70775306224823
124,0.4462367687396949,0.4380857050418854,0.4416620825352189,0.4335072338581085,0.40086664940922356,0.39285242557525635,0.5811728133250961,0.5569195747375488,0.5857474964444954,0.5614980459213257,4.574683605491802,4.578470230102539,0.021601915889744618,0.04774555191397667,0.41521140963164505,0.42357301712036133,0.7657866151623045,0.7072386741638184
125,0.4454842055080104,0.4381091892719269,0.44090843933389295,0.4335326552391052,0.40053756889957576,0.393248587846756,0.5799641603407376,0.5567410588264465,0.584539926514855,0.5613175630569458,4.575766774164825,4.576528072357178,0.023123071062368418,0.04935057833790779,0.4136846030332085,0.42271989583969116,0.764805049101833,0.7076753377914429
126,0.44476425056027535,0.43805408477783203,0.4401845730271746,0.4334737956523895,0.399825177125684,0.3929903209209442,0.579252615203464,0.5565347075462341,0.5838322922424705,0.5611149668693542,4.579680643725675,4.580282688140869,0.02240885842141115,0.04898315295577049,0.4129139262922274,0.42340409755706787,0.7641527605500242,0.7065836787223816
127,0.44347147065716813,0.43584659695625305,0.43889535396531965,0.43126827478408813,0.3987282005052455,0.39101409912109375,0.577897618017455,0.5549718737602234,0.5824737362518418,0.5595502257347107,4.576119693628073,4.57832670211792,0.021854590742822075,0.04613739997148514,0.4111271065784474,0.4198465049266815,0.763202909222027,0.7070584297180176
128,0.44229657891979596,0.43616974353790283,0.4377173669801952,0.4315851330757141,0.3979375638004454,0.3923667371273041,0.5763880770504354,0.5543298125267029,0.5809672828198829,0.5589144229888916,4.579208630470434,4.584597110748291,0.022576127024318493,0.05168566480278969,0.4091558473533433,0.4181182086467743,0.7620807202586364,0.7072963118553162
129,0.4417037360108048,0.43639081716537476,0.4371202756073424,0.43180346488952637,0.3979362089818082,0.393145889043808,0.5753755639113254,0.5537122488021851,0.5799590227722495,0.5582996010780334,4.5834585105751,4.587338924407959,0.02470173775318225,0.05540277808904648,0.4072392713286064,0.4175621569156647,0.7618676117446999,0.7064726948738098
130,0.4409608466274286,0.4345250427722931,0.43637098705194954,0.4299355447292328,0.39737528342011,0.39065369963645935,0.5745158379395096,0.5532274842262268,0.5791056975149886,0.5578169822692871,4.589858602908667,4.58949613571167,0.024769269327644006,0.0486881360411644,0.40605073886461407,0.41608017683029175,0.7613058387630631,0.7071927189826965
131,0.4399311257984973,0.434542715549469,0.43534014333947874,0.4299538731575012,0.39665437139965387,0.390794962644577,0.5733226517940696,0.5528958439826965,0.5779136316621057,0.5574846863746643,4.590982717682946,4.588840007781982,0.02504176953321664,0.04982418939471245,0.404276880353171,0.4161039888858795,0.7606444636723603,0.70645672082901
132,0.43936963378780536,0.4334675073623657,0.43477948615534606,0.4288710355758667,0.39675575830991383,0.3907798230648041,0.5720888442998948,0.5509921908378601,0.5766789955115251,0.5555886626243591,4.590147442437838,4.596461296081543,0.02795167461796854,0.05378148704767227,0.4024722821019316,0.4127367436885834,0.759843339574901,0.7058212161064148
133,0.4367556424696244,0.4310063123703003,0.43216318090917416,0.4264119863510132,0.39401562653521127,0.38754379749298096,0.570190218938202,0.5498494505882263,0.5747826892597879,0.5544437766075134,4.592466625664044,4.5943217277526855,0.023441480160862196,0.046142201870679855,0.39946629046140486,0.41118377447128296,0.7591391055631194,0.7053054571151733
134,0.4354319658011403,0.43198540806770325,0.4308431918352083,0.4273949861526489,0.39300928264555063,0.38886502385139465,0.5687953031260717,0.5509548187255859,0.5733840894323103,0.5555452704429626,4.588776929148093,4.5904340744018555,0.023252510972203537,0.04791756719350815,0.3973004123338359,0.4110410809516907,0.7584749226670394,0.7076364159584045
135,0.43366410564277225,0.42884403467178345,0.4290712058568261,0.42424970865249634,0.3916537398709684,0.38688766956329346,0.5670015159233639,0.5468401908874512,0.5715944152152157,0.5514345169067383,4.592897262449839,4.59431791305542,0.022818769780588305,0.050435736775398254,0.39432354921567697,0.4054717421531677,0.7578189085718595,0.7047555446624756
136,0.43193133162719444,0.42737993597984314,0.4273397903475162,0.4227831959724426,0.39020146401218686,0.3858450949192047,0.5653602686961845,0.5454434156417847,0.5699518146034778,0.5500401258468628,4.59154040467339,4.596738338470459,0.021764008478957104,0.05013827234506607,0.3916743176454867,0.40268221497535706,0.7571660663211004,0.7047147750854492
137,0.4303936716086268,0.42594292759895325,0.4257905091826751,0.4213351607322693,0.3890890686004884,0.38458359241485596,0.5637491675846209,0.5440878868103027,0.5683523284680343,0.5486956238746643,4.603160543669297,4.607763767242432,0.021700595261124625,0.04907466471195221,0.3889019988805622,0.40058690309524536,0.7566646087328721,0.7040892243385315
138,0.4290767295780907,0.42520463466644287,0.4244721039701848,0.42059409618377686,0.3881702220999081,0.3835763931274414,0.5622277991327255,0.5438891053199768,0.5668324206071106,0.5484996438026428,4.604624491975802,4.610541343688965,0.02204910519028597,0.04636702686548233,0.3866190334177191,0.40006017684936523,0.7558425205273518,0.7043020129203796
139,0.42760924736449846,0.42463448643684387,0.4229952681416497,0.4200161099433899,0.386942070756323,0.38367441296577454,0.5607371317005042,0.5426329970359802,0.5653511160450622,0.5472513437271118,4.613978741673193,4.618366718292236,0.021373144421369453,0.049313101917505264,0.3844235711405261,0.39820224046707153,0.7550294792849768,0.7035079002380371
140,0.4262732915004834,0.4239920675754547,0.42165791749761405,0.4193757176399231,0.3857709468857171,0.38281869888305664,0.5592939549739959,0.5420359373092651,0.5639093336044803,0.5466522574424744,4.615374513642295,4.616340160369873,0.020774273331372353,0.04791354387998581,0.38270742512163825,0.39815112948417664,0.7538311386995358,0.7023913860321045
141,0.42515526639031725,0.4226381480693817,0.4205399648385447,0.4180198013782501,0.38482480991768825,0.382131963968277,0.5582200047991992,0.5405055284500122,0.5628353094360484,0.5451238751411438,4.615302640611808,4.618354320526123,0.020096983712391,0.049001242965459824,0.3810366243907328,0.3950057327747345,0.7533408266737353,0.7023888826370239
142,0.4235948592701568,0.42303216457366943,0.41898148860277745,0.41841554641723633,0.3836896344928957,0.38259896636009216,0.5563183824060612,0.5407272577285767,0.5609317510368079,0.5453438758850098,4.613370484684914,4.61660623550415,0.020574003183860986,0.04998414218425751,0.3785910036850207,0.39537450671195984,0.7519039087000522,0.7024381756782532
143,0.42249588621949746,0.421229749917984,0.4178789732333768,0.41660550236701965,0.38289969982379757,0.3808024227619171,0.5549186196493032,0.5391725897789001,0.5595355346720565,0.5437968373298645,4.616912591905667,4.6242451667785645,0.0210668050502892,0.04767894372344017,0.37687955154998554,0.39325591921806335,0.7507527464563144,0.7014724612236023
144,0.42158057345728905,0.41876402497291565,0.41695502927030476,0.41413694620132446,0.38219505420735717,0.37851428985595703,0.5538839861491505,0.5369806289672852,0.5585095344696553,0.541607677936554,4.625546790692568,4.627066135406494,0.02105624061281195,0.045188721269369125,0.37542549886782545,0.3899647295475006,0.7501034156976323,0.7003894448280334
145,0.4206080305349764,0.419143408536911,0.41598117268379525,0.4145110845565796,0.38129624306215626,0.3792386054992676,0.5528549067148832,0.5373903512954712,0.5574817645660645,0.5420226454734802,4.626857105653102,4.632309913635254,0.020431430399526336,0.046574510633945465,0.37428846570869906,0.38926878571510315,0.7491688215438528,0.7018725275993347
146,0.41947223609437645,0.41754141449928284,0.4148421013254026,0.4129005968570709,0.38035857659383093,0.37813520431518555,0.5516593765981083,0.5354858636856079,0.5562895051969289,0.5401266813278198,4.630133855598348,4.6408162117004395,0.02003620993428827,0.04715627804398537,0.3726149724771559,0.38647276163101196,0.7484245448762282,0.7007765173912048
147,0.4187202784053912,0.41798684000968933,0.4140831692422203,0.4133472442626953,0.3798765197631274,0.37864360213279724,0.5506326968111686,0.5356723070144653,0.5552698075168778,0.5403119325637817,4.637105991712139,4.639595985412598,0.020699712793914065,0.04834175854921341,0.37132134833559544,0.38701099157333374,0.7476084830545965,0.700577974319458
148,0.4182729106464224,0.4168718457221985,0.4136309091663052,0.4122292399406433,0.37968805219015517,0.3770938813686371,0.549944058874094,0.5352724194526672,0.5545860634392878,0.5399150252342224,4.642001666860739,4.642593860626221,0.021563341443415984,0.04437354952096939,0.3703399239355767,0.38641032576560974,0.7471608957731429,0.7004978060722351
149,0.4172203895103772,0.41726070642471313,0.41257935277951957,0.41262149810791016,0.37883103567484755,0.3780188262462616,0.5487883145684807,0.5350602865219116,0.5534293435866467,0.5396994948387146,4.641033989767097,4.639210224151611,0.021334653862613056,0.04769018664956093,0.36882438106041326,0.3858678936958313,0.7463340706011568,0.7004983425140381
150,0.4165696488355173,0.4165913164615631,0.4119310597875944,0.4119492173194885,0.3785094618194748,0.377645343542099,0.547780622174949,0.5342442989349365,0.5524192194296578,0.5388863682746887,4.638589294246946,4.642097473144531,0.0224562909746346,0.04824751615524292,0.36759079805376843,0.3844659924507141,0.7454812945839465,0.7002224326133728
151,0.4155781926098402,0.4165010452270508,0.41093854898390286,0.4118574857711792,0.3774629009430388,0.378319650888443,0.5469066743854565,0.5333395600318909,0.5515463164688554,0.5379831194877625,4.639643318586585,4.6435675621032715,0.021046720271921813,0.052243344485759735,0.366632985649348,0.3829707205295563,0.7447090092526724,0.6997448801994324
152,0.41510474508318684,0.4147869050502777,0.4104624904219168,0.41014283895492554,0.3772559640887677,0.37614119052886963,0.5461844230199506,0.5323494672775269,0.5508266776812206,0.5369935631752014,4.642254322104448,4.644076824188232,0.02192367652707552,0.047565195709466934,0.3656224257011815,0.3818613290786743,0.7442217937761407,0.6989970803260803
153,0.41430421415196705,0.41568514704704285,0.4096653586305494,0.41104501485824585,0.37667665701379094,0.37845245003700256,0.5451690299135926,0.5323830246925354,0.5498078890141812,0.5370231866836548,4.638852769047251,4.6401448249816895,0.022261659322879695,0.054667480289936066,0.3644126221881046,0.3795227110385895,0.743355689360167,0.7011672258377075
154,0.41348741753979634,0.4136279225349426,0.40885431508375863,0.40899336338043213,0.3757220830601138,0.37543365359306335,0.5445412716015215,0.531234085559845,0.5491743735634649,0.5358686447143555,4.633101687371562,4.6345696449279785,0.020619643181020126,0.04771541804075241,0.36383196822410163,0.3793732225894928,0.7427146255704877,0.6992122530937195
155,0.4122859050737814,0.41333985328674316,0.40764818514979323,0.40869516134262085,0.37488310702455413,0.37499895691871643,0.5431374314098382,0.5313587188720703,0.5477751600949619,0.5360034108161926,4.637721143653891,4.644692420959473,0.020968809379645074,0.046104248613119125,0.36175133243920204,0.37903255224227905,0.7419291684080896,0.6998600363731384
156,0.4109892758988582,0.41082262992858887,0.40634595275262664,0.40617790818214417,0.37362868839846997,0.37218138575553894,0.5419952660690567,0.5294387340545654,0.5466385948913473,0.5340834259986877,4.643326413809795,4.644708633422852,0.019478319069687722,0.04139867052435875,0.36013979024603643,0.3767726421356201,0.7412679534039418,0.6983727812767029
157,0.41027376050897035,0.41079363226890564,0.40563514674428114,0.40615028142929077,0.37320031394998987,0.3735160827636719,0.5410123173399006,0.527849555015564,0.5456509341896665,0.5324928760528564,4.638613506892505,4.643349647521973,0.02021641840911977,0.048883840441703796,0.3588824758296354,0.37437084317207336,0.7405020530244092,0.6972935795783997
158,0.40953165125229846,0.41006332635879517,0.40488854557986786,0.40541601181030273,0.37262018851022993,0.37220820784568787,0.5400677245250367,0.5278043746948242,0.5447108281608347,0.5324516892433167,4.643103773276718,4.647321701049805,0.020402989013958834,0.044919684529304504,0.35785327469150496,0.3746029734611511,0.7396043155581856,0.6971019506454468
159,0.408626391778723,0.4097433090209961,0.40397824785075975,0.4050898849964142,0.3718901108596376,0.37252679467201233,0.5390825946466961,0.5273682475090027,0.5437307401171976,0.532021701335907,4.648142400271874,4.653426170349121,0.02020937277345319,0.04682581126689911,0.356490361620625,0.3724917769432068,0.7389706013851497,0.6982627511024475
160,0.40767810695864537,0.4090202748775482,0.40302808693050135,0.4043682813644409,0.37102909627782155,0.372296005487442,0.5382382036508745,0.5259612798690796,0.5428882231849241,0.5306132435798645,4.650020921370109,4.651984214782715,0.019313377421989502,0.04906897246837616,0.35516615437921417,0.3710438013076782,0.7386077522412033,0.6967751979827881
161,0.4068620980171554,0.40725022554397583,0.4022189756298759,0.40260207653045654,0.3704263891616525,0.3707498610019684,0.5372277284218048,0.5246366858482361,0.5418708523516225,0.5292848348617554,4.643121340667194,4.648136615753174,0.019568406105692264,0.047056861221790314,0.3539602740351796,0.3681643605232239,0.7377505006213637,0.6970284581184387
162,0.40571780162353144,0.4061650335788727,0.4010771301127232,0.40152278542518616,0.3694408146827943,0.37011420726776123,0.5361121516814851,0.5232553482055664,0.540752821649755,0.5278975963592529,4.64067257130334,4.6422553062438965,0.018856274243481862,0.04798969626426697,0.35233008672339783,0.36609476804733276,0.737136083385793,0.6962581872940063
163,0.40496187569446235,0.4052308201789856,0.4003239741124848,0.4005933105945587,0.3690516751062229,0.36909714341163635,0.535033006201473,0.5226902365684509,0.5396709057468179,0.5273277759552002,4.637898037706461,4.637511253356934,0.019918517401276984,0.046022042632102966,0.35084656679914683,0.36504045128822327,0.7363899259783216,0.6962289214134216
164,0.404171617851535,0.4041461646556854,0.3995349499748344,0.3995057940483093,0.3684463679212045,0.36771056056022644,0.5340654145861462,0.5222006440162659,0.5387020809203085,0.5268409848213196,4.636665541490369,4.640357494354248,0.020075279396453635,0.042748454958200455,0.34970366583630186,0.3642057180404663,0.735560169212258,0.6961774826049805
165,0.40324506258800646,0.40150779485702515,0.39860472289165216,0.39686059951782227,0.3678675358877749,0.3657149374485016,0.532935323391759,0.5189412236213684,0.5375756615455749,0.5235884189605713,4.640336786162935,4.647190093994141,0.02065598212214156,0.04341135546565056,0.34794763039106114,0.36029157042503357,0.7349990001825779,0.6934418678283691
166,0.4028534290402995,0.40262168645858765,0.3982080305895244,0.39797359704971313,0.367551669641106,0.3666745722293854,0.5325307787983128,0.5206116437911987,0.5371761726214729,0.5252597332000732,4.645396996547084,4.648085594177246,0.02052666292685128,0.04287591576576233,0.347320902217413,0.3612702190876007,0.7348074627414292,0.6958776712417603
167,0.4017495665770044,0.3996949791908264,0.39709630284384584,0.39503344893455505,0.36674556745915965,0.3646649420261383,0.5312683342730425,0.5172688364982605,0.5359215964636628,0.5219303965568542,4.653263801994277,4.661534786224365,0.020680442984184658,0.043670620769262314,0.34546666310665536,0.3560103476047516,0.73408958345977,0.6943138241767883
168,0.4006442976802937,0.39875105023384094,0.39598517917063475,0.3940918445587158,0.365962468994517,0.36452552676200867,0.5298869490768087,0.5157182216644287,0.5345460752991593,0.5203773975372314,4.659121109414476,4.65919828414917,0.021155837576819776,0.046499498188495636,0.34367264293245686,0.3533441722393036,0.7330589338058505,0.6937328577041626
169,0.3993371048173199,0.3963196575641632,0.39468018796778476,0.3916611671447754,0.36477121814416574,0.36253082752227783,0.5287191919165972,0.5133267641067505,0.5333761103086707,0.5179852247238159,4.656916777421432,4.658487796783447,0.0199151244473949,0.04533935710787773,0.3418879851343369,0.34958675503730774,0.7325105435251467,0.6926663517951965
170,0.398147565292724,0.3965989947319031,0.3934925000555738,0.3919423222541809,0.3636905732446,0.36252400279045105,0.5275070010000908,0.5143148899078369,0.5321620611155318,0.5189715623855591,4.655064234018229,4.656669616699219,0.01911116487452413,0.04323946684598923,0.34041047879572683,0.3499733507633209,0.731550072929515,0.6943591237068176
171,0.39680108331592756,0.39510825276374817,0.3921456862281702,0.39044588804244995,0.3624783171920028,0.36187538504600525,0.5263360839380796,0.5118911862373352,0.5309914748556837,0.516553521156311,4.655395214537402,4.662351131439209,0.01781197305877188,0.046324897557497025,0.3384819365661249,0.34695273637771606,0.7311410516367911,0.6923484802246094
172,0.395336166235102,0.39259767532348633,0.3906810405858846,0.3879395127296448,0.36112005759770216,0.35895606875419617,0.5248819272671448,0.510436475276947,0.5295370606290537,0.5150946378707886,4.655127825546111,4.6581621170043945,0.016655412737206318,0.04032496362924576,0.3366926030933351,0.34455767273902893,0.7300121543670636,0.691985547542572
173,0.39482329932244453,0.3936738967895508,0.3901644883804653,0.38901227712631226,0.3609621027583204,0.36075159907341003,0.5239504053917579,0.5108679533004761,0.5286092101635839,0.5155295729637146,4.658808748104097,4.661632537841797,0.018124658563556554,0.04498948156833649,0.33555528830045445,0.3441739082336426,0.7292063607650877,0.6930913925170898
174,0.3940832141291213,0.3925212621688843,0.3894179465073687,0.38784751296043396,0.36021311492559355,0.3596021234989166,0.5232728575821401,0.5093719363212585,0.527938131374046,0.5140456557273865,4.665266437661633,4.673742771148682,0.017225351545009183,0.0445689894258976,0.33474332990792904,0.34331247210502625,0.7286706584405186,0.690924882888794
175,0.392947744585655,0.3899501860141754,0.38828347563695387,0.3852769732475281,0.3592770486841113,0.3571557104587555,0.5219790067356509,0.5076013207435608,0.5266432864821203,0.5122745037078857,4.664268952171859,4.673205375671387,0.01704189600479468,0.04070119932293892,0.33319155002382667,0.33953481912612915,0.7275977078787575,0.6912310719490051
176,0.39227951831100344,0.3910195529460907,0.38760807590835544,0.38634389638900757,0.3587860712458429,0.35834023356437683,0.5212305073934772,0.5085005164146423,0.5259019482535868,0.5131761431694031,4.671441652395925,4.675648212432861,0.0170925945552722,0.042485713958740234,0.33204930298876967,0.3404313027858734,0.7272163126278733,0.6921036243438721
177,0.3916229348263662,0.38973429799079895,0.38694558910546495,0.385059118270874,0.35816471614290046,0.3572860658168793,0.5205049532365086,0.507129430770874,0.5251823020424864,0.5118046402931213,4.677347779997052,4.675186634063721,0.01669045586630045,0.042098093777894974,0.3313318921446656,0.3385574519634247,0.7264718114486167,0.6912025809288025
178,0.39070450440139554,0.39094439148902893,0.38603279280170855,0.3862736225128174,0.35764927278151165,0.3586549758911133,0.519264294992224,0.5079026222229004,0.5239360096769876,0.5125733613967896,4.671709585324791,4.670761585235596,0.017700472134860284,0.044720303267240524,0.3295924098950574,0.3397807776927948,0.7256549415056203,0.6914638876914978
179,0.3898104118809158,0.3889840245246887,0.3851445514183029,0.38431698083877563,0.3568557631472947,0.35686707496643066,0.5184746878955994,0.5063061118125916,0.5231405560709039,0.5109731554985046,4.665861995510374,4.667057514190674,0.01689871437802423,0.04252966493368149,0.32832115038994397,0.3369480073451996,0.7253474177400255,0.6911234855651855
180,0.3886926044976234,0.38856005668640137,0.3840245431461558,0.3838846981525421,0.35601743650831674,0.3574610650539398,0.5171301071575379,0.5051411986351013,0.5217981685090055,0.5098165273666382,4.668062398272683,4.675343990325928,0.017125270061655852,0.04682353511452675,0.32660684623411684,0.33426037430763245,0.7243201810967522,0.691299319267273
181,0.388393252425188,0.38908663392066956,0.38371432120386423,0.38440096378326416,0.35601452860666394,0.35734501481056213,0.5163982770146988,0.5060582160949707,0.5210772061993899,0.5107438564300537,4.67893224585842,4.685667991638184,0.018655584938296943,0.04453465715050697,0.3258339618918291,0.33621954917907715,0.7235540292834735,0.6912809014320374
182,0.3875484900391637,0.3883534073829651,0.3828662707166444,0.38367050886154175,0.3553021621641436,0.3564329445362091,0.5154179950330212,0.5055415630340576,0.5201002158980788,0.510224461555481,4.6822163303805615,4.682889461517334,0.018506764281379925,0.04279061406850815,0.32472497503187703,0.3357994556427002,0.7226747360925563,0.6907087564468384
183,0.386614894895866,0.38647449016571045,0.3819324098229167,0.3817867636680603,0.35453313503533396,0.35486146807670593,0.5143912440482972,0.5038992166519165,0.5190737260361697,0.5085869431495667,4.682480383439918,4.68771505355835,0.018279871777953333,0.04136824235320091,0.32340282440378365,0.33274132013320923,0.7219167186140869,0.690474808216095
184,0.385435612684698,0.3863881230354309,0.3807498065508477,0.3816964030265808,0.35346304988311555,0.3553479015827179,0.5131888296191528,0.5030515193939209,0.517874635753003,0.507743239402771,4.685807733655313,4.691726207733154,0.01748811561814624,0.0446610227227211,0.3219093339336193,0.3317468762397766,0.7209916979592674,0.6896358728408813
185,0.3846840954747607,0.3854438364505768,0.37999171262032294,0.3807545602321625,0.35283605136757573,0.3549799919128418,0.5123054431943435,0.501756489276886,0.5169978265428755,0.5064457654953003,4.692383104811012,4.689276695251465,0.017400440668443942,0.0462433397769928,0.32089651621549753,0.32948440313339233,0.7202112016001068,0.6892122626304626
186,0.3840129823155409,0.3853917121887207,0.3793254388858565,0.3807079493999481,0.35240843002727723,0.35444775223731995,0.5112815388917826,0.5021542906761169,0.515969085900638,0.5068380236625671,4.6875445166918315,4.683752059936523,0.018227062436265835,0.043754663318395615,0.3199026897471297,0.3304022252559662,0.7190955466362228,0.6891863346099854
187,0.38258388524011133,0.38440486788749695,0.37789913143072346,0.3797234296798706,0.35083482380439723,0.3540724217891693,0.5100947124390192,0.5001111626625061,0.5147794677909453,0.5047925710678101,4.684753985815669,4.681424617767334,0.01583986172698863,0.046887267380952835,0.31865880330757146,0.3287350535392761,0.7180058077381442,0.6865948438644409
188,0.38208450993400234,0.3821510076522827,0.37740735252328694,0.3774740397930145,0.35057805856374225,0.3513912856578827,0.5093796661012914,0.4989122450351715,0.5140568235120068,0.5035892128944397,4.677157344771839,4.676972389221191,0.016547082623958684,0.04108836129307747,0.3177089833605882,0.3266536593437195,0.7174781173335074,0.6864317655563354
189,0.3810008486007516,0.38310572504997253,0.37632278281573195,0.3784237802028656,0.3496427435384219,0.3529026508331299,0.5081430968609697,0.49945351481437683,0.5128211615975453,0.5041354298591614,4.678066105964065,4.681939601898193,0.01624543452993174,0.044640421867370605,0.3163442710151665,0.3263770639896393,0.7163385163662745,0.6876904964447021
190,0.3801758425875902,0.38196563720703125,0.3754923346912239,0.3772842288017273,0.3490188334015184,0.3516416549682617,0.5071362219645434,0.4985749125480652,0.5118197298609097,0.5032563209533691,4.683509123648317,4.681413173675537,0.016427070665404084,0.04257511720061302,0.3150904347696046,0.32532137632369995,0.7155389934476937,0.6870284080505371
191,0.3790994443080708,0.3812501132488251,0.37441336838667855,0.37656837701797485,0.34808925371443844,0.3514813482761383,0.5058915320312355,0.4971480071544647,0.5105776033250128,0.5018297433853149,4.686072382134462,4.681747913360596,0.016160338583789853,0.045079223811626434,0.3137452910412095,0.32371532917022705,0.7143621455548121,0.685649573802948
192,0.37790107005191054,0.37987658381462097,0.3732184848344813,0.37519219517707825,0.3470414277637627,0.35056790709495544,0.5046813342309027,0.49539217352867126,0.5093639209908702,0.5000765323638916,4.682584007500735,4.684383869171143,0.015454020366988537,0.045937489718198776,0.31213296118941425,0.32137414813041687,0.7135372988569365,0.6843920350074768
193,0.3768833776957778,0.38102057576179504,0.3721995588935824,0.3763418197631836,0.346153040489975,0.3512871265411377,0.5036014026709524,0.49713218212127686,0.5082852168455329,0.5018109083175659,4.683814782051244,4.67874813079834,0.01496853772061246,0.044509485363960266,0.310793346448606,0.3231717646121979,0.7126972359344153,0.6861801147460938
194,0.37628331017600253,0.3789115846157074,0.37160169901126705,0.37423306703567505,0.34574279728998214,0.34907278418540955,0.5027459652328414,0.4950387477874756,0.5074275784342095,0.49971726536750793,4.6816108059989165,4.6785054206848145,0.015494711472650217,0.042040932923555374,0.3099132573440689,0.32135826349258423,0.7118204008988219,0.6838191151618958
195,0.37571592928425196,0.3790840208530426,0.3710320262691052,0.37440255284309387,0.3452467493113361,0.3498317301273346,0.502118740482365,0.4946373701095581,0.5068026450400501,0.49931883811950684,4.683902572727473,4.681478977203369,0.015274610650961789,0.04524046927690506,0.30918697861587763,0.32039010524749756,0.7112786699970676,0.6838646531105042
196,0.3750295078542326,0.37896257638931274,0.37034437796677167,0.3742804527282715,0.34470655892332025,0.34956589341163635,0.5012412296583235,0.49468380212783813,0.5059263564607078,0.4993659257888794,4.685125848999209,4.6821208000183105,0.01544399723166572,0.044317860156297684,0.3082643443160437,0.3205147087574005,0.7104113380821234,0.6838650703430176
197,0.3753084510118914,0.37935870885849,0.3706247732796459,0.3746736943721771,0.34533811579626,0.34994831681251526,0.5010138662946981,0.4948786497116089,0.5056975486545586,0.49956366419792175,4.683679635448587,4.685000896453857,0.01788220995584457,0.045094724744558334,0.30804342658135075,0.32114845514297485,0.7100886996583904,0.6836017370223999
198,0.3749327028612352,0.3781004846096039,0.3702452809908011,0.37341398000717163,0.34481630078752273,0.34872540831565857,0.5007816790642644,0.49388402700424194,0.5054690993921601,0.4985705316066742,4.687420525919124,4.686516284942627,0.01675119311004588,0.04339183121919632,0.3079285742515405,0.3195015490055084,0.7097691478538359,0.6832828521728516
199,0.37325768027525413,0.3774903118610382,0.36856824460899207,0.3728044033050537,0.3432934890620582,0.3491666316986084,0.4993197010491861,0.49224504828453064,0.5040091408489689,0.49693095684051514,4.689436361657624,4.685898780822754,0.015100423300098757,0.048208609223365784,0.3055706975602737,0.3168763816356659,0.7092093517796694,0.6824149489402771
200,0.372393722626732,0.3758760690689087,0.3677028695003156,0.3711802065372467,0.3426634227631789,0.3472147285938263,0.49809718896057553,0.49129045009613037,0.5027880451720685,0.49598631262779236,4.690855229474541,4.695850849151611,0.01571656041091336,0.044158995151519775,0.30438715502698077,0.3155142366886139,0.7078865695664914,0.6819709539413452
201,0.3725210515005696,0.3770899176597595,0.3678241488160366,0.3723846673965454,0.34299927514861384,0.348539799451828,0.49807092874000974,0.4919533431529999,0.5027678360521577,0.496658593416214,4.696902242113692,4.705235481262207,0.016814077554705216,0.046876851469278336,0.3040309983843789,0.3169325888156891,0.7081527509189934,0.6818099617958069
202,0.3712228162299271,0.3758420944213867,0.3665162115457614,0.3711383640766144,0.3417632342517689,0.34708642959594727,0.4967753392600165,0.4913162291049957,0.5014819424016438,0.49601995944976807,4.70660565885705,4.703725814819336,0.015703273457322486,0.04370645061135292,0.30249810591189424,0.3156561255455017,0.7070883039130501,0.6818966865539551
203,0.36977678774775063,0.37524524331092834,0.36506913872898905,0.370536744594574,0.3405921896652225,0.34722745418548584,0.49533164419242837,0.48965969681739807,0.500039288583575,0.49436819553375244,4.707650892656437,4.708498001098633,0.015105735320783173,0.04762858524918556,0.3002336537288453,0.3139744699001312,0.7064371735906003,0.6800792813301086
204,0.36897068461376886,0.3742322623729706,0.36426795217077884,0.36953651905059814,0.3399857598979416,0.3459785282611847,0.49446250263901315,0.48976221680641174,0.49916523613044717,0.4944579601287842,4.702732200907928,4.695735931396484,0.01505193509367847,0.043537020683288574,0.2989298077401872,0.31254759430885315,0.705975529036925,0.6818510293960571
205,0.36814054290003684,0.3744296729564667,0.3634440795496992,0.36972689628601074,0.3392878394352488,0.3463350236415863,0.49370867516461336,0.4898904860019684,0.4984051354298744,0.4945932626724243,4.696465469110461,4.702782154083252,0.014471582981000484,0.04437362402677536,0.29766090009986657,0.31231358647346497,0.7057310300850935,0.682317852973938
206,0.36747323841254237,0.3728009760379791,0.362767757178317,0.36809173226356506,0.3389468316939308,0.3450443744659424,0.4927874809086588,0.4881611168384552,0.4974929621428842,0.49287036061286926,4.70548213757439,4.709254264831543,0.015350977505688672,0.04400569200515747,0.29625349337882084,0.3097618818283081,0.7052360249105563,0.6813654899597168
207,0.3661909735954777,0.37180063128471375,0.36147863071696557,0.36708831787109375,0.3378301770206024,0.34434762597084045,0.4915809554461762,0.4867561161518097,0.4962932983246883,0.4914684295654297,4.712344404468158,4.712308883666992,0.014423367687494611,0.04479880630970001,0.294368980748423,0.3082766532897949,0.7046981903159855,0.67996746301651
208,0.3651981650939414,0.3719731569290161,0.3604881487006462,0.36726218461990356,0.3370813114822417,0.3450184762477875,0.49056311999551205,0.486693412065506,0.49527313176119225,0.49140438437461853,4.710016893463196,4.710962772369385,0.0142402774938659,0.04701263830065727,0.2926949144397918,0.307233989238739,0.7043087545359034,0.6808087825775146
209,0.36428956885690683,0.37084338068962097,0.35957375777379924,0.3661248981952667,0.3363375591089308,0.34397849440574646,0.48961218889069086,0.4856797158718109,0.49432799843126013,0.49039819836616516,4.715809832109018,4.718496799468994,0.013932314765399712,0.04591728374361992,0.29131586175431523,0.3056800365447998,0.7037645166960507,0.6803380846977234
210,0.3635781165129542,0.3718159794807434,0.35886442560056325,0.3670988976955414,0.3358123371994452,0.34537890553474426,0.48884392322146164,0.485897034406662,0.4935576141338526,0.490614116191864,4.713691294169165,4.7170915603637695,0.013918299995832752,0.049806345254182816,0.29012576269804585,0.3061925172805786,0.7033929392195307,0.6801378726959229
211,0.3632134911481832,0.37067386507987976,0.3584941886259967,0.36596089601516724,0.3358072161168354,0.34374573826789856,0.4881531702474308,0.48624101281166077,0.492872471227079,0.4909539818763733,4.719303074415232,4.7129807472229,0.015355419180760053,0.04401435703039169,0.289016118511901,0.30495578050613403,0.7030501204900206,0.6822670698165894
212,0.36240806092244143,0.37073469161987305,0.35770108385988447,0.3660275936126709,0.33497837588365775,0.3446880877017975,0.4874598196750221,0.48492270708084106,0.49216679982265576,0.4896298050880432,4.706978465881225,4.707093715667725,0.014241539940593505,0.04971187189221382,0.28822346593848713,0.3038974404335022,0.7024701139100689,0.6804549694061279
213,0.36171727126492115,0.3695754110813141,0.35700771825977823,0.36486291885375977,0.33448428483179016,0.3432757556438446,0.4865417198714485,0.4844515025615692,0.4912512728765914,0.48916399478912354,4.709552238694194,4.71248197555542,0.01463932375127229,0.04631976783275604,0.2871789596989914,0.3027336597442627,0.70163456532235,0.6807737946510315
214,0.36089082812424184,0.36794042587280273,0.3561792473560685,0.36322444677352905,0.33372304723227114,0.34155532717704773,0.4857176590606938,0.4828985631465912,0.49042924186549974,0.48761454224586487,4.711583586776492,4.715989589691162,0.014010242187993106,0.044246986508369446,0.28614758537744056,0.30124685168266296,0.7010113225983937,0.6791720986366272
215,0.359989859703047,0.36801353096961975,0.3552741877255631,0.36329710483551025,0.33293944849111845,0.34199097752571106,0.4847407856789669,0.4822489023208618,0.48945645870489485,0.4869653284549713,4.715671859383342,4.716418266296387,0.0136331981142137,0.04696571081876755,0.2849599585521573,0.30100885033607483,0.700225185273005,0.677998423576355
216,0.35916731183315836,0.3678858280181885,0.35445361126785185,0.36317822337150574,0.33225886101333224,0.34146907925605774,0.4839061241471907,0.48287656903266907,0.4886198298342065,0.4875841736793518,4.713703377450279,4.707603931427002,0.013276690559207887,0.04402577504515648,0.28374148023740703,0.3012929856777191,0.699758413080932,0.6790885329246521
217,0.3585062486605754,0.3671573996543884,0.35379915718505894,0.3624420762062073,0.33182886404351,0.34111300110816956,0.4829672333854825,0.48194175958633423,0.48767432640353725,0.4866570830345154,4.707091519285974,4.71531867980957,0.013917164065492114,0.04488696530461311,0.282724395581117,0.29964524507522583,0.6988450522081504,0.6788067817687988
218,0.3576637116270995,0.3666450083255768,0.35294713380603815,0.3619311451911926,0.3310625262941082,0.34068870544433594,0.4821431945076945,0.4815973937511444,0.48685977387129414,0.48631125688552856,4.716578040680228,4.713871002197266,0.01327217871483658,0.04429454728960991,0.2815903467395457,0.2987038791179657,0.6983250686864934,0.6790676712989807
219,0.3570982753579741,0.3663022816181183,0.3523861446628385,0.3615820109844208,0.33066667480792683,0.34048518538475037,0.48141969052876626,0.4811416268348694,0.48613182072980754,0.4858618974685669,4.712129497065314,4.7202839851379395,0.013565506978172114,0.044621542096138,0.28071339473616386,0.298037588596344,0.6977211180554678,0.6787963509559631
220,0.35649055506457117,0.3659607172012329,0.3517728904288547,0.3612418472766876,0.3301654001310004,0.3400980532169342,0.48064703970026784,0.4806239604949951,0.4853647043359844,0.4853428304195404,4.717664462373751,4.718863487243652,0.013635045528303405,0.04450909420847893,0.2799376297517677,0.29802241921424866,0.6969235253343686,0.6777626872062683
221,0.3558941444813651,0.36603835225105286,0.3511760511887107,0.36130857467651367,0.32974180661132835,0.3399371802806854,0.479940996616416,0.4810522496700287,0.48465908528145535,0.48578202724456787,4.718092773783028,4.729772567749023,0.013805597283178093,0.04310890659689903,0.2789448927733949,0.29837995767593384,0.6964749258103469,0.6783226132392883
222,0.35565525832033523,0.36610573530197144,0.3509301336439235,0.36137741804122925,0.3297212605070499,0.34084734320640564,0.47932457815429436,0.4799266457557678,0.4840497012881677,0.48465496301651,4.725125501958937,4.728331089019775,0.015038412838219222,0.04830118641257286,0.278424161024244,0.2972245514392853,0.6957011984467651,0.6770163178443909
223,0.3552341936235239,0.36589837074279785,0.35050789431623247,0.3611658811569214,0.32933574614860345,0.3399585485458374,0.4788081463271194,0.48045507073402405,0.48353444254933414,0.4851875603199005,4.726300167834957,4.732503414154053,0.014928295058633242,0.04443146660923958,0.2779927170329667,0.29823169112205505,0.6950862338511123,0.6772124767303467
224,0.3542708240078858,0.364464670419693,0.3495484184167957,0.3597375750541687,0.32846734426641483,0.3387862741947174,0.4777928912538389,0.4791305363178253,0.48251529375985236,0.4838576316833496,4.7224049637590495,4.7271037101745605,0.014368792573269494,0.04357949271798134,0.2768234074887022,0.2959391176700592,0.6942098308226573,0.6768403053283691
225,0.35332860532821164,0.3652428984642029,0.34861396395914285,0.36052411794662476,0.3276279596269155,0.33988627791404724,0.4768336377088907,0.4794982075691223,0.4815482790779595,0.48421698808670044,4.714638340391228,4.718791961669922,0.013781542999739957,0.04621991515159607,0.27563472333775807,0.296242356300354,0.6934676131544641,0.6771965026855469
226,0.35287165780372093,0.3643603026866913,0.348155357458791,0.3596310019493103,0.32730268790950384,0.33901074528694153,0.4761119321247753,0.47884416580200195,0.4808282360488762,0.48357346653938293,4.716300161849908,4.729310035705566,0.014290138496122907,0.044878460466861725,0.2750596979635233,0.2950458526611328,0.6925582264147448,0.6771079897880554
227,0.35166000029214517,0.3628643751144409,0.3469357363039118,0.35813647508621216,0.3259954530726162,0.33714398741722107,0.47508920764711,0.4780319631099701,0.4798134731778817,0.48275986313819885,4.724262549334386,4.727913856506348,0.012384440983749936,0.04079344496130943,0.27389131707553194,0.29393115639686584,0.6917106122368991,0.6767073273658752
228,0.35090456716791607,0.3637761175632477,0.3461802043126172,0.35905003547668457,0.32533531939988186,0.3379007577896118,0.47420783699450586,0.4789182245731354,0.4789321983072664,0.4836443066596985,4.724359705917661,4.726080417633057,0.012189687337022873,0.04127773642539978,0.27298690540752957,0.29533565044403076,0.6908293689160129,0.6770889163017273
229,0.3505083753953711,0.36375218629837036,0.34578344410265016,0.35902175307273865,0.32529447135826955,0.3391486704349518,0.4733241146578752,0.47701895236968994,0.4780490474931344,0.48174938559532166,4.7249310451435065,4.730422019958496,0.013921768267838953,0.04914574697613716,0.2720529515999703,0.29351258277893066,0.6899086939049692,0.674787700176239
230,0.35084743315133304,0.36565181612968445,0.34612945814003504,0.3609309792518616,0.32595470422344847,0.34143295884132385,0.4731719980006559,0.47877562046051025,0.47788997301195396,0.48349645733833313,4.7179743876304885,4.720843315124512,0.016290717126686373,0.05253987014293671,0.27199641141243613,0.29447636008262634,0.6895769839820908,0.6772826910018921
231,0.35047507265584943,0.36479249596595764,0.34576532542344,0.3600798547267914,0.3255387589100446,0.339480996131897,0.47296184159173593,0.47947582602500916,0.47767158623316297,0.4841884672641754,4.709746680277058,4.712642192840576,0.01544194771982413,0.045009177178144455,0.2716231305518229,0.29523926973342896,0.6895511968146438,0.6781945824623108
232,0.3492772773336024,0.3619029223918915,0.34455888846409355,0.3571728467941284,0.3242128597933225,0.3364533483982086,0.47180902791611345,0.47694915533065796,0.4765274137005457,0.481679230928421,4.718386394216905,4.730072975158691,0.0137519913982017,0.04092758148908615,0.27071251354138476,0.2922878861427307,0.6881740833890616,0.676144540309906
233,0.34867219434688795,0.3623170554637909,0.3439398343583326,0.3575814962387085,0.3236396389237985,0.33651795983314514,0.47122131546547286,0.47712910175323486,0.4759536754540283,0.48186466097831726,4.7323590636108745,4.735569000244141,0.013209213254528156,0.04074980318546295,0.2699253709992078,0.29395151138305664,0.6877843188072957,0.6748526096343994
234,0.3477832424920241,0.3629855215549469,0.34305758019280347,0.3582645356655121,0.3228828774812585,0.3376527726650238,0.47012479333948903,0.47763487696647644,0.4748504540961713,0.48235586285591125,4.725665540961279,4.720982551574707,0.013167129306810325,0.043207596987485886,0.26889846931572053,0.29348891973495483,0.6865830402407046,0.6762617826461792
235,0.3471963816671491,0.36158663034439087,0.34248019949511577,0.3568650186061859,0.3224816074917975,0.33574745059013367,0.4693258368096465,0.47687143087387085,0.4740420169450472,0.4815930426120758,4.716180288690428,4.72161865234375,0.013602384305839663,0.038900312036275864,0.26803488263561326,0.29291170835494995,0.6858075605776933,0.6754302978515625
236,0.3465957647506592,0.3622099757194519,0.34187837855516057,0.3574874997138977,0.32186979401270677,0.336753249168396,0.4687693743777092,0.4770372211933136,0.4734867590306695,0.4817597270011902,4.717385029050439,4.7224907875061035,0.012874117878435523,0.041673313826322556,0.26741487756702903,0.2928844392299652,0.6853203725776256,0.6757020354270935
237,0.34579716719840636,0.36229410767555237,0.34107490406314034,0.35756412148475647,0.3211009491564916,0.33665037155151367,0.4678415044979484,0.477295845746994,0.47256376763321445,0.4820258319377899,4.722263820345856,4.7299909591674805,0.012439779335466465,0.04080991819500923,0.2666400724391536,0.2932988703250885,0.6842230006214871,0.6758423447608948
238,0.34518766083844604,0.36111485958099365,0.34046251208397527,0.3563782274723053,0.3206099898912528,0.3358674943447113,0.46713268389308493,0.4758255183696747,0.47185783264755576,0.48056215047836304,4.725151458636884,4.736634254455566,0.01240706792288809,0.04147305712103844,0.2657710605794681,0.2912239730358124,0.6836518423546677,0.6749054193496704
239,0.3446616362305821,0.3612833619117737,0.33993137131034246,0.35654616355895996,0.3201825495822874,0.3364145755767822,0.46639399778201807,0.47491252422332764,0.47112426115971945,0.47964972257614136,4.730265662682669,4.7371954917907715,0.01263434446186695,0.045091427862644196,0.2651525362994668,0.2914108335971832,0.6827607604351499,0.6727415323257446
240,0.3441035834175346,0.3609452247619629,0.33937484377846755,0.35621076822280884,0.3197386791312738,0.33541908860206604,0.4657128474585112,0.4757503271102905,0.4704415901826549,0.4804847836494446,4.728737694215447,4.734463214874268,0.012689562209381345,0.040239494293928146,0.2643949047809567,0.2917875349521637,0.6821315668634784,0.6742302775382996
241,0.34334982434506844,0.36041560769081116,0.33861850810060606,0.35567930340766907,0.3190605564128037,0.33489322662353516,0.4648993604948682,0.47536543011665344,0.46963067519679225,0.48010173439979553,4.731313572400405,4.736299514770508,0.012296146203662478,0.03941711410880089,0.2634680753553439,0.29108545184135437,0.6814174304787466,0.6741771101951599
242,0.34281169066677875,0.36186766624450684,0.3380841704645091,0.35713669657707214,0.31858088788936073,0.3372415602207184,0.46426702840001394,0.4756377637386322,0.4689945470597452,0.4803687334060669,4.727521701616841,4.730960369110107,0.01213762814422344,0.046132273972034454,0.26287562654681695,0.29116249084472656,0.6807294131964264,0.6744299530982971
243,0.342391735573216,0.36029794812202454,0.33766571117517585,0.35556739568710327,0.3182732835863941,0.3351163864135742,0.46373393544772834,0.47460347414016724,0.46845996293084513,0.4793340265750885,4.726024971864409,4.730556964874268,0.01230432912880563,0.04171259328722954,0.2622508917243385,0.29066938161849976,0.6802646284685702,0.672967255115509
244,0.34214492724870216,0.36172711849212646,0.3374200627792233,0.35699158906936646,0.3183399968262004,0.3373776376247406,0.4630769668105542,0.4748842418193817,0.4678018307859388,0.4796197712421417,4.724864195003424,4.735532283782959,0.013893230272900634,0.04813957214355469,0.2615168940861891,0.29082828760147095,0.6796098609130681,0.6731650829315186
245,0.34222204917556015,0.3609454035758972,0.33749956950647747,0.35622262954711914,0.31832625049596075,0.3358410894870758,0.46305681323407394,0.4753805696964264,0.4677792929031566,0.48010334372520447,4.722480330446015,4.722784996032715,0.013893008635074708,0.04232709854841232,0.26197617191608935,0.29099154472351074,0.6791095817759121,0.6742047071456909
246,0.341186583524188,0.3604755401611328,0.33646816776871824,0.3557528257369995,0.3173485136302049,0.3351796567440033,0.46206885988395124,0.4747920334339142,0.466787275639421,0.4795147478580475,4.7184171167598095,4.72271203994751,0.012936757437981216,0.04151207208633423,0.2607408343685141,0.29121163487434387,0.6783679562496165,0.672815203666687
247,0.340751574148401,0.3598746657371521,0.33603219164319237,0.3551468253135681,0.3169008435698786,0.33483317494392395,0.4616005212080609,0.47418349981307983,0.46631990371326953,0.4789113402366638,4.719382974043868,4.72783088684082,0.012532587863619372,0.04171686992049217,0.2603734167322089,0.28984320163726807,0.6777965356789761,0.6729394793510437
248,0.34022663648775414,0.3582354784011841,0.3355055970553681,0.35350680351257324,0.3165956725608565,0.3331862688064575,0.46085966188947153,0.47299835085868835,0.4655806997793192,0.4777270257472992,4.721040978491475,4.728672504425049,0.013143837302426095,0.039098795503377914,0.2594193533466646,0.2877452075481415,0.6772238254498915,0.6727147698402405
249,0.3396512185375169,0.359825998544693,0.3349296272982001,0.3551045060157776,0.3160858761189295,0.33477044105529785,0.4602268901591449,0.47420749068260193,0.46494848090436747,0.47892898321151733,4.721590253056373,4.721480369567871,0.012892703121257633,0.041471950709819794,0.25870799069890504,0.2897915840148926,0.6766569380137393,0.6730477809906006
250,0.339196380747507,0.3587297201156616,0.3344814906079809,0.3540113568305969,0.3158471050336686,0.3337458074092865,0.45950459117981957,0.4731024503707886,0.4642194828618841,0.47782081365585327,4.714893752729368,4.718358516693115,0.01367101638762034,0.04061640053987503,0.25793093475454787,0.2885088324546814,0.6759393609490801,0.672112226486206
251,0.33912690161598197,0.3596992492675781,0.33441088091637794,0.3549703061580658,0.31577940206271266,0.33490070700645447,0.4593727045872893,0.4738653302192688,0.464088723744355,0.47859427332878113,4.716020315319143,4.728954315185547,0.013738326140100591,0.04259578511118889,0.25791623746148495,0.28909632563591003,0.6756836411155673,0.6730099320411682
252,0.33830755327184625,0.3590720295906067,0.3335845456208192,0.3543412983417511,0.3149403566611329,0.33387601375579834,0.4586088199197065,0.47380414605140686,0.4633318291132719,0.47853487730026245,4.723009216125032,4.730724811553955,0.012741207532672038,0.039544496685266495,0.257061667333621,0.28903666138648987,0.6750182039189137,0.673046886920929
253,0.33749360889738694,0.35927820205688477,0.3327693384497743,0.3545432686805725,0.31416137800301513,0.33438506722450256,0.45777079552183064,0.4736437499523163,0.46249506596944323,0.47837868332862854,4.724271610204478,4.734935760498047,0.012086407648263145,0.04146158695220947,0.2561636346219476,0.28871431946754456,0.6742340931273452,0.6729792952537537
254,0.33746571733408787,0.3595049977302551,0.33274194730759826,0.3547769784927368,0.3142329955385419,0.3346959054470062,0.45755308355535035,0.47384828329086304,0.46227685358184,0.47857630252838135,4.723772889055128,4.72800874710083,0.012766577017196412,0.04199604690074921,0.25604452304255854,0.2887513339519501,0.6738878806448156,0.6733402609825134
255,0.3369402263842273,0.35767000913619995,0.33222044621746016,0.3529399633407593,0.31366319477775056,0.3332482576370239,0.4570717411970639,0.47167885303497314,0.4617915229063693,0.4764088988304138,4.719780783493221,4.730053901672363,0.012010729776788014,0.0420667864382267,0.2556231795198947,0.28611600399017334,0.6733556703859815,0.6715620160102844
256,0.3363808654986843,0.35763782262802124,0.33165688568698315,0.3529086112976074,0.31330899636946946,0.33283451199531555,0.4563046127521601,0.4720563292503357,0.4610285941063996,0.4767855405807495,4.72398199497135,4.729218482971191,0.012525087255974,0.03998865932226181,0.2546564304076656,0.2867819666862488,0.6727454798500209,0.6717329621315002
257,0.3358127081799112,0.35825347900390625,0.3310930427755849,0.35352563858032227,0.31276013361409855,0.3336867392063141,0.4556718093395426,0.47232040762901306,0.46039147474386893,0.47704824805259705,4.719664298711978,4.727851867675781,0.012152827429945562,0.04207795485854149,0.254120969249322,0.2870766520500183,0.6720066071038684,0.6719056367874146
258,0.33524470171656534,0.3583638072013855,0.3305219119731781,0.3536328375339508,0.3122897930850011,0.3333894908428192,0.4550384436476052,0.47299546003341675,0.45976123184845413,0.47772642970085144,4.722788819985211,4.730982303619385,0.012025407760630385,0.039735570549964905,0.2533181236549953,0.28777921199798584,0.6715258558992909,0.6726536750793457
259,0.33510363311648034,0.35663288831710815,0.3303735271138408,0.3518940210342407,0.3121388878506106,0.33200088143348694,0.45474554942389805,0.4706730246543884,0.4594756554265375,0.47541189193725586,4.730107034019165,4.738870143890381,0.01217315617038914,0.04031127691268921,0.25332917768946556,0.2856217324733734,0.6709143260303316,0.670069694519043
260,0.3345853141141815,0.3575969338417053,0.3298515604422539,0.3528571128845215,0.3117716675266485,0.3328724205493927,0.45412035790764266,0.47170525789260864,0.45885411003703197,0.4764450788497925,4.733755181301378,4.739821910858154,0.012348550982288249,0.040844712406396866,0.252459531852556,0.28678202629089355,0.6705069214864824,0.6709905862808228
261,0.3341708929732508,0.3585222661495209,0.3294395963841009,0.3537859618663788,0.31136972707531685,0.3336031436920166,0.45359016851862094,0.47274863719940186,0.4583214666503092,0.47748494148254395,4.731298129278014,4.736303806304932,0.01221638201034315,0.040917787700891495,0.252142339269979,0.2881745398044586,0.6697504634419482,0.67171710729599
262,0.33366315633817767,0.35729703307151794,0.32893314732263507,0.3525616526603699,0.31093463659575726,0.3328239321708679,0.4530278863667767,0.47133195400238037,0.4577578953823193,0.47606733441352844,4.730007983006016,4.7353692054748535,0.012048806714589206,0.04147942364215851,0.25148421753720623,0.28584030270576477,0.6692708815537239,0.6711520552635193
263,0.33351077005008045,0.35921400785446167,0.3287871460224326,0.35448622703552246,0.3108856801412099,0.33435484766960144,0.45268538850933926,0.4732857644557953,0.45740901303108145,0.4780135452747345,4.723625078212863,4.72778844833374,0.01261731792765557,0.0421207956969738,0.2512587748627599,0.28889477252960205,0.6687809535958629,0.6720489263534546
264,0.333216618754051,0.3568640351295471,0.3284974883936023,0.3521440625190735,0.31048168269092624,0.33200088143348694,0.4524478027924709,0.4716300666332245,0.45716693315291956,0.4763500392436981,4.719129451700805,4.719969749450684,0.01186327169224879,0.03829806298017502,0.251251451559651,0.28586527705192566,0.6683303205965986,0.6718393564224243
265,0.3326095818653793,0.35693085193634033,0.3278981149076114,0.3522132635116577,0.3101685768888877,0.33249080181121826,0.45157514064841264,0.47090792655944824,0.45628660760618056,0.47562551498413086,4.711460867826629,4.717599868774414,0.012727222695353178,0.04133746400475502,0.2500955504935809,0.2855265140533447,0.6676829649618267,0.670608401298523
266,0.33208999925907257,0.3578263223171234,0.32737934932841783,0.353111207485199,0.3097340925666325,0.3330313265323639,0.45086367680772904,0.47185853123664856,0.45557432624428945,0.476573646068573,4.710646457533291,4.71511697769165,0.012875290261412072,0.04101547598838806,0.24953095356414445,0.28742265701293945,0.6667960257940914,0.6706559062004089
267,0.33195142188247667,0.3581337332725525,0.3272433713940151,0.3534223437309265,0.30954555764017055,0.33437982201576233,0.45074130173545107,0.4711115062236786,0.45544935222391264,0.47582289576530457,4.7080478064694775,4.71138858795166,0.012547605235643272,0.04677180200815201,0.249535615964549,0.28578826785087585,0.6665534488450069,0.6705794334411621
268,0.3314286112255092,0.35614001750946045,0.32671965649626394,0.3514232039451599,0.3090422676369289,0.33150631189346313,0.4502337655218998,0.4704783856868744,0.4549427217936834,0.4751951992511749,4.708954095744046,4.716813087463379,0.012053279113514049,0.039185766130685806,0.24893463272533578,0.2849305272102356,0.6661389031923112,0.6704026460647583
269,0.3310542030827121,0.3566003441810608,0.3263485650036724,0.35188916325569153,0.3087067719273272,0.331941157579422,0.4496851863043539,0.47087281942367554,0.4543908243833936,0.4755840003490448,4.705636998973682,4.711183547973633,0.012165975484287527,0.03970573469996452,0.24864530144579441,0.2855633497238159,0.6653090349055474,0.6705544590950012
270,0.3301838272094148,0.3560065031051636,0.32547461755161,0.35128873586654663,0.3078827610562506,0.331422358751297,0.44880634360693267,0.4703834354877472,0.45351555172219915,0.47510120272636414,4.70920621206343,4.717775344848633,0.011457291732248848,0.03912493214011192,0.24762926105781938,0.2846055328845978,0.6645617339469333,0.6705366373062134
271,0.32974357360102513,0.35625603795051575,0.3250276246174019,0.35153254866600037,0.30754952029665134,0.3317354917526245,0.44822059020406074,0.470403254032135,0.4529365371510513,0.4751267433166504,4.715949128525391,4.7234787940979,0.01165519092040678,0.0400550551712513,0.24699287537712825,0.28488045930862427,0.664000482680679,0.6702709794044495
272,0.32955286206863593,0.3551867604255676,0.32483356434277955,0.35045668482780457,0.30743794598128216,0.33065518736839294,0.4478595625086444,0.4693370759487152,0.45257886023450083,0.47406715154647827,4.719297893607467,4.7300705909729,0.012068304502519335,0.038944900035858154,0.24673118182897472,0.28380751609802246,0.663514348258386,0.6692131161689758
273,0.32931291840117904,0.3558303117752075,0.3245891199100369,0.35109996795654297,0.30730567262137026,0.33155766129493713,0.447434504734472,0.4697641432285309,0.45215830322561407,0.47449448704719543,4.723795233686781,4.730354309082031,0.012551939505835174,0.04084746539592743,0.2463460319735384,0.28391414880752563,0.6630190389145737,0.6699113249778748
274,0.3289778249928019,0.3564058542251587,0.324257375087229,0.35168808698654175,0.3069842408843914,0.3324725329875946,0.4470239347573769,0.4698869585990906,0.4517443831204115,0.4746047258377075,4.720449139509807,4.717775344848633,0.012417976861217823,0.04342838376760483,0.24606674863797567,0.28402817249298096,0.6624679902377901,0.6699610352516174
275,0.3286563175027302,0.35600653290748596,0.32394613030946934,0.3512939214706421,0.30668010053198874,0.3313138782978058,0.4467339740197667,0.4704975485801697,0.45144416121302755,0.47521016001701355,4.710191818272783,4.712619304656982,0.012084026520057242,0.03854808956384659,0.24571215237531882,0.2848312258720398,0.662244124495448,0.6705623269081116
276,0.3281225950501971,0.3564266860485077,0.3234126821154291,0.35170623660087585,0.3061181191992191,0.3326247036457062,0.4460767076606457,0.4701693654060364,0.45078661905287537,0.4748898148536682,4.709911515150676,4.72044563293457,0.011722479984947558,0.04330649599432945,0.24539310259468103,0.28337323665618896,0.6612387627568074,0.6711943745613098
277,0.32880169555719596,0.35572531819343567,0.3240877360021157,0.35100841522216797,0.307202355272607,0.3311120569705963,0.44626922070907765,0.47016575932502747,0.4509831802641579,0.47488266229629517,4.713960782940745,4.716888427734375,0.014682382043169377,0.03861985728144646,0.24536922087179616,0.2843475341796875,0.6615554601665069,0.6703688502311707
278,0.3285011720715194,0.35802099108695984,0.3237927667871931,0.35330504179000854,0.30683849734475244,0.33410677313804626,0.4458643438552875,0.4713168740272522,0.45057274759707544,0.4760328233242035,4.708401854877958,4.715935707092285,0.014404801983616756,0.04549229145050049,0.24539294614152682,0.2857910096645355,0.660717752483081,0.671036958694458
279,0.3274289984549774,0.35612785816192627,0.3227214249723892,0.3514178395271301,0.30586728864578017,0.3317679464817047,0.4448812491634429,0.47028666734695435,0.44958882314012544,0.4749966859817505,4.707577315121106,4.710019111633301,0.013458623437476794,0.04040108621120453,0.24393359764211342,0.2843339741230011,0.6602096445542137,0.6705688238143921
280,0.3269602112619683,0.3557257354259491,0.3222521238489957,0.3510027825832367,0.30539647740147347,0.331246942281723,0.44439581784939797,0.4697984457015991,0.44910390526237054,0.4745213985443115,4.708088367707422,4.722952842712402,0.013018545251018815,0.03981101140379906,0.24348572053819642,0.28430822491645813,0.6596851625810786,0.6696215271949768
281,0.32587193067720727,0.35538339614868164,0.3211563150626274,0.35066595673561096,0.3042418010987784,0.3314596116542816,0.4433277274161469,0.46916136145591736,0.44804334303072674,0.47387880086898804,4.715615666447696,4.717430591583252,0.01168172735287034,0.04181104898452759,0.24253431052945665,0.2826671004295349,0.6585093651808952,0.66990065574646
282,0.325970002178523,0.3559158742427826,0.3212609213226679,0.35119765996932983,0.3044896025648977,0.33174481987953186,0.4432022624829497,0.4697757959365845,0.4479113433388048,0.47449401021003723,4.709078960557529,4.718226432800293,0.012714716154679782,0.04140391945838928,0.24245866977681624,0.2838384807109833,0.6582954422067255,0.6699920892715454
283,0.3261767586522193,0.355710506439209,0.32147209143233696,0.35100823640823364,0.3047580809618267,0.3314094543457031,0.44323791726803036,0.46991288661956787,0.44794258448791274,0.4746151566505432,4.704666002144758,4.7022786140441895,0.013472917297266776,0.04007469490170479,0.24268551219030282,0.2837359607219696,0.6581158213320407,0.6704176664352417
284,0.325352858880055,0.3550781309604645,0.3206524338333702,0.35037145018577576,0.30400331181598683,0.3314460217952728,0.442395318593277,0.4687879681587219,0.4470957436399618,0.47349464893341064,4.700425203155999,4.706668853759766,0.012902890018338478,0.04255431145429611,0.24169866811202403,0.28162723779678345,0.6574083814676889,0.6701565384864807
285,0.3249349295369922,0.3556140065193176,0.3202316598447768,0.35090354084968567,0.3036805304905397,0.33096638321876526,0.4417868599422152,0.4702504575252533,0.44649012809189237,0.47496092319488525,4.703268857123733,4.710460662841797,0.013180988425373115,0.03798958286643028,0.2411863881954528,0.2841637134552002,0.6566742010025953,0.670745849609375
286,0.32468761254841627,0.3543706238269806,0.31998080606890555,0.34965789318084717,0.3033291451780602,0.3304833173751831,0.4415771442051605,0.46820569038391113,0.4462839506846712,0.47291842103004456,4.706806969941506,4.712716579437256,0.01253164867959763,0.04079151153564453,0.24118866727774413,0.2815101444721222,0.6562671240794239,0.669148325920105
287,0.3239529120791937,0.3536642789840698,0.3192481207211298,0.3489481806755066,0.30271734851022697,0.32928526401519775,0.4407127946554964,0.4682833254337311,0.4454175844710219,0.4729994237422943,4.704790493471151,4.716109275817871,0.01245107845088043,0.03690992668271065,0.2402380450842981,0.2814119756221771,0.6554629208585583,0.669533908367157
288,0.323265082902191,0.35450389981269836,0.3185482573229631,0.34977346658706665,0.3021100288429484,0.3308115601539612,0.43994883997113515,0.4679613411426544,0.4446656655503631,0.47269177436828613,4.716825353149648,4.730443477630615,0.01217321110034442,0.0423240065574646,0.23933272427674782,0.28137725591659546,0.6548241507992588,0.6687334179878235
289,0.32296883580272995,0.35447031259536743,0.3182532967125121,0.34975117444992065,0.3018848208512462,0.3306460678577423,0.43948936594964233,0.46820491552352905,0.44420490503986015,0.47292405366897583,4.715542299276029,4.7191362380981445,0.012440781243479884,0.041298072785139084,0.2390051374202116,0.28149762749671936,0.6542085329145253,0.669142484664917
290,0.3227836618021438,0.3545902967453003,0.31807270668992327,0.3498822748661041,0.30166845635224393,0.33095791935920715,0.4392322791982073,0.46814337372779846,0.4439432343104278,0.47285139560699463,4.710954044301935,4.708020210266113,0.012310063480363773,0.042395368218421936,0.23901047172861642,0.28129842877388,0.653684843998904,0.6691799163818359
291,0.3221420862151214,0.3547420799732208,0.3174401372008318,0.35002732276916504,0.30106892514170974,0.33060920238494873,0.43869618492429185,0.46896883845329285,0.4433981339385815,0.47368359565734863,4.701951236701715,4.714771270751953,0.01157707944843772,0.039576951414346695,0.23817902113496656,0.2821836769580841,0.6534506660022573,0.6700670123100281
292,0.3218034849420425,0.35463887453079224,0.3170986448735107,0.34993642568588257,0.3009163390346447,0.3305755853652954,0.4380486805309808,0.4688967168331146,0.4427535221420509,0.4735991656780243,4.704839893068035,4.702441692352295,0.012465575261789442,0.039624158293008804,0.2376024265774724,0.281904011964798,0.6526810299323437,0.6701985597610474
293,0.3215821059883918,0.35339590907096863,0.3168790736060561,0.34868091344833374,0.30061659300033255,0.32969793677330017,0.43786754773977166,0.4673122465610504,0.44257058012210737,0.4720272421836853,4.70303539568434,4.714992523193359,0.011916321591958795,0.04023319482803345,0.2375788160581315,0.2798804044723511,0.6523546351385753,0.6689801812171936
294,0.32152232373479017,0.3535071909427643,0.31681478527264223,0.3487950563430786,0.30074957762707405,0.3294418156147003,0.4374557588681777,0.46774226427078247,0.44216329733032567,0.47245439887046814,4.70754150181611,4.712125301361084,0.013195196648677784,0.03853398561477661,0.237298356729917,0.2807541787624359,0.651755192382973,0.6690372824668884
295,0.3208938177857281,0.35348784923553467,0.3161868676934896,0.3487757444381714,0.29997042891615755,0.329773873090744,0.4370708656465289,0.466924786567688,0.44177781573876745,0.47163689136505127,4.7069471004854755,4.712094783782959,0.011586743641570904,0.041283972561359406,0.23686071958587182,0.2805383801460266,0.6514638306831378,0.6674992442131042
296,0.3203115351904851,0.3527911901473999,0.3156103696531002,0.3480863869190216,0.29951683637635984,0.32908013463020325,0.43628079859631,0.466935932636261,0.44098196413369495,0.4716407358646393,4.7011650645005,4.70480489730835,0.01184091386277932,0.039107631891965866,0.23614647384360885,0.27912503480911255,0.6505631201671195,0.6690077781677246
297,0.3201524268216659,0.3533303141593933,0.31545056944379335,0.34862327575683594,0.29938204805233004,0.32957449555397034,0.43608960600888447,0.46731796860694885,0.440791463386757,0.4720250070095062,4.701855650229633,4.707032680511475,0.011824763545693413,0.03983822837471962,0.23594599292194415,0.2799500823020935,0.6503753782138137,0.668935239315033
298,0.3195551021519432,0.3535479009151459,0.31485955909442864,0.34884947538375854,0.29885923285210514,0.3298766613006592,0.43534654198124784,0.4672510027885437,0.4400420850387624,0.47194942831993103,4.695543940907011,4.698429584503174,0.011765248251019149,0.04091687127947807,0.23531382270925594,0.28026068210601807,0.6494986313921307,0.6684524416923523
299,0.31914690706925597,0.3548486530780792,0.31445701135299103,0.35015153884887695,0.29843584897303166,0.33086904883384705,0.4349367868982246,0.4691818952560425,0.4396266826144896,0.47387900948524475,4.68989566420429,4.697114944458008,0.011313137078256295,0.0399351492524147,0.23498028021469997,0.2818143665790558,0.6490141133330778,0.6708576679229736
300,0.3187159143547948,0.3525114953517914,0.3140198657303458,0.3478008508682251,0.2981510542806131,0.3284880220890045,0.4343673961875027,0.46700334548950195,0.4390634448119517,0.47171398997306824,4.696052242183415,4.71063232421875,0.011627010842186451,0.03712819516658783,0.23423306061895666,0.2793721854686737,0.6485930871635711,0.6689637303352356
301,0.3182682235786609,0.3534452021121979,0.3135652272893117,0.3487401604652405,0.2977692051739814,0.3297962248325348,0.43376494349374783,0.467288613319397,0.43846793978309706,0.47199365496635437,4.702996873874873,4.705032825469971,0.01170924078941261,0.04058806598186493,0.23371928610928958,0.279911607503891,0.6478791011763255,0.668889045715332
302,0.31815765728798173,0.3531726896762848,0.3134669065475464,0.3484765291213989,0.2977533694273829,0.32924070954322815,0.4335170447151525,0.4671480059623718,0.43820779545558786,0.4718441665172577,4.690751076323081,4.696171760559082,0.012181488931136868,0.03915996104478836,0.23353508870417514,0.28037941455841064,0.6475435270503422,0.6681827902793884
303,0.317889500136709,0.3528722822666168,0.3132042346263867,0.3481820821762085,0.29738109384381334,0.3289739191532135,0.4332109416394016,0.4670071303844452,0.4378962071497239,0.4716973304748535,4.685266313502724,4.690196514129639,0.011670034202143364,0.03862829506397247,0.2336412202393628,0.27984189987182617,0.6468320312260907,0.6684516072273254
304,0.31733044146816597,0.3530134856700897,0.312646300167002,0.3483181595802307,0.29690778213283864,0.3295789062976837,0.4326715154345104,0.46662771701812744,0.43735565673567434,0.47132304310798645,4.684139198877047,4.695328235626221,0.011335792518576726,0.0413038469851017,0.23281433302238794,0.279137521982193,0.6465732219052421,0.6682953834533691
305,0.31709426447441835,0.35256925225257874,0.312402591356323,0.347861647605896,0.29675202133729783,0.32908403873443604,0.43221922318221007,0.46652162075042725,0.4369108947577671,0.47122922539711,4.6916727539599306,4.707611083984375,0.011803743705150452,0.0399911031126976,0.2325307239213069,0.2784257233142853,0.6459215795323765,0.6688352823257446
306,0.3165947198265244,0.3527844548225403,0.3118932853692753,0.3480736017227173,0.29622741845567074,0.32899603247642517,0.43168598423108273,0.4667153060436249,0.4363874186883318,0.4714261591434479,4.7014342245186,4.710855960845947,0.011297324113472482,0.03931055963039398,0.2320916775961998,0.27954110503196716,0.6452932514934178,0.6681364178657532
307,0.3159553885725024,0.35067683458328247,0.31125244588635975,0.34596526622772217,0.2958177511286167,0.32733193039894104,0.43088023579655704,0.4641461670398712,0.4355831784826997,0.4688577353954315,4.702940259247813,4.711575031280518,0.011720798964270612,0.039550185203552246,0.23094271293932062,0.27660760283470154,0.6447897419435892,0.6658380031585693
308,0.31543867202649656,0.3522583544254303,0.31073572876190203,0.34754741191864014,0.2952965613781466,0.3284933865070343,0.43022687249322483,0.46620815992355347,0.43492981575781936,0.47091910243034363,4.702944146251562,4.710949897766113,0.011477630028069574,0.03881749138236046,0.23058288860456017,0.2789253890514374,0.6438291560432181,0.6677373051643372
309,0.3153089911794065,0.3517042100429535,0.31060837148366743,0.3469993472099304,0.29525108785461524,0.32875579595565796,0.42998310188460437,0.464630663394928,0.4346837215803434,0.46933552622795105,4.700620980191414,4.704866886138916,0.011849259930179637,0.042950015515089035,0.23033653716664057,0.277070552110672,0.6435674730457857,0.6662468314170837
310,0.31498013201195657,0.3541935682296753,0.3102852260589214,0.3494952321052551,0.2949589812533845,0.3306395709514618,0.42958895848243767,0.4678678512573242,0.4342838659780111,0.4725661873817444,4.694909353946511,4.69835090637207,0.011771806036346219,0.04198690876364708,0.22999656257651568,0.2805916666984558,0.6431085878762455,0.6693400740623474
311,0.3146851675692619,0.350893497467041,0.30999486006757193,0.3461969792842865,0.29475631924279055,0.3274545669555664,0.42918358054471506,0.46482935547828674,0.43387388804640503,0.46952587366104126,4.690310616846081,4.696527004241943,0.01199553157942911,0.038493793457746506,0.2295686014379223,0.2766861915588379,0.6427048308329693,0.6671836972236633
312,0.3142424881626998,0.35073330998420715,0.3095502020061329,0.34602048993110657,0.2943183916496257,0.32695314288139343,0.4286486837866814,0.46469616889953613,0.4333409714857866,0.4694089889526367,4.692284961581664,4.712832927703857,0.01176155177636085,0.03721785545349121,0.22919896776455403,0.2774222195148468,0.6419946540476964,0.6662192940711975
313,0.3140407172090073,0.3502354323863983,0.309335705918722,0.3455212116241455,0.29418093579479715,0.3275776505470276,0.4282470348750923,0.4631776213645935,0.43295204616537764,0.4678918421268463,4.705009203230954,4.714227199554443,0.012179814555877695,0.042350154370069504,0.2289541787974419,0.27468159794807434,0.6414088120452798,0.6657012104988098
314,0.31347479630567454,0.3510608375072479,0.30877613424772776,0.34635597467422485,0.29360965977686887,0.32727304100990295,0.42763228981397533,0.46529054641723633,0.43233095187192205,0.4699954092502594,4.698663937722532,4.70487117767334,0.011699989245616252,0.03696037456393242,0.22848717325426912,0.27753135561943054,0.640641807810864,0.6673274040222168
315,0.31332008811177103,0.351199746131897,0.3086255214207576,0.34649521112442017,0.29349837121672345,0.3277667760848999,0.4274342843650374,0.4646714925765991,0.43212885105605076,0.4693760275840759,4.694567992722897,4.704532623291016,0.011771103595050177,0.03979496285319328,0.22827048091766952,0.27742284536361694,0.6404535205220578,0.6660825610160828
316,0.3127908408159772,0.35041940212249756,0.308099484906426,0.34571677446365356,0.29312071671767415,0.32761749625205994,0.42672138807265514,0.4633212983608246,0.4314127439822063,0.4680239260196686,4.691355647223226,4.70264196395874,0.012098601765047911,0.042171478271484375,0.2275034610409511,0.2753908038139343,0.6397600758909648,0.6652901768684387
317,0.3124602742996285,0.35220271348953247,0.3077727141912486,0.34750163555145264,0.2928097497414251,0.3286410868167877,0.42634872346815195,0.4659363329410553,0.4310362835765319,0.47063741087913513,4.687555068039576,4.7010698318481445,0.011917399140086146,0.03984766826033592,0.22717835267593733,0.2785469591617584,0.6393334972342642,0.6675286889076233
318,0.31215376640397724,0.3500294089317322,0.3074576512214099,0.3453127145767212,0.29249023703057614,0.3267463743686676,0.4259447060371766,0.4636974632740021,0.4306408212197439,0.46841415762901306,4.696111059169561,4.716700077056885,0.011775678531347717,0.03867700695991516,0.2269699789231189,0.275543212890625,0.6387250526588647,0.6660189628601074
319,0.3120233992478455,0.35023775696754456,0.3073224351924776,0.3455337882041931,0.29242190830725867,0.3272073566913605,0.42564532127015947,0.46339353919029236,0.4303462853255274,0.4680975079536438,4.700962086124937,4.703981399536133,0.012193358321009476,0.040746934711933136,0.22681022502611486,0.27560925483703613,0.6382621365474681,0.6652658581733704
320,0.3121183790564778,0.34940677881240845,0.3074293945103679,0.34470927715301514,0.29259255260916023,0.3263816237449646,0.42555036249066286,0.4626147747039795,0.4302393470367728,0.4673122763633728,4.6889850396257735,4.697512626647949,0.012922636302563881,0.03982212767004967,0.22694177836408705,0.2747401297092438,0.637913242651295,0.6645826101303101
321,0.31122056086006505,0.3506860136985779,0.3065378140737979,0.3459928035736084,0.2918560948393097,0.32803234457969666,0.42454626542857626,0.46309518814086914,0.42922901221484344,0.4677883982658386,4.682743704179208,4.693202972412109,0.012749180129175239,0.0439346581697464,0.22571120171039827,0.2757857143878937,0.6371079031099349,0.6643766760826111
322,0.3109296293717572,0.35041818022727966,0.30624543962524914,0.3457168936729431,0.2915595287959488,0.32721802592277527,0.42427676243672136,0.4636691212654114,0.4289609506406911,0.4683704078197479,4.6841906517852525,4.70128059387207,0.012395699021172605,0.040200233459472656,0.22540712910314536,0.2762034237384796,0.6368757543465506,0.6652504205703735
323,0.31040600247099676,0.35000839829444885,0.30571833537312304,0.34531012177467346,0.29110419779136215,0.3269767165184021,0.42358034365918534,0.46317288279533386,0.4282680107570591,0.46787115931510925,4.687665243453455,4.6982622146606445,0.012447454595280788,0.04049506410956383,0.22484649774447849,0.27540281414985657,0.6360186311430261,0.6650322675704956
324,0.3099075085327204,0.3487911820411682,0.30521282862180454,0.3440820872783661,0.2906589471421355,0.32566091418266296,0.42306448018507486,0.46209219098091125,0.42775916009599074,0.4668012857437134,4.694679866664283,4.709089756011963,0.012150786580571366,0.03868484869599342,0.2241742219693064,0.2742787301540375,0.6356518433926032,0.6640191674232483
325,0.3096038174084503,0.3495458662509918,0.30491048445886704,0.3448406159877777,0.29036467978817415,0.3262425363063812,0.4227109794861577,0.4626884460449219,0.42740431243574095,0.467393696308136,4.693331703019441,4.705264091491699,0.011981110146146431,0.03923553228378296,0.22390186363056128,0.2757294774055481,0.6352110739618094,0.6637625694274902
326,0.30890618333968856,0.3495559096336365,0.30421045292402343,0.3448437452316284,0.2897689914322555,0.3268202245235443,0.4219077142973058,0.46209579706192017,0.4266034447129709,0.4668079614639282,4.695732841692229,4.712157249450684,0.01182201345143497,0.042275071144104004,0.22300275545635062,0.27466532588005066,0.6344821998526392,0.6635202765464783
327,0.3090880586100261,0.3491668701171875,0.304393897172752,0.3444589376449585,0.29014836541564176,0.32671797275543213,0.4216661753801021,0.46144431829452515,0.4263603368173762,0.46615225076675415,4.694161438045355,4.707927227020264,0.01350746846246035,0.04332798719406128,0.22305553726131888,0.273727685213089,0.6338820944563175,0.6630982756614685
328,0.30872236508567275,0.3497120141983032,0.30403896188909496,0.34502869844436646,0.289745142199084,0.32713714241981506,0.4214600830535102,0.4619491398334503,0.42614348625008797,0.4666324555873871,4.683405252202918,4.683310031890869,0.012689566908173001,0.04356713220477104,0.22268641340891648,0.2748098075389862,0.633859448740466,0.6630345582962036
329,0.3084167967766246,0.3493826389312744,0.30374514126266683,0.3446946442127228,0.2894790834422252,0.32652318477630615,0.42104079874719724,0.46211937069892883,0.42571245426115506,0.46680736541748047,4.671659152805685,4.687996864318848,0.01274584667825694,0.04130362719297409,0.22244270115765397,0.27477070689201355,0.6332487128931069,0.6634951829910278
330,0.30788250987557714,0.34852179884910583,0.3032023505286268,0.34382331371307373,0.2889363258727591,0.3260291814804077,0.42053483663374625,0.46125510334968567,0.42521499752323494,0.4659535884857178,4.68015923232045,4.698490142822266,0.012125664787556037,0.04158848524093628,0.22186108599343476,0.2727794349193573,0.6328222241374678,0.6637195944786072
331,0.30745801698375796,0.3496716320514679,0.30277511840207927,0.3449786305427551,0.2884888199421254,0.3269630968570709,0.42006043137156235,0.46216052770614624,0.4247433299532411,0.466853529214859,4.68290046598571,4.693002700805664,0.011734748291197427,0.04258231818675995,0.22154322994463943,0.2748503088951111,0.6321884866094377,0.6634566187858582
332,0.3070231518714572,0.34856849908828735,0.30234135990435906,0.3438723087310791,0.28818385991739737,0.3265918791294098,0.4194605342058628,0.4605379104614258,0.42414232617296094,0.46523410081863403,4.681794116432446,4.696186542510986,0.012050179151153088,0.04484330117702484,0.2209044757264855,0.27211982011795044,0.6315969307558574,0.6628124713897705
333,0.3072283167589352,0.3481159508228302,0.3025376989419191,0.3434142470359802,0.2884184139198106,0.3258998692035675,0.4195466982272295,0.46058860421180725,0.4242373160442456,0.4652903079986572,4.690619515543566,4.701716423034668,0.012596846751347516,0.04258907958865166,0.22110401784486727,0.2718161642551422,0.6315543807280772,0.6632944345474243
334,0.3072024252050279,0.3505377471446991,0.3025110273818183,0.3458332121372223,0.2884936108673048,0.32809603214263916,0.41940815000219767,0.4628872275352478,0.4240995478254072,0.4675917625427246,4.691394214344758,4.704532623291016,0.013121639036042845,0.04456968605518341,0.22089466655659282,0.2750187814235687,0.6314645201823416,0.6646996140480042
335,0.31088761462887626,0.35041674971580505,0.3061940323906392,0.34570926427841187,0.29280242474513934,0.3276573717594147,0.42185396442903084,0.46307992935180664,0.4265475466672679,0.46778741478919983,4.693579813945259,4.7074971199035645,0.021349194142899677,0.04280312731862068,0.22403379386608002,0.27548956871032715,0.6330243039362545,0.6646794676780701
336,0.3106248841033115,0.35143426060676575,0.305931409119692,0.346738338470459,0.29247006220804067,0.32882487773895264,0.42168455127757715,0.46369391679763794,0.4263780262611966,0.4683898389339447,4.6934748490330085,4.695923805236816,0.020674066971332207,0.045134786516427994,0.22387874981458497,0.27654704451560974,0.6328573725602428,0.6647927761077881
337,0.3072967767185207,0.34934553503990173,0.3026215608815071,0.34465721249580383,0.28893353906036434,0.327057808637619,0.41890277777709223,0.4611927568912506,0.42357799207156743,0.4658810794353485,4.67521610252297,4.688323497772217,0.015549949998110593,0.04491179436445236,0.2206818391220607,0.2739817500114441,0.6305688152513762,0.6622799038887024
338,0.3060744594838327,0.34753182530403137,0.30140608030921573,0.34284502267837524,0.2875431174336297,0.32527366280555725,0.4179227317917265,0.4595326781272888,0.42259111096634344,0.46421948075294495,4.668381172493311,4.686811923980713,0.013296347646983443,0.04286671429872513,0.21973452390180248,0.27192699909210205,0.6295984755437768,0.6610272526741028
339,0.3055519093832794,0.34862205386161804,0.300880337624332,0.3439345359802246,0.28705818445587084,0.32598230242729187,0.417394603920812,0.46102920174598694,0.42206617567975946,0.46571671962738037,4.671573649906601,4.68752908706665,0.012902262117118668,0.041918255388736725,0.21909096400794645,0.27371129393577576,0.6291813241100196,0.6623173952102661
340,0.3052471852042248,0.3479241132736206,0.30058000399137963,0.34323805570602417,0.28674179104673103,0.3256829082965851,0.4170740963450531,0.4601292312145233,0.4217412775578983,0.46481528878211975,4.667183241090262,4.68604850769043,0.012594518354904468,0.04288209229707718,0.21885920484997318,0.2720580995082855,0.6287716456718692,0.6621085405349731
341,0.30434420540946916,0.347431480884552,0.29967039231824044,0.3427348732948303,0.28607510511710293,0.3248910903930664,0.41591172536712306,0.4600493013858795,0.42058553895244605,0.4647459089756012,4.673811136639846,4.696608543395996,0.012970523800274596,0.040592893958091736,0.21749922113769507,0.27196091413497925,0.6277555768373183,0.662119448184967
342,0.30370667059798495,0.34635087847709656,0.2990302698143667,0.3416661024093628,0.2853789230589437,0.3246997594833374,0.4154627797601679,0.4580410122871399,0.4201391805437862,0.46272578835487366,4.676399192007938,4.684771537780762,0.011754269753852043,0.044223394244909286,0.21682329123988114,0.26929324865341187,0.6275592146496324,0.6605826616287231
343,0.30293748907073037,0.34747937321662903,0.2982686777323111,0.34279412031173706,0.28467493351538364,0.3251960873603821,0.41447160956688944,0.4596744179725647,0.41914042090530873,0.46435967087745667,4.668811826632662,4.685245990753174,0.01165435286905365,0.04232792183756828,0.21613331675963318,0.2717520296573639,0.6262371426548401,0.661508321762085
344,0.30296884989912,0.3470831513404846,0.29829885595200567,0.3423924446105957,0.2847607558404103,0.3249319791793823,0.41444249023949625,0.459256649017334,0.41911248418661057,0.4639473557472229,4.669996322912578,4.690702438354492,0.011981930220676635,0.04238710552453995,0.21606178667879858,0.27096185088157654,0.626238557668625,0.6614469885826111
345,0.3026626162378594,0.34689566493034363,0.2979913057824932,0.3422095775604248,0.28438160576610205,0.32468733191490173,0.4141348888046868,0.4591016173362732,0.418806199260053,0.463787704706192,4.671310069635239,4.686089992523193,0.0114522908290406,0.04195379838347435,0.21596538380023395,0.27093181014060974,0.6257271554563578,0.6611763834953308
346,0.3024316735586752,0.347604900598526,0.2977621839251829,0.3429216146469116,0.28415950098791637,0.3249058425426483,0.41387658896737384,0.4601273834705353,0.4185460786008661,0.46481066942214966,4.669492042455122,4.683285236358643,0.011306327721348814,0.040474243462085724,0.21574628725497288,0.2727688252925873,0.6254258906364055,0.6614744663238525
347,0.30180555541072834,0.34548985958099365,0.2971377646301229,0.3408004641532898,0.28369341021214617,0.3233073651790619,0.4130775649514798,0.4577893316745758,0.4177453557320852,0.46247872710227966,4.6677898452487305,4.689389228820801,0.011540528046388256,0.0404314324259758,0.21483870894861665,0.26933497190475464,0.6247009966617357,0.6601556539535522
348,0.30136134587845914,0.346578449010849,0.29668719745386096,0.341880202293396,0.2832832444041931,0.32421502470970154,0.4125597741118916,0.4591183662414551,0.4172339225364898,0.4638166129589081,4.6741474055588315,4.698251247406006,0.011356747523929322,0.04045289382338524,0.21433972973742563,0.27065974473953247,0.6241532601280536,0.6615324020385742
349,0.30102855823949143,0.3468470275402069,0.2963427162777785,0.34214651584625244,0.28298224993818355,0.3251410722732544,0.4121412214989899,0.45855438709259033,0.4168270634607029,0.4632548987865448,4.685843194104668,4.700517654418945,0.011303029166594045,0.044513147324323654,0.21394493674585996,0.26985442638397217,0.6236987846658338,0.6610556244850159
350,0.3007186004689383,0.34630706906318665,0.296030544820123,0.3415988087654114,0.2827964122243319,0.3242018222808838,0.4116375719035535,0.4584976136684418,0.4163256260098304,0.46320587396621704,4.688052437732541,4.708253383636475,0.011785689662287846,0.0417175255715847,0.21346165286207605,0.26994451880455017,0.6231419007594027,0.6609433889389038
351,0.30046048845976797,0.34639430046081543,0.2957731986450754,0.3416893482208252,0.2826141108639367,0.32466065883636475,0.41132580742294184,0.45824944972991943,0.4160130972376344,0.46295440196990967,4.6872911900583185,4.704954147338867,0.011875735671141589,0.04366358742117882,0.2130402946069662,0.26930540800094604,0.6229263245938907,0.6610130071640015
352,0.29995933654719986,0.3452576696872711,0.295274913515873,0.340556263923645,0.282147519438073,0.32336553931236267,0.4107458893461262,0.45694708824157715,0.41543031237745304,0.46164849400520325,4.684423723155267,4.70141077041626,0.0116474928411181,0.04238361492753029,0.21253446018073996,0.2688281536102295,0.6222605935918913,0.6588848829269409
353,0.29993631788655617,0.3472605049610138,0.29525596587897984,0.3425622880458832,0.28205116141965597,0.3259088099002838,0.4108082378411939,0.4587624669075012,0.4154885898487702,0.46346068382263184,4.680354237701071,4.698219299316406,0.011217315394312349,0.04645805433392525,0.21265824729621144,0.26945075392723083,0.6222779178397645,0.6618176698684692
354,0.2994276556802866,0.3453046977519989,0.29474550133719407,0.34060391783714294,0.28168479930134954,0.3236188590526581,0.4102091945186589,0.45757681131362915,0.41489134577667475,0.4622775912284851,4.682154220846371,4.700772285461426,0.011340381234155171,0.041845180094242096,0.21181607979707182,0.26765739917755127,0.6218979339632388,0.6613539457321167
355,0.29903208820192234,0.3454397916793823,0.294355497878908,0.3407450020313263,0.2812422453224346,0.3239342272281647,0.40976929776686866,0.45734190940856934,0.41444588808988303,0.46203669905662537,4.676590133571355,4.694789409637451,0.01089225377205095,0.0433180071413517,0.21163345864920108,0.267679899930954,0.6212010310094365,0.660804808139801
356,0.29901597461766,0.34577301144599915,0.29434133297848497,0.3410809338092804,0.2813896036345709,0.3244267404079437,0.40949451038821044,0.45763906836509705,0.4141691520273854,0.4623311460018158,4.674641072967011,4.692076206207275,0.011927565327384936,0.044221505522727966,0.21141718157476325,0.2675950527191162,0.6208240652055428,0.6614636778831482
357,0.2984354951292023,0.34673306345939636,0.29376146729976793,0.3420424461364746,0.2808792258003102,0.3248031437397003,0.4089037773703642,0.4588730037212372,0.4135778051997986,0.46356362104415894,4.674028027168518,4.690629482269287,0.011586205549146475,0.042794063687324524,0.21064385606049046,0.2699950933456421,0.6204076258701396,0.6616203188896179
358,0.29807518556973156,0.34605392813682556,0.29340181157167655,0.3413517475128174,0.2805644200125832,0.32429906725883484,0.4084723458881085,0.4579538106918335,0.41314571834362523,0.4626559913158417,4.673374549512482,4.702184677124023,0.011516709080635536,0.043163347989320755,0.21022746766500516,0.26899453997612,0.6199490832164131,0.6607392430305481
359,0.29777335499974816,0.34506991505622864,0.2930948492900302,0.3403708338737488,0.28022602210148984,0.32387402653694153,0.40819952212457855,0.45611023902893066,0.41287802783429645,0.4608093202114105,4.6785043063936955,4.699066638946533,0.011040367252727027,0.04572197422385216,0.2099772843690811,0.26728206872940063,0.6196604160176951,0.6586180329322815
360,0.29725967925471236,0.3448295295238495,0.2925764262989567,0.34013068675994873,0.2798005957450165,0.32326316833496094,0.40756991779182394,0.456991583108902,0.41225317074757956,0.46169042587280273,4.683257028538835,4.6988525390625,0.011044447001083342,0.0419723279774189,0.20930160908047313,0.26695528626441956,0.6190557371639694,0.6608619093894958
361,0.29701927864643135,0.3461416959762573,0.29234685071846084,0.3414490818977356,0.2795912191856259,0.32493340969085693,0.40730445116481173,0.4580730199813843,0.41197687909278224,0.462765634059906,4.672425015754561,4.6926140785217285,0.01095301830471526,0.04488106817007065,0.2090502411814002,0.2674855887889862,0.6187703939907183,0.6624335646629333
362,0.29745021028601587,0.3464868664741516,0.2927745931962218,0.34178686141967773,0.28000854705925465,0.32519736886024475,0.40765734915303353,0.45827779173851013,0.4123329662428276,0.462977796792984,4.675613950728599,4.699999809265137,0.011505893859793868,0.045269567519426346,0.20958740160236752,0.26818084716796875,0.6189323474027539,0.6621416807174683
363,0.29684207089218206,0.34688258171081543,0.2921616668600907,0.3421851396560669,0.2796397260384573,0.32567450404167175,0.4067705902935665,0.4581657648086548,0.41145099432565785,0.4628632068634033,4.680405770435634,4.697443008422852,0.012226528055767058,0.046985991299152374,0.2085427887409359,0.26888346672058105,0.6181498625429834,0.66115403175354
364,0.29616533016753593,0.3446415662765503,0.29149320237172843,0.3399476408958435,0.2789557797196323,0.32336461544036865,0.4062153732564543,0.45659053325653076,0.4108875010522618,0.46128445863723755,4.672127265174332,4.693934440612793,0.011271817534348524,0.04313081130385399,0.20780084037824145,0.2661627233028412,0.6177946936732307,0.6608003377914429
365,0.29574970490673125,0.346131294965744,0.29107217728681906,0.3414345681667328,0.27859623997114086,0.3247956931591034,0.40571405870250205,0.45802542567253113,0.41039158632241424,0.46272215247154236,4.677527950015379,4.696722984313965,0.011210459564295415,0.04455394670367241,0.2072829940795802,0.26786914467811584,0.6172952596060525,0.6619639992713928
366,0.2957075092289258,0.3462752401828766,0.2910265740093026,0.3415651321411133,0.2785988273381512,0.3250390291213989,0.40553182486431155,0.4579979479312897,0.4102127600839347,0.462708055973053,4.680935010898465,4.710094928741455,0.011601839349008238,0.045366864651441574,0.2072390338524218,0.2678333818912506,0.6169556144081143,0.6619168519973755
367,0.2958895208933939,0.34636440873146057,0.29120576690191013,0.3416633903980255,0.2788497435024669,0.32532599568367004,0.40561364065092004,0.4576626121997833,0.41029739309986546,0.4623636305332184,4.683751332244071,4.701030254364014,0.012208415660818869,0.04696275666356087,0.20730918871816525,0.26783129572868347,0.617031617199319,0.6611839532852173
368,0.2952800009398146,0.34678754210472107,0.29060189363882216,0.34209001064300537,0.2782500315980298,0.32583001255989075,0.40500119828618686,0.4581810235977173,0.4096793055871793,0.462878555059433,4.678106757826136,4.697517395019531,0.011635500237607807,0.04743667319417,0.2067020312283042,0.267933189868927,0.616412563985338,0.6621202230453491
369,0.29548665877541597,0.3453984260559082,0.29080927704588583,0.340701162815094,0.27853427489325433,0.3239332437515259,0.4050621383232575,0.45769304037094116,0.40973952005278763,0.46239030361175537,4.677379331461486,4.697258949279785,0.01238946359886291,0.04257657751441002,0.2068368338629923,0.26709455251693726,0.6163765289645613,0.6621285676956177
370,0.2950889657877063,0.34480905532836914,0.2904144634349212,0.3401138186454773,0.2781332845611703,0.32375913858413696,0.40467187937001103,0.45637232065200806,0.4093463817227962,0.4610675573348999,4.674501283709645,4.69523811340332,0.011965898268174846,0.04481426253914833,0.20645546324451683,0.26606014370918274,0.6159784966184213,0.6604030132293701
371,0.29436693974125494,0.3446308970451355,0.28969179072748347,0.3399354815483093,0.2775398411468316,0.3233065605163574,0.40392236997856573,0.45674964785575867,0.40859751899233726,0.46144506335258484,4.675147424667797,4.695418834686279,0.011700705584444427,0.04261601343750954,0.20537998003367708,0.2661057710647583,0.6155388386587937,0.6611979007720947
372,0.2938579304397612,0.3451608717441559,0.28918494734260847,0.3404731750488281,0.2770692580174301,0.323831170797348,0.4034022816968649,0.4574139416217804,0.4080752647940176,0.46210163831710815,4.672982384789294,4.687683582305908,0.011334278640739116,0.04284670203924179,0.2047801748478504,0.2665488123893738,0.6150933271036715,0.6620979905128479
373,0.2934641491605163,0.3454298973083496,0.288796137037713,0.3407477140426636,0.2767778664911704,0.32449182868003845,0.40290686121798697,0.4571372866630554,0.40757487334079023,0.46181946992874146,4.668010857439793,4.6821722984313965,0.011472061706885387,0.0454789400100708,0.20421625288136325,0.2662649154663086,0.614645297836785,0.6617316007614136
374,0.2935548928214913,0.34630343317985535,0.28889267039935307,0.3416145443916321,0.2769203812691349,0.32521185278892517,0.4028246150270339,0.4580829441547394,0.40748683744917213,0.46277183294296265,4.662223453999915,4.688899040222168,0.01208733934950531,0.045724425464868546,0.20436529518740407,0.26748162508010864,0.6143085049609158,0.6624294519424438
375,0.29304245316784633,0.3454047739505768,0.28837317430775417,0.3407168388366699,0.27641999414224544,0.3244316875934601,0.40241025572019795,0.45695963501930237,0.4070795345802901,0.46164757013320923,4.669280579154712,4.687925815582275,0.011406016575223008,0.045665983110666275,0.2036788652493218,0.26647454500198364,0.6141750959071658,0.6611545085906982
376,0.29275383660776916,0.3447471261024475,0.2880912325640608,0.3400720953941345,0.2761845119776535,0.32360947132110596,0.40203522460883895,0.4567984938621521,0.40669782865254733,0.4614735245704651,4.662602062896346,4.67503023147583,0.011464046049234938,0.04345330223441124,0.20335784817195063,0.26584434509277344,0.6137316434237815,0.6615307927131653
377,0.29269430100363464,0.34602412581443787,0.28804160273128127,0.3413451313972473,0.27616686080806513,0.3257717788219452,0.4018795855894679,0.4569336771965027,0.4065322854043596,0.46161267161369324,4.65269889631013,4.678998947143555,0.011736641125433414,0.04987965524196625,0.20332543875493359,0.26569250226020813,0.6134384996101435,0.6617432236671448
378,0.2925148770556583,0.3459227979183197,0.2878558815513793,0.34124237298965454,0.27610115566525534,0.32524368166923523,0.4015006949869766,0.45742762088775635,0.4061596904912556,0.4621080458164215,4.658996916954883,4.680431365966797,0.0123296956457514,0.04720154404640198,0.20298903916005515,0.26621609926223755,0.6129847283166668,0.6623133420944214
379,0.2922890991683533,0.3466123938560486,0.2876209654380954,0.34191736578941345,0.2757770721964445,0.325149267911911,0.4014343046197224,0.45877522230148315,0.4061024383499803,0.4634702503681183,4.668131841034047,4.695028781890869,0.011463611228922529,0.04407400265336037,0.20283975395845874,0.26845207810401917,0.6130278591824311,0.6629217267036438
380,0.2921282650365841,0.34632158279418945,0.2874482090276501,0.3416244089603424,0.2757706877749505,0.3257113993167877,0.40108009519675364,0.457535058259964,0.4057601512056876,0.46223223209381104,4.680058133587681,4.697180271148682,0.01218883089534411,0.048427291214466095,0.20236734188475494,0.2666342556476593,0.6127558907081952,0.6620727181434631
381,0.2918420848073238,0.3447721004486084,0.28716878105501775,0.3400866389274597,0.27546385615112035,0.32426220178604126,0.40070266951157213,0.4561709463596344,0.4053759732638782,0.4608564078807831,4.673305117548886,4.685458660125732,0.012030507601704184,0.046798959374427795,0.20227178831814852,0.2646527886390686,0.6120892729635813,0.6613348722457886
382,0.291537869991294,0.34539759159088135,0.28687568139653913,0.34071165323257446,0.27529083671378934,0.3247934579849243,0.4003360506931973,0.45715874433517456,0.40499823928795214,0.46184468269348145,4.66219013806446,4.6859307289123535,0.012264701116000093,0.04637003317475319,0.20170195545327843,0.2651726305484772,0.6119058546969826,0.6628377437591553
383,0.29121157654711366,0.3446948826313019,0.28655007309244557,0.3400121331214905,0.27503265718241426,0.32371559739112854,0.39993835642807307,0.45666441321372986,0.40459985988274116,0.46134716272354126,4.661503955125327,4.682754039764404,0.01229999223185475,0.04406452178955078,0.20125337810324503,0.2653728127479553,0.611544602152504,0.6617094278335571
384,0.29101265897598527,0.34579795598983765,0.2863506401448032,0.3411179184913635,0.27486006112967337,0.3251083195209503,0.39967747394777337,0.45741546154022217,0.4043394927789555,0.4620954990386963,4.662016675388384,4.680022239685059,0.012313087877553457,0.04680713638663292,0.2010394310449908,0.26600557565689087,0.611227665239628,0.6625122427940369
385,0.29054097402833323,0.34535565972328186,0.2858897271881304,0.34068673849105835,0.27443242828661835,0.3245201110839844,0.39921264964416836,0.45694735646247864,0.40386389648437115,0.46161627769470215,4.651247979945805,4.668919086456299,0.011963675529581186,0.04596620425581932,0.20048452878210452,0.26607629656791687,0.6108490696957948,0.6615177989006042
386,0.2899936096440719,0.3459738492965698,0.2853402345830306,0.3412967920303345,0.27388765783720637,0.32562682032585144,0.39874712055721506,0.4571763575077057,0.4034004956182564,0.46185341477394104,4.653375656461118,4.6770524978637695,0.011252231546818873,0.048919279128313065,0.19983277453905746,0.26562291383743286,0.6105779663445349,0.6623382568359375
387,0.2899918725049018,0.34625130891799927,0.28533111077014417,0.3415658175945282,0.27385276400556074,0.32553383708000183,0.39858143961338005,0.4576360583305359,0.40324220134813776,0.46232154965400696,4.660758265106966,4.685488224029541,0.011492429202851066,0.0476636067032814,0.20006429832134948,0.26675859093666077,0.6100015625556471,0.6621792912483215
388,0.28989780626458966,0.3452658951282501,0.2852323739407181,0.3405802547931671,0.2738911634483561,0.32510194182395935,0.3983563563503623,0.45642727613449097,0.4030217886742338,0.461112916469574,4.6654287300464645,4.685630798339844,0.012085040933326387,0.0488656684756279,0.19969414149852016,0.2643754184246063,0.6098942936213934,0.6620646715164185
389,0.28951891889178794,0.34587109088897705,0.2848598871499095,0.3411957025527954,0.27348175368904826,0.3249034583568573,0.3979942895143658,0.45780041813850403,0.4026533212562442,0.46247580647468567,4.659036206562799,4.675402641296387,0.011576078560246998,0.04536160081624985,0.1994195500523563,0.26659369468688965,0.6094496295464651,0.6627550721168518
390,0.28921046263767647,0.3440631031990051,0.2845562963388345,0.3393820524215698,0.27312905204908305,0.32355526089668274,0.39778271484992017,0.45565125346183777,0.4024368806546678,0.46033230423927307,4.654165654928637,4.681036949157715,0.01092652169391784,0.04569808393716812,0.19916398277347308,0.26376062631607056,0.6092966553222974,0.6612070798873901
391,0.28881978979006595,0.3460192084312439,0.2841673739468381,0.34134769439697266,0.27289303754005556,0.32543855905532837,0.39718058859583727,0.45780640840530396,0.4018330044390651,0.4624779224395752,4.652417997575413,4.671525955200195,0.011460599663874133,0.047009699046611786,0.19854848601415095,0.26576972007751465,0.6086700318122845,0.6635362505912781
392,0.28871418194061244,0.3434635400772095,0.2840592801402177,0.33879029750823975,0.2728318668091485,0.32282754778862,0.3969882914545658,0.4553050100803375,0.40164319325496056,0.45997825264930725,4.654902935799345,4.673255920410156,0.011675257035792839,0.044167935848236084,0.1983905881161252,0.26331159472465515,0.6084297554626958,0.661003053188324
393,0.288654190311536,0.3465178608894348,0.2840019922313351,0.3418447971343994,0.27281273006067264,0.3259696662425995,0.3968551384501259,0.45813432335853577,0.4015073365303268,0.46280738711357117,4.652197737564599,4.67307710647583,0.011895953482141198,0.04796810448169708,0.19830057287066752,0.26634448766708374,0.6082416796944569,0.6635963916778564
394,0.2882785548505347,0.34482666850090027,0.2836294536690841,0.34015917778015137,0.2724588153649572,0.3242599070072174,0.39650488298671044,0.4565655589103699,0.40115398416816106,0.4612330496311188,4.649099101048464,4.667487144470215,0.01153434568159719,0.045961834490299225,0.19784974001025651,0.2646070420742035,0.6079923670830825,0.6622108817100525
395,0.2880979206125311,0.3439672589302063,0.28343852337342834,0.3392764925956726,0.27234077821171243,0.32369697093963623,0.39626842390126754,0.4559454023838043,0.4009278211403703,0.460636168718338,4.659397918108837,4.690762042999268,0.011665353467526028,0.045519161969423294,0.1974917837918359,0.2625057101249695,0.6078651843647508,0.663066029548645
396,0.2877534622611953,0.3451979458332062,0.2830861663702669,0.34051278233528137,0.2720438287391192,0.32452118396759033,0.3957010589289945,0.4573856592178345,0.4003683548199229,0.4620708227157593,4.667298946696835,4.685162544250488,0.011937229206060235,0.04504767060279846,0.19720220217519668,0.264742374420166,0.6069920591338174,0.6637734770774841
397,0.28740680481661585,0.34482672810554504,0.28274517742863464,0.34014832973480225,0.27171788955453047,0.32437846064567566,0.39537269414507614,0.4570218622684479,0.400034319990519,0.4617002606391907,4.661623461739139,4.678384780883789,0.011616411301417722,0.04536977782845497,0.19680355463344174,0.2637234926223755,0.606733709320673,0.664042055606842
398,0.2877079506080448,0.34649765491485596,0.2830512457852223,0.3418208956718445,0.2721617932966543,0.3267025053501129,0.39549176044855533,0.45726558566093445,0.4001484652713779,0.4619423449039459,4.656708284664193,4.6767473220825195,0.012743600412941128,0.05206962674856186,0.196899916725124,0.2649780213832855,0.6068418669739186,0.6630598306655884
399,0.2874571779600484,0.34464219212532043,0.2828003993846124,0.3399617373943329,0.27180568533439264,0.3243735730648041,0.395304919096607,0.45608463883399963,0.399961697672043,0.4607650935649872,4.65677492386216,4.680458068847656,0.012031441552920762,0.047326043248176575,0.19689210076781358,0.2637905776500702,0.6064935167260948,0.6620041131973267
400,0.28668750520664527,0.34573906660079956,0.28202920805043746,0.3410642743110657,0.2710597532218736,0.32548752427101135,0.39453378467968586,0.4574776887893677,0.3991920818358937,0.46215248107910156,4.6582983734633725,4.674797534942627,0.011338532433814599,0.04785306751728058,0.19604635332043335,0.2645539939403534,0.6057943889740938,0.6640555262565613
401,0.28610469117079773,0.3471395969390869,0.2814535294473774,0.34247326850891113,0.27056491306278324,0.32615792751312256,0.3939114237453501,0.45968031883239746,0.39856258546877044,0.46434664726257324,4.651158984932782,4.666337966918945,0.011111899060632143,0.04530048370361328,0.19528146254428233,0.26730582118034363,0.6053013757708774,0.6658675074577332
402,0.2859104341020287,0.3449176549911499,0.28126331507026836,0.340251088142395,0.27047848461660545,0.3246561288833618,0.39355882220166055,0.45676445960998535,0.3982059412334209,0.46143102645874023,4.647116284692427,4.666563510894775,0.01158537588233269,0.046773165464401245,0.19495604568365563,0.2636893093585968,0.6048940382310364,0.6635059118270874
403,0.2858509516311087,0.3448472321033478,0.28120058098882494,0.3401707410812378,0.2704158424186263,0.32466915249824524,0.3934663478488436,0.45642852783203125,0.39811671849112734,0.46110501885414124,4.65037302232396,4.676499366760254,0.011585461470990276,0.047520264983177185,0.19492432240696508,0.2636026442050934,0.6047377382701483,0.6628845930099487
404,0.2856269793451628,0.34543344378471375,0.2809736858096819,0.34075838327407837,0.2702544120295155,0.32557475566864014,0.39312342375673553,0.45732277631759644,0.3977767172922165,0.4619978368282318,4.6532930517987205,4.675064563751221,0.011805789244277994,0.04844965413212776,0.19462643714385913,0.2629304528236389,0.6043310035012581,0.6653441190719604
405,0.2855276858642715,0.3448076546192169,0.28086980445829424,0.34012529253959656,0.2701060727473651,0.3244224786758423,0.3930477107217135,0.4567895829677582,0.39770559212769085,0.46147194504737854,4.657883159746971,4.682374477386475,0.011504677003057462,0.04599504917860031,0.19462398387524843,0.26372286677360535,0.6041895492665931,0.6635494828224182
406,0.2851249729266207,0.3452453315258026,0.28046887464673714,0.34056738018989563,0.2698852085194701,0.32501399517059326,0.39248643681147877,0.4573149085044861,0.3971425350913624,0.46199285984039307,4.656097145057428,4.677938461303711,0.011999872059693497,0.046725817024707794,0.1938608225918568,0.2636367380619049,0.6037949354504941,0.6646794676780701
407,0.2849363430135413,0.34426191449165344,0.2802792293819107,0.33958202600479126,0.269630942004102,0.3242502808570862,0.39227083912273675,0.456096351146698,0.3969279527543674,0.4607762396335602,4.657114058046075,4.679896354675293,0.011664236438552161,0.04691891372203827,0.1938890133955389,0.26224327087402344,0.6033395736553965,0.6635886430740356
408,0.2847094881693651,0.3455679714679718,0.2800573985488898,0.34090229868888855,0.2694886033828086,0.32530951499938965,0.39197610030037355,0.4573643207550049,0.3966281914633872,0.46202999353408813,4.652089363835477,4.665666580200195,0.011842503093764506,0.04753916710615158,0.1935095083506253,0.26438820362091064,0.6031137935265904,0.6640011668205261
409,0.284248577261376,0.34519797563552856,0.27959906407758095,0.3405294716358185,0.26910779745386915,0.3249155282974243,0.3914569473150911,0.4572935700416565,0.39610646049888615,0.4619620740413666,4.649515395120142,4.668492317199707,0.011752704911994467,0.04646523669362068,0.1928865471158103,0.2637600302696228,0.602684150472904,0.664521336555481
410,0.2841146280058858,0.3448364734649658,0.27946659342942815,0.3401653468608856,0.26895656455059647,0.32488998770713806,0.3912983445493596,0.4566691219806671,0.3959463791258172,0.4613402485847473,4.6480339008258795,4.67111349105835,0.011616965908341763,0.04769929125905037,0.19283687862316415,0.26267144083976746,0.6024158496968524,0.6642991900444031
411,0.28384355818073226,0.3451237082481384,0.2791989746360802,0.34046709537506104,0.26884547284485305,0.325090616941452,0.3908619807767232,0.4565843343734741,0.39550656432137526,0.4612409472465515,4.644582421009328,4.656598091125488,0.012190043320672212,0.04850035905838013,0.19228523371314116,0.2636779248714447,0.6020611416363205,0.6630935072898865
412,0.28366903782951364,0.34551092982292175,0.2790325977182369,0.3408489227294922,0.2685173051925116,0.32543930411338806,0.39078843457420204,0.45751500129699707,0.39542487468547877,0.46217700839042664,4.636436640372702,4.662001609802246,0.011326293146566876,0.047624967992305756,0.19249823317082362,0.26358017325401306,0.6017273816318103,0.6651127934455872
413,0.2835622007095809,0.34633469581604004,0.2789203207646118,0.34166866540908813,0.26846841205434185,0.3261774778366089,0.3906417675602547,0.45810115337371826,0.39528364750522377,0.46276718378067017,4.64188051358727,4.666024684906006,0.011483052791782805,0.04868275672197342,0.1922352752955973,0.2648860514163971,0.6016869019073752,0.6649636626243591
414,0.2832255800195517,0.34414833784103394,0.27857857185773316,0.33947646617889404,0.2682734952310874,0.3245767652988434,0.390089292915254,0.4555554986000061,0.3947363010770726,0.460227370262146,4.6470092273269445,4.671880722045898,0.012040251032198869,0.049069806933403015,0.19168222771812152,0.2613217234611511,0.601098003196562,0.6633387804031372
415,0.28296949978642166,0.34639567136764526,0.278321716318331,0.3417266309261322,0.2680602710930577,0.326219767332077,0.38981792551276656,0.4581522047519684,0.39446570898085725,0.46282124519348145,4.647783700917541,4.669039249420166,0.011949339922964935,0.04870660975575447,0.19131198823090464,0.26499760150909424,0.6009194843449961,0.6649550199508667
416,0.28280697112810355,0.3457891345024109,0.27815855279703444,0.3411242365837097,0.2678979512317625,0.325954407453537,0.3896381504686073,0.4576304852962494,0.3942865687996764,0.46229538321495056,4.648416811090416,4.664912223815918,0.011823739083706007,0.048980507999658585,0.19116380834839772,0.2633165717124939,0.6007063021507525,0.665566086769104
417,0.28241870077187553,0.34556519985198975,0.2777735530920372,0.3409043252468109,0.26748719239013186,0.3258214294910431,0.3891648911195779,0.4571438729763031,0.39381003879941623,0.46180474758148193,4.645148833367779,4.660868167877197,0.01154444606020426,0.04959150031208992,0.19094760900342989,0.2631208896636963,0.5999695231593479,0.6647518873214722
418,0.28210154061273096,0.34474265575408936,0.2774563674207549,0.3400755524635315,0.26721732431078943,0.32482096552848816,0.3888516380774363,0.4568004608154297,0.39349681126941227,0.46146756410598755,4.645172100051713,4.667116641998291,0.011365834460885621,0.0472089946269989,0.1904867673891544,0.2622879147529602,0.5997993679264514,0.6649659872055054
419,0.2817101299618113,0.3463302552700043,0.2770649279315993,0.34167057275772095,0.26691133304496456,0.32624760270118713,0.3883512688825548,0.45828306674957275,0.39299647091276674,0.4629427492618561,4.645198793677343,4.659673690795898,0.01146870217102648,0.04851789027452469,0.18995794976258923,0.2644975781440735,0.5993073473225419,0.6657273173332214
420,0.2815115418551762,0.34499916434288025,0.2768679084900271,0.34033453464508057,0.26674334404201483,0.3249540328979492,0.38816618150513615,0.45709118247032166,0.3928098148702852,0.46175581216812134,4.643634601011481,4.6646318435668945,0.011336707570686111,0.04701044037938118,0.18966278974893264,0.26288461685180664,0.5992305565352773,0.6649670600891113
421,0.281453456899872,0.34486567974090576,0.276811936583251,0.3402020335197449,0.2666837619568624,0.3249873220920563,0.3880321844791624,0.45656922459602356,0.3926737047957834,0.46123287081718445,4.64151999750843,4.663655757904053,0.011433644809229529,0.04821173474192619,0.18969952743206725,0.262673020362854,0.5989181241476241,0.6640772819519043
422,0.28105778316712987,0.34348973631858826,0.2764230235308421,0.33884286880493164,0.2663729926906421,0.3237180709838867,0.38755458713879337,0.45512497425079346,0.3921893475463503,0.4597718417644501,4.6347573764691505,4.646867275238037,0.011473755393248072,0.04731046035885811,0.1891735310538597,0.2611382305622101,0.5984716720538635,0.6627054810523987
423,0.2810243361279688,0.34521815180778503,0.2763977215640033,0.34056639671325684,0.2663796868369592,0.32585957646369934,0.3874748697224967,0.4565128684043884,0.39210148428646213,0.4611646234989166,4.6266155935133995,4.651747703552246,0.011662242521734865,0.05103727802634239,0.1891110997678681,0.26198241114616394,0.5983657155304942,0.6645590662956238
424,0.2808291111164039,0.3461133539676666,0.2761963146373033,0.34145522117614746,0.26609552060839525,0.3263144791126251,0.3872721623757374,0.45790940523147583,0.391904958854838,0.462567538022995,4.632796071581256,4.658143043518066,0.011206737211447855,0.049511395394802094,0.18915507179303445,0.2636166214942932,0.5979247548972553,0.6658154129981995
425,0.280613877249786,0.3462159335613251,0.2759722423514903,0.3415520191192627,0.2659037146691701,0.3263116478919983,0.38698741845452156,0.4582751393318176,0.39162905335281717,0.46293905377388,4.641637920321022,4.663905620574951,0.011210403108748646,0.048733435571193695,0.18889964998274547,0.26372435688972473,0.5976010889260817,0.6664771437644958
426,0.28076756395794245,0.34536004066467285,0.27612325515382646,0.34069663286209106,0.26619923052110994,0.32553592324256897,0.3870366832600689,0.45719602704048157,0.3916809920641849,0.46185943484306335,4.64430700522707,4.663398265838623,0.01202387841334781,0.04859580099582672,0.1887316597987899,0.26286932826042175,0.597842151439966,0.6651425957679749
427,0.28033596559232227,0.34548282623291016,0.27569283129857514,0.3408234119415283,0.26575965642495236,0.3259781301021576,0.38651891983668907,0.4574294090270996,0.3911620541304362,0.46208882331848145,4.643134466897029,4.659407138824463,0.011748791778112923,0.04947716370224953,0.18842007650617545,0.26195403933525085,0.5971100961106344,0.6665031909942627
428,0.2799471191944403,0.34510087966918945,0.2753086180953039,0.3404437303543091,0.26538859120371655,0.32559022307395935,0.38608446892002934,0.4568350315093994,0.39072297001916584,0.4614921808242798,4.63850219424225,4.657134056091309,0.011511066037479124,0.04952361807227135,0.18804994971463904,0.2618243396282196,0.596604761135419,0.6654227375984192
429,0.279702186042174,0.3449200391769409,0.27506130573434284,0.3402611315250397,0.26518231470045944,0.32489585876464844,0.3858277398687695,0.4570463299751282,0.39046862017660067,0.4617052376270294,4.6408784687398565,4.658912658691406,0.01141087696057158,0.04692409560084343,0.18769154027917825,0.26273632049560547,0.596444521001414,0.6650271415710449
430,0.2794248858685923,0.34748247265815735,0.2747840700701958,0.3428240120410919,0.2650119348956755,0.32796528935432434,0.38540035782677895,0.4591882526874542,0.3900411720826372,0.46384671330451965,4.640815447565519,4.658453464508057,0.011781151271645496,0.05194452032446861,0.18725719330308893,0.26424840092658997,0.5959974684746122,0.6677029728889465
431,0.2794601774100008,0.34622228145599365,0.27481832560430497,0.3415600061416626,0.264994030352117,0.32660001516342163,0.3854916970160053,0.45783311128616333,0.3901335488217011,0.4624953866004944,4.641851393934497,4.662287712097168,0.011533412798031039,0.05055798590183258,0.18738514558535282,0.2633787989616394,0.5960635366923791,0.6658632755279541
432,0.2790531864471875,0.34516024589538574,0.2744151404450598,0.340503066778183,0.2646370178839479,0.32505273818969727,0.38497733537166456,0.4573659300804138,0.38961538137379226,0.4620231091976166,4.63804526546924,4.6571784019470215,0.011507381156336982,0.04673877730965614,0.1869627819326885,0.26314735412597656,0.5954408816273185,0.6652721166610718
433,0.2790893005833084,0.3440283536911011,0.2744482191429416,0.3393663763999939,0.2646542310931641,0.3246818482875824,0.3850818203255275,0.4554227292537689,0.3897229017658943,0.4600847065448761,4.64108096892854,4.661984920501709,0.011341047448396466,0.04967499524354935,0.18696755805914092,0.2606009840965271,0.5956540839227645,0.663769543170929
434,0.27884061932804804,0.3440805673599243,0.2741984531458119,0.3394203186035156,0.26458609376510916,0.3248031437397003,0.38456024508509035,0.4560055136680603,0.3892024120385956,0.460665762424469,4.642169671843421,4.660248279571533,0.012226661822008811,0.04882574826478958,0.18646814541275858,0.25990018248558044,0.5950634702467696,0.6656835079193115
435,0.2781374154185362,0.34629344940185547,0.27350232886053316,0.341642290353775,0.26385070697479385,0.32720062136650085,0.3839705319863507,0.4574447572231293,0.3886056185443537,0.4620959162712097,4.635087095191977,4.651158809661865,0.011184888962675842,0.053238850086927414,0.18577585181652945,0.26242807507514954,0.5945913865650129,0.6659349203109741
436,0.2783032603173231,0.3461417853832245,0.2736714625474272,0.34148964285850525,0.26404941072359867,0.32646599411964417,0.3839908595563331,0.458179235458374,0.38862265732622897,0.46283137798309326,4.63179896478464,4.652141094207764,0.011758779393628788,0.04941411316394806,0.18601431869033663,0.26305821537971497,0.5943751404558267,0.6669256687164307
437,0.27810150709077025,0.34635603427886963,0.2734698469803683,0.3417016267776489,0.26388715015362013,0.3263149559497833,0.38375318122691005,0.4586246609687805,0.38838484133731194,0.4632790684700012,4.631659427925107,4.654420852661133,0.011755166425050702,0.04800841957330704,0.18573460932497163,0.2640949487686157,0.5941716824713574,0.6668415665626526
438,0.27784387452179155,0.34740445017814636,0.27320364029649485,0.3427470028400421,0.2636333997679586,0.32778385281562805,0.3834704252519542,0.4590959846973419,0.3881106594772509,0.46375343203544617,4.640231844195942,4.657436370849609,0.011562420233023634,0.051575616002082825,0.1854490638863833,0.2644954025745392,0.5938887250505379,0.6672805547714233
439,0.2776177014554506,0.3477727472782135,0.2729785768454537,0.3431178629398346,0.2633725031276391,0.32810354232788086,0.3831912410606318,0.4592832922935486,0.38783036567062873,0.4639381766319275,4.63912762122457,4.654892444610596,0.011339966492072874,0.05217365548014641,0.18538656238477047,0.2652100920677185,0.5933909738685648,0.666926920413971
440,0.2776139308651401,0.3460131585597992,0.2729786694941615,0.3413656949996948,0.2634207907713139,0.3265002369880676,0.383121716388073,0.45799797773361206,0.3877569777590516,0.46264544129371643,4.635259664159914,4.647464275360107,0.01163609065205835,0.04990155249834061,0.18531779044680977,0.26252806186676025,0.5933084880539246,0.6670711040496826
441,0.27744205732891253,0.3451627492904663,0.2728063004536519,0.3405044376850128,0.2634526283705808,0.3253697156906128,0.3826876645549993,0.4572424292564392,0.38732342220152916,0.4619007408618927,4.6357520558889025,4.658322334289551,0.01264791055953411,0.04798227548599243,0.18481859399078832,0.26234954595565796,0.5928913861019044,0.665777325630188
442,0.27701612877980736,0.3462911546230316,0.27237973904204765,0.3416430354118347,0.2630506978433141,0.3271577060222626,0.38228995609370214,0.4575856626033783,0.38692634583146185,0.4622337818145752,4.63639122013905,4.648107528686523,0.012237088117572252,0.05280919373035431,0.18428909118798306,0.26241016387939453,0.592625909279678,0.6662537455558777
443,0.2774067237292327,0.34554794430732727,0.27277641685877646,0.34089887142181396,0.26338451353586784,0.32632097601890564,0.3827153929587178,0.4571276009082794,0.38734569982917405,0.4617766737937927,4.630305478604661,4.649073123931885,0.012378161797564352,0.05117589980363846,0.1848408510472386,0.26163792610168457,0.5929345268254524,0.6661490797996521
444,0.2781123407591802,0.3506947159767151,0.2734840383871432,0.3460457921028137,0.2642745058147521,0.3313632309436798,0.3830267322651539,0.46178126335144043,0.387655034884238,0.4664301872253418,4.628303389389217,4.648918151855469,0.014485350990757569,0.05703575909137726,0.1854275442174799,0.267612099647522,0.5929106336178878,0.6694418787956238
445,0.2791706973658946,0.34749770164489746,0.27454268985367286,0.3428574502468109,0.2653268469618825,0.3282066881656647,0.3839688471368195,0.45923730731010437,0.38859685464904126,0.4638775587081909,4.628008986117143,4.640243053436279,0.015769541736961833,0.05259065330028534,0.18662736867055496,0.26365241408348083,0.5935836390257364,0.6683769822120667
446,0.2774405384107105,0.34692421555519104,0.2728306029400168,0.3422970771789551,0.2635488971989501,0.32779955863952637,0.3824688731009209,0.4581654369831085,0.3870788085716146,0.4627925753593445,4.609932140546245,4.6271257400512695,0.013406860876001427,0.053581736981868744,0.18488636374883308,0.26317816972732544,0.592353469222555,0.6666387915611267
447,0.27766891128130883,0.3474749028682709,0.27305807338954463,0.3428480625152588,0.26408329418059356,0.3285338580608368,0.3822818493197141,0.45872560143470764,0.38689268721147824,0.4633524417877197,4.61083976045293,4.626829147338867,0.01545875475678278,0.054682131856679916,0.18464489715016424,0.26317912340164185,0.5921462242342035,0.6677402853965759
448,0.27656995652418986,0.34582892060279846,0.27194957276659365,0.34118443727493286,0.2626889892497913,0.32695460319519043,0.38145275907481774,0.45742303133010864,0.386073142832414,0.46206751465797424,4.6203804787382445,4.644474983215332,0.01287553594378002,0.052520979195833206,0.18408512232807836,0.26088687777519226,0.5911063197359979,0.6674559116363525
449,0.27552667912133444,0.34587088227272034,0.2709010129894653,0.3412313461303711,0.2616524598495323,0.3261989951133728,0.3806073990033987,0.45817214250564575,0.38523306667780616,0.462811678647995,4.625667881493235,4.639528751373291,0.011436885593363354,0.04860027879476547,0.18278742795813868,0.2625614106655121,0.5907330614711609,0.6674352884292603
450,0.2752657289380638,0.34406551718711853,0.27064649692634507,0.33942073583602905,0.2614098445057049,0.32476767897605896,0.3801818854814592,0.45611849427223206,0.38480111749317786,0.46076327562332153,4.619228457131947,4.644794464111328,0.011578999598707524,0.048477914184331894,0.1826776542549812,0.2598881721496582,0.5899728764371259,0.6659368872642517
451,0.2748473339532967,0.34755244851112366,0.2702238580691781,0.34291964769363403,0.26103526274298927,0.32808372378349304,0.37976477194835045,0.4594510495662689,0.3843882478324691,0.46408385038375854,4.623475954207726,4.63279914855957,0.011293896610272037,0.05175922438502312,0.1821075051697555,0.2641010284423828,0.589704393858472,0.6683908700942993
452,0.274535416556523,0.3473542332649231,0.26991935755817986,0.34272414445877075,0.26070460474688756,0.32776445150375366,0.3795378539203585,0.45950672030448914,0.38415391291870166,0.4641368091106415,4.616059010394228,4.630077362060547,0.010744996772596242,0.0506514310836792,0.18179852576618294,0.2640063166618347,0.5895702919639946,0.6686356067657471
453,0.2743681218163282,0.3460599482059479,0.26975484719606146,0.3414299786090851,0.2606039821824418,0.3271963596343994,0.37927760792993315,0.4576110243797302,0.3838908825501998,0.462240993976593,4.613275401851594,4.629981517791748,0.010980141302438892,0.052875809371471405,0.18154636572547833,0.2612041234970093,0.5892854378476974,0.667509138584137
454,0.27399384803102894,0.34553641080856323,0.2693671023513063,0.3408818244934082,0.26020540561552624,0.32610541582107544,0.3788979385986629,0.4576517343521118,0.3835246842783856,0.46230632066726685,4.6267462152727115,4.654600620269775,0.010541819970718869,0.049404602497816086,0.18118210161595127,0.2616370618343353,0.5888922835861774,0.6672745943069458
455,0.2739747760028816,0.3467644453048706,0.269339205979626,0.34211766719818115,0.26024512954438883,0.32735681533813477,0.3787000705922995,0.4588835537433624,0.38333564215809335,0.4635303020477295,4.63557161592637,4.646762847900391,0.011081295193003899,0.050697073340415955,0.18113355341586226,0.2628312110900879,0.5885205435164776,0.6685421466827393
456,0.2738236574764151,0.3469713628292084,0.26918888893437876,0.34232062101364136,0.2600785187632749,0.3275461196899414,0.37860720550729543,0.45876985788345337,0.3832419740493318,0.4634205996990204,4.634767344351775,4.65073823928833,0.01075955251366611,0.051523782312870026,0.1809708480344723,0.26340731978416443,0.5885051575403102,0.6677072644233704
457,0.2739707863118742,0.3446086049079895,0.2693394703682839,0.33996766805648804,0.2603277129004756,0.325278639793396,0.3785018146857529,0.4569013714790344,0.3831331306293432,0.4615423083305359,4.631313861549214,4.640933990478516,0.011754603677621699,0.048416946083307266,0.18109989374140906,0.2602928578853607,0.5881286486169851,0.6671261191368103
458,0.274340865188314,0.34750041365623474,0.2697138167251906,0.3428577780723572,0.2606704035993052,0.32840800285339355,0.3789763269494817,0.45916908979415894,0.3836033769551434,0.4638117253780365,4.627049521497518,4.642634391784668,0.011820048101704297,0.05335874482989311,0.18146224569392214,0.26313215494155884,0.5887289229935593,0.6687331199645996
459,0.27351245440744554,0.34624189138412476,0.26888216413132726,0.3415929675102234,0.25997270783503623,0.3271748721599579,0.3779394384993265,0.4579958915710449,0.38256972877544476,0.4626448154449463,4.630293432344467,4.648914337158203,0.011835799230887034,0.05199965089559555,0.18045148890943022,0.2616775631904602,0.5876308467722691,0.6678473949432373
460,0.27329162881531505,0.347014844417572,0.26866022857441574,0.3423667550086975,0.25967656847826154,0.32813623547554016,0.37775967935054255,0.4584531784057617,0.3823910795914418,0.46310126781463623,4.631398598385204,4.648098468780518,0.011294868390207295,0.054021336138248444,0.1804039980350021,0.2622312903404236,0.5873308373615899,0.668156087398529
461,0.2729529975229943,0.3476838767528534,0.2683210214814627,0.34303730726242065,0.25941736806369337,0.328881174325943,0.3773641164395378,0.4589586555957794,0.38199609170980026,0.46360522508621216,4.631973250790545,4.646576404571533,0.011322482069897787,0.055269885808229446,0.17988817377510796,0.26285624504089355,0.5870414445673074,0.6685173511505127
462,0.2726214404680736,0.34513089060783386,0.2679960110917344,0.34049808979034424,0.2591337778707578,0.3257255256175995,0.3769176105618043,0.4575861990451813,0.3815430399381435,0.4622189998626709,4.625429756574866,4.632813453674316,0.011381579561138678,0.048363376408815384,0.17956880453237387,0.260907381772995,0.5864509501006022,0.6679057478904724
463,0.2723941857328889,0.3479311764240265,0.267776790510726,0.3433021903038025,0.2589585081652693,0.3285483419895172,0.37669281366861546,0.4597580134868622,0.38131020734824006,0.4643869996070862,4.617391910043941,4.62899923324585,0.01131048313806378,0.05255555734038353,0.17922586784688654,0.26432114839553833,0.5863391724232474,0.6687682867050171
464,0.27253234102038587,0.34604164958000183,0.26791873568231356,0.341413676738739,0.25897361773785144,0.3270760476589203,0.3769086196723372,0.4579523503780365,0.3815222250104095,0.4625803232192993,4.6136075504579095,4.627973556518555,0.010903418500215912,0.05178455635905266,0.1796640764230473,0.2611182630062103,0.5863533571718003,0.6683253645896912
465,0.27193125053258066,0.3462415337562561,0.2673251355557224,0.34162986278533936,0.25859050350877566,0.32705187797546387,0.3760469301818018,0.45835375785827637,0.3806530459299292,0.4629654288291931,4.606113869797784,4.611684799194336,0.01152698899511198,0.05086507275700569,0.17873188092840667,0.2618483901023865,0.5855126438042533,0.6684421300888062
466,0.2718800704668661,0.34698787331581116,0.2672706721429636,0.3423580825328827,0.2584925577303585,0.3279566168785095,0.37600065968415536,0.458926260471344,0.3806100577610107,0.46355605125427246,4.609398592352337,4.629788875579834,0.011320318755559288,0.05246878042817116,0.1787969791848217,0.26221996545791626,0.5853603710734887,0.6691811084747314
467,0.2719896810465962,0.3479306101799011,0.2673839057595731,0.3433181047439575,0.25854847742582787,0.3283959925174713,0.3760670819988243,0.4603478014469147,0.38067285781006943,0.4649603068828583,4.605776817847783,4.6124958992004395,0.011354170871836017,0.05084225907921791,0.1791284178318497,0.2642296254634857,0.5851628445826992,0.670116126537323
468,0.2716558731932704,0.34753698110580444,0.2670554808407624,0.3429168164730072,0.258330436983043,0.3283194303512573,0.3757634537450418,0.45968616008758545,0.38036384609754975,0.4643063247203827,4.600391674658764,4.620173454284668,0.011316172342884531,0.05199619382619858,0.1784484987009695,0.2631447911262512,0.5852266372190137,0.6698172688484192
469,0.27122230877820364,0.3464670777320862,0.26661062421366793,0.3418295681476593,0.25786083875230775,0.32746967673301697,0.3752217734819282,0.4583068788051605,0.3798334580464639,0.4629443883895874,4.611685294541954,4.637524127960205,0.01099820589865876,0.05226045474410057,0.17817840713433683,0.2616644501686096,0.5844059050733919,0.6684841513633728
470,0.27115820053613865,0.348270058631897,0.26653257305208505,0.3436327278614044,0.2577652857762042,0.329058974981308,0.3751660811481715,0.4599149823188782,0.37979170863222506,0.4645523130893707,4.625627393718678,4.637320041656494,0.010818791763651385,0.05381016433238983,0.17812844925909163,0.2643032371997833,0.5843486228887725,0.6690635681152344
471,0.271108809977565,0.34931203722953796,0.2664922541493209,0.34468042850494385,0.25782147668124306,0.33066877722740173,0.3749191247038257,0.46045905351638794,0.379535681303339,0.46509066224098206,4.6165538252581,4.631621837615967,0.011512665722023559,0.057661641389131546,0.17802093317525086,0.26422351598739624,0.583930833784135,0.6701211929321289
472,0.2708645720039357,0.3463630676269531,0.26624843301051937,0.3417362570762634,0.25762145438152817,0.3276681900024414,0.37464606716138266,0.4579216241836548,0.379262206154799,0.4625484347343445,4.616142051787787,4.626810073852539,0.011466259997318474,0.05368691310286522,0.17767869661536914,0.261017769575119,0.5837194048775095,0.6682999134063721
473,0.2704439501120309,0.34681543707847595,0.26582534063503516,0.3421814441680908,0.2571972207024278,0.3280825614929199,0.37418935296991507,0.4585499167442322,0.3788079639894491,0.4631839096546173,4.6186092529420275,4.633983612060547,0.011110313203196342,0.05365125462412834,0.1772943308454171,0.261361300945282,0.583187018455979,0.669235110282898
474,0.27038051545306635,0.3462812006473541,0.2657605968551312,0.3416469693183899,0.25721508792378955,0.32716378569602966,0.3740282619452602,0.45837315917015076,0.3786481805431954,0.463007390499115,4.619921706824759,4.634239673614502,0.011504613723962885,0.05117163062095642,0.1770873791020359,0.2615835666656494,0.5830532694894488,0.6687361001968384
475,0.27034137236218775,0.34710127115249634,0.26572972078145973,0.3424784541130066,0.25727649741673153,0.3279708921909332,0.37386633310537803,0.4589276611804962,0.37847798237229857,0.46355047821998596,4.611649643203482,4.622823715209961,0.012035785642860392,0.05251004174351692,0.1769222277369135,0.2627783715724945,0.5828714742623887,0.668624222278595
476,0.27006468457631916,0.3486931622028351,0.2654514865286187,0.34406208992004395,0.25696016950521494,0.3293245732784271,0.3736267854002773,0.46041715145111084,0.3782399826767085,0.465048223733902,4.613194302128145,4.631059169769287,0.01155797961920054,0.053578149527311325,0.1767156390745149,0.2651389539241791,0.5826068894129459,0.6692566275596619
477,0.2699192929945154,0.35023465752601624,0.26530413968911115,0.3456166982650757,0.2567681901147864,0.330999493598938,0.373423119655178,0.4619303047657013,0.3780382727135351,0.46654826402664185,4.61515334584768,4.617949485778809,0.011390598836173015,0.05559341236948967,0.17675910433968986,0.26638245582580566,0.5821548658997435,0.6710226535797119
478,0.269812566907214,0.3484947681427002,0.2652034745662742,0.34387123584747314,0.2566702584843379,0.3290274441242218,0.3732079109030121,0.460655152797699,0.37781700401522106,0.465278685092926,4.609090073119278,4.62352180480957,0.011539338213823557,0.05215532332658768,0.1767708379044689,0.26481014490127563,0.5817005996563345,0.6701169013977051
479,0.26984188599331965,0.34991490840911865,0.2652337016531007,0.34529247879981995,0.2566655213371058,0.33091190457344055,0.37336737217567634,0.46182066202163696,0.3779755565158954,0.46644309163093567,4.60818256292563,4.622415065765381,0.011189209208799261,0.05555205047130585,0.17676820914802213,0.2651347517967224,0.5820391494110437,0.6720489263534546
480,0.2696232665804683,0.34867462515830994,0.26501582092328735,0.3440510034561157,0.2565778325045586,0.3296497166156769,0.3729764835896205,0.46040472388267517,0.37758392924680145,0.4650283455848694,4.607443824356209,4.623628616333008,0.011739263322702965,0.054613418877124786,0.17634844866736044,0.2641378343105316,0.5816457796279978,0.6701979637145996
481,0.269538343808355,0.34734636545181274,0.2649299579981701,0.34272515773773193,0.256434465582632,0.32848525047302246,0.3727757906532943,0.45914530754089355,0.3773841764634792,0.46376651525497437,4.608385663354537,4.621204376220703,0.011716525636770033,0.053648579865694046,0.17655290220365127,0.2622663080692291,0.5810339765851429,0.6695408821105957
482,0.26884353930922206,0.3499717116355896,0.26423515184803914,0.34535229206085205,0.2559101487093014,0.33111807703971863,0.3720920751608676,0.46160888671875,0.3767004641645889,0.46622830629348755,4.608388587235923,4.619421482086182,0.011527471153198878,0.05663739889860153,0.17534382377396796,0.26504895091056824,0.5808591385192347,0.6716678142547607
483,0.26920852835150416,0.34726759791374207,0.26459834448393665,0.3426460027694702,0.256278601774454,0.3277823328971863,0.37228324998500034,0.4597184658050537,0.37689343231002953,0.46434006094932556,4.610182525559181,4.621603488922119,0.012268837929989132,0.05026151239871979,0.1758724268491192,0.26334014534950256,0.5806945323269231,0.6697453260421753
484,0.2688532427429333,0.3483787178993225,0.26424122189299276,0.34375596046447754,0.25592301154469266,0.3298531472682953,0.37193000693818695,0.4594874382019043,0.37654202701685835,0.46411019563674927,4.612015733051725,4.622753143310547,0.011908305386360772,0.05717426910996437,0.1755066585056318,0.26302772760391235,0.5803540718733806,0.6693574786186218
485,0.26830064408026194,0.3486442565917969,0.26368999583635355,0.34402209520339966,0.2554188137817518,0.33035537600517273,0.37125761866617724,0.4598027467727661,0.37586826768135473,0.46442490816116333,4.610644344949934,4.622153282165527,0.011757889169758262,0.05806946009397507,0.17494422567912649,0.2625459134578705,0.5795543393383034,0.670450747013092
486,0.26812387764863627,0.34928733110427856,0.26351700397189504,0.3446708619594574,0.2552390298258183,0.32980024814605713,0.3711176843981583,0.4619094133377075,0.3757245580748995,0.4665258824825287,4.606873234418352,4.6164655685424805,0.011494292368079745,0.051915377378463745,0.1747565134498112,0.26521092653274536,0.5794662797542608,0.6722744107246399
487,0.2681536019282258,0.3494035303592682,0.2635465379046661,0.3447830080986023,0.2552412665063825,0.33069494366645813,0.37109831372013086,0.4605180621147156,0.37570538005749804,0.46513858437538147,4.607065036910967,4.620509147644043,0.011541953232415017,0.057618796825408936,0.1749179458815802,0.264597088098526,0.5792638949426234,0.6698690056800842
488,0.2678044406306247,0.34916144609451294,0.2631992282073988,0.3445572853088379,0.25493094938465616,0.33040186762809753,0.37074459837941665,0.4611489474773407,0.37534981003137335,0.46575310826301575,4.605210676397624,4.604148864746094,0.01132293178308627,0.05538212135434151,0.17446829167710978,0.26366910338401794,0.579001623057085,0.6721543073654175
489,0.2678327508364136,0.35070791840553284,0.26323795754852636,0.3460947275161743,0.2549047316923539,0.3318743407726288,0.37085725953354315,0.4625264108181,0.3754520520501613,0.4671396017074585,4.5947947318959805,4.6131911277771,0.011004582208269071,0.05705439671874046,0.17462077066211917,0.26556628942489624,0.5790888446812874,0.673002302646637
490,0.26777555931207386,0.34914591908454895,0.26316932486080225,0.3445208668708801,0.25489888382714815,0.3302876949310303,0.3706245326195658,0.4607779383659363,0.3752307662995682,0.4654029905796051,4.606234113166461,4.625045299530029,0.01147593535540126,0.055808112025260925,0.17453956284047717,0.2642137408256531,0.5786811512730355,0.6708412170410156
491,0.26730794660533147,0.3487520217895508,0.2626958700552962,0.3441314101219177,0.25449900209204757,0.3298743963241577,0.3700364468746517,0.4607233703136444,0.37464852419595607,0.46534398198127747,4.612076483995288,4.620599269866943,0.011471938875492917,0.05464036017656326,0.17396976408619078,0.2635423243045807,0.5780553054433577,0.6714404821395874
492,0.2669914662837982,0.35194429755210876,0.2623926544546165,0.34733930230140686,0.2542436794440755,0.33224692940711975,0.3696849565490556,0.46423211693763733,0.3742837683782373,0.46883711218833923,4.598808850058167,4.60500431060791,0.011418941747088376,0.054622869938611984,0.17357613928420218,0.26889660954475403,0.5777359652798811,0.6732213497161865
493,0.26698304070449774,0.34847748279571533,0.26238474625833497,0.34386926889419556,0.25417362951311656,0.3293983042240143,0.3697189391502908,0.4609394371509552,0.37431723334940636,0.465547651052475,4.598292692248464,4.6082234382629395,0.011130030672911372,0.05270829796791077,0.17370739421331588,0.2634080946445465,0.5776834654099441,0.672078549861908
494,0.26669421308782,0.34883973002433777,0.26209578148228313,0.34421899914741516,0.2539598698310894,0.3297116160392761,0.369272272101405,0.4608558416366577,0.37387070370694186,0.4654765725135803,4.598428409590299,4.620721817016602,0.011406202016875082,0.05385643243789673,0.17336256009120957,0.26432085037231445,0.5771108556507186,0.6709575653076172
495,0.26657392713062394,0.3515692949295044,0.2619671923064337,0.3469510078430176,0.2538065265847564,0.33268341422080994,0.369191218232318,0.46309855580329895,0.37379795228523904,0.46771684288978577,4.60673696253399,4.618292808532715,0.011100795095898678,0.05836186930537224,0.17325693699111352,0.26686060428619385,0.577061853860006,0.6728277802467346
496,0.26653099605972547,0.3498794436454773,0.26193196769672705,0.3452734351158142,0.2538813588786019,0.3307182490825653,0.36893942478548597,0.4619435966014862,0.37353845160594606,0.4665496051311493,4.599026890741974,4.606019496917725,0.011862659092888604,0.054692428559064865,0.17312502689897605,0.26548123359680176,0.5766563926493162,0.6719810366630554
497,0.2660507598279509,0.3486369252204895,0.2614496453505897,0.3440208435058594,0.25331897509999474,0.33031997084617615,0.3685723053290687,0.46001121401786804,0.3731734190351607,0.46462729573249817,4.601112285896298,4.616085529327393,0.010889542113584375,0.0575210377573967,0.17275758530512253,0.26242491602897644,0.5763098009915859,0.6710138916969299
498,0.2659850967373869,0.3509746789932251,0.2613819989654828,0.3463570475578308,0.2533725245587989,0.33150413632392883,0.3682746366359327,0.46317943930625916,0.37287773517910594,0.46779707074165344,4.6030951390804375,4.617645263671875,0.011681880623786087,0.05453182011842728,0.1725745317705045,0.2672823965549469,0.57586116406101,0.6726981997489929
499,0.26580028316052007,0.35059016942977905,0.2611974084541184,0.34598276019096375,0.2531471180797732,0.33217450976371765,0.3681286062203194,0.46222662925720215,0.37273148092672115,0.46683403849601746,4.602872213563407,4.607415199279785,0.011289502047770572,0.05861644819378853,0.17246974302697557,0.2644367516040802,0.5756821009826428,0.6734702587127686
500,0.26562495357923743,0.35166555643081665,0.2610207867800731,0.3470500111579895,0.2529946080210524,0.33281242847442627,0.3678635911472982,0.46339094638824463,0.37246775717519337,0.4680064916610718,4.604167143439552,4.6155571937561035,0.011373653945020105,0.058147132396698,0.17231498376661789,0.26666775345802307,0.5752951954715512,0.6736223697662354
501,0.2653264360802886,0.35073748230934143,0.26072409578508277,0.3461279571056366,0.25272433727895305,0.33213120698928833,0.3675357912336821,0.4620353579521179,0.3721381310046659,0.46664488315582275,4.602339187904355,4.609534740447998,0.011224392831274315,0.0588846355676651,0.17197312318237504,0.26549169421195984,0.5749755011991214,0.6720172762870789
502,0.265239195138204,0.3505719006061554,0.26064804242151834,0.3459675908088684,0.25269853763863764,0.3317752778530121,0.36734924257838,0.46196243166923523,0.3719403976088731,0.4665667414665222,4.591155571056386,4.604308605194092,0.01153671927298195,0.057933248579502106,0.17186512484441535,0.2658156752586365,0.5746937691803843,0.6715769171714783
503,0.2653011092520705,0.34990113973617554,0.26070999174864246,0.3452996015548706,0.25272160076776884,0.3314969837665558,0.36744702974649945,0.46118664741516113,0.3720381472499275,0.46578818559646606,4.591118031072559,4.601534843444824,0.011402607178018009,0.058701470494270325,0.17200401847149455,0.2641123831272125,0.5747581796273981,0.6716770529747009
504,0.26495933218784196,0.35277533531188965,0.26036315383310504,0.3481663465499878,0.2524723863425739,0.33386436104774475,0.3670393534266799,0.4644571542739868,0.3716355317814168,0.46906614303588867,4.596179636104166,4.608981132507324,0.011486706427485654,0.05916900932788849,0.17143335902902987,0.26802659034729004,0.574497095616877,0.6743974685668945
505,0.2644318642762813,0.3518379032611847,0.2598345194853996,0.34723299741744995,0.2519915850597309,0.33275261521339417,0.3663527735249504,0.46349164843559265,0.3709501198583704,0.4680965542793274,4.597346009101359,4.604898929595947,0.011438749672214584,0.05774977058172226,0.1709298008350144,0.26765310764312744,0.5736062074546335,0.6728549599647522
506,0.26463638380428967,0.3490684926509857,0.26004264720335596,0.34445932507514954,0.252143951897384,0.3305387496948242,0.36659989150198086,0.4607636034488678,0.3711936288741837,0.465372771024704,4.593736318263552,4.6091814041137695,0.011391818822047824,0.056617408990859985,0.17126130251521965,0.2631808817386627,0.5737787347258319,0.67181795835495
507,0.2644995129932723,0.35202687978744507,0.259904950037689,0.3474237322807312,0.25203978797828336,0.3336208760738373,0.3664089754627535,0.46316587924957275,0.3710035376470676,0.4677690267562866,4.594561230157774,4.603141784667969,0.011470109618615752,0.06112958490848541,0.1710807157162949,0.2663895785808563,0.5735685425252024,0.6733433604240417
508,0.26429799847452445,0.3509586453437805,0.2596999940436425,0.3463432788848877,0.2518499887910296,0.3322228491306305,0.366109280946811,0.4630010426044464,0.3707072876915004,0.46761640906333923,4.598003262119933,4.615358829498291,0.01151147114773523,0.05713755264878273,0.17093071818134825,0.26528245210647583,0.5731077736753517,0.6742485165596008
509,0.2644434014867782,0.35108646750450134,0.2598388447628492,0.346476286649704,0.2519150645782048,0.3330695629119873,0.36625399205832165,0.46218782663345337,0.37085854878225066,0.46679800748825073,4.604555837837155,4.61018180847168,0.011409054078716067,0.06147615239024162,0.17128093023074575,0.26430636644363403,0.5730552138753907,0.6734262108802795
510,0.2641243617808438,0.35193485021591187,0.25952396407765604,0.34731829166412354,0.25177679774590556,0.33307546377182007,0.3658393096740652,0.4637417495250702,0.3704397073772529,0.4683583080768585,4.600395841247583,4.616549968719482,0.011852214565923159,0.058225732296705246,0.1705502846428512,0.26686468720436096,0.5729278922080994,0.6741359829902649
511,0.2642240000973816,0.3507758378982544,0.2596188406085274,0.34616923332214355,0.25186865528826285,0.3319428265094757,0.3658583828952695,0.46273669600486755,0.37046354290834577,0.4673433005809784,4.60516245857791,4.606602191925049,0.012097164586312945,0.05682466924190521,0.17073381510501057,0.2655158042907715,0.5727749810351855,0.6734879612922668
512,0.26396312798703675,0.35208624601364136,0.25936794356927667,0.34748512506484985,0.2516319753065121,0.33371707797050476,0.3654190805509801,0.46356508135795593,0.370014264197471,0.46816620230674744,4.595183472955367,4.6011223793029785,0.012286672550918263,0.06058835610747337,0.17063913650711296,0.2659929692745209,0.5719701133418362,0.674569845199585
513,0.2635616761588202,0.3509552776813507,0.2589722441556817,0.34636276960372925,0.2512378264090526,0.3321908116340637,0.36512842449011995,0.4628133475780487,0.3697178549507201,0.46740585565567017,4.58943076178076,4.592495441436768,0.011674822256529422,0.057433120906353,0.1701283934045985,0.26567167043685913,0.5719102625657901,0.6734676361083984
514,0.26336613926528873,0.35489997267723083,0.2587914112676651,0.35031959414482117,0.25101097044412585,0.33620595932006836,0.36498877042177663,0.4664025604724884,0.36956349841940034,0.47098293900489807,4.574723518092383,4.580389499664307,0.011264567875016738,0.062344156205654144,0.17003994803533734,0.26984328031539917,0.5717283907420617,0.6764304041862488
515,0.2629199947452333,0.3527074456214905,0.2583432906053831,0.34810870885849,0.25062886189580497,0.33409079909324646,0.3643991010082043,0.4642217457294464,0.36897580490100734,0.4688204824924469,4.576705967131482,4.5987467765808105,0.011319065574982896,0.060367219150066376,0.16954607298703894,0.2673185467720032,0.5710214452853436,0.6745866537094116
516,0.26278204574210895,0.3549935221672058,0.25818877246907207,0.3503839373588562,0.2505083978899182,0.336116760969162,0.36421542876508134,0.46677157282829285,0.3688087028093874,0.47138115763664246,4.593270966074412,4.6095991134643555,0.011331529785482401,0.06129105016589165,0.16932181846478475,0.27003976702690125,0.5708718433632718,0.6770194172859192
517,0.26282988791758843,0.35214561223983765,0.25823174808076454,0.34754395484924316,0.25051191709468684,0.33288905024528503,0.3642415405163339,0.46473968029022217,0.3688396811244269,0.46934133768081665,4.598141009249381,4.601661682128906,0.01128754565349919,0.05554800480604172,0.1694988706034299,0.26749303936958313,0.5707493274018102,0.6756260991096497
518,0.2627010330274623,0.35109639167785645,0.2581073844596726,0.3464969992637634,0.2504336271710691,0.3324694037437439,0.3639990326199414,0.4627845585346222,0.36859268273026946,0.4673839509487152,4.593644493078346,4.599388122558594,0.01155467268856814,0.05835840478539467,0.16936289850777572,0.26555177569389343,0.5703833152107319,0.6734980344772339
519,0.2625180457557111,0.3514591455459595,0.25792278750097997,0.3468570113182068,0.25036043554146764,0.33289220929145813,0.3637370282081376,0.4633040428161621,0.36833228800540696,0.4679061770439148,4.595256115712475,4.602147102355957,0.011878625109032537,0.05857763811945915,0.16893124826225345,0.26555877923965454,0.5702714330264059,0.6745402216911316
520,0.2626138112827491,0.3516295850276947,0.2580242877878065,0.3470371961593628,0.2503888014413257,0.33292219042778015,0.36372670209509034,0.4631037414073944,0.36831622790384044,0.4676961302757263,4.589523047992106,4.592383861541748,0.011988398120006086,0.05909188091754913,0.16936598458465563,0.2665821313858032,0.5698120258522573,0.6730925440788269
521,0.2646391703515606,0.35359176993370056,0.26006027225825257,0.3489992022514343,0.2523882741743478,0.3347527086734772,0.36566569264774806,0.46539294719696045,0.37024459151232525,0.4699855148792267,4.578894935442858,4.59255838394165,0.014115083100273451,0.05995771288871765,0.17161165317012095,0.26858773827552795,0.5714380881634985,0.6757126450538635
522,0.2645867160106062,0.3537779450416565,0.2599981069034572,0.34917837381362915,0.2523809041130461,0.3348865509033203,0.36547323159972905,0.46504291892051697,0.37006184147814725,0.4696424901485443,4.588608698183546,4.59957218170166,0.014497047884474869,0.0611095167696476,0.17152496323959576,0.26945701241493225,0.57112070246838,0.6740931868553162
523,0.26435432557485095,0.3537750840187073,0.25976819940004764,0.34918177127838135,0.252114692403872,0.33529600501060486,0.3653049958509036,0.4651738405227661,0.36989112125443774,0.46976715326309204,4.586123814526908,4.593320369720459,0.014024740019101412,0.062104497104883194,0.17133720038971628,0.2681291103363037,0.5709821520862047,0.6756543517112732
524,0.26298026954457676,0.3554496765136719,0.2583958583831594,0.35085049271583557,0.2507330739830748,0.3364795744419098,0.36406312427971943,0.4668583273887634,0.36864753544113676,0.47145751118659973,4.584413573561629,4.599188327789307,0.012349192171330833,0.06223466992378235,0.16985502837883332,0.27121156454086304,0.5699950029046922,0.6759925484657288
525,0.2621707519779213,0.3529776930809021,0.25758477827339005,0.3483809232711792,0.2499562063127503,0.3348344564437866,0.36302445128144306,0.4641914963722229,0.36761042421470513,0.4687882661819458,4.5859708319392904,4.5967817306518555,0.01212299485783911,0.06273865699768066,0.16918240638214038,0.2665187418460846,0.5685632235599923,0.675246000289917
526,0.2615735894313863,0.35339972376823425,0.25698989647822107,0.34880807995796204,0.2494138926568901,0.33433830738067627,0.3624920920109971,0.46549198031425476,0.36707578419289316,0.470083624124527,4.583692081149079,4.591630935668945,0.011559755327854136,0.058463405817747116,0.16836681170257248,0.2687495946884155,0.5683151146828573,0.6758019328117371
527,0.2614970325073924,0.3528418242931366,0.2569109017170252,0.3482455611228943,0.24939987497246802,0.3340891897678375,0.3622942553253922,0.4647487998008728,0.3668803876582977,0.4693450629711151,4.58613184016097,4.596253395080566,0.011932370611426924,0.059253543615341187,0.16822122501979894,0.26745298504829407,0.5680460255733155,0.6755611300468445
528,0.2609991799577546,0.35452139377593994,0.25641111760210805,0.34993425011634827,0.248899917858263,0.33563899993896484,0.3617412928405967,0.4661656618118286,0.36632935698582875,0.4707528054714203,4.588061761335473,4.5871381759643555,0.01154389994326652,0.06108275055885315,0.1677778592439398,0.26983705163002014,0.5673779974425316,0.6759971976280212
529,0.2605266311464645,0.35263192653656006,0.25594615753102873,0.34804046154022217,0.24847990573296122,0.33396434783935547,0.3613337130981373,0.46448689699172974,0.3659141874848422,0.4690783619880676,4.580474161108737,4.591463088989258,0.011097768304686506,0.059416815638542175,0.16712005703351876,0.2670709788799286,0.5672219013859278,0.6754052639007568
530,0.26054283225169994,0.35382702946662903,0.2559610072461594,0.34923481941223145,0.2485583518867882,0.33462634682655334,0.3611843226845815,0.4662575125694275,0.3657661479371692,0.4708497226238251,4.581824165001795,4.592217445373535,0.011655449294445609,0.05774713307619095,0.16712012965935616,0.26922887563705444,0.5668994766760586,0.6769031286239624
531,0.26040134619013094,0.3540031909942627,0.2558174959221592,0.34940993785858154,0.24838335418624044,0.33502092957496643,0.361102597931836,0.46593907475471497,0.3656864497423461,0.4705323278903961,4.583854134054835,4.593252182006836,0.011284260558295095,0.05964132025837898,0.1670044656772147,0.2692761719226837,0.5668613476354103,0.6761453151702881
532,0.26047622071698856,0.35398977994918823,0.2558922526376526,0.34940001368522644,0.2484466073378541,0.3353114128112793,0.3610875216202364,0.46556904911994934,0.36567148969957236,0.47015881538391113,4.583966737809665,4.589762210845947,0.011512267978743676,0.06132132187485695,0.16720761796794725,0.26875919103622437,0.5666199431118577,0.6758537888526917
533,0.2599373993437829,0.3532755374908447,0.2553527677198966,0.3486868143081665,0.24795255289114393,0.33474934101104736,0.36048593400125317,0.464639276266098,0.3650705663964086,0.46922799944877625,4.584633525064779,4.58871603012085,0.011244412855419538,0.061532557010650635,0.16659951987919228,0.26782819628715515,0.5660137367836627,0.6748872995376587
534,0.2603704264132156,0.35482069849967957,0.2557908215119778,0.35023826360702515,0.2485089771332068,0.3366107940673828,0.36066437530411527,0.4658619463443756,0.36524398097662225,0.47044438123703003,4.579605509190727,4.582430362701416,0.012595907488240557,0.0647376999258995,0.16696163127405944,0.26881149411201477,0.5659693981827004,0.6762831807136536
535,0.26018030238305806,0.35452979803085327,0.2556039673617818,0.34995001554489136,0.24839324130252263,0.33558252453804016,0.36043380743764064,0.46627530455589294,0.3650101440014552,0.47085508704185486,4.576334399922483,4.57979679107666,0.012721697258692592,0.060677047818899155,0.16661107071946132,0.2699669897556305,0.5658469553954004,0.6761035919189453
536,0.26055293918571826,0.35530588030815125,0.25597795011348395,0.3507174849510193,0.2486465980757888,0.3363848030567169,0.36082099600451417,0.46689867973327637,0.3653959850767485,0.4714870750904083,4.574986511235096,4.588388442993164,0.012693561135659058,0.06185569614171982,0.16732680518594387,0.2707836925983429,0.5659194261353844,0.6765150427818298
537,0.26043608831674814,0.3548719882965088,0.25585825876865703,0.35028696060180664,0.24839825073789595,0.3363758623600006,0.36084503682576546,0.4662887454032898,0.3654228663738565,0.47087377309799194,4.577827327703591,4.585031509399414,0.011872237183310293,0.0631108433008194,0.1674352555358357,0.26929888129234314,0.5658872477014297,0.6767178177833557
538,0.25966264732299527,0.35692542791366577,0.25508769045124835,0.35234367847442627,0.2477701891423043,0.3381834030151367,0.3599318997536022,0.4681776463985443,0.3645068543115416,0.4727593958377838,4.574955516241361,4.5817365646362305,0.011843827562884936,0.06474742293357849,0.16639448963241255,0.27226683497428894,0.565072249363561,0.6775359511375427
539,0.25941675878515913,0.3569486737251282,0.25484562629974666,0.3523681163787842,0.2474683632180125,0.3380241394042969,0.3596445702127826,0.4683072566986084,0.3642157019269259,0.4728878140449524,4.571130206697728,4.580564498901367,0.01151149058311551,0.06398032605648041,0.16637621443979275,0.272722065448761,0.564517383603398,0.677370011806488
540,0.258961286758827,0.3533831536769867,0.2543941321061586,0.34880417585372925,0.2470701494549047,0.3349418342113495,0.35919457266699967,0.46495795249938965,0.36376172731966805,0.4695369303226471,4.567155788458652,4.578988075256348,0.01122222297093946,0.06145957484841347,0.16576607923636877,0.2675124406814575,0.5642221501564816,0.675853431224823
541,0.25850182188410437,0.3536812365055084,0.25393007873428336,0.3490985035896301,0.2466501954278626,0.33450207114219666,0.3586379460390888,0.46599313616752625,0.3632096868751023,0.47057586908340454,4.571740528952001,4.582738876342773,0.011089739394236735,0.05791744217276573,0.16526937131644548,0.269191712141037,0.563591472349618,0.6763970851898193
542,0.2583590956639048,0.3541475832462311,0.2537883998313222,0.3495718240737915,0.246538045076865,0.3359171450138092,0.35846239212694025,0.46530210971832275,0.36303308925501404,0.46987786889076233,4.5707001826852816,4.575767993927002,0.011110994318222232,0.06376241892576218,0.1650762384387582,0.2681131958961487,0.5634269148918766,0.6758757829666138
