epoch,train_total_loss,val_total_loss,train_reconstruction_loss,val_reconstruction_loss,train_selection_score,val_selection_score,train_common_reconstruction_loss,val_common_reconstruction_loss,train_common_total_loss,val_common_total_loss,train_kl_loss,val_kl_loss,train_market_loss,val_market_loss,train_sector_loss,val_sector_loss,train_idio_loss,val_idio_loss
1,1.0111436605742716,0.9172154664993286,1.0111304727634147,0.9172013998031616,1.0091853849424122,0.942319393157959,1.0138089079583072,0.8826127052307129,1.0138220988542408,0.8826267719268799,0.013173486628436724,0.014068671502172947,0.9994601482232476,1.0679093599319458,1.0094910197493232,0.8916910886764526,1.0186050227668861,0.867357611656189
2,0.993259232679553,0.8977690935134888,0.9932377403003216,0.897742509841919,0.9917358123383636,0.9195828437805176,0.9953059388036145,0.8676673173904419,0.995327431182846,0.8676939010620117,0.021488934588116574,0.026572933420538902,0.9842262538492655,1.0287845134735107,0.9891404680428696,0.8737087845802307,1.0018407347421148,0.856255292892456
3,0.9731140748431603,0.8760473132133484,0.9730631775861802,0.8759777545928955,0.9700735563986994,0.8960860371589661,0.9771800228713545,0.8482877016067505,0.9772309201283345,0.8483572602272034,0.050896534352012364,0.06953233480453491,0.955125462801602,0.9966274499893188,0.9645967750572455,0.8479282855987549,0.9904984139354904,0.8437023162841797
4,0.9471434174015895,0.8520062565803528,0.9470162566403266,0.8518612384796143,0.9410010910063102,0.8607680797576904,0.955299402965595,0.8395960927009583,0.9554265637268579,0.8397411108016968,0.12716149669208365,0.14502781629562378,0.9109253615586805,0.9053023457527161,0.9320924614924821,0.8338298201560974,0.9799854551497327,0.8431721329689026
5,0.928761930129232,0.8276420831680298,0.9285589524526322,0.8274145722389221,0.9177448148675357,0.8313754200935364,0.9434505211068125,0.8219603896141052,0.9436534956983357,0.8221879005432129,0.202972860819311,0.22750355303287506,0.8636741179278443,0.8511796593666077,0.9153412482635338,0.8062397837638855,0.9742190486691618,0.836706817150116
6,0.9172387630699426,0.8152398467063904,0.916945952324071,0.8148991465568542,0.9042350079576544,0.8150100111961365,0.934449485473386,0.8147465586662292,0.9347422962192578,0.8150872588157654,0.2928116376034605,0.3407154083251953,0.8406804419942486,0.8155641555786133,0.9026892505046862,0.7964047193527222,0.9693353836998205,0.8330610394477844
7,0.907746522256926,0.8097403049468994,0.907317186288876,0.8092242479324341,0.8934796623888644,0.8089682459831238,0.9263720970572222,0.8095768094062805,0.9268014361103488,0.8100928664207458,0.42933358762411755,0.51605224609375,0.8242921096517931,0.8076882362365723,0.8919744096060682,0.7916479706764221,0.9641724617385787,0.8275685906410217
8,0.89940110472017,0.8006290197372437,0.8987642768371265,0.7998762726783752,0.8847592432056416,0.7979496121406555,0.9180498605212171,0.8025292158126831,0.9186866884042606,0.8032819628715515,0.6368278735473577,0.752723753452301,0.8147341318088074,0.7883167266845703,0.88117874586963,0.7800333499908447,0.9583648499621104,0.8254988789558411
9,0.8911964359237171,0.7943612337112427,0.890336523979625,0.7933995723724365,0.8761409359859447,0.7912907004356384,0.9098845417567992,0.796303391456604,0.9107444537008913,0.7972650527954102,0.8599113882961805,0.9616730809211731,0.8051630134193029,0.7807467579841614,0.8710427435120253,0.7705645561218262,0.9522170180788514,0.8225608468055725
10,0.8825886059376185,0.7859046459197998,0.8815318295409021,0.7847521305084229,0.8669957952416478,0.781261682510376,0.9015486343303192,0.7895585298538208,0.9026054107270355,0.7907110452651978,1.0567882338661536,1.152529239654541,0.7943157117303161,0.7638095021247864,0.8609042155612494,0.7620707750320435,0.945767500142168,0.8179047107696533
11,0.8737448791333455,0.7742540836334229,0.8725168087489201,0.7729153633117676,0.8569583034544304,0.7664051651954651,0.8939415837558619,0.7818803191184998,0.8951696603104405,0.783219039440155,1.228073065357077,1.3387070894241333,0.7791657975893295,0.7338542342185974,0.8530513825466698,0.7553259134292603,0.9386576737077237,0.8100354075431824
12,0.8618981606363527,0.7613306045532227,0.8604994923587371,0.7598230838775635,0.841713460866517,0.7487114071846008,0.8863687601062483,0.7751243114471436,0.8877674283838638,0.7766318321228027,1.39867296452181,1.5075318813323975,0.7477833657818095,0.6931533217430115,0.8466294986055392,0.750420331954956,0.9307275239485168,0.8025606870651245
13,0.849180567544142,0.7500230669975281,0.8476001151505628,0.7483260631561279,0.8243360366119434,0.7339442372322083,0.8796358680705816,0.768130362033844,0.8812163204641609,0.7698273658752441,1.5804526717181733,1.696986436843872,0.7080157056203796,0.6620355248451233,0.8409206362277739,0.7459895014762878,0.924071769096376,0.7938077449798584
14,0.8387425550313503,0.7394676804542542,0.8369721530952099,0.7376002073287964,0.8105631557206996,0.7206645011901855,0.8733385782033578,0.7609214186668396,0.8751089801394982,0.7627888917922974,1.770397672227072,1.8674982786178589,0.6785182473970915,0.635986328125,0.8352099138139184,0.7391489744186401,0.9179613105787038,0.786858320236206
15,0.8301214726647047,0.731398344039917,0.8281999471165418,0.7293962240219116,0.8003266108600032,0.7109041810035706,0.8665828678080585,0.7548606991767883,0.8685043902711448,0.7568628191947937,1.921524103382942,2.0021073818206787,0.6609599794928863,0.6184439659118652,0.8290823530533803,0.7339527606964111,0.9109374882477862,0.7803158164024353
16,0.823246038567427,0.7259548306465149,0.8211891239006607,0.7238268256187439,0.7926434168341282,0.7047386765480042,0.8604978947228764,0.7501120567321777,0.8625548093896427,0.7522400617599487,2.056905276660634,2.1279804706573486,0.6499150116290344,0.6092982292175293,0.8237574040238982,0.7300961017608643,0.9042578302218371,0.7748218178749084
17,0.8171579664504532,0.7227873206138611,0.8149865028398315,0.7205479145050049,0.7858025668316219,0.7015102505683899,0.8551741590684983,0.7467635273933411,0.8573456195940433,0.7490029335021973,2.171461814335855,2.2394354343414307,0.6398830048309084,0.6063220500946045,0.8192366711822445,0.7271351218223572,0.8982880080078857,0.7710734605789185
18,0.8115064925478385,0.7182372212409973,0.8092051046944513,0.7158723473548889,0.7795731036276456,0.6964547038078308,0.8500097960390353,0.7426113486289978,0.8523111838924224,0.7449762225151062,2.301392965455601,2.3648457527160645,0.631413215839858,0.5993666052818298,0.8144660808998614,0.7226596474647522,0.892840038269481,0.7673379182815552
19,0.805976321038764,0.712968111038208,0.8035791503047828,0.7105122804641724,0.7737773971619318,0.6906887888908386,0.8446175933028829,0.7378104329109192,0.8470147640368643,0.7402662634849548,2.3971754472071565,2.455806016921997,0.6247686908113007,0.5915709137916565,0.8088741506876562,0.7174710035324097,0.8876893488781393,0.7630243301391602
20,0.7994383660540907,0.7066770792007446,0.796944972358153,0.7041091918945312,0.7667085896654742,0.6836326122283936,0.8385819104389772,0.7323063015937805,0.8410753041349149,0.7348741888999939,2.493393965014262,2.5678648948669434,0.6155268204535158,0.5812497735023499,0.8018382322773777,0.7111210227012634,0.8827607225561932,0.7585270404815674
21,0.7927191575143292,0.7014923691749573,0.7901110257689788,0.6988251209259033,0.7596743852080867,0.6780097484588623,0.8320237299328722,0.7274888753890991,0.8346318616782226,0.7301561236381531,2.608139653847953,2.667248249053955,0.6074913298124444,0.5739328861236572,0.7933724479206747,0.7041648030281067,0.8781594195396757,0.7559316158294678
22,0.7845467485689317,0.6935010552406311,0.7818463317450366,0.6906927824020386,0.7500660443566273,0.6680178642272949,0.8256093064542247,0.7219171524047852,0.8283097232781197,0.7247254252433777,2.7004168470331016,2.808263063430786,0.5911646848548244,0.5546438097953796,0.7847316688822196,0.6956650018692017,0.8743017828517533,0.753744900226593
23,0.7752481263222792,0.686016321182251,0.7724152070233276,0.683113157749176,0.7384128511024303,0.6568204760551453,0.819238066094827,0.7193194627761841,0.8220709853937787,0.722222626209259,2.8329206361396566,2.9031567573547363,0.5684011465279718,0.5253568887710571,0.7756840690060565,0.6921294331550598,0.8711533346881859,0.7529750466346741
24,0.7655327068954356,0.6753364205360413,0.7626009247489077,0.6723393201828003,0.7247838601620632,0.6412004828453064,0.8146768499857204,0.7152189612388611,0.8176086321322483,0.718216061592102,2.931784278990718,2.9971237182617188,0.5356986751886114,0.4855063557624817,0.7695552132363942,0.6868911981582642,0.8690977240206498,0.7512038946151733
25,0.7553492855360476,0.6659970283508301,0.752338670835869,0.6629285216331482,0.7113143312415274,0.6290409564971924,0.8088311941287222,0.7095934152603149,0.8118418088289007,0.7126619219779968,3.0106152940558077,3.068490505218506,0.506192677449081,0.4596032500267029,0.7618603362663043,0.6795826554298401,0.8658899748272323,0.747937023639679
26,0.747950423573657,0.6613313555717468,0.7448531815603683,0.6581597328186035,0.7025282778240532,0.6235238909721375,0.8031366191265124,0.7058549523353577,0.8062338611398011,0.709026575088501,3.0972426837145246,3.171633005142212,0.4909038712536811,0.4503445327281952,0.754254942691331,0.6752060651779175,0.8624260452562048,0.7450209259986877
27,0.7411691500404997,0.6576740741729736,0.73799717180458,0.6544793248176575,0.6946612176170148,0.6208307147026062,0.797672885514154,0.7008150815963745,0.8008448637500737,0.7040098309516907,3.171979286773842,3.1947457790374756,0.4779815370140893,0.452587753534317,0.7469822826580244,0.6695992350578308,0.8590198639091865,0.7403051853179932
28,0.7352595366643018,0.651959240436554,0.7320309822442702,0.6486963033676147,0.6882564330987972,0.6138753890991211,0.79231064301775,0.6966463923454285,0.7955392005228582,0.6999093294143677,3.2285582425379338,3.2629566192626953,0.469383777573771,0.43977120518684387,0.73985535036539,0.6639169454574585,0.8555301873972191,0.7379381060600281
29,0.7313106289480651,0.6479458212852478,0.7280358309404502,0.6446853876113892,0.684394753731266,0.6102986931800842,0.7881316667233601,0.6920374631881714,0.791406464730975,0.69529789686203,3.2747958779479633,3.2604598999023438,0.46618954335394724,0.43836554884910583,0.7344982416534347,0.6576500535011292,0.852496506976927,0.7348805665969849
30,0.7270567581762537,0.6460549235343933,0.7237593568243866,0.6427260637283325,0.6801742594636407,0.6096391677856445,0.7837781791160621,0.6882882118225098,0.787075580467929,0.6916170716285706,3.2974052581524878,3.328838586807251,0.46224875248640207,0.44420504570007324,0.728465950397456,0.6516047120094299,0.8498080410168714,0.7331078052520752
31,0.7212618550596765,0.6420615911483765,0.71792248191498,0.6386953592300415,0.6736629258222152,0.6053271889686584,0.7788699979103387,0.6846451163291931,0.7822093710550354,0.6880113482475281,3.3393686600556705,3.3662524223327637,0.45236528412658483,0.4384863078594208,0.7217859727045423,0.6453704237937927,0.846837531927381,0.7321248650550842
32,0.7152170961413169,0.6406077742576599,0.7118244786952798,0.6371885538101196,0.6663589113837449,0.6055309176445007,0.7744327513399367,0.6807826161384583,0.7778253687859739,0.6842018365859985,3.392617371416844,3.4192304611206055,0.4390312094607432,0.447242796421051,0.7149959011353609,0.6385071277618408,0.8450496368836258,0.7308427691459656
33,0.7100400341892358,0.6353152394294739,0.7066035127765101,0.6318457722663879,0.6605634464939933,0.5988544225692749,0.7700029110985636,0.6772764921188354,0.7734394325112891,0.6807459592819214,3.4365301124489456,3.469470739364624,0.4303631737581208,0.4338977038860321,0.7082264058945683,0.6337886452674866,0.8431007413790865,0.7288769483566284
34,0.7053348191874836,0.6347941756248474,0.7018527488596662,0.6313104629516602,0.6552665366173948,0.5990881323814392,0.7660042193559707,0.6756821274757385,0.7694862896837882,0.6791658401489258,3.4820777092489017,3.483713388442993,0.42233553180509475,0.43797680735588074,0.7017142295210747,0.6296445727348328,0.8417498525992801,0.7296431064605713
35,0.7000712894303954,0.6294291019439697,0.6965646174481366,0.6259132623672485,0.6493111724946068,0.5926498770713806,0.761634881926412,0.6717186570167542,0.7651415539086709,0.6752344965934753,3.506673096067935,3.5158145427703857,0.4130440370736699,0.426332950592041,0.6949045140397149,0.6234688758850098,0.8399849498363531,0.7281478643417358
36,0.6961154149362446,0.6265020370483398,0.692576579318758,0.6229504346847534,0.6444049968779256,0.5897843837738037,0.7589111595176947,0.6686215996742249,0.7624499951351812,0.6721732020378113,3.538835623656696,3.551602363586426,0.4035472302628682,0.4239541292190552,0.6908209500310877,0.6196533441543579,0.8388468270305676,0.7257456183433533
37,0.6906445962525648,0.6261389851570129,0.6870718060646566,0.6225544810295105,0.6376064234641801,0.5901744961738586,0.755188040293714,0.6671433448791504,0.7587608304816221,0.6707278490066528,3.572791574264508,3.584505319595337,0.39027958209342045,0.4282744228839874,0.6858933284077334,0.6173036694526672,0.8366463687127773,0.7249453663825989
38,0.6850075671608227,0.6227852702140808,0.6814201315115495,0.6191807985305786,0.6296941067253681,0.5850582122802734,0.7526493975858769,0.6661691665649414,0.7562368322469617,0.6697736382484436,3.5874375323269754,3.6044623851776123,0.3710640206107523,0.4144454300403595,0.6825814588899994,0.6148396134376526,0.8354368546787081,0.7258896231651306
39,0.6784880824817899,0.6163180470466614,0.674846967704085,0.6126598119735718,0.6200387045723005,0.5752151012420654,0.7503206334854493,0.6642231345176697,0.7539617482631543,0.6678813695907593,3.641110783591234,3.6582577228546143,0.3459974520610404,0.3879913091659546,0.6797209233828898,0.6131632924079895,0.8343977426836667,0.7244906425476074
40,0.6709334447805186,0.614973783493042,0.667272244828267,0.6113038063049316,0.6084474289267834,0.5723986029624939,0.748276863438467,0.6648783087730408,0.7519380633907187,0.6685482859611511,3.6611954633687316,3.6699843406677246,0.3143234514076605,0.3778724670410156,0.6773693833908377,0.6128957867622375,0.8336494612973372,0.7264274954795837
41,0.6627519610580818,0.6104120016098022,0.6590623737972273,0.6067055463790894,0.5956878565459708,0.5645906329154968,0.7463321507435022,0.6646997332572937,0.750021737016168,0.6684061884880066,3.6895910093189492,3.7064783573150635,0.27881536978341,0.35401612520217896,0.6751914404685132,0.6133477687835693,0.8330567745944532,0.7264079451560974
42,0.6571795013912092,0.6116911172866821,0.6534573606185666,0.6079494953155518,0.5875993466936429,0.5684669017791748,0.744147053528449,0.662319004535675,0.7478691973861682,0.6660606265068054,3.7221380612457806,3.7415945529937744,0.2583093555818142,0.3710537850856781,0.6723501144321254,0.6095223426818848,0.8321385652827098,0.7248246073722839
43,0.650391997569879,0.6017201542854309,0.6466448866689538,0.5979613065719604,0.5787158089517053,0.5531781315803528,0.7401865360662613,0.659629762172699,0.7439336469671864,0.6633886098861694,3.747116043747942,3.758847951889038,0.23907049937234734,0.32926246523857117,0.6668379828605004,0.6066461205482483,0.8302389505755019,0.7236257791519165
44,0.6453420504162392,0.6005802750587463,0.6415810503074625,0.5968121886253357,0.5722197527544151,0.5527097582817078,0.7370949295480098,0.6575433015823364,0.7408559296567865,0.6613113880157471,3.7609982431730278,3.7680776119232178,0.22541335205221003,0.33219781517982483,0.662841629172162,0.6030864119529724,0.8284042742008436,0.7228450775146484
45,0.6395752086988403,0.5972162485122681,0.6357919722253188,0.5934321880340576,0.5645435395700653,0.547741711139679,0.7339044911293573,0.6563501954078674,0.7376877276028788,0.6601342558860779,3.78324684776664,3.784085512161255,0.2083014839039223,0.31928950548171997,0.6588880067237032,0.6012238264083862,0.82644112166537,0.7227119207382202
46,0.6340073184161065,0.6052864193916321,0.6301995906037355,0.6014668941497803,0.5578803985503537,0.5618264675140381,0.7297866695379372,0.6560538411140442,0.7335943973503082,0.659873366355896,3.807730334517544,3.8195364475250244,0.19628447230967055,0.36362424492836,0.6532111829029998,0.5990275740623474,0.8241455569423455,0.7228276133537292
47,0.6303641015202036,0.597566545009613,0.6265466309152921,0.5937405824661255,0.5539332116561239,0.5502088665962219,0.726538843656425,0.653685986995697,0.7303563142613366,0.6575119495391846,3.8174692626140208,3.8259479999542236,0.1908662018026845,0.332550048828125,0.6485538284787272,0.5959795713424683,0.8223796221489758,0.7220969200134277
48,0.6258424761514166,0.5948675870895386,0.6220075486885407,0.5910305976867676,0.548432548145895,0.5462402701377869,0.7233239268176815,0.6527090668678284,0.7271588542805574,0.6565460562705994,3.834917598728993,3.837010383605957,0.1805575386780358,0.3222886621952057,0.644009053441999,0.5933929085731506,0.8207310188457737,0.7230392694473267
49,0.6233175083832175,0.5936444401741028,0.6194656013333745,0.5897951126098633,0.5463339684706586,0.5447873473167419,0.7201714395175229,0.6517730355262756,0.724023346567366,0.6556223630905151,3.8519099582991423,3.8493528366088867,0.18067581106837444,0.31974825263023376,0.6393270405544909,0.5915127992630005,0.818999029849639,0.7231008410453796
50,0.6188435104517044,0.5899260640144348,0.6149814756496012,0.5860618352890015,0.5409973468608911,0.5405856966972351,0.7168612299879408,0.6486847400665283,0.7207232647900441,0.6525489687919617,3.8620405754385523,3.8642330169677734,0.17107677532625834,0.3132050633430481,0.6344303998733116,0.5863093137741089,0.8174848751022996,0.7222427725791931
51,0.6153523006325446,0.58733731508255,0.6114811936805377,0.5834628343582153,0.5371385518230989,0.5368571877479553,0.713854620874145,0.6476410627365112,0.7177257278261521,0.651515543460846,3.8711018013751706,3.8744654655456543,0.16542546757189214,0.303829163312912,0.6301528136594258,0.5844907164573669,0.8158374040704288,0.722251832485199
52,0.6120390463733403,0.588659405708313,0.6081533903204088,0.5847811698913574,0.5337950430006042,0.5396804809570312,0.710548487984117,0.6468870639801025,0.7144341440370485,0.6507652997970581,3.885655410464264,3.8782482147216797,0.16200328201621927,0.3141769766807556,0.6252649526966279,0.5830099582672119,0.8141168622511676,0.7218544483184814
53,0.6090314229923947,0.5879462957382202,0.6051361822329983,0.5840562582015991,0.530717542971188,0.539295494556427,0.707614275592568,0.6456941366195679,0.7115095163519644,0.649584174156189,3.895242747246279,3.8900585174560547,0.15862438558110137,0.31549161672592163,0.6209757699929795,0.579587459564209,0.8125524516053592,0.7228074073791504
54,0.605261184332393,0.582713782787323,0.6013613258158201,0.5788148641586304,0.5264379717153526,0.5326634049415588,0.7045344594418641,0.6423676609992981,0.7084343189466256,0.6462665796279907,3.899858658197097,3.8989429473876953,0.1518212555754392,0.3019063472747803,0.6165346134494685,0.5752232074737549,0.8109580584012012,0.7208607196807861
55,0.602720653991491,0.5823438763618469,0.5988099998035654,0.5784310698509216,0.5240863989925655,0.5328114628791809,0.701708016297232,0.6412515044212341,0.7056186689426193,0.6451643109321594,3.910652596797241,3.9128055572509766,0.15046847564365234,0.30471348762512207,0.6125843779451684,0.5726464986801147,0.8092063398097047,0.7210744023323059
56,0.6002228449965313,0.5795074701309204,0.5963011462342339,0.5755894184112549,0.5215481694198744,0.5284181237220764,0.6992396289310232,0.6405465602874756,0.7031613276933206,0.6444646120071411,3.9216955490937564,3.9180736541748047,0.14778336244486528,0.29256191849708557,0.6089095680809098,0.5725693106651306,0.8079515875133001,0.7201232314109802
57,0.596780292837426,0.5805352330207825,0.5928468620348112,0.5766098499298096,0.5177934871142179,0.5314598083496094,0.6961990297684243,0.6387835741043091,0.7001324605710392,0.642708957195282,3.9334310057478494,3.925363779067993,0.14252664686888275,0.3057097792625427,0.6047693549550307,0.5690995454788208,0.8060844565421235,0.7195701003074646
58,0.5953380645791674,0.577073335647583,0.5913971277850869,0.5731379985809326,0.5167989347851618,0.5263779163360596,0.6941224794324188,0.6375288963317871,0.6980634131414226,0.6414642333984375,3.9409391827974734,3.9353249073028564,0.1438080044745724,0.2925776243209839,0.6020725323900346,0.5677939653396606,0.8045162486249119,0.7187621593475342
59,0.5918408724830742,0.576817512512207,0.5878998907143608,0.572880208492279,0.5125050044016369,0.5259096026420593,0.6917223506401871,0.6375611424446106,0.6956633293238238,0.6414984464645386,3.940980325668773,3.9372849464416504,0.13553063805846613,0.29105645418167114,0.5987140450263573,0.5678095817565918,0.8032703593680601,0.7188627123832703
60,0.5893299188924327,0.5734296441078186,0.5853780541061343,0.5694791078567505,0.509886228575477,0.5204564929008484,0.6893340085519744,0.6369856595993042,0.6932858733382729,0.6409361958503723,3.9518598333043315,3.950515031814575,0.1324271605750399,0.275343656539917,0.595678144218562,0.5682937502861023,0.8015533851748096,0.7177320718765259
61,0.5884675269564588,0.5721204280853271,0.5845160032398441,0.5681747198104858,0.5091715953969975,0.5200380682945251,0.6882689372277482,0.6344612240791321,0.6922204609443627,0.6384069323539734,3.9515286253571653,3.9456920623779297,0.13244961342539713,0.27935484051704407,0.5944086086687365,0.5634204745292664,0.8006565920312637,0.7173388600349426
62,0.5860881016556184,0.5724308490753174,0.5821162739891395,0.5684653520584106,0.5068632609030519,0.5206800699234009,0.6857433901400013,0.6342679262161255,0.6897152208915569,0.6382334232330322,3.971828235386356,3.965491771697998,0.13059816844204009,0.2817538380622864,0.59081895832007,0.5629364848136902,0.7991726503312419,0.7173498868942261
63,0.5839037263364479,0.5693331956863403,0.5799284420223598,0.5653669238090515,0.5042857865404128,0.5149056911468506,0.6840920641602556,0.6348543763160706,0.6880673479802494,0.6388206481933594,3.9752857005408164,3.966273307800293,0.12607253902639592,0.2625996172428131,0.5886544112102541,0.5643430948257446,0.7981303802300117,0.7177743911743164
64,0.5808715447934109,0.5662456750869751,0.576885730257123,0.562260627746582,0.5005742036472002,0.5104991793632507,0.6819704660653971,0.6335386037826538,0.685956280601685,0.6375236511230469,3.985813526214495,3.985067367553711,0.11901655088503063,0.2516918480396271,0.5861084946388664,0.563122570514679,0.7965975647699577,0.716683030128479
65,0.5775052278185488,0.5611417293548584,0.573510334528365,0.5571562051773071,0.4964189517849908,0.5019540190696716,0.6796689131363075,0.6331722736358643,0.6836638110541063,0.6371577978134155,3.9948966415411444,3.985508441925049,0.110962176417538,0.22594304382801056,0.5832324728423943,0.5623352527618408,0.7950622235721198,0.7175837755203247
66,0.5744744836199491,0.5589552521705627,0.5704634169841941,0.5549497604370117,0.4924682496507979,0.49918532371520996,0.6778666128815305,0.631740152835846,0.6818776826023621,0.635745644569397,4.011073069682355,4.005465507507324,0.10249239127982063,0.22036322951316833,0.5810411845533847,0.560772716999054,0.7938711519092864,0.7164201140403748
67,0.5707912985438814,0.5535731315612793,0.5667686079419001,0.5495522022247314,0.4875360054859882,0.4891899526119232,0.6758757672038003,0.632673978805542,0.6798984562632433,0.6366949081420898,4.02268438748006,4.0209527015686035,0.09137304218503275,0.18737861514091492,0.5786490928919461,0.5638765692710876,0.7925858749487213,0.7163146138191223
68,0.5680240286153384,0.5483297109603882,0.5639888080468893,0.5443010330200195,0.4835730171425353,0.48106908798217773,0.6747252884732534,0.6313744783401489,0.6787605105842408,0.6354031562805176,4.035220530271241,4.0286784172058105,0.08149407565099626,0.1649095118045807,0.5772901903122386,0.5623085498809814,0.7919347706084015,0.7159892916679382
69,0.5644352134065593,0.5454040169715881,0.5603862190796112,0.541358232498169,0.47875924494601046,0.4772794246673584,0.6727905527715301,0.6295977830886841,0.6768395486410167,0.6336435675621033,4.048993678696474,4.045805931091309,0.07062449125182133,0.15688562393188477,0.5751047299981262,0.5593878626823425,0.7905485375757599,0.7155648469924927
70,0.5611993717703798,0.5387706756591797,0.5571373329922298,0.5347172021865845,0.474843814023053,0.4675077497959137,0.6704595465916542,0.6272678375244141,0.6745215869123425,0.6313213109970093,4.062039147395139,4.053501129150391,0.06337625715012402,0.13146066665649414,0.5717493974145395,0.5569693446159363,0.7894057932046565,0.7140932679176331
71,0.5578043392877853,0.537319540977478,0.5537319752160615,0.5332544445991516,0.47079799674659234,0.46604084968566895,0.667936127290907,0.6258108019828796,0.6720084913626307,0.629875898361206,4.072365392522198,4.065115928649902,0.056128084078111776,0.12997311353683472,0.5686343187896337,0.5546929836273193,0.7876315743297495,0.7134565114974976
72,0.5552414382366916,0.5370410084724426,0.5511615299474745,0.5329669713973999,0.46817155372166125,0.4653308391571045,0.6654428390419247,0.6261052489280701,0.6695227473311418,0.6301792860031128,4.079906690568997,4.074051380157471,0.053221647020201907,0.12715017795562744,0.5651949209285756,0.5554455518722534,0.7860980760313652,0.7133967280387878
73,0.5524477905895466,0.5349894762039185,0.5483480601767707,0.5308921933174133,0.46487466285356954,0.4633026421070099,0.6632950043466185,0.6239662766456604,0.6673947347593944,0.6280635595321655,4.099731523210685,4.097258567810059,0.04750775412520416,0.12535497546195984,0.5622588400410776,0.5516344308853149,0.7848574070616189,0.7129185199737549
74,0.5495865764137805,0.5297904014587402,0.5454731457540972,0.525683581829071,0.46213571780903157,0.4568406641483307,0.6602328609128352,0.6204836368560791,0.6643462915725183,0.6245904564857483,4.113435032008102,4.106844425201416,0.04544858846269635,0.11262625455856323,0.5579698926709318,0.5469141602516174,0.7829886599682239,0.7109816670417786
75,0.5481626860920928,0.5383012890815735,0.5440385863938122,0.5341899394989014,0.46126388503239313,0.469991534948349,0.6580233831565678,0.6225943565368652,0.6621474843973869,0.6267057061195374,4.124106423362179,4.111335277557373,0.04739043293720404,0.14899948239326477,0.5546227030989327,0.5486884117126465,0.7817785084319896,0.7122867703437805
76,0.546429561860061,0.5286316275596619,0.5423105702774274,0.5245265364646912,0.4598675218854797,0.4554893672466278,0.6558387021135329,0.619594156742096,0.6599576921536283,0.6236992478370667,4.118991062027021,4.105091094970703,0.047652261324898706,0.11030346900224686,0.5515911548522335,0.545164167881012,0.7803591221775837,0.7110004425048828
77,0.5424200551282333,0.5253856182098389,0.5382977126823761,0.5212717056274414,0.45486453209287764,0.4512455463409424,0.6531892500808737,0.6177012324333191,0.6573115951177132,0.6218151450157166,4.122338068422595,4.113932132720947,0.037698774656158104,0.10111469030380249,0.5481168535789207,0.5423014163970947,0.7787779947788764,0.7103205323219299
78,0.5394510972297389,0.522865891456604,0.5353209830781395,0.5187498331069946,0.4518355608854128,0.44815218448638916,0.6502844860473722,0.615966260433197,0.654414597113895,0.6200823187828064,4.130114444681762,4.116055011749268,0.03440853158216148,0.09516395628452301,0.5439424040922017,0.5399397015571594,0.7771557612646652,0.7093529105186462
79,0.5372777588204531,0.52182537317276,0.5331378892949848,0.5176901817321777,0.4498455851631419,0.447436660528183,0.6478354807956663,0.6144328117370605,0.651975351863673,0.6185680031776428,4.139867672494101,4.135207176208496,0.03338409814301214,0.09616900235414505,0.5405591925868996,0.5372669696807861,0.7755934670537384,0.708873987197876
80,0.5352667677248243,0.5220552086830139,0.5311163275096275,0.5179133415222168,0.44795909475759604,0.4487515389919281,0.6456279013979257,0.6131526231765747,0.6497783436497551,0.6172944903373718,4.150435370565955,4.141852855682373,0.0321729741915247,0.10294250398874283,0.5371869789098276,0.5357499122619629,0.7745173460454822,0.7075622081756592
81,0.5330595594642137,0.5200146436691284,0.5289051908739076,0.5158697366714478,0.44600267387140247,0.44578489661216736,0.64306598325707,0.6123799681663513,0.6472203456772226,0.616524875164032,4.15436469578232,4.144922256469727,0.03149019613608965,0.09536054730415344,0.5337536196163006,0.5342462062835693,0.7727642135489001,0.7077478766441345
82,0.5313895070210575,0.5186359882354736,0.5272298223616573,0.5144912004470825,0.44460738999516775,0.444551944732666,0.6410049816591268,0.6108009219169617,0.6451646678610654,0.6149457097053528,4.159679158901426,4.1447649002075195,0.03149524371087358,0.09485580027103424,0.530841204231199,0.5322185158729553,0.7714857174180753,0.7065815925598145
83,0.5297923920321358,0.5154076814651489,0.5256311339113426,0.5112565755844116,0.4434334928093774,0.44016703963279724,0.6388213285732693,0.6091504693031311,0.6429825882366009,0.6133015751838684,4.161246628111497,4.151083469390869,0.032445298547728846,0.08471910655498505,0.5278686686319906,0.5313247442245483,0.7699864972616274,0.70445716381073
84,0.5278236899017276,0.5141986012458801,0.5236590274470662,0.5100512504577637,0.44143821093605157,0.43915948271751404,0.6368811159928318,0.6076727509498596,0.6410457784474932,0.6118201017379761,4.164659977923315,4.147360801696777,0.03033413649286233,0.0847005844116211,0.5254982504293209,0.528002142906189,0.7684822299921026,0.7047756910324097
85,0.5254821260954945,0.5137499570846558,0.5213077387561983,0.5095877647399902,0.43935117800371687,0.43867096304893494,0.6341659122519873,0.6072436571121216,0.6383402995912835,0.6114058494567871,4.17439174054366,4.162207126617432,0.029568444688160844,0.08408699929714203,0.5218846060537492,0.5278976559638977,0.7666004940511917,0.7040282487869263
86,0.5236568890551155,0.5118155479431152,0.5194749524609743,0.5076457262039185,0.43764465953288556,0.43696197867393494,0.6321592697044447,0.6049807667732239,0.6363412032135093,0.6091505885124207,4.181938794957834,4.16979455947876,0.028493228743927613,0.08354310691356659,0.5193949538929666,0.5249740481376648,0.7650457957568941,0.7023687362670898
87,0.5218180935246907,0.5125166773796082,0.5176300339210964,0.508344829082489,0.43606624453115017,0.43780264258384705,0.6299473509294901,0.6054847836494446,0.6341354074480078,0.6096566319465637,4.18806622821794,4.171830654144287,0.02824738268690388,0.08509182929992676,0.5166109002557208,0.5242854952812195,0.7633404607865379,0.7040305733680725
88,0.5199732148738897,0.5089523196220398,0.515781953732012,0.5047670602798462,0.4344182696918028,0.43363359570503235,0.6278237220829332,0.6027212142944336,0.6320149893949643,0.6069064736366272,4.191261399674406,4.185237407684326,0.027599883658583232,0.07796663790941238,0.5139576515180593,0.5218930840492249,0.7616972577171773,0.7010411024093628
89,0.5182527132329312,0.5092914700508118,0.514057299746611,0.5051131248474121,0.43292603537807856,0.43463483452796936,0.6257790418660356,0.602165162563324,0.629974450724741,0.6063435077667236,4.195409217152671,4.1783576011657715,0.027269706843301107,0.08224347978830338,0.5116728056889529,0.5206512808799744,0.7598355827763453,0.7010098099708557
90,0.5160940912297223,0.5074172019958496,0.511888431480815,0.5032210350036621,0.43081407776208624,0.4323822557926178,0.6235317806459081,0.6007695198059082,0.6277374403948154,0.6049656867980957,4.2056625403231855,4.196155548095703,0.02544237697761381,0.07818843424320221,0.508869307295687,0.5192481279373169,0.7581305578320893,0.6997103095054626
91,0.5144380263191844,0.5061032176017761,0.5102247154476476,0.5019035935401917,0.4295082652780916,0.4315231740474701,0.6213752094473957,0.5988207459449768,0.6255885238981035,0.6030203700065613,4.213311923065987,4.19962215423584,0.025926083269097087,0.07962128520011902,0.5062335667294913,0.5155772566795349,0.7563651406326325,0.6993709802627563
92,0.5129859023642742,0.5037989616394043,0.508768413768719,0.49959105253219604,0.428381552640311,0.428323358297348,0.6194650423801529,0.5977301001548767,0.6236825299272641,0.601938009262085,4.217488704786289,4.207916736602783,0.026447334364086715,0.07198494672775269,0.5038208766379821,0.5152338147163391,0.7548764653645496,0.6977512836456299
93,0.5110652295385254,0.5056376457214355,0.5068402413506282,0.5014328360557556,0.42661205010041986,0.4309356212615967,0.6173183705418205,0.5985109806060791,0.6215433571871793,0.602715790271759,4.224980903645541,4.204787254333496,0.025471143255042634,0.07844974100589752,0.5012432595905485,0.5156087279319763,0.7531217463914075,0.6987484693527222
94,0.5089244249375109,0.5031846165657043,0.5046990791458472,0.4989713132381439,0.4245656929636021,0.42804935574531555,0.6150466898313862,0.5966343283653259,0.6192720325379732,0.600847601890564,4.225343959513725,4.213285446166992,0.023898806679787492,0.07343973219394684,0.4982251568429633,0.5132829546928406,0.7515731239627356,0.6974254250526428
95,0.5071585362756778,0.5014259219169617,0.5029290599279254,0.49720820784568787,0.42304907637330813,0.42637190222740173,0.6129277053989961,0.5947533249855042,0.6171571863743636,0.5989710092544556,4.2294814491194845,4.217700958251953,0.023649246618302304,0.07219021767377853,0.49570382278890107,0.5101833939552307,0.749794180292954,0.6967419981956482
96,0.5055127960441087,0.5005561113357544,0.5012780855264058,0.4963347017765045,0.42164583226422575,0.42547717690467834,0.6109355681587509,0.593908965587616,0.6151702786764538,0.5981303453445435,4.23471511215321,4.221394062042236,0.02348466181967165,0.07118966430425644,0.49293499148619885,0.5087760090827942,0.7485178581529718,0.6964658498764038
97,0.5037260133632995,0.5009939074516296,0.4994875466683785,0.4967663884162903,0.42011535728069344,0.4267290532588959,0.6087869459735301,0.5932112336158752,0.613025417296066,0.5974387526512146,4.2384691691523955,4.227545738220215,0.02325447060670922,0.07654227316379547,0.49005601741599497,0.5075376033782959,0.7470355880583437,0.6961072087287903
98,0.5021279989781285,0.4989272654056549,0.4978832238799302,0.49469685554504395,0.4189135066252029,0.4241325855255127,0.6066283783447969,0.5918673276901245,0.6108731457303036,0.5960977673530579,4.244770165739202,4.23042106628418,0.024064970584989222,0.07131126523017883,0.4870658658484047,0.505186915397644,0.7456096788191188,0.6958995461463928
99,0.5011592740430265,0.4993727207183838,0.49691284821190623,0.4951355457305908,0.41827515726912806,0.42495468258857727,0.6052008189993062,0.591778039932251,0.6094472463729649,0.596015214920044,4.246423852429234,4.237166404724121,0.02508671933335425,0.0740504190325737,0.48501092172613813,0.5049428939819336,0.7447278177839419,0.6958707571029663
100,0.49892740235413513,0.4972187578678131,0.4946781531476415,0.49298548698425293,0.416252074083046,0.4224116802215576,0.6026747360482083,0.5901690125465393,0.6069239837121636,0.5944023132324219,4.2492444228894595,4.23328161239624,0.024121702971442286,0.06954283267259598,0.48134084645428254,0.5035036206245422,0.7432936764274394,0.6941885948181152
101,0.49681533983348597,0.49691012501716614,0.49256080010618897,0.4926633834838867,0.41442684168233307,0.42216622829437256,0.600155097870416,0.5897414088249207,0.6044096345126364,0.5939881801605225,4.25453929500063,4.246754169464111,0.02375708034527938,0.06968031823635101,0.4777297203086717,0.5009464025497437,0.7417937238304132,0.6958719491958618
102,0.4950087067934361,0.49663931131362915,0.49074848557212697,0.49239182472229004,0.41283436640765664,0.422147661447525,0.5980400552380388,0.5891215205192566,0.6023002718317331,0.5933690071105957,4.260220263103604,4.247472286224365,0.023263829570072312,0.07092686742544174,0.47465627749246764,0.5006813406944275,0.7405830017237156,0.6948347687721252
103,0.49281376865389276,0.49629127979278564,0.48854571318173284,0.49203619360923767,0.4108533544960747,0.4217602014541626,0.5955319046925978,0.588809609413147,0.5997999632498343,0.5930647253990173,4.2680571496703585,4.255100250244141,0.02239158489277042,0.07038027793169022,0.47089720455635137,0.49957647919654846,0.7392712675074166,0.6953238248825073
104,0.4913958562225453,0.49420303106307983,0.48712270933753604,0.48994165658950806,0.40973727609337074,0.41995930671691895,0.5936862357319294,0.5863108038902283,0.5979593934147068,0.5905721783638,4.273147321933202,4.261366844177246,0.022810105245682426,0.07004749774932861,0.46835433871602417,0.4955675005912781,0.7380473725332021,0.6942629218101501
105,0.48990992772111613,0.49346497654914856,0.485632228468094,0.48919761180877686,0.4086730123602616,0.4193763732910156,0.5916088387111011,0.5853449106216431,0.5958865333365083,0.5896122455596924,4.27769617546535,4.2673516273498535,0.02387696039948418,0.07027008384466171,0.46524960330464893,0.49417904019355774,0.736892470670431,0.6936799883842468
106,0.4879282954078525,0.49113762378692627,0.48364579012362136,0.4868670701980591,0.4070215331630769,0.41690948605537415,0.5891611547639772,0.583202064037323,0.5934436589997643,0.5874726176261902,4.282504789365529,4.270565032958984,0.02390029139400999,0.06712163239717484,0.46173109652250827,0.49131447076797485,0.735433216476749,0.6922923922538757
107,0.4860648457284789,0.48896482586860657,0.48178275007252935,0.4846947193145752,0.4054665129362115,0.414336234331131,0.5868739147828361,0.5815817713737488,0.5911560166089389,0.5858519077301025,4.28209459584009,4.270110130310059,0.023885378792574664,0.06254404038190842,0.45871671551015275,0.4880439341068268,0.7337974364392149,0.6924207806587219
108,0.48443390247651164,0.4905184209346771,0.48015152340324796,0.4862557053565979,0.4042522915572326,0.4174152910709381,0.5846684450472698,0.581052303314209,0.5889508272056101,0.5853150486946106,4.282382405917749,4.262724876403809,0.024756188759353544,0.07321317493915558,0.4557686255159428,0.4865039587020874,0.7322320685760724,0.6925287246704102
109,0.48287660765638246,0.4890393912792206,0.4785947955262068,0.48476967215538025,0.40282001892564945,0.414590448141098,0.5829403636381302,0.5814098119735718,0.5872221778049385,0.5856795310974121,4.281809664717388,4.269718170166016,0.023946199514155584,0.06369428336620331,0.45378194355887536,0.4872317612171173,0.7307319161480272,0.6928452849388123
110,0.481122713386892,0.48794862627983093,0.476842011763796,0.4836791753768921,0.4012148214938715,0.41383835673332214,0.5809843527658527,0.5798534154891968,0.5852650548830429,0.584122896194458,4.280700392054007,4.269458770751953,0.023078921187354204,0.06463436782360077,0.4512405799098503,0.4852199852466583,0.729324965066289,0.6916607022285461
111,0.47931011947262786,0.48754340410232544,0.4750293357816728,0.48327624797821045,0.3997320966517159,0.4143952429294586,0.5787173268817187,0.5781287550926208,0.5829981172369214,0.5823959112167358,4.280783373095755,4.2671427726745605,0.023245906071670375,0.06999016553163528,0.44849388332102785,0.48306000232696533,0.7274564784208484,0.6901355385780334
112,0.4780949458654622,0.4883979856967926,0.4738162605809722,0.48413342237472534,0.39881865359056445,0.41546177864074707,0.5770916396242088,0.5786976218223572,0.581370314605025,0.5829622149467468,4.278686254650197,4.264573574066162,0.02383063289420088,0.07210371643304825,0.44671698475578175,0.48382043838500977,0.7259083255986862,0.6904612183570862
113,0.47633099539097723,0.4840766191482544,0.4720498830067981,0.4798026978969574,0.39738373518038317,0.410656213760376,0.5748688272026161,0.5750207901000977,0.5791499411293335,0.579294741153717,4.281114329898401,4.273928165435791,0.02405301982810321,0.0649237260222435,0.4438695437118586,0.4780179560184479,0.724228636412499,0.689026951789856
114,0.4743998146495788,0.4845208525657654,0.47010999884240984,0.48023974895477295,0.39565820127327916,0.41159066557884216,0.572633772907689,0.5747729539871216,0.5769235892089523,0.579054057598114,4.289815269305163,4.281101703643799,0.023399264710999384,0.06834524124860764,0.4410535950579722,0.4781731367111206,0.722521738320577,0.6882535815238953
115,0.472227350775163,0.481889009475708,0.46793495716954164,0.47760289907455444,0.39350206760129997,0.4081650674343109,0.5704327086615649,0.5732221603393555,0.574725106400707,0.577508270740509,4.292393496390349,4.286109447479248,0.021337649516469066,0.060976047068834305,0.4385367250736551,0.47586748003959656,0.7206318307588132,0.6876516938209534
116,0.4711228640176871,0.481568843126297,0.46682662690066634,0.4772823750972748,0.3926273520133585,0.4080319404602051,0.5690026518983298,0.5726436376571655,0.5732988921004271,0.5769301056861877,4.2962389817567574,4.2864556312561035,0.021630990265853918,0.06177971139550209,0.4369978789636301,0.474515438079834,0.7192531845080818,0.6878006458282471
117,0.4693782934282552,0.47999638319015503,0.4650816791124109,0.47571152448654175,0.3909959045562289,0.406218558549881,0.5671013996902864,0.5714066624641418,0.5713980124635923,0.5756915211677551,4.296610643639045,4.28485631942749,0.020567084693873743,0.058753788471221924,0.4346334786729392,0.47395020723342896,0.7177871502800311,0.6859517097473145
118,0.4683500240314744,0.4785992503166199,0.4640545005553462,0.4743114113807678,0.39020924885360714,0.40577125549316406,0.5657430211879731,0.568694531917572,0.5700385384939481,0.5729823708534241,4.295520724625516,4.287844181060791,0.020983038874613433,0.06307047605514526,0.43329559739572143,0.4692225456237793,0.7163491084707733,0.6850206851959229
119,0.46706251271620386,0.47815197706222534,0.46276653596278006,0.47386905550956726,0.3892036048907092,0.4048193395137787,0.564066309582787,0.5689539909362793,0.5683622812145016,0.573236882686615,4.295974080494141,4.282913684844971,0.02138897993824427,0.05957062914967537,0.43117001309261793,0.4694797396659851,0.7150518237893706,0.6854075789451599
120,0.4654645921004913,0.4790441691875458,0.4611719998328058,0.4747620224952698,0.38776102257170175,0.40541449189186096,0.5622625041962441,0.5702568292617798,0.5665550949213912,0.5745390057563782,4.2925903992859205,4.282155513763428,0.02070620765828961,0.058677151799201965,0.42910705632735396,0.4716479778289795,0.713469807743978,0.6859184503555298
121,0.46410748305901117,0.4780697226524353,0.4598146245347504,0.47378164529800415,0.38661985971211327,0.404658704996109,0.5606073886818892,0.5689672231674194,0.56490024720615,0.5732553005218506,4.292859103676765,4.288064956665039,0.020646052859087872,0.059044249355793,0.42721645258671354,0.46954965591430664,0.7119970672582742,0.6853823065757751
122,0.46275208527098,0.4780830144882202,0.45845439057575754,0.47379082441329956,0.3855073590462766,0.4053945243358612,0.558906008683377,0.5679758191108704,0.5632037064636761,0.572268009185791,4.297694859117137,4.292182922363281,0.020772250186165384,0.06341312825679779,0.4252828028681208,0.46833696961402893,0.7104670214739783,0.6844334602355957
123,0.4616084296092108,0.47769975662231445,0.45730248825105635,0.4734041690826416,0.3847688045571123,0.40476658940315247,0.5571849086339591,0.5679214000701904,0.5614908535712844,0.5722169876098633,4.305942970396197,4.295581817626953,0.022100469919981332,0.06157891824841499,0.423379502868151,0.4683753550052643,0.7088264538795419,0.684345543384552
124,0.46048840277839953,0.47803589701652527,0.45618383254399436,0.4737338125705719,0.38374479236122666,0.40519964694976807,0.555935923840129,0.5681087374687195,0.5602404863618425,0.5724108219146729,4.304566250125069,4.302095890045166,0.021549621660200583,0.06252878904342651,0.42192898064646894,0.4686834216117859,0.7077557715480741,0.6843867301940918
125,0.4589674306865458,0.47556206583976746,0.4546614301334833,0.47126489877700806,0.3824355387755169,0.4024786055088043,0.5541200382334474,0.5659870505332947,0.5584260408231424,0.5702841877937317,4.306002140045166,4.2971625328063965,0.021306102774552232,0.05854712054133415,0.41975297920143756,0.4660501182079315,0.7062475290367877,0.6828385591506958
126,0.4582453558814222,0.47574159502983093,0.4539402438906875,0.47144776582717896,0.38207065403533763,0.40364551544189453,0.5529081783842279,0.5648148655891418,0.5572132919175009,0.5691086649894714,4.305113772944887,4.293822288513184,0.022722716848834826,0.0646340623497963,0.418576849504757,0.46460503339767456,0.704912377546251,0.6816973686218262
127,0.4565954429511353,0.4758470952510834,0.45229278241532367,0.4715474843978882,0.38074302754082084,0.40398263931274414,0.5508202741949172,0.5645875930786133,0.5551229439859587,0.5688872337341309,4.302662792737986,4.299618721008301,0.022994347586263734,0.06615842878818512,0.4159692455244315,0.4642593562602997,0.7032654975475785,0.6815301775932312
128,0.45502791149723254,0.4736916124820709,0.4507195137311609,0.46938952803611755,0.37933430737249774,0.40160974860191345,0.549020431637523,0.5627256035804749,0.553328826318518,0.5670276880264282,4.308395241514854,4.302080154418945,0.022408300690621052,0.06271091848611832,0.41391602019959023,0.4613219201564789,0.7016785893178015,0.6807964444160461
129,0.45391859825786385,0.47609156370162964,0.44961033894665753,0.4717918336391449,0.3784278067340265,0.40370258688926697,0.5476321705044208,0.5655540823936462,0.5519404231513795,0.5698538422584534,4.308260074666382,4.299731254577637,0.022515202704116586,0.06325642019510269,0.41266552759865444,0.4655788540840149,0.700102688376353,0.6822724938392639
130,0.45230202393111457,0.4728349447250366,0.44799282003210666,0.4685296416282654,0.3769443042838424,0.401262491941452,0.5458300763231224,0.5611598491668701,0.5501392802221303,0.5654651522636414,4.309206242798505,4.305310249328613,0.02170183133669845,0.06492674350738525,0.4106702043298667,0.4593907594680786,0.6984608955485494,0.6794699430465698
131,0.4509053850072721,0.47155705094337463,0.4465940174331465,0.4672514796257019,0.3756269299087378,0.39953842759132385,0.5443191762111277,0.5604955554008484,0.5486305514979449,0.5648010969161987,4.311370766119488,4.305558204650879,0.020791524100040936,0.06097335368394852,0.40880430771472526,0.4586278200149536,0.6972849541861569,0.6790141463279724
132,0.44967121964420714,0.4708734452724457,0.4453612317380469,0.4665749669075012,0.37460967944162943,0.39861106872558594,0.5427895806069997,0.5601645708084106,0.5470995685131599,0.5644630193710327,4.309990422425846,4.298470973968506,0.020851963202311256,0.05879152566194534,0.4072070400747653,0.4583992063999176,0.6957700273501839,0.6786424517631531
133,0.44859212621281225,0.4703077971935272,0.4442907778709657,0.4660133719444275,0.37373736348896436,0.3982689380645752,0.5414462804770209,0.5593007802963257,0.5457476303614058,0.563595175743103,4.301349063561698,4.294421195983887,0.020970331397234452,0.05954679846763611,0.4056070902016883,0.45739614963531494,0.6946346741960543,0.6778638958930969
134,0.4471713331996117,0.47088974714279175,0.4428700259278479,0.4665892720222473,0.37262743651216157,0.39901086688041687,0.5395975190523998,0.5596480965614319,0.543898827866702,0.5639485716819763,4.301305376755483,4.300485610961914,0.021414492661912962,0.061118971556425095,0.4034088126112949,0.458063542842865,0.6930590054548273,0.677850067615509
135,0.4461931228348469,0.4713391661643982,0.44188565707524874,0.46704310178756714,0.37170658139771795,0.4001573622226715,0.5385256751172706,0.5591480731964111,0.5428331377917921,0.5634441375732422,4.307463955213992,4.296053409576416,0.020811243747235596,0.06572871655225754,0.402307662448563,0.4574396312236786,0.6920008335670768,0.6773037314414978
136,0.4451527788698842,0.46787548065185547,0.44084650143119325,0.46356719732284546,0.3710095082103507,0.396154522895813,0.5370154614107261,0.5563977956771851,0.541321739897861,0.5607060790061951,4.30627656493937,4.308295249938965,0.02182455957116649,0.059091176837682724,0.4007186646096098,0.453593909740448,0.6904852932346913,0.6757785081863403
137,0.44400908840459413,0.46724674105644226,0.4396940160270071,0.4629375636577606,0.3700587914219473,0.3958052098751068,0.5355851064314497,0.5553821325302124,0.5399001726388835,0.559691309928894,4.315071132373,4.30919075012207,0.02188273230126957,0.06014325097203255,0.3991344740672291,0.4516051411628723,0.6891591751618854,0.6756671667098999
138,0.44278206711494145,0.46722403168678284,0.4384741054051712,0.4629204571247101,0.36897261581149027,0.39481019973754883,0.5341810255796862,0.5567114949226379,0.5384889903745331,0.5610150694847107,4.307961867109176,4.3035664558410645,0.021465269677353037,0.054258912801742554,0.3976584169915751,0.45488569140434265,0.6877941803511848,0.6752859354019165
139,0.4412815390306111,0.46775922179222107,0.4369739817189534,0.4634500741958618,0.3676960951179037,0.39589229226112366,0.5323730167159656,0.5564804077148438,0.5366805678574701,0.5607895851135254,4.3075574945449056,4.309154033660889,0.021306747604527554,0.058103498071432114,0.3952114897197526,0.4534967839717865,0.6865700651555229,0.6760766506195068
140,0.4400006676076927,0.46798795461654663,0.4356848543537709,0.4636763334274292,0.366540850739319,0.39662227034568787,0.5308995177955026,0.5560130476951599,0.535215329506886,0.5603246688842773,4.315812429435042,4.311635971069336,0.020820871763024742,0.061352044343948364,0.39366539780109266,0.4536855220794678,0.685136275594166,0.6748292446136475
141,0.4390118420124054,0.467046320438385,0.4346902841650133,0.46273061633110046,0.36590647949316313,0.3959687650203705,0.5294089436265943,0.5546649694442749,0.5337304983889097,0.5589806437492371,4.321555180054081,4.3156914710998535,0.021987532976121493,0.06215941160917282,0.3917983241328044,0.45172983407974243,0.6839335960171457,0.6740169525146484
142,0.4379611725490006,0.46637532114982605,0.43363737732208163,0.4620519280433655,0.36498456777612354,0.3950963318347931,0.5281756472549022,0.5542530417442322,0.5324994445184538,0.5585764050483704,4.323791492915665,4.323385715484619,0.021720558899016792,0.060318443924188614,0.3903919002858435,0.45130500197410583,0.6828412418417539,0.6736655831336975
143,0.43674226446861303,0.46652600169181824,0.43241163956892426,0.4622025489807129,0.363895037855834,0.39604392647743225,0.5267623614985307,0.5533062219619751,0.5310929925683727,0.5576297044754028,4.330620748718114,4.323453426361084,0.021312083935254363,0.06525083631277084,0.38865940922963876,0.4495188593864441,0.6817136242039715,0.6733620762825012
144,0.4354810860660266,0.4657983183860779,0.43115021454097285,0.46147048473358154,0.36292606643997993,0.39513280987739563,0.5250981927062642,0.55282062292099,0.5294290637372238,0.5571484565734863,4.330871174993951,4.32784366607666,0.021805390854186486,0.06344454735517502,0.38671166318127176,0.4485737979412079,0.6802611522620572,0.6733801364898682
145,0.43444519961502115,0.4647390842437744,0.430113721185496,0.46041303873062134,0.36216124748826944,0.39399752020835876,0.5236875884358428,0.5518704652786255,0.5280190653228297,0.5561965107917786,4.331478332730859,4.326055526733398,0.022398917518896562,0.061920005828142166,0.3847135328422227,0.44658222794532776,0.679371301312221,0.6734903454780579
146,0.43255205514505235,0.46383136510849,0.4282157957144127,0.4594917297363281,0.3603278227388449,0.39389753341674805,0.5217008489951208,0.5498181581497192,0.5260371007130689,0.5541577935218811,4.336253003075303,4.339639663696289,0.02088797255880525,0.06592661887407303,0.382151793455046,0.44370386004447937,0.6779436943167576,0.6720621585845947
147,0.43114788229533935,0.4628545343875885,0.42680524383003876,0.45851820707321167,0.3591910592105964,0.3929319381713867,0.5199132643631003,0.5488336086273193,0.5242558977066916,0.5531699657440186,4.342640400511313,4.336331844329834,0.021120187749252405,0.06500072032213211,0.37940722243582437,0.4423748552799225,0.6770457754576683,0.6714202761650085
148,0.42949634039638207,0.46112731099128723,0.4251549043155999,0.4567839503288269,0.35783645931256236,0.3909200131893158,0.5178556777521806,0.5474818348884583,0.5221971148814067,0.551825225353241,4.341433008335112,4.343374252319336,0.021244300749292993,0.061600230634212494,0.37653900582299654,0.438790500164032,0.6757260766098773,0.6723692417144775
149,0.42804026339780066,0.4603411853313446,0.4236957886370386,0.45599955320358276,0.35661341779587774,0.3908403813838959,0.516071487716755,0.5457268953323364,0.520415961429073,0.5500684976577759,4.344474164474555,4.341630935668945,0.021201618728286287,0.06504452973604202,0.37374532828917156,0.4350523054599762,0.674893317823221,0.6724242568016052
150,0.4263905772206468,0.45840883255004883,0.42204185154965373,0.45406314730644226,0.3552783485057621,0.38949474692344666,0.513978443380025,0.5429769158363342,0.5183271644234031,0.5473226308822632,4.348721944027664,4.3456878662109375,0.021460902480596095,0.06665295362472534,0.37050867075868044,0.4306420087814331,0.6738654700214449,0.6711893081665039
151,0.42480074008418345,0.45498883724212646,0.42044635456291907,0.4506426751613617,0.35394510989530437,0.38561320304870605,0.5120218264589028,0.5401914119720459,0.5163762145711496,0.5445375442504883,4.354384666216118,4.346151351928711,0.0214389190145569,0.06046587601304054,0.36760712750903807,0.42652541399002075,0.6727892786589799,0.6698483228683472
152,0.42321960330973546,0.4567148983478546,0.4188678586863816,0.4523659944534302,0.3525013141409376,0.3880936801433563,0.510257821597891,0.5408720970153809,0.5146095651728009,0.5452210307121277,4.35174369503504,4.3489155769348145,0.02066863625126959,0.06673215329647064,0.3652003836978846,0.42701616883277893,0.6716349159133517,0.6705327033996582
153,0.4221950779667857,0.454947829246521,0.41784203859943153,0.45060139894485474,0.3517223827833113,0.3864252269268036,0.5088920224498652,0.5389751195907593,0.5132450607687753,0.5433215498924255,4.3530361140444365,4.3464155197143555,0.02112419491056074,0.06554434448480606,0.3633286987317992,0.42446231842041016,0.6707142621845164,0.6692690253257751
154,0.42142844163981036,0.4517025649547577,0.4170772907611478,0.44734781980514526,0.3514041117796568,0.38235047459602356,0.5075124612810927,0.5368523597717285,0.5118636152448318,0.5412070751190186,4.3511532985195185,4.3547444343566895,0.02303824333185567,0.05736372247338295,0.36172724323286204,0.4213572144508362,0.6694468372850537,0.6683304905891418
155,0.4203033047892813,0.4530598521232605,0.4159463526168141,0.44870656728744507,0.35037071875748826,0.3847951889038086,0.5062471974296122,0.5367156267166138,0.5106041511446178,0.5410689115524292,4.356953342675295,4.353291988372803,0.02249260762163347,0.06523841619491577,0.360272254133533,0.4206203818321228,0.6683472965923437,0.6685267686843872
156,0.4190394335486269,0.45395177602767944,0.4146784502896904,0.4495900571346283,0.3491495597521593,0.38570043444633484,0.5049149310159818,0.5375692248344421,0.5092759158174567,0.5419309139251709,4.360982230256262,4.361706256866455,0.021505123313879417,0.0662522241473198,0.35876737632011046,0.42121782898902893,0.6671761743365826,0.6696311831474304
157,0.4174433729449024,0.45105546712875366,0.4130767827037853,0.4466915726661682,0.34765598982922036,0.3838014304637909,0.5031644113141903,0.5332943201065063,0.5075310046403841,0.5376582145690918,4.36659179830956,4.3639068603515625,0.020552038157481536,0.06935089081525803,0.3567785554046916,0.4157538115978241,0.6656373635121217,0.66629958152771
158,0.41721160394722184,0.4517650604248047,0.41284533587969413,0.4474055767059326,0.3477036832341095,0.38395747542381287,0.5025485908266893,0.5347766876220703,0.5069148588942171,0.5391361713409424,4.366269010018589,4.359493732452393,0.021995441605488733,0.06671712547540665,0.3563457312995588,0.4180493652820587,0.664769873221876,0.6671059727668762
159,0.4160367645235906,0.4495079815387726,0.41167438150753727,0.44514378905296326,0.3466953115814184,0.3809318542480469,0.5011537344022844,0.5335667729377747,0.5055161158757995,0.537930965423584,4.362382261752118,4.364189624786377,0.021800031900568572,0.05987214297056198,0.35452639038293793,0.41587725281715393,0.6637595273732079,0.6670461297035217
160,0.4143627455877573,0.45075833797454834,0.4099997412661912,0.4464031457901001,0.3449951294000651,0.38253772258758545,0.49951427115682545,0.5343488454818726,0.5038772847336215,0.5387040376663208,4.363006499437393,4.3551788330078125,0.019972096243628452,0.06321074813604355,0.35255096796741864,0.4168744683265686,0.6624623198669255,0.667527973651886
161,0.41328813282044563,0.4479067921638489,0.4089309632223818,0.44355231523513794,0.3440838319012572,0.3798559010028839,0.4982286213237749,0.531265377998352,0.502585787836762,0.535619854927063,4.357168933808249,4.354485511779785,0.019848245334255277,0.06137396767735481,0.35129431711967013,0.41258376836776733,0.6611089395503018,0.6656100153923035
162,0.4121583946142609,0.4488344192504883,0.4078024161088529,0.4444836378097534,0.34312080323479216,0.3804968595504761,0.4968721651495877,0.5325965881347656,0.5012281467400723,0.5369473695755005,4.3559791057446295,4.350776195526123,0.01971276860956812,0.06056296452879906,0.3496848153913739,0.4145793914794922,0.6599648194760386,0.6663482189178467
163,0.41120998035352624,0.4494227468967438,0.40685367207029693,0.4450737237930298,0.3422780001857625,0.38126662373542786,0.4957775365858005,0.5329392552375793,0.5001338386988765,0.537288248538971,4.356305096923606,4.3490190505981445,0.019399661136948528,0.06223112717270851,0.34849356355283406,0.4147116541862488,0.6589407695241173,0.666857123374939
164,0.4106810976029214,0.4484539330005646,0.4063227205227321,0.44409531354904175,0.3419492528643919,0.38131722807884216,0.49496811184861905,0.5305437445640564,0.4993264878803643,0.5349023938179016,4.358377943721513,4.358628273010254,0.02008196948494595,0.06742684543132782,0.347710117510924,0.4114029109477997,0.6580556741235134,0.665121853351593
165,0.409714411084005,0.44850748777389526,0.4053520070749692,0.4441486597061157,0.3410879735203345,0.3803236484527588,0.49384671910012534,0.5320388674736023,0.49820912310916116,0.5363976955413818,4.362406638099556,4.358831405639648,0.01976785533509778,0.06119858846068382,0.3466718754472397,0.41302967071533203,0.6568241834013847,0.6667426824569702
166,0.40847949664987054,0.4470074772834778,0.40411038293657253,0.44263744354248047,0.33987807100763023,0.37957677245140076,0.4925614153620592,0.5294750928878784,0.4969305337029722,0.5338451266288757,4.369118557061158,4.37002420425415,0.018716561922474378,0.06427324563264847,0.3450424222511364,0.4106457829475403,0.655875223443617,0.663811206817627
167,0.4074423504271008,0.4471784830093384,0.4030681906371188,0.44280871748924255,0.3390918386956241,0.38011398911476135,0.49116674539197375,0.529142439365387,0.49554090055434075,0.5335121750831604,4.374159108180051,4.3697590827941895,0.01921011199681348,0.06664033979177475,0.34347780905076475,0.4095131456851959,0.6545875844230451,0.6641885042190552
168,0.40670026914098706,0.44595080614089966,0.40232794628517377,0.4415785074234009,0.3383985307237854,0.3781186044216156,0.4903618859777169,0.5289658904075623,0.4947342088335302,0.533338189125061,4.37232373399962,4.372295379638672,0.01875144706152491,0.06081905961036682,0.34293987644475526,0.41003477573394775,0.6535042479989792,0.6635019183158875
169,0.40563635194875236,0.4467649757862091,0.40126362641813107,0.44240233302116394,0.33755892832125917,0.37973394989967346,0.4889880967824699,0.5286997556686401,0.49336082336153525,0.5330623984336853,4.372724104448219,4.36264181137085,0.01903549635845353,0.06639200448989868,0.3410557448333736,0.4088616967201233,0.6525855365187062,0.663948118686676
170,0.4050574577558489,0.44494569301605225,0.4006852280910421,0.44057410955429077,0.33726045625488427,0.3777061402797699,0.48802424253262444,0.5271463990211487,0.49239647528250785,0.5315179824829102,4.37222604562626,4.371596813201904,0.020136637309640708,0.06336629390716553,0.34022386089491546,0.40626999735832214,0.6514208696412018,0.663482129573822
171,0.40399764166686203,0.44597890973091125,0.3996245544471579,0.4416152238845825,0.33616928204900093,0.379439115524292,0.4870055788834954,0.5272347927093506,0.49137866147558457,0.5315984487533569,4.373087097843601,4.363678455352783,0.018892950514309618,0.0685584768652916,0.3391168502434709,0.40586891770362854,0.650498057949461,0.6638899445533752
172,0.40313760394564147,0.4441834092140198,0.39876937587830974,0.43981674313545227,0.3355160266630957,0.3768256604671478,0.48587231591699387,0.5265586376190186,0.4902405455268639,0.5309253334999084,4.368232352406786,4.366675853729248,0.01924932248486689,0.06187017634510994,0.33807807231643544,0.4045852720737457,0.6492206848829418,0.6640214920043945
173,0.4022186349819799,0.44472235441207886,0.3978489553378846,0.44035983085632324,0.334736167046882,0.3775996267795563,0.48475834688723834,0.5267836451530457,0.4891280219037187,0.5311461687088013,4.369679430742954,4.362514495849609,0.019172258342187318,0.06379877775907516,0.33669775527978396,0.4052375853061676,0.6483384791145526,0.6637625694274902
174,0.40140216713533966,0.44391536712646484,0.39703267026998423,0.4395506978034973,0.33407368957152794,0.37647995352745056,0.48373025671412867,0.5264021754264832,0.4880997551220224,0.5307668447494507,4.369496321225041,4.364659786224365,0.019278843597547755,0.061126288026571274,0.3359562021081765,0.40507927536964417,0.6469860296233965,0.663234293460846
175,0.4004674040856653,0.4433179199695587,0.39610185129797704,0.43895602226257324,0.3331569319450079,0.37660202383995056,0.482780082007434,0.5248205065727234,0.4871456378801988,0.5291823744773865,4.365553354763859,4.361893653869629,0.018432368981937047,0.06483195722103119,0.33475317109754293,0.402530699968338,0.6462852592609019,0.6624433398246765
176,0.39962998936400934,0.4436597526073456,0.3952577450932928,0.43928709626197815,0.33255849250212305,0.37776055932044983,0.4815976796148279,0.5240122079849243,0.48596992388554444,0.5283848643302917,4.372245705277149,4.3726701736450195,0.019062259563256554,0.07012789696455002,0.33335366655928955,0.40087890625,0.6452595562863533,0.6622748970985413
177,0.3985992063889849,0.4420335292816162,0.3942217722962947,0.4376594126224518,0.33162882154015844,0.37521401047706604,0.4804153310664501,0.5236498117446899,0.4847927697867553,0.528023898601532,4.377434319250505,4.374101638793945,0.018664125631025964,0.06298709660768509,0.33245032094193044,0.40145987272262573,0.6437720239668591,0.6611950397491455
178,0.39765273936595985,0.4398547410964966,0.39327591429873127,0.43548333644866943,0.3309922796413092,0.37295031547546387,0.4790435273710938,0.5215943455696106,0.48342035398086075,0.5259657502174377,4.376825603935528,4.371410369873047,0.019574131511582618,0.06028531491756439,0.3305460809094675,0.3990843594074249,0.6428566285824419,0.6594813466072083
179,0.39669526754918005,0.4397037625312805,0.39231784092815986,0.4353300929069519,0.3301108914423317,0.37359365820884705,0.4779798607328764,0.5203441977500916,0.48235728581135834,0.5247178673744202,4.37742545428278,4.373676300048828,0.019076166944137673,0.06491145491600037,0.32971083326133405,0.39533674716949463,0.6415456724321124,0.6605327129364014
180,0.3959744697850193,0.44129377603530884,0.3915964193880148,0.43691813945770264,0.3295004064382159,0.37482765316963196,0.4771056721989462,0.522419810295105,0.48148371642579735,0.5267954468727112,4.378049680591834,4.3756232261657715,0.01902037535994052,0.06437524408102036,0.3285348301853576,0.39807653427124023,0.6409460171436521,0.6620311737060547
181,0.39536317371907526,0.4382455050945282,0.390976130986474,0.43386122584342957,0.3290999753124262,0.37184545397758484,0.4761826261257383,0.5192599892616272,0.4805696704008779,0.5236442685127258,4.387042990397982,4.3842902183532715,0.01971921776419485,0.0617666058242321,0.32775192238086154,0.3945809006690979,0.6398287763780686,0.6591888070106506
182,0.3944941893961089,0.43725061416625977,0.3901107389339782,0.4328766465187073,0.32835573274935975,0.37121713161468506,0.4751503880188815,0.517784833908081,0.4795338420601832,0.5221588015556335,4.383451101030842,4.373960971832275,0.019580749669057658,0.06291957944631577,0.32678166950129806,0.3922734260559082,0.6387047873688669,0.658458411693573
183,0.3934071382866955,0.4358983337879181,0.38902630157139056,0.4315185546875,0.32736237741798896,0.3698926270008087,0.4739405118739417,0.5163804292678833,0.47832134704670826,0.5207602381706238,4.380833495448969,4.37978458404541,0.019042824738833328,0.06176305562257767,0.32537430734514855,0.38971713185310364,0.6376700056886268,0.6581977009773254
184,0.3926105432745613,0.43512722849845886,0.38822714165546035,0.4307509958744049,0.32681250088956254,0.3691982328891754,0.4727981127783493,0.515512228012085,0.477181512854912,0.5198884606361389,4.383402318063652,4.376229763031006,0.019739310066955704,0.06143444776535034,0.32408095534109077,0.388949990272522,0.6366172415063875,0.6572102904319763
185,0.39143761888815237,0.43269774317741394,0.38705567899282484,0.42831531167030334,0.3257080994657886,0.36666154861450195,0.4715342824511137,0.5132155418395996,0.4759162223464412,0.5175979733467102,4.3819404176695835,4.382421970367432,0.01897023604965094,0.0583927258849144,0.3227554466191256,0.38524767756462097,0.6353986088534478,0.6563441753387451
186,0.3905982711249597,0.4344784617424011,0.38621432155527374,0.4300987720489502,0.3250019122148592,0.36907505989074707,0.4705068002670726,0.5141313672065735,0.47489074829422023,0.5185110569000244,4.383949760093025,4.379692554473877,0.018939889300866163,0.06395662575960159,0.32157314805863024,0.38603925704956055,0.6344926995012474,0.6572293043136597
187,0.3895559377435051,0.43175071477890015,0.385169472884322,0.4273677468299866,0.32407867461382694,0.3659692704677582,0.4692944976129466,0.5119163990020752,0.4736809609295914,0.5162993669509888,4.386462277745217,4.382956504821777,0.018624684973358143,0.05897703021764755,0.3204561025928593,0.3829338848590851,0.6331552260808023,0.6559969186782837
188,0.3891764341748489,0.4318135678768158,0.3847851442799026,0.4274287819862366,0.3238606816643508,0.36613547801971436,0.46868112230175574,0.511832594871521,0.4730724106541636,0.5162173509597778,4.391287627993351,4.384774208068848,0.019238368204722894,0.05966904014348984,0.3198126271288741,0.3832342326641083,0.6325310338522036,0.6555031538009644
189,0.38792797324149364,0.43116578459739685,0.3835361877458567,0.42677807807922363,0.3227510378879427,0.3653603792190552,0.467240304718893,0.5113531947135925,0.47163209021452995,0.5157408714294434,4.391785065365185,4.387699127197266,0.01882535061699945,0.058271925896406174,0.3182016810303606,0.3821864128112793,0.631226090540348,0.6556227803230286
190,0.3865339628632041,0.42828086018562317,0.3821417232105426,0.4238899052143097,0.3213862597315696,0.3630572557449341,0.46580498935816694,0.5076594352722168,0.47019723104746103,0.5120503902435303,4.392238341214635,4.390964984893799,0.01760895032581775,0.05889404937624931,0.3166643128166592,0.37639784812927246,0.6298855142317655,0.6538798809051514
191,0.38576392360028594,0.4290230870246887,0.3813683811923149,0.42462918162345886,0.3207551678616269,0.36401835083961487,0.4648357383451913,0.5080932974815369,0.46923127921062396,0.5124872326850891,4.395541289245075,4.3939056396484375,0.017689130014411917,0.060964420437812805,0.3156595082597312,0.37744957208633423,0.6289168618441688,0.6536411643028259
192,0.38511234589351895,0.42819279432296753,0.3807149272528053,0.42380160093307495,0.3202554862049973,0.36322176456451416,0.4639705356633764,0.5072230100631714,0.46836795430409006,0.511614203453064,4.397421199784701,4.391201019287109,0.017958328678444768,0.06032253056764603,0.31487473359823326,0.37645190954208374,0.627933405547599,0.6528908610343933
193,0.3840093450704375,0.4279704988002777,0.3796118233929845,0.42357972264289856,0.31922906360016917,0.36300018429756165,0.46276182724404713,0.5070006847381592,0.4671593489215001,0.5113914608955383,4.397517978638905,4.390780448913574,0.017315311432698214,0.060102421790361404,0.3136931431833376,0.3757293224334717,0.6266787392959101,0.653168797492981
194,0.383242212636626,0.42753666639328003,0.3788461453920427,0.42314833402633667,0.3186166257666423,0.36253952980041504,0.4617851484872723,0.5066094994544983,0.4661812141893173,0.5109978318214417,4.396066042463933,4.388333320617676,0.01746905331296136,0.05949584022164345,0.3126710561716841,0.37539759278297424,0.6257097672654509,0.6527252197265625
195,0.3825453550792444,0.4272031784057617,0.3781568225318008,0.422821044921875,0.31801198622354165,0.361918181180954,0.46097920057120906,0.5066872239112854,0.46536773157611433,0.5110693573951721,4.388532129704976,4.382122039794922,0.01728783796356484,0.05740392953157425,0.31199509428427663,0.3765626549720764,0.6247530262623535,0.6517879366874695
196,0.38189604855528547,0.4247954785823822,0.3775059294469242,0.4204045534133911,0.3174483463366987,0.36000391840934753,0.4602081529582217,0.5035791397094727,0.46459827206658294,0.5079700350761414,4.3901169648114555,4.3909125328063965,0.017160463556978707,0.05800080671906471,0.311428312451744,0.37072834372520447,0.6237562670189024,0.6512826085090637
197,0.3809895514959851,0.42669975757598877,0.3765928344932877,0.4223133325576782,0.31671230576320836,0.3617832660675049,0.4590512451930804,0.505666196346283,0.46344796219577783,0.5100526213645935,4.396714745963869,4.386416912078857,0.01730971883348232,0.059132929891347885,0.31014266123281914,0.37478941679000854,0.6226845373039153,0.6514273881912231
198,0.38021445188790354,0.42519161105155945,0.3758176416941996,0.4207993149757385,0.31623128990484933,0.3603020906448364,0.45787094623224,0.5041069984436035,0.4622677559318496,0.508499264717102,4.396809026677262,4.392283916473389,0.018299580986652596,0.05781601369380951,0.30900995045888296,0.37188491225242615,0.6213843441183057,0.6512053608894348
199,0.38024910796377953,0.4253643751144409,0.3758532308490952,0.42097175121307373,0.31634357026893023,0.3600285053253174,0.45780092956226365,0.5048935413360596,0.4621968066769479,0.5092861652374268,4.395877208779131,4.392630100250244,0.018795327976755753,0.05531234294176102,0.3090528784447048,0.3743681013584137,0.6211825089082513,0.6504051089286804
200,0.3797637553794443,0.4246295392513275,0.37536273027208716,0.42023277282714844,0.31591227568695046,0.36014750599861145,0.457228903906865,0.5029730796813965,0.4616299290142221,0.507369875907898,4.401027951701373,4.396778583526611,0.01866008175986646,0.0597212016582489,0.30885623957625874,0.3709888756275177,0.6202205194426219,0.6497324705123901
201,0.3804360937840824,0.4273410439491272,0.37603021232020356,0.42293256521224976,0.31694825367796436,0.3624750077724457,0.4573889382807195,0.5061855912208557,0.4617948212871366,0.5105940699577332,4.405882212973972,4.4084672927856445,0.021538528045462395,0.06018705666065216,0.30929304999809637,0.37601760029792786,0.620013192506922,0.6512202620506287
202,0.38716826966018075,0.4473452568054199,0.3827525544301537,0.44291847944259644,0.32539955175602625,0.3872644007205963,0.4617304468487517,0.5195567607879639,0.46614616362131706,0.5239835381507874,4.415717274757999,4.426767826080322,0.03863455464982861,0.10899423807859421,0.31423792317720545,0.3931429386138916,0.6233261674220775,0.6596560478210449
203,0.40553017601135816,0.43280738592147827,0.4010908947606054,0.4283919930458069,0.348369060765863,0.369219034910202,0.47369143517452167,0.5098760724067688,0.47813071796781276,0.5142914652824402,4.4392822709490405,4.415379047393799,0.08475991739340509,0.0733540877699852,0.3280538664238201,0.3814440369606018,0.6322933926883132,0.6528589129447937
204,0.3898407783987452,0.4314858615398407,0.3854088313513037,0.4270702302455902,0.32748233841779595,0.36656227707862854,0.46517642932385506,0.5103926658630371,0.4696083794563731,0.5148082971572876,4.431950654763709,4.415634632110596,0.03784994819430123,0.06402251124382019,0.3190016563706103,0.3804611265659332,0.6255954207797499,0.6552031636238098
205,0.38108836625974957,0.423818975687027,0.37666750538701044,0.4194152057170868,0.3179136676389198,0.35949909687042236,0.4575744286944786,0.501922607421875,0.46199528802467943,0.5063263773918152,4.420857909619446,4.403773784637451,0.02414447683547245,0.05991857498884201,0.3105399792873083,0.369231641292572,0.6190565354757545,0.6493470668792725
206,0.3767849642329982,0.4245851933956146,0.3723811939015255,0.4201980233192444,0.31345695550028146,0.3597325384616852,0.45352274286713234,0.5034618973731995,0.45792651319860495,0.5078490376472473,4.403771518263024,4.38715934753418,0.018835803489338228,0.05740523710846901,0.30577705748111095,0.3715943694114685,0.6157580059740257,0.6501980423927307
207,0.3747353389756765,0.42309924960136414,0.37033500863721963,0.41871362924575806,0.31139934871585273,0.35799530148506165,0.4514922947474833,0.5023256540298462,0.4558926250859402,0.5067112445831299,4.400330267789342,4.385614395141602,0.016721081555046344,0.054403845220804214,0.303250343776453,0.3699641823768616,0.6142266291960791,0.6496179103851318
208,0.3735077821480519,0.4215744137763977,0.3691092388402389,0.4171857237815857,0.3102927691436132,0.356916218996048,0.45010238477347886,0.5001798272132874,0.4545009280812919,0.5045685172080994,4.398546995540115,4.388675689697266,0.016210447199223883,0.05556875467300415,0.3019337147606851,0.367526113986969,0.6127341365312884,0.6476538181304932
209,0.3723856258069365,0.4231199026107788,0.36798547553572636,0.4187241494655609,0.30928507543651385,0.3582193851470947,0.44881880158024473,0.5020421147346497,0.45321895388808753,0.5064378976821899,4.4001523336803094,4.395763397216797,0.015783101487475467,0.0556955561041832,0.300566070676573,0.3697628974914551,0.6115060497814955,0.6491996645927429
210,0.3715409562744884,0.4215850830078125,0.3671397957370872,0.41719597578048706,0.3085947039635423,0.3565320074558258,0.44775924780712983,0.5007332563400269,0.45216040834453103,0.5051223635673523,4.401162401076709,4.389107704162598,0.015869293542668448,0.053212277591228485,0.29945097099033097,0.3689042627811432,0.6104638490944896,0.6474795341491699
211,0.3709124850204875,0.4206145107746124,0.36651601377547727,0.4162277579307556,0.30803848255321753,0.3560168743133545,0.4470424374563223,0.4991411566734314,0.45143890715879414,0.5035278797149658,4.396469857593417,4.38674783706665,0.015650824796193,0.05496230348944664,0.29902045852348386,0.36601629853248596,0.6094441539933698,0.6470719575881958
212,0.3700461202529679,0.42109668254852295,0.36565068244837673,0.4167126417160034,0.307299750310614,0.3569762408733368,0.44600277002697475,0.49897265434265137,0.4503982078315659,0.5033566951751709,4.39543609333771,4.384055137634277,0.015545116040028641,0.05829409137368202,0.2976357082919558,0.36604103446006775,0.6087184277228677,0.6465935707092285
213,0.369257778676473,0.4203995168209076,0.36486269065449706,0.4160137474536896,0.3067706431568368,0.35610875487327576,0.4448582897459116,0.4985058009624481,0.4492533777678876,0.5028916001319885,4.395089095871891,4.385775089263916,0.01631043084023021,0.05658385530114174,0.2965783973695583,0.3653624653816223,0.6074231079219566,0.6463799476623535
214,0.36865643272986065,0.42041051387786865,0.3642614369589069,0.4160226285457611,0.3061294071331132,0.35571861267089844,0.444312090279359,0.49906426668167114,0.4487070860503128,0.5034521222114563,4.394993975632016,4.387882709503174,0.015469301272043563,0.054198428988456726,0.29613395300993206,0.3658682405948639,0.606784977558119,0.6470891237258911
215,0.36797061468539716,0.4197870194911957,0.363574423555705,0.41540077328681946,0.30558609609366716,0.3559776246547699,0.443427194866438,0.49722936749458313,0.4478233859961302,0.5016156435012817,4.39619137948696,4.386258125305176,0.015644459924941186,0.058861810714006424,0.29527257863105283,0.36318933963775635,0.6058412415509854,0.6458816528320312
216,0.367307950815979,0.4184282720088959,0.36290916256995226,0.4140350818634033,0.3050182254580511,0.3544057309627533,0.4426277894699954,0.4961475729942322,0.44702657771602217,0.5005407929420471,4.398787249354182,4.393202781677246,0.015563591041824762,0.05625900253653526,0.2943594544896991,0.3615557551383972,0.6051316259604352,0.6454024314880371
217,0.3668689067383985,0.4199771583080292,0.36246529765038465,0.4155806303024292,0.30471454127520337,0.35594642162323,0.44199092002277474,0.4976998567581177,0.44639452756825027,0.5020963549613953,4.403605833065158,4.396517753601074,0.01596077176295236,0.05777530372142792,0.2937569042062933,0.3641841411590576,0.6044259417698155,0.6458798050880432
218,0.3662075352148155,0.41912975907325745,0.3618042987823679,0.4147343635559082,0.30424570447994637,0.35491979122161865,0.44106530564736607,0.49710190296173096,0.4454685420798137,0.5014973282814026,4.4032364493191505,4.395400047302246,0.016452732551699822,0.05584714189171791,0.2928609548673618,0.3628433346748352,0.6034234173375973,0.6460689306259155
219,0.36558100806524335,0.41862723231315613,0.3611760299985726,0.4142311215400696,0.303585332834523,0.355029821395874,0.44048123406920414,0.495754212141037,0.44488621213587487,0.5001503229141235,4.4049783024863105,4.396106719970703,0.015631854342461667,0.059023335576057434,0.2924201322310471,0.36079639196395874,0.602704005375402,0.6452697515487671
220,0.36513195119066083,0.41937774419784546,0.3607245631006822,0.4149760603904724,0.3032606471732132,0.3555424213409424,0.4398551832265426,0.49681904911994934,0.44426257131652125,0.501220703125,4.407387237919037,4.401682376861572,0.015941087251436455,0.05837439000606537,0.2918962133808074,0.36265525221824646,0.6019446385133329,0.6455976963043213
221,0.36421938449614355,0.41859060525894165,0.3598102279341852,0.4141865372657776,0.3023960386458265,0.3545886278152466,0.43887237221713593,0.4962558150291443,0.44328152723655595,0.5006598830223083,4.409154610647347,4.404068946838379,0.015325133494047611,0.05659899115562439,0.2908519528025902,0.362518846988678,0.6010110353922198,0.644648015499115
222,0.3634223575130244,0.41770467162132263,0.3590083660454679,0.4132937490940094,0.30175885485821874,0.3540576696395874,0.4378437535318343,0.49486473202705383,0.4422577449993908,0.49927565455436707,4.413990942032965,4.410913944244385,0.015511325432844024,0.057877250015735626,0.2893391699984736,0.3598368465900421,0.6004260741791839,0.6444588899612427
223,0.36287461142283534,0.41771262884140015,0.35845726963435404,0.41330426931381226,0.30136342858236614,0.3538099229335785,0.43707828568968754,0.49523088335990906,0.44149562593563046,0.49963924288749695,4.417340863440329,4.408352375030518,0.015894246542222986,0.056338272988796234,0.288931266624244,0.3608947992324829,0.5992647670465493,0.6441966891288757
224,0.36211713761681735,0.41997334361076355,0.3576995142307351,0.4155651330947876,0.300669784674604,0.3557058870792389,0.4362322522279853,0.49799415469169617,0.44064987561406754,0.5024023652076721,4.417624987044221,4.408196926116943,0.015521151374074981,0.056409768760204315,0.2881292951550505,0.3637947142124176,0.5983589055612412,0.6469131708145142
225,0.3616916342659899,0.41835400462150574,0.3572771991258491,0.41394466161727905,0.3003698049577874,0.35431408882141113,0.435641481683074,0.49605879187583923,0.44005591682321477,0.5004681348800659,4.414435513917126,4.409334659576416,0.015832837271849445,0.056161388754844666,0.28747058042475343,0.3620227575302124,0.5978059941007211,0.6447581648826599
226,0.3607312597656751,0.41753557324409485,0.35631880653420295,0.41312703490257263,0.2994709441018789,0.3537302017211914,0.4346010950452347,0.4949193596839905,0.4390135482767069,0.4993278980255127,4.412456020574265,4.408541679382324,0.01523164288188661,0.0567462332546711,0.2864605625100913,0.3597538471221924,0.5967206290941512,0.6446905732154846
227,0.3604105107947202,0.4165097177028656,0.35599441829356304,0.41209787130355835,0.29925761829490755,0.3524443209171295,0.43412377660302465,0.4942437410354614,0.43853986910418175,0.4986555874347687,4.416089837482667,4.411839485168457,0.0155736345977037,0.05417676270008087,0.2861703573404128,0.35971859097480774,0.5960288612263144,0.6434376835823059
228,0.3599334209735607,0.4154864251613617,0.3555129159692324,0.4110715985298157,0.29890913158064664,0.35208025574684143,0.4334590796801517,0.4923056364059448,0.4378795846844799,0.49672046303749084,4.420505397193498,4.414818286895752,0.0158902831591012,0.05712341144680977,0.2853766082632749,0.3566921353340149,0.5954605090295164,0.6424251794815063
229,0.3591127755836683,0.4167191684246063,0.35469272213333103,0.4123022258281708,0.29813987049215773,0.3531668186187744,0.4325687820690632,0.49373459815979004,0.4369888355194004,0.4981515407562256,4.420048519709888,4.416940689086914,0.015375610765218855,0.05748968571424484,0.28448981823971337,0.3578038215637207,0.5945541799622801,0.6442068815231323
230,0.3584865931311552,0.4168931245803833,0.35406838789479816,0.412479043006897,0.2977323301446809,0.35319289565086365,0.43164589390116476,0.4941190183162689,0.4360640991375218,0.49853309988975525,4.4182019877713365,4.414079666137695,0.016052089988194133,0.05676215514540672,0.2835841151297068,0.3586242198944092,0.5935607917676125,0.6441923379898071
231,0.35762005357476223,0.4161220192909241,0.35319983003547306,0.41170772910118103,0.2968738433975369,0.352597713470459,0.4307634755999175,0.4931051731109619,0.4351836991392067,0.49751946330070496,4.420222543098644,4.414299011230469,0.015243915653061853,0.05704755708575249,0.28258640380268196,0.3572002351284027,0.5927912037815105,0.6435453295707703
232,0.35695435680988297,0.414321631193161,0.35253529634448716,0.4099070429801941,0.29636585170134233,0.35045480728149414,0.4298833736248263,0.4917756915092468,0.4343024340902221,0.49619027972221375,4.419062327335973,4.414597988128662,0.015518638671041017,0.053193677216768265,0.2817049116149298,0.3559480309486389,0.5918739985899071,0.6422227621078491
233,0.3566583096137473,0.41408833861351013,0.3522432755107972,0.40967994928359985,0.2961327304519047,0.35150158405303955,0.42951025185052844,0.48979443311691284,0.4339252859534785,0.4942028224468231,4.4150365053571,4.408390045166016,0.015580056885575963,0.06060980260372162,0.28167620700137413,0.3524985909461975,0.5911419375483632,0.6413963437080383
234,0.3558397255491449,0.4152428209781647,0.35142863629513116,0.41083192825317383,0.2954809878984059,0.35178127884864807,0.42847129937564127,0.4921475648880005,0.43288238862965495,0.49655845761299133,4.411090413713282,4.410879135131836,0.015742750317189698,0.056528154760599136,0.28022966257628285,0.35621318221092224,0.5904705439122929,0.6426025629043579
235,0.35530932609773674,0.4150936007499695,0.3508904936267353,0.41067129373550415,0.29501199140222845,0.3516274392604828,0.42783793687724025,0.4919775426387787,0.4322567693482417,0.496399849653244,4.418832907539796,4.422321319580078,0.015619489479187863,0.0564081147313118,0.2797977964718044,0.35601407289505005,0.5896186851751356,0.6424600481987
236,0.35482117483069237,0.4164801239967346,0.35039997888970753,0.41206681728363037,0.29459527489197096,0.35300371050834656,0.4272458005713105,0.49339959025382996,0.4316669965122954,0.4978128969669342,4.4211973424773445,4.41331148147583,0.015571752306280278,0.05768827348947525,0.27931976050825386,0.357602059841156,0.5888943010575849,0.643720805644989
237,0.3543199006599113,0.4144146144390106,0.3499035419985875,0.4100072383880615,0.29433080997488253,0.3514631986618042,0.42642991218883114,0.4906252324581146,0.430846270850155,0.4950326085090637,4.416361194460969,4.407384395599365,0.01646718210730893,0.05874296650290489,0.2784766202458861,0.3544272780418396,0.5880486283570323,0.6412193179130554
238,0.35362020960424867,0.41344067454338074,0.3492075744376123,0.40903347730636597,0.29374958253610584,0.3503777086734772,0.4255759296415308,0.48980528116226196,0.42998856480816716,0.49421247839927673,4.412637466078965,4.40720272064209,0.016459670748216658,0.05709898844361305,0.27740752602992536,0.353036105632782,0.5873815543103016,0.6409980058670044
239,0.35309702636402146,0.41486355662345886,0.34868437714582506,0.41045182943344116,0.2931793621687382,0.351907342672348,0.42511749209732935,0.4910704791545868,0.42953014131552575,0.4954822063446045,4.412646391012868,4.411734580993652,0.015654330521828002,0.05918483808636665,0.27718465945472903,0.35430046916007996,0.586699102747262,0.6422366499900818
240,0.3522887038548273,0.4135116636753082,0.3478710509194954,0.4090925455093384,0.2926117719918959,0.3505043089389801,0.4239658035467474,0.48977139592170715,0.4283834569761737,0.494190514087677,4.41765648760489,4.419105529785156,0.016315375320278967,0.05756330490112305,0.2759645343658368,0.35290297865867615,0.5855553990137321,0.6410466432571411
241,0.35186719726899157,0.4144362211227417,0.34744923835672253,0.4100220799446106,0.2922348235234817,0.3513511121273041,0.4234821934040577,0.49081483483314514,0.4279001523163268,0.49522897601127625,4.417960223040984,4.4141316413879395,0.016162794527740457,0.057996317744255066,0.2754431790636466,0.3542632758617401,0.585098504634507,0.6417937278747559
242,0.35205232986206475,0.4151504933834076,0.3476349909778939,0.410736620426178,0.29257608379519423,0.3526165783405304,0.42345379508076725,0.49077069759368896,0.4278711339649381,0.4951845705509186,4.4173403484253475,4.413878440856934,0.01728157346990612,0.06201658397912979,0.27549978680953874,0.3545853793621063,0.5849468930019235,0.6412478089332581
243,0.351813628757429,0.41197526454925537,0.34739329115466167,0.4075547456741333,0.29259939450172584,0.3495452404022217,0.4228471724238899,0.4874367117881775,0.4272675084841189,0.49185723066329956,4.420334851457385,4.420513153076172,0.01862992918939061,0.059497661888599396,0.27508487853982694,0.3496097922325134,0.5840833814482529,0.639528214931488
244,0.3509005565441817,0.4118814468383789,0.34647566993565293,0.40746206045150757,0.29169521644392143,0.34915196895599365,0.421911054218148,0.4877578914165497,0.4263359408266767,0.492177277803421,4.424886111927766,4.419400691986084,0.01779291915657956,0.05760164186358452,0.27412045550910363,0.3500855267047882,0.5831722635949039,0.6397687792778015
245,0.34923147569529883,0.4141849875450134,0.3448047563945818,0.4097634553909302,0.2899633847143888,0.3511486351490021,0.4203240183071718,0.4904790222644806,0.42475073760788884,0.49490055441856384,4.426721038386448,4.421529293060303,0.015756564800809426,0.05807456374168396,0.2724480307564965,0.35398367047309875,0.5816855600523264,0.6413877010345459
246,0.3489566789770531,0.41182252764701843,0.34452687761246603,0.40739893913269043,0.28992769746369695,0.3494873046875,0.4197126218677772,0.4871460497379303,0.4241424232323643,0.4915696382522583,4.4298027405312705,4.423591613769531,0.016931809190460365,0.059929292649030685,0.27183775503144686,0.34883955121040344,0.5810135212013995,0.6396931409835815
247,0.3482787888926434,0.41280949115753174,0.3438489779594983,0.4083859920501709,0.2895106285436887,0.35042718052864075,0.41867555502547554,0.4881981611251831,0.42310536750115896,0.49262166023254395,4.429814306290777,4.4235053062438965,0.017818914055281982,0.06063314899802208,0.2704928364774933,0.350887268781662,0.5802201394894033,0.6397611498832703
248,0.34723414758463594,0.41045552492141724,0.342808299552946,0.40603378415107727,0.2882920427332993,0.3474494516849518,0.41787984890104835,0.48670729994773865,0.4223056969327383,0.4911290407180786,4.425847384402302,4.421753883361816,0.015710783853458095,0.05452776327729225,0.26987210509027976,0.34860876202583313,0.5792932418305721,0.6392118334770203
249,0.34641574591313884,0.41108477115631104,0.34198737728947626,0.40665677189826965,0.2875657163732118,0.3483452796936035,0.4169286637835497,0.4869545102119446,0.42135703240721223,0.49138250946998596,4.428365968086437,4.427995681762695,0.015457440753272681,0.05678793042898178,0.2689729172403495,0.34966591000556946,0.5782667889895827,0.6385819911956787
250,0.34570089092246925,0.4106452167034149,0.34126591612537815,0.40621066093444824,0.2870072160252086,0.3485119640827179,0.41598279921814735,0.48566457629203796,0.42041777401523844,0.49009913206100464,4.434977105306895,4.4345502853393555,0.015713769193848665,0.06001857668161392,0.2678789143686684,0.3473495543003082,0.5774289786309498,0.6381677985191345
251,0.34517444925080704,0.4099574685096741,0.34073843369829093,0.4055272340774536,0.2866312661274117,0.3473476469516754,0.4152466549571593,0.4856434166431427,0.41968266896713713,0.49007365107536316,4.43601745041671,4.430246829986572,0.01609541855306578,0.05644972622394562,0.26705018339058767,0.34736180305480957,0.5767481813197477,0.6382313966751099
252,0.3443502824990025,0.4101577699184418,0.3399175149296345,0.405722439289093,0.28583577334326477,0.3483971059322357,0.4143907372955364,0.48466214537620544,0.4188235048649044,0.4890974760055542,4.432768824415751,4.4353203773498535,0.015427065594818518,0.061770644038915634,0.26609187724736844,0.345726877450943,0.5759883755814244,0.6376938223838806
253,0.34356974264749185,0.409505695104599,0.339131422012478,0.40507441759109497,0.28524115517753557,0.3469059467315674,0.41334095414090727,0.48517516255378723,0.41777927477592114,0.48960644006729126,4.4383239298757635,4.431276798248291,0.01578984447908194,0.05606365203857422,0.2650267367921182,0.34683337807655334,0.5749068794778808,0.6378207802772522
254,0.343042156544958,0.40872669219970703,0.3386050402226354,0.4042918086051941,0.28474724879642754,0.34628334641456604,0.412769856888709,0.4841722249984741,0.4172069732110316,0.48860710859298706,4.437117277153869,4.434894561767578,0.015458303394102636,0.056241363286972046,0.2646408012363528,0.34514254331588745,0.5741426381224136,0.6374661922454834
255,0.3423260943372868,0.4081012010574341,0.3378862932872734,0.4036654829978943,0.2842465398815832,0.34575486183166504,0.4117508693908903,0.4834112524986267,0.4161906704409037,0.4878469705581665,4.43980219930085,4.435718536376953,0.016047790297448298,0.056201785802841187,0.26328501400560006,0.3447461724281311,0.5734068176980641,0.6363165974617004
256,0.3420054024161475,0.4098112881183624,0.33756571371835875,0.405375599861145,0.2840748573790858,0.34788164496421814,0.411225245614019,0.48454758524894714,0.41566493431180773,0.48898327350616455,4.439689022878669,4.435688018798828,0.01662059864078246,0.06041178107261658,0.26283259921791197,0.3463424742221832,0.5727713735442002,0.6368906497955322
257,0.34102726559912777,0.40824469923973083,0.3365928493816748,0.4038153290748596,0.2831822998408986,0.3460715711116791,0.4101417719160937,0.48333144187927246,0.41457618659100837,0.4877608120441437,4.434415827287241,4.429381847381592,0.016129610294026497,0.057352591305971146,0.2617610303366469,0.344804584980011,0.5716562689531683,0.6360574960708618
258,0.33996298493425037,0.40721970796585083,0.33553120107049167,0.40279293060302734,0.28224969053625143,0.34563151001930237,0.40890245105253265,0.48150697350502014,0.41333423491629134,0.48593375086784363,4.4317847109978565,4.426767826080322,0.0158421641966615,0.0598246194422245,0.2602948979766466,0.34197521209716797,0.5706120044221967,0.6350947618484497
259,0.3397824354514968,0.4074692726135254,0.33535504572506236,0.4030430018901825,0.28215641331634106,0.3457382023334503,0.40861218051779286,0.4819544851779938,0.41303957024422727,0.48638075590133667,4.427387116266753,4.426266193389893,0.01616326947589177,0.059214308857917786,0.2601385663093655,0.342938631772995,0.5701674077128092,0.6350616812705994
260,0.33925786960284043,0.405818372964859,0.3348236278247795,0.4013860821723938,0.28174954415379966,0.34415480494499207,0.4079092354293396,0.4801963269710541,0.41234347720740055,0.4846286177635193,4.434240331160025,4.432298183441162,0.016379158082992454,0.05799839273095131,0.25925254367451606,0.3406360149383545,0.5696169301608387,0.6338299512863159
261,0.33861072823628213,0.40540462732315063,0.3341755201061679,0.40097522735595703,0.2812219575692226,0.3432598412036896,0.40709517296634123,0.4804520606994629,0.4115303810964554,0.4848814606666565,4.435205517632731,4.429407596588135,0.016454182217237295,0.05468302220106125,0.25845240550006493,0.34070172905921936,0.5687592935089731,0.6343947649002075
262,0.3375058479266662,0.4055342376232147,0.33307092186414516,0.4011002779006958,0.28023010134407733,0.3442735970020294,0.40583533578877307,0.47935327887535095,0.41027026185129417,0.4837872385978699,4.434929221061092,4.433966636657715,0.016025992393571983,0.060140375047922134,0.25701654068236884,0.3393908739089966,0.5676477620151426,0.6332895755767822
263,0.3371041644284757,0.4057772755622864,0.3326667567230746,0.4013441503047943,0.27997018667401163,0.3438928425312042,0.40523249977424564,0.4804574251174927,0.40966990747964677,0.48489055037498474,4.437410326848568,4.433128833770752,0.016487353099860307,0.056636326014995575,0.25671345718563493,0.3412632644176483,0.5667097464149604,0.6337789297103882
264,0.33616922666223437,0.4064710736274719,0.3317320977224303,0.4020376205444336,0.2790580328977209,0.34455132484436035,0.4042668647121139,0.4811990261077881,0.408703993651918,0.4856324791908264,4.437125726407518,4.433443546295166,0.015687733050322804,0.057119909673929214,0.25557742726691957,0.3415307104587555,0.5659089413337075,0.6350033283233643
265,0.3358082318903703,0.40586617588996887,0.33136731341595693,0.40142637491226196,0.2787523574666171,0.34421947598457336,0.40382067168043345,0.4802030026912689,0.4082615901548468,0.48464280366897583,4.440918982968945,4.439797401428223,0.015677632535011286,0.058185260742902756,0.25509419250334026,0.34098511934280396,0.5654852505015594,0.633488118648529
266,0.335253108116571,0.40558770298957825,0.3308082071335943,0.4011451005935669,0.2782886988037856,0.34444260597229004,0.4031301319623254,0.4792272746562958,0.4075750360303787,0.48366987705230713,4.44490194725595,4.442598819732666,0.015691192819915028,0.060930006206035614,0.2544139896900221,0.33871400356292725,0.5647609167093215,0.6336837410926819
267,0.334282261010273,0.4041745662689209,0.3298335705890956,0.39972779154777527,0.2774589328186453,0.3425634801387787,0.4019560131692134,0.47844576835632324,0.40640470359039077,0.48289254307746887,4.448693146456893,4.446784973144531,0.015585797915315754,0.05674204230308533,0.2534033075378725,0.3381537199020386,0.5633877048692961,0.6327946782112122
268,0.3334296061666784,0.4039919376373291,0.3289797212544405,0.3995400369167328,0.27669913422661274,0.34255337715148926,0.4009726493526363,0.47801345586776733,0.4054225342648742,0.48246535658836365,4.449886313923158,4.45190954208374,0.015296229458456573,0.0576200895011425,0.25226663372991925,0.3376612067222595,0.5625345400601228,0.6323788166046143
269,0.3329706563792439,0.40479883551597595,0.3285146469993722,0.4003431797027588,0.2764182607871147,0.3431924283504486,0.40025390984074,0.47904255986213684,0.4047099192206116,0.483498215675354,4.4560090846683735,4.455667972564697,0.015936354664031958,0.05743871256709099,0.25158800293788997,0.33965855836868286,0.5617304293674541,0.6324799656867981
270,0.3324020001095796,0.4043117165565491,0.3279456099035091,0.39986056089401245,0.27588901931199283,0.3428598642349243,0.39963007991582916,0.4783533215522766,0.40408647012189963,0.48280447721481323,4.456389592043841,4.451160907745361,0.015606095578281975,0.057856347411870956,0.25084860227004846,0.3371785879135132,0.5612123574123081,0.6335446238517761
271,0.33186060248045995,0.40112125873565674,0.32741259999522015,0.3966809809207916,0.2754950095804124,0.34001362323760986,0.398905662392683,0.47471460700035095,0.4033536664204611,0.47915488481521606,4.447998088909169,4.440270900726318,0.015907088288223147,0.056676920503377914,0.2504144207914494,0.33450978994369507,0.5601635222438854,0.6288541555404663
272,0.3311179169772658,0.4048626124858856,0.32667299821894513,0.4004163146018982,0.27487080110695694,0.3430633842945099,0.3980071645394251,0.4793941378593445,0.4024520832977457,0.4838404357433319,4.444918220071141,4.446308135986328,0.01585983692864585,0.05629882216453552,0.24934545749842854,0.33962246775627136,0.559407105871988,0.6332688927650452
273,0.3304604974609611,0.40404337644577026,0.3260084308210867,0.39958932995796204,0.2742516618362092,0.3432309627532959,0.39728004321172755,0.4771974980831146,0.4017321113941402,0.48165154457092285,4.452067558745165,4.45403528213501,0.015467817874401628,0.06143923103809357,0.24873511316657693,0.33704298734664917,0.5585520463919187,0.6312106847763062
274,0.3298161220222748,0.401748389005661,0.32536122771684234,0.39729684591293335,0.2736944322806835,0.34090104699134827,0.3965089443334432,0.47495654225349426,0.4009638370963373,0.4794080853462219,4.454891318789003,4.451530456542969,0.0153604562048229,0.05892224982380867,0.24814318340411806,0.33456113934516907,0.5575796560242356,0.6292198300361633
275,0.3293362482086734,0.4021044373512268,0.32488554111145984,0.3976573348045349,0.27341502233646775,0.3409036099910736,0.39576297644126573,0.47581011056900024,0.400213681995941,0.48025721311569214,4.450707635945075,4.447112560272217,0.016062448823314614,0.057134807109832764,0.24734762874972324,0.3358410596847534,0.5568349912877127,0.6297348737716675
276,0.3285366033331566,0.40272757411003113,0.3240829642923843,0.3982769548892975,0.272684040035355,0.342026025056839,0.3948617974635902,0.47573715448379517,0.39931543650436246,0.4801877737045288,4.453638765332769,4.450629711151123,0.01568943964979497,0.06077160686254501,0.24651026501618944,0.33472853899002075,0.5558524140933724,0.6305779814720154
277,0.3276515291906589,0.4028474986553192,0.323192544591798,0.3983924388885498,0.2718359740504455,0.3422642648220062,0.393913073273164,0.47568365931510925,0.39837205787202484,0.48013871908187866,4.458988608303602,4.4550580978393555,0.015053140577207535,0.06162342429161072,0.24565689774886154,0.3343529999256134,0.5547978879708392,0.6308163404464722
278,0.3276416089098028,0.39999309182167053,0.323183788830965,0.39554065465927124,0.27191543554999403,0.3394278287887573,0.39378282319328056,0.4728107452392578,0.3982406432721184,0.4772631824016571,4.457819096433745,4.452451229095459,0.015573692564907895,0.05886385217308998,0.24563811576612266,0.3307833671569824,0.554534497335282,0.6286363005638123
279,0.3266099427713347,0.40376555919647217,0.3221534042767171,0.3993121385574341,0.27102675632672707,0.34229788184165955,0.392557311265323,0.47782355546951294,0.39701384975994064,0.482276976108551,4.456536055093249,4.453417778015137,0.015393536414738685,0.05722661316394806,0.24437008875851876,0.3383761942386627,0.5533166464600445,0.6312907934188843
280,0.3259526105169049,0.40307337045669556,0.3214984909272416,0.3986166715621948,0.2704653539278707,0.34227195382118225,0.3917736032811245,0.47620606422424316,0.3962277228707878,0.4806627631187439,4.454118722081907,4.456701755523682,0.015299705237156219,0.06054841727018356,0.24365918548590154,0.3353627920150757,0.5524371694178414,0.6309046149253845
281,0.3253157522410359,0.40163975954055786,0.3208618987392328,0.3971879780292511,0.26989328185170947,0.3405148684978485,0.3910481708641723,0.4752296209335327,0.3955020243659754,0.4796814024448395,4.453857239662661,4.451773643493652,0.01505022291982832,0.05714941769838333,0.2429784303173284,0.33460426330566406,0.5516511916005559,0.6297909021377563
282,0.32466494920183375,0.40105098485946655,0.32021102705707544,0.39660152792930603,0.26937256209940935,0.340640664100647,0.39021808714024026,0.473662406206131,0.39467200774246025,0.4781118631362915,4.453922494239668,4.449443340301514,0.015180259860157244,0.06083646044135094,0.2422782442394269,0.332134485244751,0.5506591808685058,0.6289510726928711
283,0.3245760248925008,0.40085694193840027,0.3201228197147332,0.3964037299156189,0.2693507520356161,0.34038421511650085,0.3900384368488676,0.4735453724861145,0.39449164202663517,0.4779985845088959,4.453207024282355,4.453214168548584,0.015490442516679134,0.06028662249445915,0.24224925445512485,0.33231109380722046,0.5503125540457223,0.6285549402236938
284,0.32365212385537795,0.4021221101284027,0.3191986010472783,0.39766934514045715,0.26855429051330204,0.3416193425655365,0.38893830245967054,0.47485294938087463,0.39339182526777017,0.4793057143688202,4.453522974308136,4.452752113342285,0.01533277600655672,0.061369337141513824,0.24116382903046227,0.3336487412452698,0.5491662658856458,0.6298399567604065
285,0.3233784709413477,0.4043639302253723,0.3189248238384025,0.39991357922554016,0.2683096987319966,0.3436377942562103,0.3886243402596384,0.4774080514907837,0.3930779873625836,0.48185840249061584,4.453645854067619,4.450353145599365,0.015234061370325435,0.06225888058543205,0.24102965566102572,0.33768096566200256,0.5486653689377905,0.6309734582901001
286,0.3229569853846476,0.4006960093975067,0.31850635439000824,0.3962475657463074,0.26810054979341696,0.3397493362426758,0.38791761765150323,0.4740484356880188,0.39236824864614267,0.47849687933921814,4.450631248290559,4.4484357833862305,0.016071522305615992,0.0572580024600029,0.24016101569768827,0.33228111267089844,0.5480690997137602,0.6297088265419006
287,0.32217102821086324,0.4012591540813446,0.3177162896174436,0.39680182933807373,0.26728053585604716,0.3412926197052002,0.38716879082121347,0.4732407331466675,0.39162352941463313,0.47769805788993835,4.4547423820865815,4.457335472106934,0.015101794201279646,0.06374656409025192,0.23962066702475396,0.33148181438446045,0.547119147795393,0.6286494135856628
288,0.32165585874643493,0.4003395140171051,0.3172017348304337,0.39588767290115356,0.2668953636398308,0.33974185585975647,0.3864760658927066,0.47320324182510376,0.39093018980870786,0.4776550829410553,4.454122505928407,4.451847076416016,0.01536351351803293,0.05901288613677025,0.23909963091953632,0.3314984440803528,0.5462229333085856,0.6287142634391785
289,0.32084644239680565,0.40210410952568054,0.31639521024606027,0.3976561427116394,0.26624652025095136,0.34099438786506653,0.38545239874336146,0.4756821393966675,0.3899036308941068,0.4801301062107086,4.451230672704416,4.447962284088135,0.015503093183757657,0.057685546576976776,0.23816945217323843,0.33601114153862,0.545067021276032,0.6292864680290222
290,0.3203439868224376,0.3999060094356537,0.3158867725996271,0.39544790983200073,0.2658414452653446,0.33976900577545166,0.3848016196255543,0.472120463848114,0.3892588353909031,0.47657856345176697,4.457216863057607,4.458108425140381,0.015614880294472376,0.06137441471219063,0.23743483096397314,0.33059194684028625,0.5444746430205566,0.6273406147956848
291,0.320033497623331,0.400576114654541,0.3155721033385925,0.39612704515457153,0.26561025253828846,0.3408050239086151,0.3843720233059585,0.4723081886768341,0.388833417590697,0.4767572581768036,4.46139508184517,4.449061870574951,0.015801021123882663,0.06419485807418823,0.23722400104425911,0.3322925865650177,0.543805740234392,0.6259275674819946
292,0.3195395461591303,0.4002223312854767,0.31508478155947867,0.3957744240760803,0.2652319888089092,0.33985722064971924,0.3837345267928085,0.4727751314640045,0.38818929139246017,0.4772230386734009,4.454765856820371,4.447916507720947,0.015968028512462113,0.060271259397268295,0.23663984747657013,0.3321479260921478,0.5430880754137637,0.6271524429321289
293,0.31909163840328975,0.40242165327072144,0.3146353172740134,0.3979610204696655,0.2649407281694362,0.34169575572013855,0.38306722125687004,0.47544097900390625,0.3875235423861464,0.47990161180496216,4.456319532459967,4.4606428146362305,0.016467786949539157,0.0603695772588253,0.23607583808551855,0.3354305028915405,0.542278563499065,0.6292871832847595
294,0.3187022729653653,0.40003085136413574,0.31423807177908064,0.39557209610939026,0.2644570966481295,0.3402276933193207,0.38278891382986746,0.4717840850353241,0.3872531150161521,0.4762428402900696,4.464201946659605,4.458750247955322,0.01555223832659354,0.06350571662187576,0.23577466307624456,0.3305078446865082,0.542044393504336,0.6266695261001587
295,0.3178710530655518,0.40027323365211487,0.31340709368419994,0.3958115577697754,0.26376539603737365,0.3396337032318115,0.38176614155761635,0.473171204328537,0.3862301009389682,0.47763288021087646,4.463955444794071,4.461667537689209,0.015556949198327346,0.058744341135025024,0.23501883480913283,0.33316561579704285,0.5407204084486986,0.6269910931587219
296,0.3170105045472279,0.4013378620147705,0.3125478157233575,0.39687833189964294,0.2629897990209392,0.3411521911621094,0.3807916299346194,0.4736158847808838,0.3852543187584898,0.47807541489601135,4.4626854552559365,4.459522724151611,0.015199736996301142,0.06252159178256989,0.23388051134682936,0.3325275480747223,0.5398891494431286,0.6284074187278748
297,0.31643107975729556,0.40119513869285583,0.31197488023547376,0.3967454135417938,0.2625561436985458,0.3405146896839142,0.38002688362682296,0.47417789697647095,0.3844830831486447,0.47862762212753296,4.456202279494641,4.449726104736328,0.015462519914692127,0.05936117097735405,0.23346543842922857,0.3346831202507019,0.5387404794231195,0.6274998188018799
298,0.3161766538844627,0.3998766839504242,0.3117218626157697,0.39542293548583984,0.2623389150707817,0.33947160840034485,0.379724597248817,0.4724707007408142,0.3841793885175101,0.47692444920539856,4.454791060932435,4.453734874725342,0.015424210204619702,0.05971499904990196,0.23319183383400605,0.3331509530544281,0.5384007018561119,0.6255488991737366
299,0.31579594242394426,0.40224984288215637,0.31133940573698876,0.39779624342918396,0.26207662242725704,0.34131893515586853,0.3791766653309647,0.4755682051181793,0.3836332020179202,0.48002180457115173,4.456535610842213,4.453601837158203,0.015762729799616713,0.058932553976774216,0.23294076995959515,0.33632421493530273,0.5375263606229389,0.6287000775337219
300,0.3152674449704892,0.3983873128890991,0.3108096860629366,0.39392486214637756,0.2615674407169783,0.3387221097946167,0.37861866908568964,0.46994176506996155,0.38307642799324226,0.4744042158126831,4.457756468028228,4.462462425231934,0.015356216586454407,0.06270834803581238,0.2322803255919257,0.3291589617729187,0.5370657739010698,0.6242989897727966
301,0.3149552440720437,0.4001944363117218,0.31049192310873913,0.39573240280151367,0.26145501296818136,0.3395135700702667,0.37801815306084674,0.4731484651565552,0.3824814740241514,0.4776104986667633,4.4633193393974135,4.462027072906494,0.016270482638874158,0.05841955542564392,0.23182380184971077,0.33360862731933594,0.5362707501088276,0.6265125870704651
302,0.31426285883939753,0.39794158935546875,0.3097997403342474,0.3934773802757263,0.26081668285768234,0.33810722827911377,0.37725180458598323,0.4697248041629791,0.38171492309113336,0.47418901324272156,4.4631186343377,4.464207649230957,0.015901416069400535,0.06125646457076073,0.23108404362630708,0.3289538323879242,0.5354645835259064,0.6241113543510437
303,0.3136317552678555,0.40225327014923096,0.3091645869609079,0.3977876603603363,0.260314298987244,0.3416750133037567,0.3764338158568148,0.47505754232406616,0.3809009841637625,0.4795231521129608,4.467167861636139,4.465599536895752,0.016062901837746,0.061111681163311005,0.23037789051006355,0.33474424481391907,0.5345021131498535,0.6291690468788147
304,0.31310021337400407,0.3996577262878418,0.30863243104039634,0.39519304037094116,0.2597970539410973,0.3392433226108551,0.3758811350178246,0.47223857045173645,0.38034891889397066,0.4767032563686371,4.46778199839486,4.464683532714844,0.01562020210590661,0.0594947375357151,0.22995566760196987,0.3331010043621063,0.5338152939377648,0.6251342296600342
305,0.3121989394458643,0.40008047223091125,0.30773207812814446,0.395618736743927,0.2589756120229799,0.3402446210384369,0.37487211916256763,0.47187164425849915,0.3793389804802874,0.4763333797454834,4.466860239003479,4.461737155914307,0.01519329352752489,0.06337393820285797,0.22903717630699102,0.3311329185962677,0.5326963577779545,0.6262269616127014
306,0.31180359443044836,0.3995552957057953,0.3073417829252475,0.3950987160205841,0.2586869122019867,0.3393949568271637,0.37434192071113326,0.47180554270744324,0.37880373221633407,0.4762621223926544,4.461809999394214,4.4565653800964355,0.015412571248355492,0.060876261442899704,0.22840925819759084,0.3315694034099579,0.5322388984440697,0.6257392168045044
307,0.311000279699604,0.40033960342407227,0.3065408481382138,0.3958809971809387,0.2579942371288003,0.3403199017047882,0.3733919007282627,0.4723912477493286,0.37785133228965295,0.47684985399246216,4.459431474526016,4.458598613739014,0.015261199275612397,0.06251464784145355,0.22759209058085195,0.33218881487846375,0.5311294158026606,0.6262562870979309
308,0.31077579891831103,0.39828187227249146,0.306311082897811,0.39381641149520874,0.25777547956236063,0.33845198154449463,0.373146966756523,0.4700559675693512,0.377611682777023,0.4745214283466339,4.464715685190771,4.465470314025879,0.015097508550795934,0.061629768460989,0.22750515136167293,0.32932329177856445,0.5307237768385317,0.6244028806686401
309,0.3101392196370097,0.40009191632270813,0.3056676552645648,0.3956264853477478,0.25721776885538994,0.33952832221984863,0.3723855013313247,0.47287634015083313,0.3768570657037696,0.47734177112579346,4.471565394858527,4.465424060821533,0.014968399720298849,0.05903765931725502,0.22681292605289216,0.3333214819431305,0.529871990239143,0.6262258291244507
310,0.3099685164414771,0.401701420545578,0.30549694691116974,0.3972364366054535,0.2572953456020818,0.34158942103385925,0.3718729346231367,0.4738651514053345,0.37634450415344406,0.478330135345459,4.471567905725278,4.46497917175293,0.016287340723457146,0.0633542463183403,0.22628469075261945,0.3350740671157837,0.5293140062859701,0.6263399124145508
311,0.3095812469033929,0.400337278842926,0.30511676614408884,0.3958774209022522,0.25703043216184907,0.34015557169914246,0.3713340043322644,0.4726092219352722,0.3757984845974741,0.47706907987594604,4.4644824314155995,4.4598517417907715,0.016598784103025514,0.06154625862836838,0.22613815317330357,0.3322092890739441,0.5283543635995774,0.6267111301422119
312,0.3085561927710763,0.3981770873069763,0.3040928993083377,0.39371663331985474,0.2559715916259155,0.33847346901893616,0.3703582833592245,0.4697890877723694,0.3748215768219631,0.47424954175949097,4.463293461196104,4.460461139678955,0.015365091930160482,0.06225789338350296,0.22481119557401694,0.3300655782222748,0.527738488327864,0.6230970025062561
313,0.3081581933605396,0.4000450074672699,0.30369932018597023,0.39559024572372437,0.2556335550423725,0.3395363390445709,0.3698882316463253,0.47277921438217163,0.3743471048208947,0.47723397612571716,4.458872865483292,4.454773902893066,0.01530475896401681,0.05926673114299774,0.22458722425215744,0.3337286114692688,0.5270086924556389,0.6256136298179626
314,0.3074377142751549,0.399732768535614,0.30297193730161875,0.395271360874176,0.2549633210697398,0.33990636467933655,0.3690821613756404,0.4715116024017334,0.3735479383491766,0.4759730100631714,4.465777189491541,4.461417198181152,0.014920249496226218,0.06308166682720184,0.22398517534191,0.3330126106739044,0.5259845325014536,0.6236249208450317
315,0.30708480560967566,0.402311235666275,0.3026154975972097,0.3978467285633087,0.2547177539281984,0.34168490767478943,0.3685730340820163,0.4751843214035034,0.37304234209448234,0.4796488285064697,4.4693108881430925,4.464518070220947,0.015229039573179557,0.06087576970458031,0.22365727119849754,0.3368091881275177,0.5252669482784526,0.6273697018623352
316,0.30681568649294305,0.39817696809768677,0.3023412759806336,0.393713116645813,0.254547553654388,0.33859238028526306,0.3681555745382806,0.4696170389652252,0.37262998505059014,0.4740809202194214,4.474412395170329,4.463866233825684,0.015578962128128883,0.06298884749412537,0.22332654340253685,0.32962825894355774,0.5247371526464392,0.6231600642204285
317,0.30655914737876494,0.3991446793079376,0.3020883121328512,0.39467793703079224,0.25440007128842773,0.3391978442668915,0.36775733942065797,0.4710767865180969,0.3722281746665717,0.4755435287952423,4.4708385394258725,4.466738700866699,0.015958910735660702,0.061797261238098145,0.2230103834348799,0.3316919803619385,0.5242309258189511,0.6241042613983154
318,0.30585498463707417,0.4003506600856781,0.3013867328295185,0.3958894908428192,0.25373701454775566,0.34036263823509216,0.3670027146226618,0.47235268354415894,0.3714709664302175,0.4768138527870178,4.468252192997421,4.461158275604248,0.015488483997651598,0.06272836029529572,0.22221437636484176,0.3329772353172302,0.5235081969052734,0.6253823041915894
319,0.30532042737003284,0.3980471193790436,0.3008581347495402,0.3935927748680115,0.2532745235261771,0.3387828767299652,0.36638310725178935,0.469068706035614,0.370845399872282,0.4735230505466461,4.4622962965543005,4.454354286193848,0.01535647480759515,0.06473349034786224,0.2216725030795698,0.328630268573761,0.5227945913585921,0.6229848861694336
320,0.3044781914689596,0.4019702672958374,0.3000175100658955,0.3975127041339874,0.25257335036836365,0.3424493372440338,0.3653504402108198,0.4733376204967499,0.3698111216138839,0.47779518365859985,4.460684354229104,4.457576274871826,0.015352549314577234,0.0671326071023941,0.22070965636634557,0.33412349224090576,0.5216578370253181,0.6260919570922852
321,0.30421315236608365,0.398928165435791,0.2997506789673305,0.39446577429771423,0.25236012174130645,0.33951616287231445,0.3650098110180464,0.47013407945632935,0.3694722844167995,0.47459647059440613,4.46247132143606,4.462403774261475,0.015407349778361109,0.06476809829473495,0.220291816285637,0.33065831661224365,0.5213812028065029,0.6231220364570618
322,0.3037824300055652,0.4011963903903961,0.2993136179312202,0.3967304229736328,0.25204159195274656,0.3413722515106201,0.3644095260967767,0.47296133637428284,0.3688783381711217,0.47742730379104614,4.468812344578467,4.465972900390625,0.01568145001080419,0.06458138674497604,0.21990624613068724,0.3336552083492279,0.5205370738373273,0.6258801221847534
323,0.30304463619266114,0.39929911494255066,0.2985757800475142,0.39483410120010376,0.2513217529544838,0.3396519124507904,0.36364687409807783,0.4708227813243866,0.36811573024322475,0.4752877950668335,4.468855304849133,4.46502161026001,0.015051682858912029,0.06374086439609528,0.2192397713540683,0.3320525586605072,0.519673809704393,0.6231622695922852
324,0.30296379848380733,0.40028199553489685,0.29848836230402576,0.39581620693206787,0.2512956253440092,0.3405211269855499,0.3634750709763144,0.4719601273536682,0.36795050715609595,0.4764259159564972,4.475438731525574,4.465792655944824,0.0153319554187258,0.06404590606689453,0.21937491271450507,0.33321061730384827,0.5191800017324094,0.624306857585907
325,0.3021796263642895,0.3998390734195709,0.29771095825215366,0.3953770101070404,0.2506213230229658,0.3403458595275879,0.3625556992414361,0.47115764021873474,0.36702436735357197,0.47561970353126526,4.4686674535684245,4.46205997467041,0.015173148385671242,0.0651901364326477,0.21826182200968433,0.3307023048400879,0.5184289956449546,0.6251451373100281
326,0.30198009881566423,0.39895451068878174,0.29751404187142294,0.39449596405029297,0.2505670914609472,0.33926692605018616,0.362162282206103,0.4705490469932556,0.3666283391503443,0.4750075936317444,4.466059636741913,4.458549499511719,0.01583236239600461,0.06312164664268494,0.21796901772319185,0.33005696535110474,0.5178998946372285,0.6246221661567688
327,0.30140439326638785,0.40140947699546814,0.29694419388244664,0.39695584774017334,0.25004680849403876,0.34152325987815857,0.3615241993958295,0.47328922152519226,0.36598439877977074,0.47774285078048706,4.460197838028577,4.453639984130859,0.015559902923837684,0.06436025351285934,0.2174295096854377,0.3341131806373596,0.5171510219043727,0.626096248626709
328,0.3010885171739861,0.40102553367614746,0.29662634982447655,0.39656496047973633,0.24973427719111582,0.34167325496673584,0.3611990257019077,0.4721534848213196,0.36566119305141725,0.4766140580177307,4.462167797327717,4.460579872131348,0.015273927063957983,0.06721483916044235,0.21727351084490126,0.33236438035964966,0.5166553926043698,0.6254405379295349
329,0.30096877141853023,0.4007428288459778,0.2965002721299828,0.3962823152542114,0.249677073477108,0.34122928977012634,0.36097809883249565,0.47209298610687256,0.365446598121043,0.4765534996986389,4.468497124751762,4.460517406463623,0.01556110095076061,0.0659642294049263,0.21712842210675365,0.33268898725509644,0.5163416944796674,0.6250346899032593
330,0.3009400841344285,0.4000491499900818,0.2964732485939702,0.39558589458465576,0.24971912968775736,0.3409450948238373,0.360855947416223,0.47082898020744324,0.36532278295668136,0.47529223561286926,4.466831631473429,4.463244915008545,0.015948594623880617,0.06774107366800308,0.217314241093226,0.33258572220802307,0.5158945614154937,0.6225085258483887
331,0.30031987864432236,0.40255045890808105,0.295845940172841,0.39807939529418945,0.24920729476336376,0.34241554141044617,0.36006962590211805,0.4747312366962433,0.3645435643735994,0.4792023003101349,4.473942292734432,4.471060276031494,0.01601411030374338,0.06409632414579391,0.21652390693080506,0.3359927237033844,0.5150838661449331,0.6271575689315796
332,0.2993814037413044,0.39969688653945923,0.2949087622914775,0.3952323794364929,0.24832492361799502,0.3401043713092804,0.3590569871907479,0.4711464047431946,0.36352962864057475,0.4756109118461609,4.472638668533862,4.464520454406738,0.015405775250070884,0.06446437537670135,0.21561094908833842,0.3323885500431061,0.5139580521803369,0.6234602332115173
333,0.2989351743756158,0.4028646945953369,0.2944628624505376,0.39839500188827515,0.24798336887812739,0.3437759578227997,0.3584674118961152,0.4736081063747406,0.36293972382119344,0.47807779908180237,4.472313303046992,4.4696831703186035,0.015585908411297415,0.07068071514368057,0.21481273786360275,0.3350927233695984,0.5135514564327127,0.6255543828010559
334,0.2984986045415518,0.40126946568489075,0.294023664263738,0.3967984616756439,0.24760634350574215,0.34140631556510925,0.3579425960598424,0.473076194524765,0.36241753633765617,0.47754719853401184,4.474936712814929,4.471012115478516,0.015519769170110253,0.06444557011127472,0.2145559623614526,0.3330421447753906,0.5127433004574018,0.6267312169075012
335,0.2980969440006699,0.4018922448158264,0.293623676870788,0.39742085337638855,0.24726981124654263,0.34204304218292236,0.35745523127042184,0.4736788272857666,0.36192849840030367,0.47815021872520447,4.4732674171796365,4.4713969230651855,0.015500486591131134,0.06515411287546158,0.21422919649683508,0.3332994878292084,0.5120797453262138,0.6276755332946777
336,0.29772978964432306,0.40248510241508484,0.29325711365609913,0.39801767468452454,0.2470942470668734,0.34355589747428894,0.35682563924182054,0.4730142056941986,0.36129831523004446,0.4774816334247589,4.472678564552156,4.467418670654297,0.0162799263262298,0.07124698907136917,0.21357172525126683,0.33373621106147766,0.5114310864634809,0.6256844401359558
337,0.2976099997216567,0.4023515284061432,0.29313953502237,0.39788031578063965,0.2469636737770076,0.34232309460639954,0.35672593843440414,0.4743853509426117,0.3611964015911525,0.47885656356811523,4.470465657010138,4.471210479736328,0.016084413953634635,0.06453701853752136,0.21357870568908086,0.3360321819782257,0.5112279084497168,0.6264001131057739
338,0.2971485063367366,0.39955371618270874,0.2926681525688927,0.39507389068603516,0.2465859344564273,0.34019067883491516,0.35612563813595555,0.47065070271492004,0.36060599190379944,0.47513052821159363,4.4803510508554645,4.47983455657959,0.016174847406613478,0.0657748132944107,0.21301780408493093,0.331007719039917,0.5105651509795553,0.6237895488739014
339,0.29639296695812967,0.39995041489601135,0.2919079757054904,0.39547085762023926,0.24586237951347908,0.34016361832618713,0.35531500644689623,0.47163161635398865,0.35979999769953547,0.47611117362976074,4.484990837021583,4.479543685913086,0.01563444474973372,0.06362760066986084,0.21234003597553375,0.3327583968639374,0.509612664489962,0.624104917049408
340,0.2960757320220298,0.4024845063686371,0.2915886355179117,0.3980005979537964,0.2456030178554522,0.3428712785243988,0.35491308716931325,0.4739164113998413,0.35940018367343135,0.478400319814682,4.487098514527577,4.483908176422119,0.01567493988109886,0.06722444295883179,0.21191728174734636,0.33453625440597534,0.5092168278989163,0.6268530488014221
341,0.2951978671492905,0.39976194500923157,0.29071053958980364,0.39528241753578186,0.24483963682060536,0.3407266139984131,0.3538770243868961,0.4704084098339081,0.35836435194638305,0.4748879373073578,4.487327515717417,4.479529857635498,0.015485134892756163,0.06794764846563339,0.2110310547683483,0.330265074968338,0.5080027157509323,0.6239671111106873
342,0.29476358277856507,0.40055155754089355,0.2902823780357139,0.3960787057876587,0.24444767631502995,0.3413015305995941,0.3533990023061904,0.4715094566345215,0.3578802070490416,0.47598230838775635,4.481203060327538,4.47284460067749,0.015274179506605567,0.06741584092378616,0.21047095887534684,0.33229368925094604,0.5075978902347456,0.6241950988769531
343,0.2941710864224995,0.39916929602622986,0.28969169607829626,0.3947010636329651,0.24388743548970737,0.33972445130348206,0.35276640500320483,0.47040650248527527,0.3572457953474081,0.47487473487854004,4.479389476043417,4.468234062194824,0.014866149464973881,0.06484156847000122,0.21000546394115607,0.33074265718460083,0.506790690175252,0.6235891580581665
344,0.2937430765553616,0.40127915143966675,0.2892679948942699,0.3968130052089691,0.24352684449532522,0.34174928069114685,0.3522558037901137,0.4726385176181793,0.3567308869937437,0.47710466384887695,4.475081523034527,4.466137886047363,0.014821082802494672,0.06643037497997284,0.20958303773133224,0.33284616470336914,0.5061764055979767,0.6259711980819702
345,0.2935690402237452,0.4029308259487152,0.2890955393270014,0.3984641432762146,0.24346138765900616,0.3433494567871094,0.35193600311869316,0.47435978055000305,0.35640950401543703,0.47882646322250366,4.473500546394838,4.466673851013184,0.015290639282637674,0.0677759125828743,0.20941664144137684,0.33480212092399597,0.5056768760500868,0.6274703145027161
346,0.29302690997328107,0.40211254358291626,0.28855015550168767,0.3976360559463501,0.24300773785247332,0.3423881530761719,0.3512642965401612,0.47371500730514526,0.35574105101175457,0.4781914949417114,4.476753599480777,4.476480960845947,0.015295670152364282,0.06614895164966583,0.20888556291157545,0.33366847038269043,0.5048419848126628,0.6273471117019653
347,0.2924733524663796,0.40215829014778137,0.28799581089050624,0.39769136905670166,0.24247748837676358,0.34326979517936707,0.3506767584566062,0.4726325273513794,0.35515430003247955,0.4770994484424591,4.477539345170147,4.466923236846924,0.014885912338641555,0.07116199284791946,0.2082496681738324,0.333426833152771,0.5042968895263726,0.625220537185669
348,0.2924277251469573,0.40241438150405884,0.2879545527385692,0.3979554772377014,0.24254613638141115,0.34303298592567444,0.35048417393321507,0.47358646988868713,0.3549573463416032,0.47804537415504456,4.473173717810372,4.458895683288574,0.01550406492791627,0.06842048466205597,0.2085130637503326,0.33385923504829407,0.5036212781807984,0.6268191933631897
349,0.29244578194386844,0.4009090065956116,0.28797471090651117,0.39643967151641846,0.24262348620625482,0.34118926525115967,0.3504255563442494,0.47252222895622253,0.35489662738160666,0.47699156403541565,4.471069142156123,4.469327449798584,0.015867389449710383,0.06493722647428513,0.208231563431697,0.33194711804389954,0.503771504686277,0.6266834735870361
350,0.29164893091857746,0.4025907516479492,0.28717823705594164,0.39812833070755005,0.241892863967329,0.3433554172515869,0.3495384151521984,0.47355329990386963,0.3540091090148343,0.4780157208442688,4.4706957788540675,4.4624176025390625,0.015466024812945123,0.0694909617304802,0.2077045963509961,0.3334394693374634,0.502507973117381,0.6271358132362366
351,0.2912162236727735,0.40094271302223206,0.2867433282102692,0.3964761197566986,0.24154745862400104,0.3418884575366974,0.3489802683286709,0.4716460704803467,0.3534531653337135,0.4761126637458801,4.4728934719549995,4.466599464416504,0.015568129447154366,0.06895015388727188,0.20709924373942928,0.3315978944301605,0.5019750057373555,0.6251173615455627
352,0.29100164448111054,0.4031493365764618,0.286524477440772,0.39867475628852844,0.24132469043985244,0.34354349970817566,0.3487667951249324,0.4745931327342987,0.35324396216527104,0.47906771302223206,4.477167056053214,4.474576473236084,0.015325780545187729,0.06788727641105652,0.2069462116278958,0.33463090658187866,0.5017020842636639,0.6281123161315918
353,0.2905601684472554,0.40075215697288513,0.286072790152719,0.3962692618370056,0.240990779435302,0.3416471779346466,0.3481529250566264,0.4714865982532501,0.3526403033511628,0.47596949338912964,4.487375259399414,4.482890605926514,0.015580751981738363,0.06853679567575455,0.2063774208621462,0.3318502902984619,0.5010141687647708,0.624554455280304
354,0.2900497295019649,0.40286165475845337,0.2855606349407301,0.39837682247161865,0.24051620206561014,0.3432208299636841,0.3475890357003634,0.4743293225765228,0.35207813026159823,0.47881415486335754,4.489094675575438,4.4848313331604,0.015294037976223498,0.06744074076414108,0.20606780273924943,0.33418622612953186,0.5001867645624626,0.6280354857444763
355,0.2897409781650932,0.4054807424545288,0.28525487598358645,0.4010050296783447,0.24026443358259167,0.3453962802886963,0.3472089182617112,0.4775810241699219,0.3516950189006796,0.48205673694610596,4.486102888182113,4.475714206695557,0.015312227722915666,0.06735245883464813,0.2057637619046706,0.33761975169181824,0.4997173031355946,0.6312165856361389
356,0.28956950394142217,0.4042684733867645,0.28509016063258663,0.3997994363307953,0.24025943014865647,0.3446497917175293,0.34682428061938025,0.47574323415756226,0.35130362392821585,0.4802122712135315,4.479344242842536,4.469042778015137,0.016105778000908393,0.06890157610177994,0.2054786795228298,0.33617326617240906,0.4991938274879471,0.6288745403289795
357,0.2888756848832542,0.4032890200614929,0.2843989904501445,0.3988194763660431,0.23962157480855534,0.3442651033401489,0.3460596807924688,0.4739435017108917,0.3505363752255785,0.47841304540634155,4.4766916943329145,4.469557762145996,0.01573453970807817,0.07149337232112885,0.20468017416134374,0.3330012261867523,0.4984500094844511,0.6283007264137268
358,0.28903551338849837,0.4035477638244629,0.28455630015902705,0.39907306432724,0.23983921909616682,0.3442955017089844,0.34613390407290384,0.4745044708251953,0.35061311575983684,0.4789791703224182,4.47921189594693,4.474710941314697,0.016253843030214817,0.07040765136480331,0.2050160934784805,0.33474695682525635,0.4982477219250344,0.6277319192886353
359,0.2883888524985246,0.4044469892978668,0.28391068806254904,0.39997726678848267,0.2393755212853999,0.34521281719207764,0.34523780448109914,0.4753905236721039,0.3497159689170746,0.47986024618148804,4.47816441331949,4.469722747802734,0.01669969080107153,0.0713907927274704,0.2040549986127702,0.3356408178806305,0.497371879199522,0.6286068558692932
360,0.2880007755500895,0.40386268496513367,0.2835249265605411,0.3993987441062927,0.23898979858184602,0.34455034136772156,0.3448519784696566,0.4749276638031006,0.349327827459205,0.47939160466194153,4.475850886774121,4.463934421539307,0.01631419103573051,0.07030836492776871,0.20378235669402137,0.33560845255851746,0.49687284799996917,0.6277341842651367
361,0.2872442468741718,0.4039871096611023,0.28277111938016114,0.39951884746551514,0.23817252950705933,0.34486258029937744,0.3441855542653975,0.4747833013534546,0.3486586817594082,0.47925156354904175,4.473127057568727,4.468273162841797,0.01517961350722661,0.071581169962883,0.20324253098375633,0.33390936255455017,0.4960954462980578,0.6290972232818604
362,0.2865954123669388,0.40354517102241516,0.28211828113036075,0.39907169342041016,0.23766966587707575,0.3439841568470001,0.34332620222656246,0.47492992877960205,0.3478033334631405,0.47940340638160706,4.477132712401604,4.4734649658203125,0.015426615068558686,0.06854651868343353,0.20244311152972821,0.3342275023460388,0.49513926770684213,0.6291784644126892
363,0.28635220294098984,0.40259668231010437,0.2818699485610672,0.39812543988227844,0.23745335487884595,0.3434862196445465,0.34303379802389566,0.47336626052856445,0.3475160524038183,0.4778375029563904,4.48225561443534,4.4712371826171875,0.015370387128289538,0.0702902227640152,0.20212898979749075,0.3328230679035187,0.49486068688902446,0.6273454427719116
364,0.2865790315258614,0.4039344787597656,0.2820967449092981,0.399458646774292,0.2378275727712332,0.3444441854953766,0.34305756641841834,0.4752163887023926,0.3475398514924433,0.4796922206878662,4.482285437099952,4.4758195877075195,0.016481707924039222,0.06937171518802643,0.2027274764866372,0.3351004421710968,0.49427352675146,0.628860354423523
365,0.28627417143471945,0.40277475118637085,0.28179462995791404,0.398304283618927,0.2374726546965193,0.34309062361717224,0.342828150707558,0.4743361473083496,0.3473076921843634,0.47880661487579346,4.479538639113337,4.470467567443848,0.015862821027775115,0.06702247262001038,0.2024603016852272,0.3334859311580658,0.4940948477651347,0.6287634968757629
366,0.2851838665214859,0.40306469798088074,0.2807095205427132,0.39859840273857117,0.23650936327431785,0.34322336316108704,0.34157530232522826,0.4748525619506836,0.34604964830400103,0.47931885719299316,4.474345367252706,4.466286659240723,0.015508595709430993,0.06634825468063354,0.20096601449402055,0.33515337109565735,0.4930534783737215,0.6281684637069702
367,0.2847213565074043,0.4040164351463318,0.28024996493540455,0.3995506763458252,0.23612195974629369,0.34397923946380615,0.34101637300093357,0.47607529163360596,0.34548776457293334,0.48054105043411255,4.471391287208616,4.465754985809326,0.01548198211050882,0.0661221519112587,0.20066802532649744,0.3351828455924988,0.4922158771374907,0.630632758140564
368,0.28452081118476474,0.4051154851913452,0.2800453957207908,0.40065473318099976,0.23594450830111752,0.345730185508728,0.340774489278211,0.4762885272502899,0.34524990319964666,0.4807492792606354,4.4754197719942646,4.460762977600098,0.015440058074228758,0.07110756635665894,0.20054017412869785,0.3353997766971588,0.491853287284595,0.630683183670044
369,0.2841759112336305,0.40470433235168457,0.279703972193089,0.4002435803413391,0.23565961786888892,0.3450864255428314,0.3403551945236112,0.4761977195739746,0.3448271335641527,0.48065847158432007,4.471939012872223,4.4607462882995605,0.01543788456768882,0.0693005621433258,0.20023951389940942,0.3356333076953888,0.49130145063585373,0.6303253769874573
370,0.28376647968596885,0.406022310256958,0.27929468560787624,0.4015583097934723,0.2353651346017415,0.34641024470329285,0.3397878324435975,0.47749996185302734,0.3442596265216901,0.48196396231651306,4.471790612587503,4.4640021324157715,0.0157174018128435,0.07066991180181503,0.19970592559348027,0.3375890851020813,0.49067207661130097,0.6309717297554016
371,0.28333788700446977,0.4053575098514557,0.27886535932889506,0.40089258551597595,0.23490645003448937,0.3458072245121002,0.3393989378534441,0.4767477810382843,0.3438714655290188,0.48121270537376404,4.472522334728557,4.464928150177002,0.015111897979044645,0.07038053125143051,0.19962768171704157,0.33647212386131287,0.4899797683730089,0.6305690407752991
372,0.2826173700786919,0.40305277705192566,0.2781431937068279,0.3985929489135742,0.23427549557699348,0.3440469801425934,0.33855115970859534,0.4737054109573364,0.3430253376229977,0.47816523909568787,4.474175565598515,4.459819793701172,0.014937009161893312,0.07131708413362503,0.19868061885846272,0.33236968517303467,0.48920885162270605,0.6284541487693787
373,0.2829686624170844,0.4089895784854889,0.27849493640615447,0.4045202136039734,0.2346780602080206,0.3488399088382721,0.3388329282782601,0.48119473457336426,0.34330665428919005,0.48566409945487976,4.473725775692851,4.469356536865234,0.015593675426533239,0.07043837010860443,0.19911556741244582,0.3409944772720337,0.48932493041509373,0.6350868940353394
374,0.2824982154287407,0.40397197008132935,0.2780241422743822,0.39950406551361084,0.2343717677736398,0.3450930416584015,0.3381355977521172,0.47443071007728577,0.34260967090647565,0.4788986146450043,4.474074827626896,4.467905044555664,0.016109922059856466,0.0730380043387413,0.19837524899455924,0.3315577208995819,0.4886301315679176,0.630683422088623
375,0.2822159734564757,0.407687783241272,0.2777399207675115,0.4032176733016968,0.23407397353234582,0.3481081426143646,0.33787005425126165,0.47910621762275696,0.34234610539768756,0.48357632756233215,4.476055350614086,4.470103740692139,0.015744267775704635,0.07256043702363968,0.1983106962965897,0.33884668350219727,0.4881669555990695,0.6329172253608704
376,0.28174772216297095,0.4055769741535187,0.2772700759355134,0.40110528469085693,0.23369723950688578,0.3452916443347931,0.33727200690233605,0.47796329855918884,0.3417496515872553,0.4824349880218506,4.477645946329921,4.471689224243164,0.01583310019102865,0.06622356176376343,0.19788102892382253,0.3380192816257477,0.4873775969716252,0.6316320896148682
377,0.2814621611182332,0.4061238169670105,0.27698341939934246,0.40165063738822937,0.2335210972308534,0.34710583090782166,0.3368331663313541,0.47676146030426025,0.3413119080502448,0.4812346398830414,4.478740690981768,4.473166465759277,0.01620950156636762,0.0743817463517189,0.19769131438938461,0.33490562438964844,0.4866624742541485,0.6320300698280334
378,0.2814228254390351,0.40553221106529236,0.2769390519601442,0.4010535478591919,0.23354831367453918,0.3456418514251709,0.33669023012710014,0.47735822200775146,0.34117400360599104,0.48183688521385193,4.483774868910775,4.478666305541992,0.01659463006691247,0.06858339160680771,0.19760499751211127,0.3372819125652313,0.48644531438382493,0.6310602426528931
379,0.2805382904618846,0.4054584801197052,0.27605269616111977,0.40098926424980164,0.23273921692559366,0.3460036516189575,0.33569746111695503,0.47670719027519226,0.3401830559118142,0.4811764061450958,4.485593756056005,4.4692206382751465,0.016171867429330383,0.07107550650835037,0.19677325173929255,0.3358522355556488,0.48527253568292966,0.6310831904411316
380,0.2802585520895685,0.40423089265823364,0.2757796837620247,0.3997608721256256,0.2325189884524571,0.3446267545223236,0.3353517831962599,0.4756833016872406,0.3398306515238037,0.48015332221984863,4.478868674422101,4.47000789642334,0.01621554576062356,0.06895599514245987,0.19632189695863073,0.3341822326183319,0.48501952999379533,0.6307419538497925
381,0.27969446897603123,0.4065098166465759,0.2752143527831908,0.40203291177749634,0.23192790364549076,0.346996545791626,0.3348219164990241,0.47782066464424133,0.33930203269186454,0.4822975695133209,4.480120238725637,4.476906776428223,0.015495680698132978,0.07181479036808014,0.1961763043407,0.33706018328666687,0.4841117181254455,0.6321146488189697
382,0.27883091659329945,0.40524014830589294,0.2743503248407153,0.40077149868011475,0.23112777541318116,0.3453289270401001,0.3338699048340586,0.47711867094039917,0.3383504965866427,0.48158732056617737,4.480590359671994,4.468638896942139,0.015015021985599352,0.0681159719824791,0.19511749690305932,0.3364536166191101,0.4832508102559484,0.6314171552658081
383,0.2785560752258,0.40642863512039185,0.2740772233720834,0.4019581079483032,0.23095947140100945,0.346901535987854,0.3334524977486769,0.4777737259864807,0.33793134960239346,0.48224425315856934,4.478854404014467,4.470540523529053,0.015370722474839902,0.0716187059879303,0.19490411197951193,0.33640408515930176,0.4826035832423601,0.6326818466186523
384,0.27807801377421393,0.4055703282356262,0.27359400097291287,0.40109938383102417,0.23049577536777693,0.3460732400417328,0.33294237712063,0.47687312960624695,0.3374263899219311,0.481344074010849,4.484012602410044,4.470936298370361,0.01500467400586634,0.07094257324934006,0.19426184977011984,0.33669471740722656,0.4822208069014829,0.6305823922157288
385,0.27763006884078967,0.40606293082237244,0.2731527262282574,0.40159928798675537,0.23017513731496805,0.34646663069725037,0.3323349737465454,0.47751957178115845,0.336812317901616,0.4819832146167755,4.477343716218411,4.463643550872803,0.015287206514621378,0.07080353051424026,0.19403446174395794,0.3373241424560547,0.48120373841774305,0.6312722563743591
386,0.27700495752447585,0.40705448389053345,0.27252805799402496,0.40258079767227173,0.2295942177270715,0.34710559248924255,0.3316500501935414,0.4789728820323944,0.3361269497239922,0.48344656825065613,4.476896729490509,4.473695755004883,0.014925067054293823,0.06972962617874146,0.19326758231053312,0.3375079035758972,0.4805900094675912,0.6340792775154114
387,0.27668381436267364,0.4067607522010803,0.272200852994055,0.40228623151779175,0.22930322771871614,0.3474459648132324,0.3312729790391008,0.47780394554138184,0.33575594040771944,0.4822784662246704,4.482964179605498,4.474523067474365,0.014815137077995123,0.07324466854333878,0.19305372458693956,0.33564066886901855,0.48004082282737737,0.6334525346755981
388,0.27638611349315234,0.40733468532562256,0.2719065644603194,0.4028675854206085,0.22909313066739376,0.34780943393707275,0.330862751385002,0.47868531942367554,0.3353422988752966,0.4831524193286896,4.479543832839861,4.467087745666504,0.015025979158002694,0.0725187212228775,0.19293026080196124,0.33854520320892334,0.4793231523427412,0.6323643922805786
389,0.2761478048199061,0.4069393277168274,0.2716732470192892,0.40247613191604614,0.22890288528887984,0.3478828966617584,0.3305701351435716,0.4776536822319031,0.3350446929441885,0.4821168780326843,4.4745584802978495,4.463200092315674,0.015051085896582146,0.0749167874455452,0.19265250480228044,0.33601346611976624,0.4790050598035397,0.6327185034751892
390,0.27604862572787214,0.4049786925315857,0.2715736091305648,0.40051302313804626,0.22897600960717046,0.3459561765193939,0.33023259212408673,0.4756404459476471,0.3347076071788558,0.4801061153411865,4.47501580241813,4.4656782150268555,0.01598800570518381,0.07317186146974564,0.1926093995812158,0.33390432596206665,0.4783306210763147,0.6307923197746277
391,0.27565277187967896,0.40726715326309204,0.2711756497296157,0.40279698371887207,0.2285215781795993,0.34802010655403137,0.3299123913447384,0.4782274067401886,0.3343895134948016,0.48269757628440857,4.477120134544141,4.470178604125977,0.015251228839665157,0.07413574308156967,0.19246259915578043,0.3366338014602661,0.4778509019021799,0.6332907676696777
392,0.27578587737875915,0.4102952480316162,0.2713068622690533,0.4058237075805664,0.2287357044615246,0.34999167919158936,0.3299294443348377,0.48270705342292786,0.3344084594445435,0.48717859387397766,4.479015851088299,4.471535682678223,0.01587991381430862,0.0708317831158638,0.19234106337498713,0.3423652946949005,0.4779861310065347,0.6367779970169067
393,0.27551398135562005,0.40489423274993896,0.2710291294496261,0.4004096984863281,0.2285619561688118,0.34537580609321594,0.32950851264580316,0.47619402408599854,0.3339933645517972,0.4806785583496094,4.484852578926318,4.4845404624938965,0.01622610390254097,0.07020650804042816,0.1923122602800006,0.3352562189102173,0.4771475037774527,0.6306647062301636
394,0.27521070038987905,0.407152384519577,0.2707252357225885,0.4026814103126526,0.2282893096103969,0.3479624092578888,0.32916158013530844,0.47803211212158203,0.333647044802599,0.48250308632850647,4.485464519303288,4.470961570739746,0.01610972643956042,0.07436757534742355,0.1919040850092899,0.33646270632743835,0.47685412549799,0.6330569982528687
395,0.2750655957744327,0.40778273344039917,0.2705884161768681,0.4033122658729553,0.22837601985301847,0.34805646538734436,0.32871694746549635,0.4794021248817444,0.33319412552052263,0.48387259244918823,4.477177432130041,4.470471382141113,0.017314063781308252,0.07177767157554626,0.19193481267390344,0.33806291222572327,0.47587918239810234,0.6343288421630859
396,0.27453451124319317,0.40753552317619324,0.27005815906077324,0.40307214856147766,0.2277528659274498,0.34746184945106506,0.32831462021062985,0.4796501696109772,0.3327909716217806,0.48411354422569275,4.4763583280854125,4.463371753692627,0.016226420099171027,0.06941057741641998,0.1913364756169996,0.33826881647109985,0.4756957024058686,0.6347062587738037
397,0.2736584085999738,0.41135174036026,0.2691861668242359,0.40687862038612366,0.22694228712455783,0.35151347517967224,0.327358044909891,0.4831191897392273,0.33183028977070556,0.48759230971336365,4.472244166865119,4.4731221199035645,0.015722926610420216,0.07468777894973755,0.19060086471876345,0.3421849012374878,0.47450307221293114,0.6376677751541138
398,0.2732827782727329,0.40727704763412476,0.2688016434261493,0.40279722213745117,0.22665591539760085,0.34724047780036926,0.3268383632678037,0.4793016314506531,0.33131949657184895,0.48378145694732666,4.4811358081634065,4.479811668395996,0.015927321985183193,0.06945670396089554,0.1901794724615296,0.33757367730140686,0.4738609552552138,0.634691059589386
399,0.2732052804244659,0.4079178273677826,0.26872500996574233,0.40344899892807007,0.22670815902541053,0.34821847081184387,0.3265842670281792,0.47950416803359985,0.3310645390294411,0.4839729964733124,4.480270126788567,4.468823432922363,0.016623937712776676,0.07206586748361588,0.18996762379768933,0.3376648426055908,0.47353291066850767,0.6349247097969055
400,0.27256940429961685,0.40704163908958435,0.2680910450940763,0.4025690257549286,0.22599280433065727,0.3471859395503998,0.3260623901853473,0.47883427143096924,0.33054074939088784,0.483306884765625,4.4783567566646045,4.472623348236084,0.015501612448651348,0.0702703669667244,0.18978720783488354,0.33847060799598694,0.47268959356858287,0.6328167915344238
401,0.27199296144112567,0.4084930419921875,0.26751523988236314,0.40402549505233765,0.22553470389735975,0.3486044406890869,0.32532449281750736,0.48034295439720154,0.32980221514753905,0.4848105013370514,4.4777208251891425,4.467532634735107,0.01563203852063326,0.07149925082921982,0.18900015154229066,0.3388311564922333,0.4719719166486696,0.6354828476905823
402,0.27160031416856756,0.4088091552257538,0.26712243478885317,0.4043404459953308,0.22521089290950735,0.34876200556755066,0.3248366807401783,0.4808746874332428,0.3293145601198927,0.48534339666366577,4.47787603693745,4.468715667724609,0.015653219209962103,0.07086985558271408,0.18844422752853351,0.3400733470916748,0.4715352347998112,0.6353427767753601
403,0.2712029910405734,0.40671607851982117,0.2667261800373608,0.40224289894104004,0.22483095246507626,0.3470489978790283,0.32441796407591605,0.47824758291244507,0.3288947750791287,0.4827207624912262,4.47681048848684,4.473180770874023,0.01535483792287121,0.0710795670747757,0.18840812226803352,0.3363320827484131,0.4707298979096889,0.6337353587150574
404,0.2710174051340514,0.4104718565940857,0.26653772728721764,0.4060021638870239,0.22473705733805788,0.350345641374588,0.3240992943020037,0.48264390230178833,0.3285789721488374,0.4871135950088501,4.479683560010059,4.46967887878418,0.015733725430870944,0.07206302136182785,0.18829843203668598,0.34156039357185364,0.4701790156944821,0.637413501739502
405,0.2702617954675167,0.40704306960105896,0.2657855191888281,0.40257444977760315,0.2239628697919113,0.347308874130249,0.3233773478649909,0.47867777943611145,0.32785362516199584,0.48314639925956726,4.476281133683355,4.468618392944336,0.0148496722216536,0.07098127901554108,0.18749067871208092,0.3372095823287964,0.4695482621345258,0.6337358355522156
406,0.2702987920741441,0.40820246934890747,0.26582054685977513,0.40373075008392334,0.2241201225293102,0.34862765669822693,0.3232440611538114,0.479610413312912,0.3277223055969112,0.4840821325778961,4.478244076746946,4.471720218658447,0.015618028597860286,0.07311228662729263,0.18769718514393083,0.3378210961818695,0.46904515611513203,0.6349496245384216
407,0.2699133182314307,0.40869855880737305,0.2654283032502137,0.4042195677757263,0.223804679004422,0.34870854020118713,0.32274606940816686,0.48066094517707825,0.3272310836181147,0.485139936208725,4.485016471501839,4.4789910316467285,0.01568656960133956,0.07115338742733002,0.18721311803631488,0.33983153104782104,0.4685143439865189,0.6351406574249268
408,0.2702943167848429,0.40997761487960815,0.2658062102435043,0.4055004119873047,0.22427249901987886,0.35008540749549866,0.32300016555138267,0.48180949687957764,0.32748827209272124,0.4862866997718811,4.4881090504699905,4.477191925048828,0.01660395781647036,0.07301076501607895,0.18749405784713946,0.3414667546749115,0.46871947909577677,0.6357787847518921
409,0.26983178221065895,0.40855535864830017,0.26534462131761705,0.4040762782096863,0.22389560308212508,0.3488875925540924,0.3224219510514776,0.4800737798213959,0.32690911194451944,0.48455286026000977,4.487160165156617,4.479087829589844,0.01665051869695552,0.072944276034832,0.1873300712430617,0.3388569951057434,0.46770622221217484,0.6348615884780884
410,0.2690023607538627,0.41009336709976196,0.26451838976981135,0.40562257170677185,0.223045770812507,0.34998390078544617,0.32162822422063453,0.4822397232055664,0.3261121952046858,0.4867105185985565,4.483968380150214,4.47080135345459,0.01568268019791875,0.07179051637649536,0.18641534111444832,0.3407513201236725,0.4670392865359518,0.6374098062515259
411,0.26891379251178343,0.4072805345058441,0.26443239888632003,0.4028148651123047,0.22304701317648534,0.34766924381256104,0.32142209492132723,0.47875308990478516,0.32590348675720515,0.4832187592983246,4.481391816306973,4.4656596183776855,0.01612011356233309,0.07194121181964874,0.18638712500349694,0.3375623822212219,0.46663379824648393,0.6335041522979736
412,0.2686689106910951,0.4094861149787903,0.2641906658021053,0.4050222337245941,0.2228784731017208,0.3496515452861786,0.3210795783485616,0.481270432472229,0.3255578232375514,0.48573431372642517,4.478245244448454,4.4638848304748535,0.016317551715688886,0.07279805839061737,0.18606878404934493,0.3393053710460663,0.4662490857669423,0.6368511915206909
413,0.2681907279574336,0.41199204325675964,0.2637116440240063,0.4075193405151367,0.22236862838316485,0.3519311249256134,0.320643001247696,0.48406705260276794,0.32512208440985413,0.48853975534439087,4.479083713519154,4.4726948738098145,0.015653581637926805,0.07399009168148041,0.1859610456893476,0.34259507060050964,0.4654912610214054,0.6392082571983337
414,0.26822056726458776,0.40842002630233765,0.26374295666012454,0.403952419757843,0.22248441975727962,0.34857749938964844,0.32055797082327947,0.48020634055137634,0.3250355814277427,0.48467394709587097,4.477611349702026,4.467606067657471,0.016191763390613335,0.07170303165912628,0.18591905109587345,0.3386070430278778,0.4653424497345802,0.6354224681854248
415,0.2673883654065716,0.4127797782421112,0.2629047362514223,0.4082978665828705,0.2216973733104196,0.35248127579689026,0.3196492795875764,0.48516014218330383,0.3241329072001874,0.48964205384254456,4.483627210779804,4.481923580169678,0.015660607076358853,0.0733981654047966,0.18522424595803325,0.3427128195762634,0.4642072694291,0.6413328051567078
416,0.2668087029452272,0.4094907343387604,0.26232089142036785,0.4050171375274658,0.22121225715020962,0.34975478053092957,0.3189294943311077,0.48111605644226074,0.32341730610301417,0.4855896532535553,4.487810393648498,4.473601818084717,0.015669099657031456,0.07344304025173187,0.184479275810974,0.3394888937473297,0.4634883967286606,0.6363323926925659
417,0.26644468858229503,0.41055160760879517,0.261960866814724,0.40607750415802,0.22092126109823734,0.3507518470287323,0.31847439941924155,0.48226362466812134,0.32295822118681256,0.4867377281188965,4.48381947429856,4.4740891456604,0.01572326460105299,0.07412360608577728,0.18387068758066782,0.34073570370674133,0.463169833642965,0.6373962163925171
418,0.26671764188289065,0.41079798340797424,0.26223626151964147,0.40632933378219604,0.22132724889294608,0.3509274423122406,0.31856998052859276,0.4826204776763916,0.3230513616631111,0.4870891273021698,4.481378348790534,4.468644618988037,0.016782208025347016,0.07391799241304398,0.18445133351262552,0.34049347043037415,0.46274820713682596,0.6383708715438843
419,0.2663037080033029,0.4107811450958252,0.2618244873503659,0.4063113033771515,0.22079371107501922,0.3498550355434418,0.31832587880448104,0.4840543866157532,0.3228051002286872,0.4885242283344269,4.479225009258006,4.469834327697754,0.01563985580921149,0.06757372617721558,0.18442835136675612,0.34266191720962524,0.46231293111882904,0.6393294930458069
420,0.2657065855748153,0.4095365107059479,0.261229161039037,0.40506792068481445,0.2203409184618513,0.34929075837135315,0.3175342719394863,0.4818757176399231,0.3220116972465338,0.4863443076610565,4.477424491623178,4.468603610992432,0.01589973040001924,0.07040514051914215,0.1835446305003573,0.33913755416870117,0.46157839623145425,0.6383295655250549
421,0.26528734721927283,0.4143296480178833,0.2608116098829864,0.40985530614852905,0.21997853065737336,0.3533066213130951,0.3170407561459524,0.48772570490837097,0.32151649502477714,0.4922000467777252,4.475739292610622,4.474331855773926,0.01581316144916267,0.07056314498186111,0.18314280232894387,0.3461904227733612,0.46097963175887385,0.6431662440299988
422,0.2649960712387742,0.4113669991493225,0.2605176560077598,0.40690407156944275,0.2197092946813119,0.3511817455291748,0.31671276941648435,0.48363640904426575,0.3211911846474988,0.4880993366241455,4.478414523953424,4.462940692901611,0.015667519659810204,0.07257030159235,0.18272076292265488,0.34131696820259094,0.46073960616817083,0.6396580338478088
423,0.26462206526463977,0.4113405644893646,0.2601485484604695,0.4068759083747864,0.21942364435011782,0.3511163294315338,0.31622874825963887,0.4836595058441162,0.3207022650638091,0.48812416195869446,4.47351579747121,4.46466064453125,0.015799128892200705,0.07231868803501129,0.18279513521470186,0.3415580689907074,0.4596766719705317,0.6394723057746887
424,0.2645555662207405,0.41145363450050354,0.2600783889369834,0.4069840908050537,0.21941091317880795,0.35147950053215027,0.3160794869613609,0.4834166169166565,0.32055666424511803,0.4878861606121063,4.477174659224594,4.469543933868408,0.0160735566828067,0.07395658642053604,0.1823961877878311,0.34107735753059387,0.45976299394541215,0.6394045352935791
425,0.2639288222481257,0.412418395280838,0.25944841990237577,0.4079434871673584,0.2187743144711646,0.3519015312194824,0.3154586571891251,0.4851159453392029,0.3199390610774133,0.4895908534526825,4.480402930661151,4.474911689758301,0.015403791913725783,0.07169178873300552,0.1821378552137576,0.34486642479896545,0.45878129419025215,0.6391463875770569
426,0.263493903797742,0.41054245829582214,0.2590102118444115,0.406064510345459,0.21845707049675428,0.3508164882659912,0.31485387021310407,0.48214372992515564,0.3193375629377037,0.4866216778755188,4.483690224434266,4.477940559387207,0.015691388845052067,0.07457631081342697,0.181437229759482,0.3399733304977417,0.4582425930145247,0.6378997564315796
427,0.2634603740279124,0.4116981029510498,0.25897098292573667,0.4072188138961792,0.21845042725420172,0.3515123426914215,0.3147697644440018,0.483929306268692,0.31925915554617756,0.4884085953235626,4.489389076726522,4.479290962219238,0.015847665639997156,0.07298018038272858,0.18161847110079987,0.3422388732433319,0.45788513507816025,0.63931804895401
428,0.2626609751691811,0.413370281457901,0.25817425829217927,0.4088967442512512,0.2176902349533651,0.35250410437583923,0.31392272302991603,0.48655208945274353,0.3184094393826958,0.4910256266593933,4.486720310354638,4.473545074462891,0.015270177280214747,0.07054108381271362,0.18089069134423572,0.3445417881011963,0.45690984281026253,0.6424294710159302
429,0.2624715525058904,0.41225019097328186,0.2579919299494145,0.40778249502182007,0.2175444222164212,0.3521323502063751,0.31369011079402187,0.4844154715538025,0.31816973257922854,0.4888831675052643,4.479619345682331,4.467696189880371,0.015306934927847406,0.07388167083263397,0.18064915421059197,0.3437407910823822,0.45667718190005374,0.6387746334075928
430,0.26253998745948354,0.41449254751205444,0.25806026551774575,0.4100242257118225,0.21772902726741442,0.3539787828922272,0.3135983502267104,0.4872015416622162,0.31807807293971735,0.4916698634624481,4.47972140503084,4.4683122634887695,0.016072872972655913,0.0737517774105072,0.1809856867590174,0.3453321158885956,0.4561285195059493,0.6428525447845459
431,0.26215361977606905,0.41280001401901245,0.25767490813667554,0.4083293676376343,0.21736864679335968,0.3528102934360504,0.3131785993869132,0.4847818613052368,0.3176573102550376,0.489252507686615,4.478708387337086,4.470631122589111,0.015837355986466496,0.07521503418684006,0.18046821118774947,0.34204980731010437,0.45580037032791443,0.641166090965271
432,0.261902914614124,0.4144793450832367,0.25741928214492754,0.4100016951560974,0.2172713742304851,0.3538537919521332,0.31270490723537425,0.4873201251029968,0.3171885389333016,0.4917977750301361,4.483630956062845,4.47763729095459,0.016531884902617467,0.07311418652534485,0.18010450578439685,0.34534966945648193,0.4551777403532037,0.643097460269928
433,0.2616210115543995,0.40931251645088196,0.25713224916915106,0.4048355221748352,0.21692365299484,0.3499521017074585,0.31250145279392266,0.4804125726222992,0.31699021595044025,0.48488956689834595,4.488766483965549,4.477004051208496,0.015880690225514138,0.07553515583276749,0.18006781631161026,0.33857282996177673,0.4548224528405621,0.6357483267784119
434,0.2609882111786543,0.4122523367404938,0.2564988440822311,0.4077763557434082,0.21630634080650255,0.35165706276893616,0.3118458893971071,0.4850553870201111,0.31633525572226107,0.48953136801719666,4.489366958655185,4.475987911224365,0.015343841139319041,0.07106052339076996,0.17946539063637815,0.3435654640197754,0.4541097811321185,0.6403452157974243
435,0.26035006557019963,0.4143257141113281,0.2558695112844252,0.40985971689224243,0.21576844895724773,0.35352304577827454,0.3110906372198536,0.48743802309036255,0.31557119073435885,0.49190402030944824,4.480554795486937,4.466012001037598,0.015263171356248195,0.07183990627527237,0.17876273044149643,0.34611034393310547,0.4532794528556073,0.6426189541816711
436,0.2599550679753871,0.41434821486473083,0.2554820803944225,0.4098914563655853,0.21541756232451004,0.3536469638347626,0.3106528743047055,0.4873429238796234,0.3151258603431318,0.4917996823787689,4.4729856214588875,4.456770420074463,0.015095009643613112,0.07242441922426224,0.17832666225776564,0.3456786274909973,0.45283101263482034,0.6428378224372864
437,0.25997059041196596,0.41381824016571045,0.2555007269531428,0.40934276580810547,0.21549498097910072,0.3531014025211334,0.310590595043096,0.48678988218307495,0.31506045773065,0.49126535654067993,4.469862513729208,4.47546911239624,0.015466273197767902,0.07189468294382095,0.17857477305102243,0.3452194035053253,0.45244389310858774,0.642190158367157
438,0.2596514686200959,0.4149947762489319,0.25517010594783307,0.4105225205421448,0.2152393609646887,0.35449478030204773,0.3101566823759013,0.48767542839050293,0.31463804350562585,0.49214768409729004,4.4813597087574735,4.472263336181641,0.015585686356202822,0.07435625046491623,0.1782390532937553,0.34582754969596863,0.4518933563135049,0.6433005332946777
439,0.2595395499571489,0.415289968252182,0.25504715631618413,0.4108121395111084,0.21521423242495122,0.35512983798980713,0.3098990468423568,0.48748940229415894,0.3143914420258599,0.49196723103523254,4.49239052195227,4.477828025817871,0.01604961089261126,0.0767183005809784,0.17808988256537378,0.3463095724582672,0.4515031987459998,0.6423616409301758
440,0.2594129860015519,0.41608574986457825,0.25492313659677995,0.41160887479782104,0.21513138285446784,0.35506725311279297,0.3097183301870128,0.489469438791275,0.3142081795917847,0.4939463138580322,4.48984870648413,4.476876258850098,0.016172635333226174,0.07235930860042572,0.17798523312631137,0.3481917381286621,0.4512362840490885,0.6446507573127747
441,0.25859156751676077,0.4143304228782654,0.2541036411692052,0.4098513722419739,0.2143225243915395,0.35389360785484314,0.3088841790426033,0.4869078993797302,0.3133721064084751,0.49138695001602173,4.48792567255041,4.479060649871826,0.015416971723794986,0.0741049274802208,0.17717918374617478,0.3446029722690582,0.45037141190431307,0.6429729461669922
442,0.2586404420299854,0.4158167243003845,0.2541493741886557,0.41133826971054077,0.214388251834874,0.3546496331691742,0.30890238036812434,0.489401251077652,0.3133934497519924,0.4938797056674957,4.491069492134931,4.478458404541016,0.015582668974248447,0.07120658457279205,0.17733083844932043,0.3476157486438751,0.45025124231235153,0.6451265811920166
443,0.25814606398163276,0.41573479771614075,0.2536515490130476,0.4112500548362732,0.2139415099909563,0.35525569319725037,0.30833421427616453,0.4883570969104767,0.31282872847348053,0.49284183979034424,4.494513886494526,4.4847540855407715,0.015391346351520353,0.07528387010097504,0.17694221809958333,0.346068799495697,0.44949096105043773,0.6444144248962402
444,0.2578079766449637,0.41499069333076477,0.2533126852915348,0.41050633788108826,0.2136652340206404,0.35452914237976074,0.30790916203343816,0.48758962750434875,0.3124044523685508,0.49207398295402527,4.49529242370951,4.48436164855957,0.015427994804311463,0.07464329153299332,0.17648193288370034,0.34417787194252014,0.44908577482130574,0.6447662711143494
445,0.25778482684446063,0.41597607731819153,0.2532975387643138,0.411507785320282,0.2137504285626984,0.35562339425086975,0.30775585135515043,0.48846325278282166,0.31224313943529725,0.4929315447807312,4.4872895619476845,4.46829080581665,0.016014883678076578,0.07620169967412949,0.1763017136186325,0.34593191742897034,0.44893468606100845,0.644736647605896
446,0.25733980835327674,0.41368600726127625,0.2528626673914766,0.40922021865844727,0.21333697981743788,0.35344943404197693,0.3072914731825502,0.48601922392845154,0.3117686141443503,0.4904850125312805,4.4771400533414685,4.46579647064209,0.01570857235852266,0.07459563761949539,0.1762316268896989,0.34438058733940125,0.4480707420181563,0.6413720846176147
447,0.2569509532846423,0.4159579873085022,0.25246810661218355,0.41147762537002563,0.2129042400457673,0.3556789457798004,0.3069494760957171,0.488315224647522,0.3114323232923979,0.49279558658599854,4.482843912905929,4.4803667068481445,0.015084934878448123,0.07668545842170715,0.17595069871419267,0.345477432012558,0.4476770857327195,0.6448739171028137
448,0.25716906425637653,0.4160613417625427,0.2526809599203857,0.41158396005630493,0.2132767269872144,0.3554476201534271,0.30694251101700537,0.48888638615608215,0.3114306153529962,0.49336376786231995,4.4881043991385035,4.47738790512085,0.016255599222519936,0.07476590573787689,0.17602938134637477,0.34734034538269043,0.4475452069372385,0.6442365646362305
449,0.25681597795796884,0.4192836582660675,0.2523271753341622,0.4147987961769104,0.21299625607791142,0.3577878773212433,0.30648777414274464,0.4933055639266968,0.3109765759952821,0.4977904260158539,4.4888036167192595,4.484859466552734,0.016341672983175702,0.07273343950510025,0.17612109457704156,0.35037893056869507,0.4465260000374459,0.6502512693405151
450,0.25668112064150245,0.4136793315410614,0.25218684169333133,0.409196674823761,0.21295822620560562,0.353166788816452,0.30620655681360986,0.4863525331020355,0.31070083807558846,0.49083518981933594,4.4942781444122275,4.4826459884643555,0.01681518075883003,0.07301732152700424,0.1756719821289007,0.34418046474456787,0.4463875163459508,0.6423025131225586
451,0.2561376050831671,0.41966983675956726,0.2516442925714068,0.4151850938796997,0.21237276478234063,0.3582119047641754,0.3057231009729565,0.49363991618156433,0.3102164127134477,0.4981246590614319,4.493309488578022,4.484756946563721,0.016015152367463828,0.07334614545106888,0.17526486642535186,0.35253018140792847,0.4458382776209665,0.6487594246864319
452,0.2559077117879816,0.41667479276657104,0.25141375843590685,0.4121914505958557,0.2121000618007662,0.3554929792881012,0.3055506356443127,0.49026793241500854,0.3100445889963874,0.4947512745857239,4.493953247471373,4.483339786529541,0.01553161153430477,0.0720008984208107,0.17508521952033285,0.34803199768066406,0.44568334872357235,0.6464461088180542
