epoch,learning_rate,train_total_nll,train_selection_score,train_market_nll,train_sector_nll,train_idio_nll,train_mse,train_market_mse,train_sector_mse,train_idio_mse,train_coverage_68,train_coverage_95,train_standardized_residual_mean,train_standardized_residual_std,val_total_nll,val_selection_score,val_market_nll,val_sector_nll,val_idio_nll,val_mse,val_market_mse,val_sector_mse,val_idio_mse,val_coverage_68,val_coverage_95,val_standardized_residual_mean,val_standardized_residual_std
1,0.0002,0.5603625861669405,0.5758990429025153,0.6411868103699262,0.5612618879239131,0.5567690961738153,1.0794339389356662,1.1888712217303588,1.0827284046032462,1.0724914279035342,0.7580032388003008,0.9431207137601044,0.004615460545004856,1.051996761630635,0.499164274760655,0.48135762555258615,0.3916938986097063,0.5122279056480953,0.4896829639162336,0.9698059644017901,0.7589869669505528,1.0002389890807015,0.946399986743927,0.7555913329124451,0.9467212898390633,0.0053495438769459724,0.9919478382383075
2,0.0002,0.553545054385922,0.5654485204313818,0.6129416285556705,0.5566357465902476,0.5484743721962464,1.0729427294003555,1.1627837211671879,1.0770828347906845,1.0658079028984124,0.7605634045429982,0.9440289455319574,0.005998375353887291,1.0442361796262383,0.4960515669413975,0.47751476083483013,0.3846892884799412,0.5091617788587298,0.48665336625916616,0.965632608958653,0.7497408304895673,0.9961285591125488,0.9423333406448364,0.7575966034616742,0.947379972253527,0.006109467508005244,0.9885575941630772
3,0.0002,0.5514160659578111,0.5620172727858782,0.6052341705032697,0.5532949351373234,0.5477432278993493,1.0688600042082381,1.1591383146739165,1.0728047741906068,1.0619061559026692,0.7622757695054495,0.9445745536320281,0.006145819284272686,1.0427611128708918,0.49386812107903616,0.47486465317862375,0.38004107986177715,0.5069866904190609,0.484543685402189,0.9627651231629508,0.7437220471245902,0.9933912754058838,0.939439628805433,0.7586065786225455,0.947570264339447,0.006496690679341555,0.986378516469683
4,0.0002,0.5483892853297885,0.5600466723327324,0.6072049266670645,0.5508010991707376,0.5440171002670245,1.0658604794139441,1.1583499483004998,1.070012659765303,1.0586255900504586,0.7631034193988708,0.9447776824159617,0.006561524736853789,1.0402873415124154,0.4921837832246508,0.47288709027426584,0.3768293687275478,0.5052866850580487,0.4829261430672237,0.9605158993176052,0.7395803076880318,0.9912067651748657,0.9371898344584874,0.7590749263763428,0.9478190796715873,0.006603292056492397,0.9846287369728088
5,0.0002,0.5466260884397773,0.5571359295266382,0.5994868669458615,0.5489574715044947,0.5425327104662726,1.0629068624649791,1.1434392791739256,1.0675615545303103,1.0555675811054641,0.7643071139890355,0.9450630848064706,0.0059863245756071135,1.0386378787080264,0.4908861092158726,0.4714164563587734,0.3746767682688577,0.5039369293621608,0.48170879908970426,0.9587611470903669,0.736624002456665,0.9895337309156146,0.9353926352092198,0.7598653350557599,0.9478922741753715,0.006460595144225019,0.9833084089415414
6,0.0002,0.544997272586676,0.555912253616165,0.5986539116897036,0.5485983671619534,0.5396076190856195,1.0610674882142652,1.144578063848137,1.066410305130134,1.0529409259389866,0.7645539118580738,0.9454055566453226,0.0062849099902341716,1.0366536105405473,0.4896822656903948,0.4701018418584551,0.37288138270378113,0.5027407322611127,0.48051723412105013,0.9571972233908517,0.7339766536440168,0.9881460411208016,0.9336880956377301,0.7607582041195461,0.9479361857686724,0.0061192916972296575,0.9821282369749886
7,0.0002,0.5436275627328626,0.5521606131205483,0.5853455185554483,0.5466607757030971,0.5392037108044593,1.0592991707267605,1.1442273559169895,1.0647156766543802,1.0510517176578305,0.765467166748037,0.9455331430884428,0.00546857708119928,1.0350225934662456,0.48862206510135103,0.4689913306917463,0.3715195485523769,0.5017155494008746,0.4794321826526097,0.955815817628588,0.7316595911979675,0.986979067325592,0.932124742439815,0.7611680456570217,0.9480971779142108,0.005616309121251106,0.9809687052454267
8,0.0002,0.542219492544349,0.5510178176916017,0.5852989846171932,0.5452856711711386,0.5377172895474002,1.057695082988241,1.136794790572163,1.0629199210399856,1.049833872412268,0.7665835559459692,0.9457127709176317,0.005371442468549829,1.033678348407462,0.48768160598618643,0.46801515987941195,0.3703703539712088,0.5007952068533216,0.4784781975405557,0.9545753853661674,0.7297904321125576,0.9859519686017718,0.9306915828159877,0.7615925243922642,0.9482289382389614,0.005237278595034566,0.9801848105021885
9,0.0002,0.540243354078079,0.5487574583679605,0.5818216116594401,0.5433144686286778,0.5357863131969695,1.0553851740151508,1.1406981666699716,1.0606627748126076,1.047263910571429,0.7665214483028672,0.9459108773769627,0.00501580978898714,1.0321734538153997,0.48681526098932537,0.46715318730899263,0.36956443956920076,0.4998930650097983,0.47764585273606436,0.9533521618161883,0.7283523423331124,0.9848072188241142,0.9293967059680394,0.7623097215379987,0.9483752846717834,0.005007859785109758,0.9792593802724566
10,0.0002,0.5396035982289195,0.54763638262131,0.5791200673921988,0.5422267950441797,0.5356631892129085,1.0545526204265452,1.1324701800263361,1.0599497466348589,1.0465583023326677,0.7669377899816936,0.9460686762639332,0.004700572091630191,1.0315965502248687,0.48602294496127535,0.466368841273444,0.3688480087688991,0.4990689754486084,0.4768825428826468,0.95217136825834,0.7272237283842904,0.9836405600820269,0.9282001682690212,0.7627488374710083,0.9484338334628514,0.0049269612479422775,0.9784042750086103
11,0.0002,0.5384783138541521,0.5476768417841827,0.5834662295645222,0.5417326345726947,0.533724227717029,1.05256741549257,1.1317552138888647,1.0577345446202306,1.044760797125098,0.7675841305418254,0.9461694081441232,0.004598057820558017,1.0300878482297087,0.4851906044142587,0.4655263934816633,0.36796051263809204,0.49823794194630217,0.4760510538305555,0.950950196811131,0.7258753776550293,0.9824364355632237,0.9269664543015617,0.7632025480270386,0.9485802139554705,0.004761458308036838,0.9774388074874878
12,0.0002,0.5370929254609014,0.5456685225168864,0.5790500620421054,0.5401113918055892,0.5326760066697003,1.0513408134609872,1.1339678555589667,1.0567873643717884,1.0431398612318805,0.7678863080843131,0.9463087465295533,0.004389534234672525,1.028439063813463,0.4844210956777845,0.4647584685257503,0.36720626269068035,0.4974623663084848,0.47528681584766935,0.9498200586863926,0.7247793504170009,0.9812990086419242,0.925842957837241,0.76352459192276,0.9486241085188729,0.004756172254149403,0.9765656079564776
13,0.0002,0.536644172543327,0.5439596383680274,0.5724314301671948,0.5392235441813393,0.5328718793740104,1.0501517918374803,1.1259543827968075,1.055807073727914,1.0419699228914714,0.7687206746551604,0.9465672874902372,0.004523509857042121,1.027899650873066,0.4836908834321158,0.4640600085258484,0.366683121238436,0.49669353876795086,0.4745887219905853,0.9486789362771171,0.7236287423542568,0.9801029733249119,0.924756475857326,0.7641393286841256,0.9488290292876107,0.004535558500460216,0.9754915237426758
14,0.0002,0.535101080194108,0.5427969595864682,0.5725999539226858,0.5379567717169104,0.5309952834723122,1.0480009682411666,1.1319415215278856,1.0532000941370794,1.0400039447434304,0.7695483182920777,0.9465706469886924,0.004378274500158296,1.0264335189241662,0.48295355694634573,0.4633070911679949,0.36585359062467304,0.49596648131098064,0.4738437405654362,0.9475764291627067,0.7221006240163531,0.9790525010653904,0.9236160516738892,0.7646662592887878,0.9489461438996452,0.004392659823809352,0.9744935631752014
15,0.0002,0.5341924027607982,0.5411156900284294,0.5680980843516172,0.5365981789838944,0.5306565686182919,1.0470509819049318,1.1331176064408748,1.0522026563996971,1.0390304527219234,0.7696775930756736,0.9468593968224416,0.003881103164839229,1.024683224806954,0.48225960561207365,0.4626253843307495,0.3651686097894396,0.49532472235815866,0.4730976564543588,0.946596486227853,0.7206760219165257,0.9782191174370902,0.9225035650389535,0.764929745878492,0.9489607725824628,0.004119735477226121,0.9736401609012059
16,0.0002,0.5335280079598679,0.5401556324299579,0.5651150401958245,0.536658483655161,0.5293445496515194,1.0455395028460532,1.1277703432565582,1.0507661254358365,1.0375721444548915,0.7702584535234474,0.947097773528746,0.003739337736327741,1.0239272788739242,0.4816025197505951,0.4620002933910915,0.3646598330565861,0.4946868760245187,0.47241620080811636,0.9456166880471366,0.7197298322405133,0.9773121731621879,0.9214509810720172,0.7655005965914045,0.9491656933512006,0.0038187536410987377,0.9728985003062657
17,0.0002,0.5324801003328666,0.5403816580039931,0.5708973976019035,0.5354914495533574,0.5281881504161383,1.0443114033736636,1.1255897591190953,1.0503697002233143,1.0355438577536735,0.7705018779771241,0.9470977811281094,0.0036004364549640623,1.0240056247999285,0.48096524817602976,0.4614097390856062,0.3642647308962686,0.4940533723149981,0.4717670040471213,0.944603077002934,0.7188666462898254,0.9762569240161351,0.9204738565853664,0.7658665265355792,0.9492535250527518,0.003670026548206806,0.9720757263047355
18,0.0002,0.5313267629694707,0.538044103157563,0.5638036072650935,0.5340603845917867,0.5275106165144179,1.0432017029583058,1.1231110720407396,1.049014599092545,1.034725021015847,0.7712993097195427,0.9473529580734475,0.00332460043505044,1.0221051126947418,0.4803197043282645,0.46081926567213877,0.3639328309467861,0.4933854767254421,0.47113318954195293,0.943528916154589,0.717993540423257,0.9750671897615705,0.9195091128349304,0.7662031735692706,0.9493559769221714,0.0035367942681269987,0.9710037878581456
19,0.0002,0.5306622595342684,0.5363560783759301,0.5573309520483627,0.5337961175413664,0.5266394183016776,1.0425409773832948,1.1200101677723195,1.0482277647385643,1.0342720999695738,0.7714722194979268,0.9475023652185126,0.0033730888373589957,1.021370437654299,0.47969493695667814,0.46018176845141817,0.3632066122123173,0.4927934067589896,0.4704791392598833,0.9426054954528809,0.7171254413468497,0.9741853731019157,0.918541601725987,0.7666422724723816,0.9494877117020744,0.003591524370546852,0.9702803833144051
20,0.0002,0.5291155090529798,0.5348839661858964,0.5562688856935477,0.5321621655868495,0.5251636487425625,1.0407096018134419,1.1209237153140692,1.0463606919988386,1.0323847955273044,0.7721756443083744,0.9475443377839072,0.0033476388956692176,1.019945913684472,0.47910660931042265,0.4595404863357544,0.36229656849588665,0.4922453931399754,0.4698615627629416,0.9417495046343122,0.7161354507718768,0.9734200920377459,0.9175993800163269,0.7666861925806318,0.9496633410453796,0.003649103987429823,0.9696453554289681
21,0.0002,0.5288365826323529,0.5337101624552799,0.5514896529732883,0.5316839339912579,0.5252341940594647,1.0406662924010144,1.1183345136249365,1.046509522446839,1.0322341169385623,0.7723216933283632,0.947599746420392,0.0034472520639132792,1.0192691606554811,0.47851195079939707,0.4589556796210153,0.3617166578769684,0.4916861908776419,0.4692307582923344,0.9408583811351231,0.7153878808021545,0.9725666131292071,0.916666431086404,0.7670374768120902,0.9497365355491638,0.003590338264725038,0.9687326720782689
22,0.0002,0.5275320342059509,0.5333054626195539,0.5552066956125524,0.5301082948202728,0.5240332231696179,1.0389456186182244,1.1215517866385636,1.0443933470641047,1.0307444575439644,0.7725902980434791,0.9477608994648997,0.0033946688102412335,1.017822254485371,0.4779679647513798,0.45841062920434134,0.36119453396115986,0.4911165492875235,0.4687114953994751,0.9399755086217608,0.7145398855209351,0.9716781633240836,0.9157870922769819,0.7676375763756889,0.9498682873589652,0.0035917174204119612,0.9679107240268162
23,0.0002,0.5267237571954605,0.5308556336350644,0.5449369572640931,0.5300806116825851,0.5227597262452824,1.0380241303216844,1.1127072740565553,1.0438053794720206,1.0297534370568857,0.7731963483968638,0.9478952101848093,0.0035817182724899622,1.0169131898049875,0.4774548964841025,0.4579052882535117,0.36073204023497446,0.4905935398169926,0.46820703574589323,0.9391674739973885,0.7137072767530169,0.9708675486700875,0.914982659476144,0.7680913380214146,0.9499561105455671,0.003655788954347372,0.9672277569770813
24,0.0002,0.5264082640729925,0.5302531149102918,0.5437660341194454,0.5291425890636884,0.523095363814954,1.0375653384467973,1.1128969679596603,1.0433840473920213,1.0292357962618592,0.7737050257886426,0.9480412687574115,0.0033938647216854496,1.0164540504347161,0.4769198937075479,0.4574034512042999,0.36035933239119394,0.49007006202425274,0.4676550967352731,0.9383436356272016,0.712883038180215,0.970003034387316,0.9141997950417655,0.7684865253312247,0.9501317484038216,0.003656528224902494,0.9664108582905361
25,0.0002,0.5260201376398832,0.5284488378459835,0.536167833784331,0.5285233087986478,0.5231786900401665,1.0367736051586793,1.1155329520312933,1.0421888456549695,1.0287332083100975,0.7739954613381878,0.9480798681210812,0.0034351042494238856,1.015693601131195,0.4764357549803598,0.4569008690970285,0.3597591945103237,0.48960350666727337,0.46715748735836576,0.9375796318054199,0.7118312120437622,0.9692857095173427,0.9133984787123544,0.7687353491783142,0.950322014944894,0.003637186185057674,0.9656945807593209
26,0.0001,0.5243805515357182,0.5286497470969977,0.5440118187553017,0.527076821173391,0.5210299129768085,1.0358552207289997,1.1119526313685542,1.0413007141075192,1.0278732796479542,0.7742439112294593,0.94808659047514,0.0035123823523422236,1.0135895857063857,0.47621099437986103,0.45670326692717417,0.3596579943384443,0.4893978536128998,0.46690915312085834,0.9372592312949044,0.7117545008659363,0.9689873712403434,0.913047730922699,0.7687792607716152,0.9503512978553772,0.0035037954470940997,0.9655245627675738
27,0.0001,0.5244343004895673,0.5301235133693332,0.5516780239920462,0.5269988427330639,0.5209616220613901,1.0349430045407673,1.1129865201997928,1.0406589705212814,1.0266258708037783,0.7744185013827213,0.9483938124688905,0.003458875993479385,1.0134743452072144,0.47598559090069364,0.45650642258780344,0.3595614731311798,0.4891927242279053,0.46665914569582256,0.9369297964232308,0.7117195299693516,0.9686555181230817,0.9127109050750732,0.7688817211559841,0.9503952094486782,0.003446634260139295,0.9653795191219875
28,0.0001,0.5244629750847511,0.5295175941736345,0.547673598900857,0.5276862068232425,0.5204658755508985,1.0345630017049607,1.110326777039219,1.0408098343025398,1.0257905707625443,0.7742791734960099,0.9484240268049519,0.003256664297143374,1.0139932106289569,0.4757415567125593,0.4562678975718362,0.3593263157776424,0.4889675336224692,0.4663961614881243,0.9365945543561663,0.7113989251000541,0.9683485286576408,0.912347103868212,0.7690573845590863,0.9504098381314959,0.0033348313798861845,0.9651497432163784
29,0.0001,0.523988069751845,0.5298444236844733,0.5520190094229019,0.5266404057916347,0.5204013908025368,1.034378631079557,1.1141981902149354,1.04021674885972,1.0258799895102466,0.7745259553117747,0.9483585616471641,0.003077985262960821,1.0140657309562928,0.47548571654728483,0.4560113719531468,0.3590488178389413,0.48872905118124826,0.46612358944756643,0.9362358621188572,0.7110755784170968,0.9680099742753165,0.9119675329753331,0.7691305705479213,0.9504537752696446,0.003240849357098341,0.964781369481768
30,0.0001,0.5232892110295254,0.5270093853084235,0.5403143089365727,0.525716049147458,0.5202949905908236,1.0341460574179873,1.1172775526994079,1.0398872523080736,1.0256340299211766,0.7748314899416746,0.9483316972264252,0.002997336022677906,1.0133172577610396,0.47524140988077435,0.4557607003620693,0.3587671560900552,0.4884879546506064,0.46587754998888287,0.9358850206647601,0.7106990729059491,0.96766539982387,0.9116101861000061,0.7693208370889936,0.9504830326352801,0.0032124907177473816,0.964442355292184
31,0.0001,0.5231817054766846,0.5274536428058446,0.5427009736612645,0.5259976324153691,0.5197153916678793,1.033717964254644,1.1146924594580303,1.0392874566579684,1.025449256560037,0.774890257985056,0.9482561513453462,0.002972885277495408,1.0130341269697707,0.4750232313360487,0.4555555156299046,0.3586144575050899,0.4882735652582986,0.46565275532858713,0.9355548960821969,0.7104493294443402,0.9673331039292472,0.9112800274576459,0.7692915626934597,0.9504830326352801,0.0031486480895962033,0.9642039026532855
32,0.0001,0.5213780066201581,0.5246391168815078,0.5350173762744351,0.5247261395713212,0.5175752019155837,1.0332372624997415,1.1137474125248312,1.0397213741381597,1.024069567796089,0.7754056382289131,0.9484592845546119,0.0029197333679099116,1.0106200939621366,0.47479730418750216,0.4553132014615195,0.35828083753585815,0.4880673715046474,0.4654111691883632,0.9352540288652692,0.710276586668832,0.9670625839914594,0.9109447853905814,0.7693501029695783,0.9505123155457633,0.0031457685732415746,0.9641004375049046
33,0.0001,0.5220260337201131,0.5241867264478071,0.5298937445900346,0.5253551379876202,0.5184346459733482,1.032981637314046,1.1063666470039826,1.0390667780447909,1.0244500646820693,0.7754056368555341,0.9483837443806853,0.003195949833929783,1.0120266013675265,0.47456352199826923,0.45508632489613127,0.3580720978123801,0.4878444756780352,0.4651655001299722,0.9349364638328552,0.7100151606968471,0.9667505025863647,0.9106195569038391,0.7693208541188922,0.950556218624115,0.003093515522778034,0.9637802243232727
34,0.0001,0.5221688360113153,0.5246520946102757,0.5322274494891404,0.5250293290041315,0.5189731035608545,1.032643148426636,1.1070445168036653,1.0387565233862468,1.024049785280008,0.775279722180784,0.9485549790335507,0.0028205213603824456,1.0119299424713963,0.4743441343307495,0.45487965856279644,0.3578976903642927,0.48764545576913015,0.46492463776043486,0.9346360904829842,0.709794180733817,0.9664715869086129,0.9102955290249416,0.7693501285144261,0.950600096157619,0.003023749150867973,0.9634852749960763
35,0.0001,0.5215901760827928,0.5242477019994123,0.5327119024606832,0.5243122325270712,0.5184973348914448,1.031857837241427,1.1092098353767297,1.0379058433323718,1.0232313570461087,0.7754039641715781,0.9485986218718584,0.00289567027653959,1.010796029385822,0.47411266395023893,0.45462686249188017,0.35755435058048796,0.4874135298388345,0.46469742911202566,0.934323217187609,0.7093909553119114,0.9661745088441032,0.9099701813289097,0.7693647486822945,0.9506732991763523,0.003022150934806892,0.9631972057478768
36,0.0001,0.5210109306065412,0.5240936821934142,0.5338667555155658,0.5242117303979135,0.5173815337133236,1.0320451293184523,1.1145649158338127,1.037760491927831,1.023579096037244,0.7754643982456576,0.9485281149790462,0.002866360029497523,1.0104132532401995,0.47390382630484446,0.4544045499392918,0.35728386895997183,0.4871967009135655,0.4644980473177774,0.9339884434427533,0.7091706054551261,0.9658128363745553,0.9096571803092957,0.7694964749472482,0.9507464596203395,0.0030661184739853653,0.9627949510301862
37,0.0001,0.520713862918672,0.524347361270672,0.5361396249324556,0.5242269000089053,0.5166866034803425,1.031622102336278,1.1103902842469906,1.0376767810039256,1.0229417391758482,0.7757246075260047,0.9486959944977494,0.0029066648413901656,1.0106984935109578,0.47368285059928894,0.4541757915701185,0.3570169380732945,0.48698017426899504,0.46427437237330843,0.9336582848003933,0.7088166219847543,0.9654765214238848,0.9093341742243085,0.7697892274175372,0.9508489455495562,0.003039702440478972,0.9624089172908238
38,0.0001,0.5199988265862785,0.5215582919926505,0.5249216376178641,0.523119366938068,0.5167142540384303,1.0312048060675492,1.1069202695329923,1.0367980704085373,1.0230875116583633,0.7758135887457052,0.9487732153822689,0.0030213179261339243,1.0094172020661667,0.4734573321683066,0.45393237471580505,0.35669598834855215,0.48675525188446045,0.46405177456992014,0.9333173717771258,0.7084259561129979,0.9651172246251788,0.9090137907436916,0.7698184932981219,0.9509513974189758,0.003067435763244118,0.962056577205658
39,0.0001,0.520288433057494,0.5240220802292967,0.5368876244493221,0.5231873777452275,0.516836201540336,1.0301644638203622,1.1090466319995846,1.0361688734626868,1.0215304786891615,0.776191319707596,0.9487564311049501,0.0030036887802046292,1.009919503103814,0.47321617177554537,0.45369178482464384,0.3564677621637072,0.48650494643620085,0.4638191418988364,0.9329755987439837,0.7080234033720834,0.9647368618420192,0.9087128554071698,0.770184440272195,0.951039229120527,0.0030599553803248064,0.9615947604179382
40,0.0001,0.5196252434118186,0.5229674007913362,0.5343041044897869,0.5223910653829208,0.5163701318864388,1.0304450603613045,1.1104471706086652,1.0361521192165868,1.022071619248671,0.7760603733997863,0.9489562003904285,0.0029411984650972284,1.0092279315910397,0.4730066784790584,0.4534684419631958,0.35618319681712557,0.4862975094999586,0.463610121182033,0.9326974494116647,0.7078647528375898,0.964446519102369,0.9084428889410836,0.7702429805483136,0.9511416895048959,0.003066953404673508,0.9614115272249494
41,0.0001,0.5198981318025789,0.5228885273962709,0.5328507488560078,0.5225452971775838,0.5168190948546879,1.0299641822340302,1.1092680426847612,1.0358889026331768,1.0213962912986783,0.7766429137341254,0.9489612430105194,0.0029091400711456694,1.0095214859009767,0.47283972586904255,0.45328915970666067,0.35594857164791655,0.4861333327633994,0.4634425299508231,0.9324910725866046,0.7077998859541756,0.9642492277281625,0.9082231521606445,0.7702429720333644,0.9511709383555821,0.003033349623105356,0.9613953403064183
42,0.0001,0.5191669655010996,0.5193002270968584,0.5177058654294158,0.521221136457787,0.5171615815107724,1.0302011714613992,1.110511355838346,1.0361735945595147,1.0215517026121899,0.7762735820219447,0.9489478160037301,0.0029556783404023875,1.008249085894378,0.4726630321570805,0.45309747968401226,0.35567284907613483,0.4859755294663565,0.46325041140828815,0.9322831971304757,0.7077489069529942,0.9640507187162127,0.9079997198922294,0.7702429805483136,0.9512734072549003,0.0030247608332761695,0.9614188500813076
43,0.0001,0.5184224165071907,0.5188499500796664,0.5180305900539549,0.5209322861384809,0.5159256169567704,1.0296249428713438,1.1082418412962023,1.0355404640123043,1.0210891086751233,0.7768443643405873,0.9489830644449331,0.0027544976873022896,1.0073102288104545,0.4724717565945217,0.45287791320255827,0.3553255924156734,0.4857913042817797,0.4630570837429592,0.9320639882768903,0.7076396771839687,0.9638353586196899,0.9077736139297485,0.7701990519251142,0.9512734242847988,0.0029992773197591305,0.9613890562738691
44,0.0001,0.5181753721471573,0.5202058113604037,0.52517312469082,0.5216797301846166,0.5144377381021527,1.02928165252918,1.1131785902925717,1.0353934514601904,1.020373385103922,0.776203065393402,0.9490166451463441,0.0028138855476737314,1.0085453875420096,0.47227631296430317,0.4526331424713135,0.35487967303821016,0.48558694975716726,0.4628790702138628,0.9318367498261588,0.7073824746268136,0.963618985244206,0.9075357232775006,0.770184440272195,0.9512441243444171,0.0030482721381953786,0.9613034043993268
45,0.0001,0.5186742827700641,0.5206706512603037,0.5265910716100772,0.5211349574193793,0.5159498283756859,1.0291412638751165,1.1072719853716635,1.0350328976535454,1.0206452201893559,0.7760335060796918,0.9488319800074627,0.0028146752658220467,1.0086662098803523,0.4720813376562936,0.4524192043713161,0.3546003486428942,0.485377094575337,0.4627019464969635,0.931590233530317,0.7070660250527518,0.9633654015404838,0.9072990843227932,0.7702722549438477,0.9512441498892648,0.003058475043092455,0.9610750249453953
46,0.0001,0.5182297080221142,0.5198718693032975,0.523926164773691,0.5210289179332672,0.5152405360174741,1.028677588783651,1.1078561874029274,1.0348822838577685,1.0198334667600855,0.7761426339440021,0.9488789823137059,0.002873913117928103,1.0082328392186046,0.47190076964242117,0.45221227407455444,0.35428108487810406,0.4851969948836735,0.4625251463481358,0.9313851084027972,0.7069813694272723,0.9631632566452026,0.9070875729833331,0.7702868921416146,0.9512587785720825,0.0030597709784550326,0.9610347832952227
47,0.0001,0.5176641448637918,0.5184622779297816,0.5187847567135654,0.5205902808822245,0.5147005907248914,1.0281891911321583,1.1060326542844543,1.0341521479567075,1.0196318888871778,0.7761493393292015,0.9492046699667978,0.003010862491010601,1.007759376055634,0.4716861205441611,0.451976478099823,0.3539488102708544,0.4849886383329119,0.46230803642954144,0.9311328870909554,0.7067329713276455,0.9629223772457668,0.9068233966827393,0.7703307867050171,0.9513026816504342,0.0030522915933813366,0.9607938528060913
48,0.0001,0.5171462459345689,0.5174335000518646,0.5165137330874137,0.5191834058843389,0.5151301527017211,1.02893551852968,1.111815281788386,1.0344220307077192,1.0206862126200003,0.7765253912590738,0.9489092018380876,0.0027718438039792733,1.0071527540714267,0.4714945341859545,0.4517865351268223,0.35377758741378784,0.4847857654094696,0.4621270980153765,0.9308898959841047,0.7064827084541321,0.962669347013746,0.9065911258969989,0.7705796360969543,0.9513612389564514,0.0030018586133207592,0.9605472428458077
49,0.0001,0.517593032539776,0.5180182266833534,0.5176782666782325,0.5196380711065703,0.5155450846070946,1.0283049130464175,1.1049756840199492,1.0342888983774357,1.0197653108172946,0.7768762637515344,0.949073720332359,0.003180439554629833,1.0074995145148273,0.4713056342942374,0.4515786511557443,0.35348997371537344,0.48459539243153166,0.46194319639887127,0.9306574974741254,0.7063348378453936,0.9624222006116595,0.9063698053359985,0.7705503446715218,0.9513905218669346,0.0029823612421751022,0.9604253939219883
50,0.0001,0.5168528701181114,0.5172652558247615,0.5164369447409527,0.519309904412984,0.514409695993737,1.0280677866947938,1.1023798894100902,1.033966289076876,1.01969239507891,0.7767704982545153,0.9490972295884164,0.002912188240546777,1.0068616033882223,0.47114103606769014,0.45140168922288076,0.3532732001372746,0.484418796641486,0.46179209436689106,0.9304668137005397,0.7063155514853341,0.9622044563293457,0.9062013966696603,0.7705210787909371,0.9513465932437352,0.002937664011759417,0.9603342158453805
51,5e-05,0.5169339545311467,0.5154753856730961,0.5071589722123075,0.518927232628899,0.5152665504997838,1.028389190351786,1.1066691902009755,1.0343163753251692,1.0198528219416882,0.7765740823330662,0.948909206690693,0.0026772902287539005,1.006977419638353,0.47106280497142244,0.451301634311676,0.3530829804284232,0.48433799403054373,0.461720130273274,0.9303879141807556,0.7062896830695016,0.9621253269059318,0.9061201981135777,0.7704479098320007,0.9513173188482013,0.002916115868304457,0.96036844594138
52,5e-05,0.5164294171748378,0.5182661169074586,0.5229828917424738,0.5193870508603664,0.5132533291700981,1.0278130734937347,1.1093009155466809,1.033628607614188,1.0192813131666403,0.7769064926454121,0.9490854730681767,0.002797064032354113,1.0072492508172868,0.4709961712360382,0.4512095962251936,0.35288115058626446,0.48427242040634155,0.46165714093617033,0.93033025094441,0.7063112684658596,0.962080683026995,0.9060471824237278,0.7704186269215175,0.9513026901653835,0.0028953618769134793,0.9604716726711818
53,5e-05,0.5155467208507302,0.5155263447602834,0.5120435515032385,0.5187728881408664,0.5124372794758767,1.0276709860309967,1.1162854800820046,1.0335408351510473,1.0188471235132681,0.776918235859136,0.9491962774313845,0.0028415701699696376,1.006082528930289,0.4708994541849409,0.4511073316846575,0.35276198387145996,0.48416917664664133,0.461567793573652,0.9302160484450204,0.7062143427985055,0.9619621804782322,0.9059371948242188,0.7704918043954032,0.9513319475310189,0.002888402435928583,0.9603145292827061
54,5e-05,0.5152241371255377,0.5169834840071854,0.5212853960177866,0.5182627318031167,0.5119833956299473,1.0272445563347108,1.1094414865854638,1.0330570590416712,1.0186922298415282,0.777005538168896,0.9492382442591072,0.002746325818353504,1.0058990009491466,0.47079248087746756,0.45098518473761423,0.3525788017681667,0.4840593295437949,0.4614658440862383,0.9300932543618339,0.7061194777488708,0.9618335536548069,0.9058190073285785,0.7705064415931702,0.9513465932437352,0.0028861367276736666,0.960170933178493
55,5e-05,0.5153850571076442,0.5133795061754802,0.5019598712508518,0.5181112491773204,0.5131063102394022,1.0277297929257414,1.108830709794333,1.033694355016602,1.0190619322744565,0.7769736264890973,0.9492869305110136,0.0027640718213033126,1.0055792584397276,0.47069402251924786,0.4508730343409947,0.3524098651749747,0.48395958968571257,0.46137093220438274,0.9300001263618469,0.706078691141946,0.9617374113627842,0.9057270799364362,0.7704771757125854,0.9513319560459682,0.0028712388926318715,0.9601289459637233
56,5e-05,0.5153009737081181,0.5134695779953745,0.5027490973899869,0.5180684213325786,0.5129518261702929,1.0279437027646527,1.112420429221435,1.0341339458640393,1.0189379764347888,0.7771062701406445,0.9492130705898869,0.00283284700216694,1.0060300097609567,0.47059923836163114,0.450775819165366,0.352303466626576,0.4838635580880301,0.4612777999469212,0.9298907092639378,0.7060422556740897,0.9616102746554783,0.9056331855910165,0.770579627582005,0.9513612304415021,0.0028634778490023954,0.9599965470177787
57,5e-05,0.5152616836111544,0.5141814711670112,0.5072970206439648,0.517426925458117,0.5133620011946878,1.026989147654571,1.1062944634596752,1.0328851707214828,1.0184496066781477,0.7769031312242265,0.949263430532894,0.002795441276205468,1.0060465784788253,0.4705147317477635,0.45068176303591045,0.3521750739642552,0.4837724609034402,0.46120165075574604,0.9298061643327985,0.7060417532920837,0.9615102325166974,0.9055606722831726,0.7705942647797721,0.9513905133519854,0.002859461453876325,0.959938679422651
58,5e-05,0.5151847046854797,0.5154263043000767,0.5139912381058648,0.5175264091657725,0.5128828116520453,1.0275168112162987,1.110873832985858,1.0334038793643927,1.0188510447236983,0.7769602034193275,0.9491459171221431,0.0027368208474522057,1.0052094783651115,0.4704316939626421,0.45058453934533255,0.3520265008722033,0.4836805122239249,0.4611298739910126,0.9297274351119995,0.7060187544141497,0.961426283632006,0.9054856470652989,0.770623539175306,0.9513905218669346,0.002837533929518291,0.9599287339619228
59,5e-05,0.5152205321279723,0.5130926946219089,0.5022350470957485,0.5169174978504777,0.513956436028068,1.02760956120137,1.109395823171062,1.033789601926613,1.0187033138333743,0.7769618896539554,0.9490753969838542,0.00263527451339142,1.0061327538854088,0.4703409331185477,0.4504683954375131,0.3518025832516806,0.48358942355428425,0.46104378359658377,0.9296513199806213,0.7059722968510219,0.96135755947658,0.9054012554032462,0.7706528050558907,0.9514051335198539,0.002821715748203652,0.9599606479917254
60,5e-05,0.5148583698809849,0.5141433687376109,0.5086002413639337,0.5172285586519236,0.5126967480777168,1.0269682277365946,1.1032285521229412,1.0329795990976625,1.0184150245698733,0.7767251743393804,0.9491643803399218,0.002598837709471133,1.005919573676934,0.4702502191066742,0.4503805637359619,0.3517327095781054,0.4834942477090018,0.4609563095229013,0.9295483572142464,0.705906902040754,0.9612447023391724,0.9053060753004891,0.7706967336790902,0.9513904963220868,0.0028005396681172507,0.9598399230412075
61,5e-05,0.514987570990432,0.5147206048384362,0.5113836370610727,0.5170764059698161,0.5130188741014972,1.026978775347677,1.1126195385830866,1.032738075644556,1.0183646402417605,0.777173403892771,0.949375904375507,0.002709971629910522,1.0058713810784476,0.47016285146985737,0.4502690093857901,0.3515225223132542,0.4834016902106149,0.46087884477206637,0.9294776490756443,0.7058650851249695,0.961177008492606,0.9052314162254333,0.770740636757442,0.9513612474714007,0.002790782999779497,0.9598506093025208
62,5e-05,0.5149061718905088,0.5116552828643729,0.4958997381478167,0.516707790917271,0.5137381159947948,1.0275505877005036,1.1095767042237676,1.0340555922165933,1.0183113593049251,0.7772825220213507,0.9492533544180519,0.0024585959301756948,1.005529488836016,0.47007050258772715,0.45016821793147493,0.35139078327587675,0.483305071081434,0.46079174535615103,0.9293836270059858,0.7058371220316205,0.9610691836902073,0.905149485383715,0.7706967166491917,0.9514051590647016,0.002777600328304938,0.9597330348832267
63,5e-05,0.5142079911290592,0.5121342271062819,0.5007512277965965,0.516622918389482,0.5122416903895717,1.0266383637908294,1.1070091529070751,1.0328982975686811,1.0176993642046217,0.7771247259421771,0.9492348825022067,0.002656755418205778,1.0053966938991516,0.4699848677430834,0.45006770747048513,0.35122869270188467,0.4832169200692858,0.4607116920607431,0.9293058599744525,0.705825422491346,0.960978627204895,0.9050823960985456,0.7706967166491917,0.9514490706580025,0.002787114852773292,0.9596836652074542
64,5e-05,0.5137410244756153,0.5105008636446288,0.494151406756927,0.5161503078048801,0.5119847246944996,1.0262888449006244,1.1016436843034614,1.032221698846441,1.0178442377953791,0.7775427472634128,0.9496478762494803,0.002497155634012537,1.0043523639699952,0.4699114603655679,0.44995821373803274,0.35096387778009686,0.48314506667000906,0.46064298919269014,0.9292648775236947,0.7058736596788678,0.9609352435384478,0.9050402470997402,0.7706088934625898,0.9513905218669346,0.0027642867394856046,0.9598339625767299
65,5e-05,0.5137350042233758,0.5121481430359639,0.5028642862043318,0.5161278977097454,0.5117044268329511,1.026426376682395,1.1049132457587638,1.032746984906155,1.0174896976792744,0.7771499152068779,0.949535384980215,0.002639559426388326,1.0043674206892406,0.4698248973914555,0.44984331727027893,0.3507368096283504,0.4830511638096401,0.46056789585522245,0.9291951315743583,0.7058740087917873,0.9608587452343532,0.9049755334854126,0.7706528306007385,0.9513905218669346,0.0027746310058448997,0.9598369172641209
66,5e-05,0.5136230738115384,0.5114749855282242,0.499821995504685,0.5159936615032717,0.5117125009428338,1.027212072871492,1.1075614152416107,1.0324001537490002,1.0193455592827863,0.7769988227122513,0.9493523929220435,0.0027573013661383507,1.004130114058745,0.46974306872912813,0.4497261004788535,0.3504789982523237,0.4829593002796173,0.4605021263871874,0.9291371277400425,0.7058459350040981,0.960801499230521,0.9049155967576163,0.7705942732947213,0.9513612304415021,0.0027946366130241324,0.9599123767444065
67,5e-05,0.5132380848778131,0.5116499550697807,0.5021848736881173,0.5157978694315636,0.5110467975712164,1.0272660296938692,1.1069569721383068,1.0332545138784879,1.0186213026337299,0.7767604325468334,0.9492902917185626,0.002627834625717651,1.0052761752301465,0.4696502557822636,0.4496154487133026,0.3503015509673527,0.4828573891094753,0.46042143021311077,0.9290487766265869,0.7057406732014248,0.9606980681419373,0.9048423937388829,0.7705796360969543,0.9514051335198539,0.00278094776773027,0.9598613807133266
68,5e-05,0.5147211688698956,0.5124459638695685,0.5007178040113561,0.5166484871492957,0.5132605215401999,1.0276454837274624,1.1095653935938814,1.0334854271859923,1.0190750192326274,0.776941746305455,0.9492902963575314,0.002607150123842324,1.0061765103174123,0.46953630447387695,0.44948577880859375,0.3501200122492654,0.48272883892059326,0.4603245258331299,0.92893328836986,0.7055912102971759,0.9605701565742493,0.9047406741550991,0.7706967336790902,0.9514344079153878,0.0027473041388605323,0.9597280706678119
69,5e-05,0.5124381416831576,0.5112389666998747,0.5036564780636683,0.5147848154298477,0.5103841900703422,1.026106637682722,1.1135220144323612,1.0316769943686552,1.0176223679438532,0.7772271240972215,0.9492315239193375,0.002728684162515985,1.003358231406302,0.4694530410426004,0.4493745650563921,0.34989726543426514,0.4826388273920332,0.4602523020335606,0.9288734197616577,0.7056014367512294,0.9605013046945844,0.9046880262238639,0.7707991940634591,0.9514929822513035,0.0027459452727011274,0.9597853422164917
70,5e-05,0.5129633858548148,0.5100129740517748,0.4949923394828714,0.5152836804260551,0.5112421944149933,1.0268589192576978,1.11044739236358,1.0325618650567758,1.0183696850897774,0.7768426943118305,0.949389337913476,0.002665182619783131,1.0052263890543292,0.469372889825276,0.4492450867380415,0.3495631388255528,0.4825532180922372,0.46018619196755545,0.9288529753684998,0.7056581463132586,0.9604888643537249,0.9046574064663478,0.770667450768607,0.9515076194490705,0.002746445592492819,0.9599462832723346
71,5e-05,0.5125147080763266,0.5089433567376241,0.49202551517618415,0.5141227099142255,0.5115896345283578,1.0263389339217515,1.1018864397690105,1.0325327992011997,1.0176266203522377,0.7771734159785054,0.949374229860379,0.002765239828923804,1.0045544015280845,0.46927631752831594,0.4491209898676191,0.349331728049687,0.4824471303394863,0.4601035841873714,0.9287825652531215,0.7056318436350141,0.9604039873395648,0.9046004329408918,0.7706820794514248,0.9515661426952907,0.002755434984075172,0.9599119169371468
72,5e-05,0.5123185984488945,0.5093828752842916,0.4945529841851773,0.5145172268167497,0.5107122018010081,1.0262872946610282,1.1096309629148298,1.0321137831873974,1.0176827817224443,0.7770760348987042,0.9494145185411496,0.002698842637790238,1.0042025698372723,0.4691831724984305,0.4490137611116682,0.3491760066577366,0.48234292013304575,0.4600235904966082,0.928698582308633,0.7055684924125671,0.9603035790579659,0.9045311978885106,0.7707113708768573,0.9515661512102399,0.002760075032711029,0.9598513756479535
73,5e-05,0.511283349774156,0.506298840564761,0.4823227841244926,0.5138731490967522,0.509659016965538,1.0274467932768987,1.1041376812300558,1.0338674018276819,1.0184699012509262,0.7771331234217544,0.9496562628335851,0.002496292255827785,1.002597648610351,0.46908630217824665,0.4488931042807443,0.3489617577620915,0.48223866309438435,0.45993801951408386,0.9286132284573146,0.7055040427616665,0.9602092930248806,0.9044545463153294,0.7708138397761753,0.9515954426356724,0.0027792477714163916,0.959831987108503
74,5e-05,0.5121325157083002,0.508346510372953,0.49086292316165264,0.5134084136499482,0.5115656873780645,1.0257734867834276,1.1055519549100752,1.0320399674890717,1.01684775654011,0.7769870602712226,0.9495253174718807,0.002835506135554907,1.004231622691528,0.4690057763031551,0.44878484521593365,0.34874012214796885,0.4821533645902361,0.4598671240465982,0.9285598908151899,0.7054972222873143,0.9601548824991498,0.9044003656932286,0.7708138227462769,0.9515661512102399,0.0027647625787981917,0.9599830337933132
75,5e-05,0.5123864544609907,0.5087897737271592,0.49157061272563535,0.5141780790889562,0.5112886614391758,1.02594214265797,1.1074412294186144,1.0317662340582667,1.017401453689374,0.7765002180781659,0.9493775883211701,0.0028057689392840023,1.004765108738932,0.4689231259482248,0.4486675092152187,0.34848545704569134,0.48206076451710295,0.4598000305039542,0.9285324045589992,0.7055260113307408,0.9601348808833531,0.9043628147670201,0.7707259910447257,0.9514929567064557,0.0027587770351341794,0.9601826327187675
76,2.5e-05,0.51102414336561,0.507106657676433,0.48789326024861196,0.5134110398861426,0.5094082644824425,1.0266481104168108,1.1124795289510834,1.0324674844741821,1.0179674683689033,0.7767637853004721,0.949518607295115,0.0025494498643247794,1.0030427535435997,0.46888467243739534,0.44861243452344624,0.34836401683943613,0.4820179854120527,0.4597688104425158,0.9285063743591309,0.7055259772709438,0.9601026177406311,0.9043426173073905,0.7707991940634591,0.9514929822513035,0.002765434860650982,0.9602360384804862
77,2.5e-05,0.5117024433838668,0.5064649162265623,0.482672494005925,0.5130933542710601,0.5112791309830352,1.026892378277737,1.1134591210028848,1.032715362337877,1.0181835807413548,0.7769115164044327,0.9494581743807775,0.002506999321342949,1.0042995812034705,0.46883351462227957,0.4485482701233455,0.34825208357402254,0.4819598751408713,0.45972635064806255,0.9284609045301165,0.7054697615759713,0.9600496717861721,0.9043053473745074,0.7708284514290946,0.9514929822513035,0.002768459729850292,0.9601923397609166
78,2.5e-05,0.5120579308567448,0.5096921655409042,0.4970396830677925,0.5144963885842991,0.5101200564970924,1.0264394026930614,1.1083576594385438,1.0322098763124552,1.0179381665973497,0.7766294730240665,0.9493675115959375,0.0024206893293485542,1.0045244186521491,0.4687703379562923,0.4484779323850359,0.3481601136071341,0.48188846026148113,0.45967228072030203,0.9284030028751918,0.7053872091429574,0.9599874445370266,0.9042520097323826,0.7708431056567601,0.9514929737363543,0.002761296196175473,0.9600819945335388
79,2.5e-05,0.5114915372924932,0.5069766785630921,0.48592766202295734,0.5132028877246826,0.5106323061847589,1.0259919411636778,1.1091069046558628,1.031878281573546,1.017335263051806,0.7762870024975543,0.9494363446450514,0.002789945991140448,1.0038780418958533,0.46872205819402424,0.44842006478990826,0.3480666492666517,0.48183502895491465,0.459630800145013,0.9283664992877415,0.7053577303886414,0.9599465216909137,0.9042197210448129,0.7708870257650103,0.9515076194490705,0.002755196232880865,0.9600757275308881
80,2.5e-05,0.5115156214449629,0.5076705992252352,0.48911595587173734,0.5135705052310848,0.5102071741789472,1.0259739645187878,1.1074020110883287,1.0319237056232633,1.0173100248032574,0.7767637843848861,0.9492113912221535,0.0025744013183335813,1.004270758283364,0.4686743063586099,0.44835464869226727,0.34792899659701754,0.4817842287676675,0.45958911521094187,0.9283385276794434,0.7053430846759251,0.9599182094846453,0.9041918601308551,0.7708284599440438,0.9514929737363543,0.002754699970994677,0.9601023537772042
81,2.5e-05,0.510256594242466,0.5076361521353675,0.49436762653523936,0.5122488752060894,0.5087939336308441,1.026073565925016,1.1081348461367446,1.0320735407742365,1.017338152091685,0.7771901939077617,0.9495202859914187,0.0024729970970400407,1.0022256657580382,0.4686317443847656,0.44829257896968294,0.3477861668382372,0.48173862269946505,0.45955345034599304,0.9283188666616168,0.7053392359188625,0.9599007282938276,0.9041695679937091,0.7708284599440438,0.9515076194490705,0.0027349936509771006,0.9602013315473285
82,2.5e-05,0.5113957278312199,0.5094337713639063,0.4989032005873083,0.513454074592268,0.5097535722571889,1.026392991275465,1.109743121338086,1.0323551820597767,1.0176525629305315,0.7766479500977125,0.9494766307316618,0.0026460961477818607,1.004219874075847,0.4685894421168736,0.4482382152761732,0.34768934335027424,0.48168892519814627,0.4595196545124054,0.928294130734035,0.7053341099194118,0.9598715305328369,0.9041485360690525,0.7707552654402596,0.9515076194490705,0.0027236325799354483,0.960250266960689
83,2.5e-05,0.5109459573161705,0.5065733905761473,0.48527802739824566,0.5134676590645796,0.5092797848394572,1.0264860727636862,1.10963023935778,1.032862457994675,1.0173383137231231,0.7767285301449722,0.9492097114576661,0.0025260461922553767,1.003365845785224,0.46854022571018766,0.44817921093532015,0.34759710090500967,0.48163136414119173,0.4594803069319044,0.9282507215227399,0.70528073821749,0.9598243066242763,0.9041097419602531,0.7707552909851074,0.951522239616939,0.0027157702217144625,0.9602028046335492
84,2.5e-05,0.5107474283291875,0.5075189726082899,0.4919617383283526,0.5124514835251947,0.5096695748311828,1.025434866448396,1.1101455692749298,1.0315435142683116,1.016502318935277,0.7769786746332235,0.9493876626963988,0.0027376707560772384,1.0040451262892056,0.46849696125303,0.44811904430389404,0.3474747155393873,0.4815786864076342,0.45944917627743315,0.9282266838209969,0.7052540268216815,0.9598006180354527,0.9040849890027728,0.7707259910447257,0.9515076109341213,0.0027093408363206045,0.9602353828293937
85,2.5e-05,0.5103181207326517,0.5054054287111094,0.48246469130835895,0.5122152494731098,0.5093495344206179,1.0260702000784985,1.1061616396818537,1.0320937102169363,1.017376766501484,0.7764666360338957,0.9495874375059125,0.0026371810683972,1.0025816346460041,0.46845356481415884,0.44806288395609173,0.34737256169319153,0.4815269538334438,0.4594162830284664,0.9282018031392779,0.7052404029028756,0.9597710285867963,0.9040637186595372,0.7705942732947213,0.9514929737363543,0.002699113916605711,0.9602653384208679
86,2.5e-05,0.5120098262765868,0.5088446092678838,0.4937927818151846,0.5134897503679493,0.5111371978270477,1.0263203701115973,1.1081022238401774,1.0328498843750218,1.0170649712475153,0.7766194075605409,0.9493826237996907,0.002466542830598229,1.0050136404530672,0.46840853350503103,0.44801087038857595,0.34729948214122225,0.4814737779753549,0.459380247763225,0.9281690972191947,0.7052189026560102,0.9597335032054356,0.9040359428950718,0.7706089019775391,0.9514929737363543,0.0026807808982474463,0.9602547713688442
87,2.5e-05,0.5111406828523354,0.5077948759167364,0.49172854820276857,0.5128531470337833,0.5100752871676218,1.026340404169656,1.101162383907951,1.0321975427594359,1.0179888775760066,0.7766160439724685,0.9493137811064049,0.002329625129695892,1.0043558618440056,0.46835496595927645,0.44795253447123934,0.34722995332309176,0.481411337852478,0.4593362169606345,0.9281150783811297,0.7051582251276288,0.9596724850790841,0.9039891958236694,0.7706967421940395,0.9515222311019897,0.002679952353771244,0.9601542694228036
88,2.5e-05,0.5108921069153992,0.5057618227056278,0.4819673775588923,0.5127190389940816,0.5100293895310765,1.027183823871173,1.1148743319987517,1.0329210592182978,1.0185237007756387,0.7762366462474106,0.9493490452041274,0.002852802919346698,1.0040840075923063,0.46830661381993977,0.4478922997202192,0.347126019852502,0.4813565569264548,0.459296030657632,0.9280851568494525,0.7051532098225185,0.959639344896589,0.9039619054113116,0.770740636757442,0.9514636823109218,0.0026723013392516543,0.9601533668381828
89,2.5e-05,0.5097807568583315,0.5030896946276632,0.47175241536014945,0.5124520978070624,0.5083771658688402,1.0259383465776184,1.1074412717492044,1.0321257752878996,1.01703391054381,0.7764884724228795,0.9492768568377341,0.002768093237607595,1.0025169470343172,0.4682585724762508,0.4478267516408648,0.34699183276721407,0.4813025508608137,0.459257036447525,0.928050560610635,0.7051439029829842,0.9595988818577358,0.9039329460689,0.7707259910447257,0.9514197877475193,0.002668618390868817,0.9601720997265407
90,2.5e-05,0.5095268082020531,0.5037139114269036,0.4771391013861313,0.5112305221286604,0.5089027304497976,1.0257036045033445,1.1035505314088148,1.0318899925281253,1.0169220886899457,0.7766966308255838,0.9493910160604283,0.0025223657251342833,1.002675286910501,0.46820697614124845,0.4477659549031939,0.34689863664763315,0.48124490465436665,0.4592125713825226,0.9280154023851667,0.705119218145098,0.9595555663108826,0.9039051617894854,0.7707260165895734,0.9514636993408203,0.0026553341054490636,0.9601592762129647
91,2.5e-05,0.5104615457901512,0.5054317416744359,0.48196377658990486,0.5123854957051724,0.5094874313533214,1.026424988257354,1.109153238981123,1.0322120234835654,1.0178803518620505,0.7766126973532556,0.9495303543542998,0.002689695893226528,1.0033134031588764,0.4681650016989027,0.4477058393614633,0.34676292538642883,0.48120091216904776,0.45917591026851107,0.9280041626521519,0.7051503487995693,0.9595471024513245,0.90388936655862,0.7706967166491917,0.9514344249452863,0.002638630402673568,0.9603026849882943
92,2.5e-05,0.5106563918326857,0.5046343814392793,0.47697265028831476,0.5125458744844289,0.5098896626777912,1.0257698960690027,1.109289400924247,1.0316673055161467,1.0170883416702243,0.7764095535842321,0.9494313076405543,0.0024208041295195565,1.0038110106283131,0.46811944246292114,0.4476496534688132,0.3466664808137076,0.48115032059805735,0.4591372992311205,0.9279800568308149,0.7051563603537423,0.9595232435635158,0.9038644773619515,0.7706528306007385,0.9514344249452863,0.0026288561722529785,0.9603311504636493
93,2.5e-05,0.5100933406301724,0.5053220483137288,0.48324026580169394,0.5117473253456678,0.5093344260165463,1.0262076593763818,1.1052302916234296,1.0323624654543808,1.0174187984273668,0.7765186805939955,0.9494128396006896,0.002379651409104138,1.0032080216280814,0.4680722951889038,0.44759373153959003,0.34658136538096834,0.48109584195273264,0.4590984880924225,0.9279484578541347,0.7051444138799395,0.9594822951725551,0.903840788773128,0.7706821049962725,0.9514051335198539,0.0026295821381998913,0.9603148187909808
94,2.5e-05,0.5092991049998977,0.5042606204885491,0.48125127798706463,0.5107519896410089,0.5087811968995557,1.0259826769904485,1.1032336502885793,1.0315291669145341,1.01786122252498,0.7766563386655867,0.9494145136580245,0.002327832524725262,1.0029206322024433,0.4680269275392805,0.44752845593861174,0.3464382801737104,0.48104375175067354,0.4590630275862558,0.927925033228738,0.7051475388663155,0.9594576869692121,0.9038179772240775,0.7706820964813232,0.9513758846691677,0.002640425826289824,0.960372269153595
95,2.5e-05,0.5103069825838971,0.5035946125625282,0.47282012547826496,0.5123574879617491,0.509506154109195,1.026028345440573,1.094536695551152,1.0324442296899774,1.0173286350946578,0.7766865642328356,0.9496092639455292,0.0025305965392198463,1.0034240456770092,0.4679915649550302,0.44747463294437956,0.3463114244597299,0.481003075838089,0.459036009652274,0.9279063940048218,0.7051665697778974,0.9594310011182513,0.9038064650126866,0.7706381763730731,0.9513612474714007,0.002650355055396046,0.9604524288858686
96,2.5e-05,0.5088901110966267,0.5027133684187624,0.4739856260651756,0.5111657458424751,0.5077778795286746,1.0258569203153123,1.1064276611627948,1.0315125318166847,1.0175156093718025,0.7763440872056632,0.9494027675449451,0.002392515067547117,1.0028866861517223,0.46794890080179485,0.44741930280412945,0.34620639256068636,0.4809556986604418,0.45900056191853117,0.9278758934565953,0.7051572033337185,0.9593944464411054,0.903781703540257,0.7705942647797721,0.9514051335198539,0.0026569144600736244,0.9604838405336652
97,2.5e-05,0.5108248207792525,0.5059084796441621,0.4828292020332856,0.5128388346553886,0.509744040519228,1.0264959713158948,1.1108874750332653,1.0327745678482212,1.0174044625184138,0.7763692767450399,0.9494061216109237,0.002506515418197931,1.0045311751880832,0.4679079907281058,0.4473604006426675,0.3460787151541029,0.48090789573533194,0.45896899700164795,0.927860609122685,0.705177400793348,0.9593737976891654,0.9037697911262512,0.7704918043954032,0.9513904963220868,0.002648098726889917,0.9605826139450073
98,2.5e-05,0.5098095196854806,0.503685677320116,0.4765831869623933,0.5107551273845491,0.509971558132113,1.0260013413014195,1.1069650831615625,1.0319813291231792,1.0173226644366569,0.776694960796827,0.9495505032573549,0.0022270211069706372,1.0027219296966647,0.46786196316991535,0.44730353355407715,0.3459842801094055,0.4808537108557565,0.45893269777297974,0.9278313262122018,0.7051756722586495,0.959335310118539,0.9037491934640067,0.7705210958208356,0.9513758846691677,0.0026497684219586,0.9605665717806134
99,2.5e-05,0.5097214951310106,0.5028852668103961,0.4723800439988413,0.5110146713696317,0.5096730366158473,1.0257145790826707,1.106610137501925,1.0316238511359455,1.0171086548293973,0.7762467130537956,0.9495857621057181,0.0023580471683661724,1.0033060462427212,0.4678179451397487,0.44723463909966604,0.34581682085990906,0.48080241680145264,0.4589001621518816,0.9278213892664228,0.7052026987075806,0.9593243684087481,0.9037391798836845,0.7703454494476318,0.9513758676392692,0.0026576921144234283,0.960679258619036
100,2.5e-05,0.5113695954519605,0.5058324598557999,0.4810269483376087,0.5125094471652876,0.5112411278184108,1.0260690647214117,1.1012423981536186,1.0323883252637056,1.0172439295392248,0.7767923177967179,0.9495723353736045,0.002639285561757871,1.004293455841965,0.46777946608407156,0.44718241691589355,0.34570983052253723,0.48076049770627705,0.458867290190288,0.9277983733585903,0.7052188345364162,0.9592934932027545,0.9037226949419294,0.7703161665371486,0.9513758761542184,0.0026486062976930824,0.9607312168393817
101,1.25e-05,0.5082151790307353,0.5017903961710483,0.47186232020594926,0.5106265482784111,0.5070155126066984,1.0262685755674985,1.107253016353691,1.0326967597373986,1.0171410593385888,0.776310501956842,0.949431314171734,0.002043590880453556,1.0020315927294543,0.46775480679103304,0.4471528742994581,0.3456642585141318,0.4807315043040684,0.45884751422064646,0.927779597895486,0.7052076373781476,0.9592695321355548,0.903708142893655,0.7703161665371486,0.9513612474714007,0.0026488211005926132,0.9607212373188564
102,1.25e-05,0.5099842938715168,0.502639077867048,0.46968904398553385,0.5115385827075746,0.5097732463678945,1.026243310736438,1.1153236590955298,1.0324205881012323,1.0170968264967004,0.7763541568198451,0.9494581625391993,0.002548385233748504,1.0037196275214935,0.46773025393486023,0.44712397030421663,0.34562012553215027,0.48070322615759714,0.4588277169636318,0.927759417465755,0.7051931619644165,0.9592459372111729,0.9036917005266462,0.7703161580221993,0.9513612474714007,0.002649621306253331,0.9607064723968506
103,1.25e-05,0.509512454561252,0.5034903383718902,0.47622720810980046,0.5110229562168785,0.5091113988949101,1.0259459306201262,1.1083237120449634,1.0319488187417334,1.0171970199513178,0.7762970729662831,0.9494934257518556,0.002306813179391078,1.0030745360647417,0.46770627583776203,0.447095377104623,0.3455757626465389,0.48067575693130493,0.4588078132697514,0.9277405398232597,0.7051747526441302,0.9592188256127494,0.9036805629730225,0.7703308037349156,0.9513319730758667,0.0026554485583411796,0.9606875436646598
104,1.25e-05,0.5089401629144451,0.5024379060870248,0.4733936427436727,0.5101981053307187,0.5088670591147082,1.0266055771160663,1.1108627225030585,1.0325397729446384,1.017862739223611,0.776204751109198,0.9495555361111959,0.002564038057932325,1.003084545860642,0.4676862955093384,0.4470697471073696,0.3455283599240439,0.48065354568617685,0.45879094515527996,0.9277282016617912,0.7051787206104824,0.9592046907969883,0.903669902256557,0.7703161495072501,0.9513612474714007,0.0026538087986409664,0.960717226777758
105,1.25e-05,0.5094227767637676,0.5050501126054001,0.4856363521956567,0.5101564946964467,0.509481972813057,1.0255794803179414,1.1049590803877367,1.031473901323093,1.0170389760535494,0.7765153261312631,0.949446414930663,0.002459393867615303,1.0027542433186916,0.4676689122404371,0.4470389357634953,0.3454430273600987,0.4806332460471562,0.45877898590905325,0.9277317864554269,0.7051956823893956,0.9592112983976092,0.9036702939442226,0.7702868751117161,0.9513465932437352,0.0026512983521180494,0.960819695677076
106,1.25e-05,0.5086355689575413,0.5011106766283482,0.4669212268916265,0.5106397643799789,0.5080218212121094,1.0268287204865976,1.1029912736314538,1.033204185706313,1.0179142984316036,0.77622657785401,0.9494732746513941,0.002580613600775882,1.002484862491893,0.46764547910009113,0.44700696638652254,0.345379786831992,0.48060472522463116,0.4587620879922594,0.9277169874736241,0.7051738841193063,0.9591936213629586,0.9036582452910287,0.7703161495072501,0.9513173188482013,0.002654131269082427,0.9608369810240609
107,1.25e-05,0.5093946050083826,0.5030318543780357,0.4744050117468016,0.5108210524564148,0.5091344066082485,1.0255822227114724,1.099659016024926,1.031514321848239,1.017181153762542,0.7760821931251061,0.9492902947705157,0.00259099496219496,1.0036421370579534,0.46761841433388845,0.44697411571230206,0.345326977116721,0.48057376061167034,0.45873949357441496,0.9276992423193795,0.7051530820982796,0.9591724361692157,0.9036444084984916,0.7703308122498649,0.9513319645609174,0.002653752819501928,0.9608234422547477
108,1.25e-05,0.5100829121520809,0.5060907536082797,0.48684150478013405,0.5122013175969727,0.508739279956007,1.0256075982673927,1.1091378382762396,1.031520582441788,1.016910543181746,0.7766546698270916,0.9492902873237501,0.0025875601452320846,1.0045687066733502,0.4675964627947126,0.4469437854630606,0.3452641580786024,0.4805487777505602,0.4587217995098659,0.9276849712644305,0.7051445075443813,0.9591553892408099,0.9036326152937753,0.7703015208244324,0.9513026816504342,0.0026548056796725306,0.9608470031193325
109,1.25e-05,0.5090554511766829,0.504356512428856,0.48289947955655976,0.5104089789950903,0.5085737301457313,1.0253665393520732,1.1079195044740187,1.0316000641216332,1.0163813908467583,0.7766311617307765,0.9495051742759779,0.002590515274798647,1.0025753368491461,0.4675776745591845,0.4469163077218192,0.34520290579114643,0.4805272775036948,0.4587069834981646,0.9276747788701739,0.7051395433289664,0.9591438003948757,0.9036235979625157,0.7702576262610299,0.951317310333252,0.0026501596439629793,0.9608901909419468
110,1.25e-05,0.5089503955181842,0.5018779123922037,0.46997893067182667,0.5106108439804894,0.5085889641987136,1.0263913324473763,1.1060848850747347,1.0323076423351056,1.0178187346983372,0.7760251141851887,0.9494430583926023,0.002825713414590113,1.0036504095905692,0.46755239367485046,0.4468844873564584,0.34514744366918293,0.48049749221120563,0.4586874842643738,0.9276575786726815,0.7051253148487636,0.9591239520481655,0.9036090203693935,0.770272263458797,0.9513173188482013,0.0026480995916894506,0.960891204220908
111,1.25e-05,0.5083500381103248,0.5023074905443851,0.4750133487302953,0.5098070863479843,0.5080042177295294,1.0257259219717014,1.1117821083090822,1.0315203279394158,1.0170628849323504,0.7766848778761294,0.9496092609851347,0.002544917825741061,1.002038147775442,0.4675316597734179,0.4468523519379752,0.34507082189832416,0.4804732842104776,0.4586718125002725,0.9276546580450875,0.7051323481968471,0.959121116570064,0.9036058102335248,0.7702429805483136,0.9513319475310189,0.0026432471349835396,0.9609531845365252
112,1.25e-05,0.5084410561882894,0.5030278191161168,0.4789069080377199,0.5094321831580131,0.5084344427279186,1.025947678595766,1.1129668685514622,1.0318215765589271,1.0171728922169574,0.7768225398847401,0.9495639310271327,0.0022936059695277964,1.0014546560252318,0.46751177310943604,0.4468268241201128,0.34502522008759634,0.48044934017317636,0.45865698371614727,0.92764869758061,0.7051352858543396,0.9591113158634731,0.903603162084307,0.7701990604400635,0.9513612219265529,0.00263789262888687,0.9609837361744472
113,1.25e-05,0.509423921124116,0.5046941325930651,0.4827338471756919,0.5111305357338035,0.5086069647709163,1.0257886776360132,1.1108450610638885,1.0314355500526937,1.0173067792647323,0.7763272921854694,0.9495186025340681,0.002366336999237881,1.003477863940714,0.46748929790088106,0.44680118560791016,0.34499081117766245,0.4804220029285976,0.4586400091648102,0.9276318294661385,0.7051179664475578,0.959087107862745,0.9035934720720563,0.7701844317572457,0.9513612304415021,0.0026346767055136816,0.9609471389225551
114,1.25e-05,0.5091588618019209,0.5031469543042454,0.4761992528752309,0.5104111300269213,0.5090051163665099,1.0263742385494117,1.1040241795811847,1.032366157554689,1.017793865675079,0.7761963466711674,0.9494480922535878,0.002405433854993282,1.003221551333094,0.46747308118002756,0.4467751554080418,0.3449262338025229,0.48040291241237093,0.4586281308106014,0.9276336857250759,0.7051416039466858,0.959087107862745,0.9035969802311489,0.77011125428336,0.9513612304415021,0.0026348864194005728,0.9610147561345782
115,1.25e-05,0.509268499220327,0.504631040969752,0.48365751330021156,0.5104117029700839,0.5089789406037367,1.0260248117671522,1.1057325766078032,1.031634850375053,1.0177577424830677,0.7762786102062973,0.9496764108515738,0.002297457716014299,1.0030688898598787,0.46745472720691134,0.4467524971280779,0.3448877419744219,0.48038225940295626,0.4586127144949777,0.9276166217667716,0.7051295212336949,0.9590649264199393,0.9035841737474714,0.7700819798878261,0.9513465932437352,0.002637109619432262,0.961014815739223
116,1.25e-05,0.5092266263622415,0.5026383271781347,0.47286844143669726,0.5108252114292541,0.5088400850067735,1.025841155939693,1.1068876444896674,1.0318389221819864,1.0171420635227295,0.7760637291443391,0.9494363427223209,0.002499367667412642,1.0041863597238974,0.4674344616276877,0.44672504493168425,0.3448317689555032,0.48035992469106403,0.4585957016263689,0.927603508744921,0.7051273839814323,0.9590476836477008,0.9035747902733939,0.7700819543429783,0.9513612304415021,0.002641400355579598,0.9610376272882734
117,1.25e-05,0.508332944685413,0.5017569044340713,0.4718530641203957,0.5101085497639574,0.5077733703594726,1.0264198277097938,1.1089234320066308,1.032093817035296,1.017995832519414,0.7761795622412511,0.9494934290784844,0.002347527618323969,1.0026531153560234,0.46740569387163433,0.4466959834098816,0.3448069393634796,0.48032561796052115,0.4585725835391453,0.9275710327284676,0.7050845197268895,0.959004989692143,0.9035531623022897,0.7700380682945251,0.9513319560459682,0.0026450403300779207,0.9609525714601789
118,1.25e-05,0.5079453340629034,0.5008924056247022,0.4696840931681932,0.5090289049678378,0.5081370727440911,1.026281500436438,1.1115415195776632,1.0323451836781812,1.0173759231552733,0.775932777709248,0.9493775874666233,0.002654488624898069,1.0030073566553963,0.4673816817147391,0.4466660831655775,0.34475562402180265,0.4802982807159424,0.4585527607372829,0.9275544796671186,0.7050774948937553,0.9589838130133492,0.9035410370145526,0.7700527054922921,0.9513319560459682,0.002646226835037981,0.9609645860535758
119,1.25e-05,0.5093597694048806,0.5041518045491094,0.48060581989918255,0.5106363528457227,0.509041539992788,1.0263649147104985,1.103780554064835,1.0323113821984802,1.0178379311173376,0.7762635068532081,0.9495051776941654,0.0023297598535176873,1.0035512875241008,0.4673603432519095,0.44663322397640776,0.34467813798359465,0.4802727358681815,0.45853746363094877,0.9275486639567784,0.7050894243376595,0.958974472114018,0.9035381078720093,0.7700526969773429,0.951346584728786,0.0026461308755512747,0.9610068287168231
120,1.25e-05,0.5086825114912823,0.5032826834804146,0.47891011113120663,0.5099671911381479,0.5083902082379756,1.0261952787317254,1.10926677996967,1.0319425414845202,1.0176788605120142,0.776330655498866,0.9498056856656892,0.002318997174650798,1.0030475004599513,0.467338753598077,0.4465976187161037,0.34458586147853304,0.4802485406398773,0.4585205912590027,0.9275445597512382,0.7051008513995579,0.9589718324797494,0.9035325135503497,0.769964873790741,0.9513612304415021,0.0026472860148974825,0.9610785331044879
121,1.25e-05,0.5080128920059966,0.5000409897449257,0.46457342817975017,0.5094208626397988,0.5080528915294671,1.0261668184141715,1.109226311834055,1.032082520139199,1.0174824316502837,0.7762013873074889,0.9494917382659267,0.0025602849574709054,1.0027599550795079,0.46731033495494295,0.4465644785336086,0.3445353848593576,0.48021735889571054,0.4584957020623343,0.9275216034480503,0.7050738334655762,0.9589461173330035,0.9035123246056693,0.7699941652161735,0.9513612219265529,0.0026472071518323253,0.9610626952988761
122,1.25e-05,0.5086939172505478,0.5029907988024808,0.47695500955664677,0.5103302880915629,0.5081154645801628,1.0261125192236913,1.1066106703119039,1.0318779714035486,1.017663867609109,0.7761728454112274,0.9493440027061146,0.0025515025277720754,1.0033154054232518,0.46728492634637014,0.4465339056083134,0.34448541487966267,0.4801892638206482,0.45847396339688984,0.9275012271744865,0.7050610525267464,0.9589210237775531,0.9034960269927979,0.7700234225818089,0.9513612219265529,0.002649163660992469,0.9610606602260044
123,1.25e-05,0.5084052782484768,0.5008386873735017,0.467359507398244,0.5095657237785874,0.5086130253241969,1.025654392491471,1.1060690293846775,1.0316515665327777,1.016976346648539,0.7758824217032605,0.9496394688510553,0.0024871129091472363,1.0031180566723263,0.46725488134792875,0.4465011443410601,0.34444225685937063,0.4801577201911381,0.4584460513932364,0.9274745242936271,0.7050297260284424,0.9588893822261265,0.9034742798124041,0.7700526799474444,0.9513612219265529,0.002648017934656569,0.9610149690083095
124,1.25e-05,0.5071654157399277,0.49915213528133573,0.4629732136596977,0.5090814294475686,0.5067225774617544,1.0256749415361022,1.1058428784364074,1.0323953205539333,1.016282299910212,0.7761510280359115,0.9493456882387934,0.0024606059123191497,1.002549851026159,0.46722659042903353,0.4464693324906485,0.344399413892201,0.48012571249689373,0.45842192428452627,0.9274525216647557,0.7050064887319293,0.958862338747297,0.9034568497112819,0.7700234225818089,0.9513612219265529,0.0026438833280865636,0.9609960487910679
125,1.25e-05,0.508086365488817,0.5022880731639774,0.47539258308430177,0.5101539340619851,0.5071086074624743,1.0261288297158049,1.1102231438808177,1.0321624608022766,1.017292316425048,0.7759193525946696,0.949427955436267,0.00249417859362796,1.0028708641857473,0.46720054745674133,0.4464348128863743,0.34433384452547344,0.48009516085897175,0.4584015778132847,0.9274370925767081,0.7049936907632011,0.9588438698223659,0.9034456355231149,0.7699795280184064,0.951346584728786,0.002644369112593787,0.9610005957739693
126,6.25e-06,0.508259754210207,0.49927090608151947,0.45994829014515914,0.5092113728072786,0.5089185110007685,1.0264345146238774,1.1049610385971684,1.0327102609676884,1.0175411734773878,0.775986505177347,0.9492348869580582,0.0025769705794507487,1.0031000134643382,0.4671869192804609,0.44641823853765217,0.3443064604486738,0.48007956998688833,0.45839052540915354,0.9274278197969709,0.7049805351666042,0.9588329536574227,0.9034381934574672,0.7699941652161735,0.951346584728786,0.002643081858488066,0.9609917913164411
127,6.25e-06,0.5078091425463535,0.5003009416845842,0.46623391665316094,0.5097645600819918,0.5072395769651279,1.0257211990742212,1.107271387799239,1.0320647341193019,1.0166591061913413,0.7761140951607328,0.9495991849923707,0.002567275700169385,1.0019679804429358,0.46717418091637747,0.4464013661657061,0.3442760109901428,0.48006328514644075,0.4583816868918283,0.9274212036814008,0.7049706493105207,0.9588240555354527,0.9034332547869001,0.7699795195034572,0.9513612304415021,0.0026434512276734623,0.9609911016055516
128,6.25e-06,0.5082933556954188,0.5002597446510014,0.4644198547981973,0.5098050858690015,0.5082440562756075,1.026668747693407,1.1114032603628625,1.032573849802071,1.0179389058414388,0.7758622781411233,0.9495236488165028,0.002241905000517636,1.0031481776796605,0.4671647378376552,0.446386524609157,0.3442400438444955,0.480051794222423,0.45837537731443134,0.9274187854358128,0.7049763798713684,0.9588208794593811,0.9034311601093837,0.7699941567012242,0.9513612304415021,0.0026429082333509412,0.9610207506588527
129,6.25e-06,0.5059293995316189,0.4989190071409199,0.4667100807793984,0.5081356622534291,0.505030510032476,1.02555675544436,1.1022818982753764,1.0315167700640067,1.0170393120735899,0.7765203567266586,0.94958239824297,0.002598001310030543,1.0009788108738764,0.4671537620680673,0.4463696139199393,0.34420076438358854,0.48003852367401123,0.4583672753402165,0.9274159755025592,0.7049800668443952,0.958817183971405,0.9034291080066136,0.7700234140668597,0.9513612304415021,0.0026416919260684934,0.9610469341278076
130,6.25e-06,0.5089239985651074,0.5010040752166244,0.46485561584120094,0.5111890735225805,0.5081280159663373,1.025811170835832,1.1136616302403315,1.031812458055421,1.0168816233926472,0.7759495751710043,0.9494665586148783,0.0024588141538855117,1.0040106515181229,0.4671441316604614,0.4463540187903813,0.34416137848581585,0.4800271306719099,0.45836049744061064,0.9274169972964695,0.7049924305507115,0.958816579410008,0.9034313389233181,0.7699941652161735,0.9513612304415021,0.002640222565137914,0.9610787289483207
131,6.25e-06,0.5091263929575575,0.5022058210126327,0.4716837590343819,0.5100938512677116,0.5094070755330588,1.0255542822025765,1.102433836099983,1.0314364706133186,1.0171092641823607,0.7761560702592486,0.9495068546813754,0.002306190105722583,1.0042217401010345,0.4671307461602347,0.44633688245500835,0.34413071615355356,0.4800114631652832,0.45835005385535105,0.9274093934467861,0.7049782446452549,0.9588070256369454,0.9034258723258972,0.7700087768690926,0.9513612304415021,0.00263893577669348,0.9610728110585894
132,6.25e-06,0.5075895117297272,0.5008344933032013,0.47031532964276707,0.5092249173905626,0.5071965239778031,1.0263970977699701,1.1078488617998115,1.0322200566514967,1.0178588323268412,0.7764162781356971,0.9494531361249796,0.002373921518613185,1.002104194421861,0.46712115832737516,0.4463215044566563,0.3440915048122406,0.48000066195215496,0.45834289704050335,0.927407477583204,0.7049791812896729,0.9588049565042768,0.9034244843891689,0.7700234225818089,0.9513465932437352,0.002633963345683047,0.9611139723232814
133,6.25e-06,0.5081112638566045,0.5016480901426861,0.47427359214209924,0.5079411895410623,0.5094092468603781,1.025242650228101,1.1090242585584071,1.0311824422095046,1.016509966397371,0.7761325599960468,0.9494531294106827,0.0024904792210281744,1.0035950113002057,0.4671096205711365,0.44630493436540875,0.3440555887562888,0.47998729773930143,0.45833387119429453,0.9274014234542847,0.7049736550876072,0.9587975995881217,0.9034195968082973,0.7700087768690926,0.9513465932437352,0.00263370227600847,0.9611333778926304
134,6.25e-06,0.507700478456842,0.49920587219522966,0.4621212597511026,0.5085278246504066,0.5083923395084102,1.0260379137409326,1.1028227619311777,1.0312752202420252,1.018240844538074,0.7758471666698388,0.9494564951351222,0.0028117959551166036,1.0028143636519886,0.46709844895771574,0.44628786614962984,0.3440154322556087,0.47997421877724783,0.4583255776337215,0.9273988349097115,0.7049751452037266,0.9587935720171247,0.9034179959978376,0.7699941652161735,0.9513319560459682,0.0026329458425087588,0.9611582330295018
135,6.25e-06,0.5072727256015332,0.49928686947500284,0.46408855110879926,0.5083684384426091,0.507616454570402,1.0260395762313652,1.1150252774502762,1.0315579684709684,1.0175550210433195,0.7759512502965229,0.94955553910211,0.0024501983919436054,1.002449005125,0.46708338601248606,0.4462705339704241,0.3439902109759195,0.47995696749006,0.4583132990768978,0.9273874248777118,0.704958438873291,0.9587806718690055,0.9034079568726676,0.7699941396713257,0.9513173188482013,0.002630241647628801,0.961145281791687
136,6.25e-06,0.5063920030212988,0.49850895518653526,0.4624097062054501,0.5087600061054787,0.5054899959215066,1.0258904993991882,1.0990205818240726,1.0325129513122824,1.0168303499695466,0.7766764878433177,0.9496696959748002,0.00257600527480855,1.0010177550472117,0.46707136716161457,0.44625604152679443,0.343968574489866,0.47994254316602436,0.4583035239151546,0.9273781776428223,0.7049496855054583,0.9587696705545697,0.903400685106005,0.7699795195034572,0.9513173188482013,0.002627985119553549,0.9611475893429348
137,6.25e-06,0.5072864343798961,0.4975489152436127,0.4546918236043474,0.5085636588834948,0.5077623869294823,1.0259609192502968,1.1091555218420697,1.0319312458092045,1.0172173569157255,0.7763659046420182,0.9494766308232203,0.0024375563402289665,1.0022768655680292,0.4670583350317819,0.4462409360068185,0.343946635723114,0.4799275653702872,0.458292761019298,0.9273686494146075,0.7049415196691241,0.9587579880441938,0.9033937454223633,0.7699941567012242,0.951302673135485,0.00262643613054284,0.9611367157527378
138,6.25e-06,0.5087539187102701,0.5036372823466171,0.4802891091389712,0.5102121410953406,0.5082446019648285,1.0264698777269596,1.1157211511487908,1.0326544018324009,1.0173103068342468,0.776018393845419,0.9496663356523177,0.0025144253518380876,1.0034252333140532,0.4670429698058537,0.4462281848703112,0.3439461163112095,0.4799105226993561,0.45827900086130413,0.9273509808949062,0.7049221737044198,0.9587355256080627,0.9033809559685844,0.7700234396117074,0.951302673135485,0.0026242944544979502,0.9610795719282967
139,6.25e-06,0.5073650232413702,0.4983687221363027,0.45915345894911935,0.5081844120012207,0.5081527294010244,1.0259194987221858,1.1051791408583256,1.0320688424449789,1.0171283050738293,0.7764414466471167,0.949755311347983,0.0022331976424282748,1.001330357481746,0.4670302314417703,0.4462119681494577,0.3439186300550188,0.4798952851976667,0.4582686168806894,0.9273427639688764,0.7049106104033334,0.9587254779679435,0.9033744079726083,0.7700087768690926,0.9512880614825657,0.002624425770980971,0.9610812834330967
140,6.25e-06,0.5074892447840783,0.49944128891900447,0.4635797189066975,0.508963297527995,0.5074789345233915,1.0264192140230568,1.1101994009672282,1.0325761596422836,1.0174698263208377,0.77582702255835,0.9494447408122889,0.0024702939195796266,1.0025978065184062,0.46701958775520325,0.44619601539203096,0.34388100249426706,0.4798830917903355,0.4582608938217163,0.9273392983845302,0.7049112064497811,0.9587203179086957,0.9033721685409546,0.7700087853840419,0.9512880614825657,0.0026241724845021963,0.9611111113003322
141,6.25e-06,0.506573754124805,0.4979503168793623,0.46045876443538675,0.507265760815577,0.5074189182311769,1.025851458753614,1.1084637593075488,1.0314900077311002,1.01745893975984,0.7760821922705592,0.9495471387231771,0.002554949164377212,1.0015356725628293,0.4670076072216034,0.44618004134723116,0.3438505870955331,0.47986848865236553,0.45825221708842684,0.92733462367739,0.7049082687922886,0.9587133611951556,0.9033696736608233,0.7699941652161735,0.9512587870870318,0.002621404693595001,0.961120971611568
142,6.25e-06,0.5076945490459875,0.5005467951267241,0.46880866912958014,0.5088973224803965,0.5077879520422119,1.0258493700579259,1.1044790736846415,1.0322535277877902,1.01682419015149,0.7760721257693696,0.9493826259055385,0.0025375554742481364,1.0033368042537145,0.4669949071747916,0.44616614069257465,0.3438360435622079,0.47985194836344036,0.4582432082721165,0.9273242950439453,0.704895658152444,0.9586983919143677,0.9033640963690621,0.7700087938989911,0.9512587870870318,0.0026209234326545683,0.9610822967120579
143,6.25e-06,0.5081565740226905,0.5021663798287289,0.47536134704588867,0.5093612496326718,0.5080449243295028,1.0256958213514142,1.1074401859863563,1.031191283382029,1.0174754405412318,0.7764716861923109,0.9496042255676531,0.002482122701582729,1.002628489909145,0.4669813684054783,0.4461536535194942,0.3438315178666796,0.4798348035131182,0.45823314785957336,0.9273115737097604,0.7048839415822711,0.9586813279560634,0.9033557091440473,0.7700380768094744,0.9512587870870318,0.002619396030370678,0.9610406500952584
144,6.25e-06,0.5082699753538621,0.502226018685899,0.4759959781316385,0.508710370268873,0.5089054476952345,1.0256606369096686,1.1055290026354656,1.0315715548812703,1.0170874408252166,0.776184601473674,0.9493423239182522,0.002592251457739383,1.0031449434638817,0.4669720530509949,0.44614146862711224,0.3438094769205366,0.479823819228581,0.4582255014351436,0.9273088233811515,0.7048899616513934,0.9586791396141052,0.9033522520746503,0.7700380682945251,0.9512734242847988,0.0026153113493429764,0.9610694306237357
145,6.25e-06,0.508834964271942,0.5024250009642218,0.4745265559178405,0.509378184188163,0.5094352950209907,1.0261786361260714,1.111080965016722,1.0316045025465614,1.0179225207595903,0.7760553344115195,0.9494044498120341,0.002676113378725082,1.0039377782324064,0.4669601619243622,0.4461274487631662,0.34378853014537264,0.47980962480817524,0.4582164117268154,0.9272999508040292,0.7048846568380084,0.9586686321667263,0.9033445971352714,0.7700527054922921,0.9512734242847988,0.002613907912746072,0.9610668080193656
146,6.25e-06,0.5077417449833976,0.5009517191741873,0.47113610952863677,0.5085668763440508,0.5081368522709965,1.026183343763786,1.1068608437326708,1.0319637422737438,1.017713878805431,0.7760721191771508,0.9493926990294664,0.0023828449618992628,1.0028957693136111,0.4669518343039921,0.44611035926001413,0.34373584389686584,0.47979944944381714,0.45821158800806316,0.9273031609398978,0.7049015079225812,0.9586731110300336,0.9033464023045131,0.7700087938989911,0.9512880614825657,0.002612621955839651,0.9611266085079738
147,6.25e-06,0.5082953512454973,0.5018378685391138,0.47311173293203557,0.5094324570708072,0.5083309548730064,1.0261689929613014,1.107050360744572,1.0317940246247048,1.017847923059312,0.7758337262039361,0.9494665699071049,0.0023251905261466917,1.0031977348369143,0.4669368054185595,0.4460913453783308,0.34370361481394085,0.479781265769686,0.458199931042535,0.9272930877549308,0.7048888547079903,0.9586613007954189,0.903339011328561,0.7700234396117074,0.9513026986803327,0.002613820368424058,0.9611027155603681
148,6.25e-06,0.5069092567218492,0.4992679603668707,0.4653254073214299,0.5082075177738133,0.5069970335340231,1.0258930860210307,1.1161845826028374,1.0311956568613947,1.0175805865528031,0.7763726228454207,0.9497251023528397,0.0025453300228894626,1.0013839927503407,0.4669247141906193,0.4460774915558951,0.3436839963708605,0.4797672373907907,0.45819019419806345,0.9272841129984174,0.7048812678882054,0.9586496608597892,0.9033320461000715,0.7699795024735587,0.9512880614825657,0.00261278310790658,0.9610885722296578
149,6.25e-06,0.5069964125225987,0.4982036898152009,0.459639714030321,0.5080215088599654,0.5075499419975574,1.0261226106288186,1.1089082121910099,1.032068203365992,1.0174174074386855,0.7764632684782842,0.9497284566019354,0.002168425957300818,1.0013199174825314,0.4669160417148045,0.44606439982141766,0.3436528870037624,0.47975777302469524,0.4581831225327083,0.92728305714471,0.7048921499933515,0.9586484857967922,0.9033309050968715,0.7699356164251056,0.9512880614825657,0.0026117239613085985,0.9611256633486066
150,6.25e-06,0.508027928719689,0.5009469797656405,0.46943530570038516,0.5092861214724188,0.5080561909502247,1.0267397075265845,1.1097101347909117,1.032489985029208,1.0182235118247762,0.7759160023741519,0.9495370692310734,0.0024257063130331664,1.0025815542270389,0.46690719042505535,0.4460491793496268,0.34361083592687336,0.47974836400577,0.4581760891846248,0.9272856201444354,0.7049065743173871,0.9586504868098668,0.9033334510666984,0.7699063335146222,0.9513026986803327,0.0026091395411640406,0.9611854978970119
151,3.125e-06,0.5082877954030367,0.5008453118514233,0.46781141365483914,0.5095279901929837,0.5083967394176899,1.0264218115403723,1.1032567433192677,1.0328330700664843,1.0174492846008942,0.7759982535183522,0.9495689719991689,0.0023660369472400774,1.0030684231246854,0.4669016812528883,0.4460415244102478,0.34359544089862276,0.4797419139317104,0.45817162309374126,0.9272816777229309,0.7049008863312858,0.9586466380528041,0.903329040322985,0.7698916963168553,0.9513026986803327,0.0026087904615061624,0.9611940383911133
152,3.125e-06,0.506440055687734,0.4957407316792884,0.449672631984238,0.506872412643247,0.5078999574710574,1.025850443002571,1.1019662054636146,1.0320604774687026,1.0171031603371248,0.7760100090314471,0.9495756810772316,0.0021840983835328897,1.0018377876013167,0.4668937751225063,0.4460332563945225,0.34358822873660494,0.47973185777664185,0.45816561579704285,0.9272754873548236,0.7048919711794172,0.9586394769804818,0.9033245955194745,0.7698916963168553,0.9513026986803327,0.002608802302607468,0.9611753480775016
153,3.125e-06,0.5079520156733879,0.5006332611708048,0.4684225396046685,0.5089109052436143,0.5083109558666296,1.0261447100046044,1.107135609456105,1.031865111541211,1.0177247146124482,0.7757279604322411,0.9494984599790753,0.0027231378021210823,1.0038250631023784,0.4668871632644108,0.4460259846278599,0.34357921140534536,0.4797238750117166,0.45816066009657724,0.9272702762058803,0.7048853806086949,0.9586331588881356,0.9033206020082746,0.7698916963168553,0.9513026986803327,0.0026084984253559795,0.9611626437732151
154,3.125e-06,0.5070377949623346,0.5003839592810356,0.47052652298397,0.5084543903546643,0.5068381924966147,1.0256560988384702,1.1116596059926156,1.031504347577073,1.01694140468447,0.7760805109800953,0.9496193311181486,0.0025682450044200137,1.001625571565877,0.46688040239470346,0.44601709502083914,0.3435624326978411,0.4797155686787197,0.45815608756882803,0.9272671512195042,0.7048802120344979,0.9586289014135089,0.903317962374006,0.7699063420295715,0.9513026986803327,0.00260732153297535,0.961162771497454
155,3.125e-06,0.5083368155996554,0.5011936966358425,0.46977448654187015,0.5092553535425779,0.508703733766256,1.026279406979703,1.1120010110212484,1.0320880290366903,1.0176132083610578,0.7758639501841692,0.9494010828973328,0.002305090549238373,1.0039180097247904,0.4668747229235513,0.44600917186055866,0.343546633209501,0.47970880355153767,0.45815148523875643,0.9272640773228237,0.7048756565366473,0.9586257338523865,0.9033154334340777,0.7699209792273385,0.9513173358780997,0.0026069957363818374,0.9611664925302777
156,3.125e-06,0.5086472793932884,0.5008702353215254,0.4668831658314511,0.5094380572827364,0.5092485578806047,1.026173707893184,1.1077077381133544,1.0321976678284754,1.0174320375254016,0.7758773809448609,0.9494296371234849,0.0024594693986867795,1.004112670803705,0.4668664463928768,0.44600173830986023,0.3435446151665279,0.479698862348284,0.45814456258501324,0.9272544128554208,0.7048570769173759,0.9586137107440403,0.90330799136843,0.769964873790741,0.9513173358780997,0.002607048489153385,0.9611330543245588
157,3.125e-06,0.5066251432932284,0.49756221779175314,0.4575293241435909,0.5079517131027538,0.5069349857702417,1.026135261523925,1.1054278753747466,1.0322658728161531,1.0173617118880862,0.776159416847942,0.9496092630604628,0.002419168620498606,1.001741517524016,0.4668601836477007,0.44599458149501253,0.3435350613934653,0.47969109245709013,0.45814010075160433,0.9272500787462506,0.7048529641968864,0.9586077502795628,0.9033053687640599,0.769964873790741,0.9513173358780997,0.0026072766299226452,0.9611259273120335
158,3.125e-06,0.5074651941115345,0.49887417552108587,0.4615266478128819,0.5081516205501507,0.5083100554336356,1.0265667111337704,1.110604376379063,1.0318892099157824,1.0184428384532334,0.7757145453280689,0.9494514527897071,0.002452017196262884,1.0026634465836282,0.4668549469539097,0.4459875864642007,0.343522059065955,0.4796845614910126,0.4581362988267626,0.9272480351584298,0.704854496887752,0.9586052298545837,0.903304534299033,0.769964873790741,0.9513173358780997,0.002606521626668317,0.9611350808824811
159,3.125e-06,0.5061140720562268,0.49773141300745394,0.46058597496943904,0.5074523554755307,0.5062934315882154,1.0265762141528523,1.10327608095214,1.0326953927370688,1.017900355644734,0.7755785512728869,0.9495689674822783,0.0025407541621928482,1.001562679692897,0.4668490503515516,0.44597916092191425,0.34350382004465374,0.479677425963538,0.45813223719596863,0.927246264048985,0.7048542584691729,0.9586030500275748,0.9033026439802987,0.7699502280780247,0.9512880444526672,0.002604631906641381,0.9611477426120213
160,3.125e-06,0.5079097205165467,0.5006058242341768,0.46796361410001336,0.5093389977507877,0.5078120198056933,1.0263594766793591,1.108425276009657,1.0327357325380544,1.0172477083455216,0.7759495687008636,0.9495756875473722,0.002275651142705009,1.0036566790347825,0.4668427790914263,0.44597095251083374,0.34348838669913156,0.47967020102909635,0.45812726446560453,0.9272432242121015,0.7048532366752625,0.9585992779050555,0.9033005237579346,0.7699356164251056,0.9513026816504342,0.0026031522679009606,0.9611528430666242
161,3.125e-06,0.5073380351554901,0.49852674903469213,0.45935602192383085,0.5088644395775509,0.5074110562167775,1.02608053737949,1.103485283458532,1.032612027782571,1.0169688080496135,0.7760335061407309,0.9494900636897597,0.0020440352676753186,1.0018096534154748,0.4668373848710741,0.4459627866744995,0.3434695729187557,0.47966410858290537,0.45812274302755085,0.9272424408367702,0.7048554846218654,0.9585984178951809,0.9032987611634391,0.7699502536228725,0.9512880444526672,0.0026017779018729925,0.9611649598394122
162,3.125e-06,0.5072186208662471,0.5011058235803263,0.4736421155551123,0.5085522147001392,0.507004277863627,1.026051989592959,1.114959108908849,1.0322690919552835,1.0168714215678554,0.7756171697417834,0.949488379652538,0.002511950856130961,1.003243047032549,0.46683024934359957,0.44595568094934734,0.3434635443346841,0.4796554020472935,0.4581174850463867,0.9272370934486389,0.7048501627785819,0.9585924233709063,0.9032948102269854,0.7699795024735587,0.9513026816504342,0.0026011650250958545,0.9611490283693586
163,3.125e-06,0.5071320006832732,0.49739919512075337,0.4549676258549956,0.5080241220948395,0.5079786534103076,1.0271031815945888,1.1112605490809029,1.0330443144516035,1.018356868900889,0.7757380324879855,0.9497083062644622,0.0022352446212552017,1.0015354436968633,0.4668259450367519,0.4459489583969116,0.34344797474997385,0.4796502505029951,0.4581140662942614,0.9272362504686628,0.7048538412366595,0.9585904138428825,0.9032944355692182,0.7699648908206395,0.951302673135485,0.0026012923169348922,0.9611654111317226
164,3.125e-06,0.5072129999925953,0.49923419540378905,0.4635029306975744,0.5088436184818173,0.5070392920369071,1.0267874109275026,1.1148929838272346,1.0326635016579537,1.0179744981462018,0.7756641702778939,0.9494833475006463,0.0022899141340600913,1.0019849150594662,0.4668197674410684,0.4459408564226968,0.3434331544807979,0.4796427530901773,0.4581094639641898,0.9272332617214748,0.7048520871571132,0.9585864629064288,0.9032930306025914,0.7699648908206395,0.951302673135485,0.0026011882748986992,0.9611662711415973
165,3.125e-06,0.5080745320288389,0.5006890443429786,0.46736665350073614,0.5098194248909469,0.5076866390091056,1.02602350876628,1.1061453975840099,1.0316354079668912,1.0177409952259406,0.7758001562759196,0.949483348111037,0.0024895582818299823,1.0033362359190012,0.46681436044829233,0.44593398911612375,0.3434205949306488,0.4796362519264221,0.458105776991163,0.9272305709975106,0.7048478126525879,0.9585833294051034,0.9032910125596183,0.7699795024735587,0.951302673135485,0.0025994546179260525,0.9611731341906956
166,3.125e-06,0.5072651344937541,0.5008052429417983,0.47150723358422625,0.508935626720198,0.5067865859223096,1.0261301652199784,1.1044967747992023,1.0322027971240355,1.017445332199503,0.7758673058982025,0.949631096183857,0.0025086183178072144,1.002380525827774,0.46680873206683565,0.44592716864177157,0.3434098448072161,0.47962972947529386,0.45810108951159884,0.9272259984697614,0.7048436914171491,0.9585781352860587,0.903286874294281,0.769994148186275,0.951317310333252,0.0025980915275535415,0.961173951625824
167,3.125e-06,0.5074131915920891,0.49999948031341973,0.4665467122076599,0.5091676837318809,0.5070209391777538,1.0261315414066872,1.1045679256541265,1.0322448097615748,1.017404067565158,0.7762181638633662,0.9494564896721261,0.0028553295706976274,1.0027032836974126,0.4668051302433014,0.44591992241995676,0.3433878038610731,0.4796255826950073,0.45809858611651827,0.9272285870143345,0.7048550077847072,0.9585804258074079,0.9032891477857318,0.7699648908206395,0.951317310333252,0.002597195828067405,0.9612078240939549
168,3.125e-06,0.5073685584255078,0.5011955773409245,0.47325122650928275,0.5089151709890342,0.5069591315416452,1.0258805456981863,1.1092602917309364,1.0318448164496004,1.017136847185466,0.7756423382226834,0.9493490417554203,0.0023174620974945794,1.0030799488562288,0.46680175406592234,0.4459128975868225,0.34336617588996887,0.4796212783881596,0.45809670857020784,0.9272313117980957,0.7048659920692444,0.9585837210927691,0.903291506426675,0.7699502451079232,0.9512880359377179,0.0025955290932740483,0.961242709841047
169,3.125e-06,0.5079261922128251,0.5014525325220179,0.4719081882080297,0.5097748981307119,0.507278127009235,1.026036876076866,1.1186074604758591,1.0319018522349004,1.0170861747834967,0.7760704462490384,0.9496142963415772,0.002482221798560712,1.0039295078361579,0.4667958404336657,0.4459062601838793,0.3433568520205362,0.4796147218772343,0.45809177841459003,0.9272264923368182,0.7048621858869281,0.9585779649870736,0.9032871552876064,0.769935599395207,0.951302673135485,0.002594325126015714,0.9612407258578709
170,3.125e-06,0.5068637869538738,0.49982637328730445,0.467501068658482,0.5090713010680291,0.5059683279110967,1.0265080848536123,1.110012491147334,1.0326777055394143,1.0175551795007263,0.775899200853298,0.9495034955186351,0.002589712727479198,1.002038913602043,0.4667899012565613,0.44590064883232117,0.3433544252599989,0.479607309613909,0.45808700152805876,0.9272211534636361,0.7048576474189758,0.9585708975791931,0.9032833405903408,0.7699795280184064,0.951317310333252,0.002593799028545618,0.9612287538392204
171,3.125e-06,0.5075132931371378,0.4999290822532564,0.46669822183561155,0.5083666425207853,0.5080203656288397,1.026005944470778,1.1146698452787893,1.0312860146340381,1.017770482037413,0.7760503003979364,0.9494615171545295,0.002287066481541723,1.002199842327995,0.46678462624549866,0.44589277676173616,0.3433374762535095,0.4796002336910793,0.4580838509968349,0.9272207362311227,0.7048576389040265,0.9585695777620588,0.9032836215836662,0.7699795195034572,0.9513026986803327,0.0025928464851209094,0.961239652974265
172,3.125e-06,0.5083475949913187,0.4996005813097624,0.4612940807740504,0.5093134167679016,0.5089501545207048,1.0266550089601243,1.1039883712591785,1.0319794266881908,1.018752876545183,0.775988181187932,0.9493876590950941,0.0023465545452688668,1.0039121274208327,0.4667778057711465,0.44588516439710346,0.343327807528632,0.4795918720109122,0.45807886123657227,0.9272158827100482,0.704851141997746,0.9585642303739276,0.9032799601554871,0.7699795195034572,0.9513173358780997,0.002591487851792148,0.9612315467425755
173,3.125e-06,0.507354454144538,0.4992862896039067,0.4636958939596988,0.5084893854990167,0.5076746950989434,1.0266152182360277,1.1051825408561988,1.0331429797627654,1.0174684280379882,0.7762735804044095,0.9495135550918912,0.0025713487053304314,1.0024185292975938,0.4667734333447048,0.4458778841154916,0.3433100197996412,0.4795862947191511,0.4580757107053484,0.9272164787564959,0.704855569771358,0.9585635832377842,0.9032813651221139,0.7699356164251056,0.9513173358780997,0.002590150638882603,0.9612522721290588
174,3.125e-06,0.5080358328205222,0.500403867980119,0.4664612868567094,0.5093717534329668,0.5080857205195605,1.0261610436915618,1.1111619503633585,1.0319409761072365,1.0175477385032623,0.7756994308963898,0.9494699210432085,0.002612857954851764,1.0039618742874934,0.4667685798236302,0.44587118710790363,0.34329579557691303,0.47958064505032133,0.4580722962106977,0.9272149971553257,0.7048544032233102,0.9585613438061306,0.9032803433282035,0.7699502536228725,0.9513173358780997,0.0025881873443722725,0.9612650445529393
175,3.125e-06,0.5068622637698422,0.4993962771576365,0.46615082025527954,0.5082082538743905,0.5068732641076529,1.025940850949324,1.1099208841797517,1.0320473231234064,1.0170349966728924,0.7760502957589677,0.9495286784657929,0.0024834805208983645,1.0019892208770307,0.46676180618149893,0.4458640388080052,0.3432884727205549,0.4795726495129721,0.4580668125833784,0.9272085513387408,0.7048444151878357,0.9585538165909904,0.9032748341560364,0.7699795024735587,0.9513173358780997,0.002587577061993735,0.9612549458231244
176,1.5625e-06,0.5077001944573427,0.5001733744992882,0.4674036980316203,0.5083475996455472,0.508396088024072,1.0268940301473728,1.1187495649074568,1.0326049325713975,1.0181208658816567,0.7758656284531995,0.9494900622248222,0.0023921321342182784,1.003227632441279,0.4667587876319885,0.44586001123700825,0.34328033668654306,0.4795690434319632,0.4580646881035396,0.9272068057741437,0.7048411795071193,0.9585525052888053,0.9032730545316424,0.7699941396713257,0.9513173358780997,0.0025872860236891677,0.961257449218205
177,1.5625e-06,0.5073099946188304,0.5012327775824577,0.4742056181262349,0.5083728044446896,0.5073507990644214,1.025377661462814,1.106319090554608,1.031159773674978,1.01689751387497,0.7763910934794456,0.9495018208509095,0.0026022166832022587,1.0023658853033781,0.46675619908741545,0.4458558303969247,0.34327090638024466,0.4795658120087215,0.45806248273168293,0.927206107548305,0.704840634550367,0.958551926272256,0.9032727479934692,0.7699795024735587,0.9513173358780997,0.0025864841882139444,0.9612656576292855
178,1.5625e-06,0.5066494712814941,0.49883061232349535,0.4635522027261063,0.5084975138421066,0.50623803081051,1.025101988729427,1.1069416563997987,1.0313178924676765,1.0161579993219176,0.7763121823622395,0.949760353052488,0.0024002723137600585,1.0019829919322356,0.4667531635080065,0.44585167510168894,0.3432621487549373,0.47956225275993347,0.45806035825184416,0.9272046089172363,0.704838080065591,0.9585503850664411,0.9032720157078334,0.7699795024735587,0.9513173358780997,0.0025865333820027964,0.9612699321338108
179,1.5625e-06,0.5072232935590983,0.49970553474309076,0.46568243258193526,0.5090981076695158,0.5067333032153414,1.0258534214036379,1.103374376091906,1.0319691151151642,1.0171538105513949,0.7759193431336149,0.9496394845075748,0.002503671772306889,1.002493628464292,0.46675069417272297,0.4458474261420114,0.3432504917894091,0.479559315102441,0.4580588255609785,0.9272044811929975,0.7048392125538417,0.9585498060498919,0.9032711471830096,0.7699795024735587,0.9513026901653835,0.0025869769576404777,0.9612800138337272
180,1.5625e-06,0.5073703273222865,0.4984536700473342,0.4596708100603839,0.508101524997844,0.5082291358260698,1.026379752146911,1.104987739051725,1.0322917691268374,1.0178476298581742,0.7762635064259347,0.9494581663236212,0.0023387141122315335,1.0025883826975082,0.46674835681915283,0.4458431431225368,0.343238856111254,0.47955642001969473,0.4580571821757725,0.9272046344620841,0.704840864453997,0.9585496953555516,0.9032716751098633,0.7699795024735587,0.9513026901653835,0.002586692338809371,0.961290751184736
181,1.5625e-06,0.5070403476769779,0.49909877423073046,0.4629864972552091,0.5091836068243231,0.5063655200641826,1.0267498991883723,1.1051937121339046,1.0328721390952225,1.0180128584503823,0.775959636331276,0.9496092563461659,0.002485563953100006,1.002332439559335,0.46674684967313496,0.4458393710000174,0.3432261049747467,0.4795544743537903,0.4580563562256949,0.9272065673555646,0.7048470207623073,0.958551858152662,0.9032730119568961,0.7699502280780247,0.9513026901653835,0.002586597077814596,0.9613122429166522
182,1.5625e-06,0.5074517131614734,0.49925736873136445,0.4635536417983095,0.5081831178357524,0.5081835760102172,1.026488120196968,1.1127006381338094,1.0319807622228838,1.0181217241824376,0.7758824162097449,0.9495404334295363,0.002463202187222802,1.0025891227656245,0.46674420152391705,0.44583622898374287,0.34322117481912884,0.4795512429305485,0.4580545425415039,0.9272054518972125,0.704847344330379,0.9585502317973545,0.9032721519470215,0.7699648652757917,0.9513026901653835,0.002586525532283953,0.9613126260893685
183,1.5625e-06,0.5077014546240529,0.4984282908290701,0.4583734253157241,0.5081971045097081,0.5088501599313537,1.0263731875788293,1.1082717080148012,1.0325649039780733,1.0174518465629554,0.7764162782882948,0.9496176600212082,0.002386014862296005,1.002693240238469,0.4667415363448007,0.4458324270589011,0.34321322611400057,0.4795480029923575,0.4580525755882263,0.92720479624612,0.7048476764133998,0.9585497549601963,0.903271768774305,0.7699502536228725,0.9513026901653835,0.002585760084912181,0.9613184758595058
184,1.5625e-06,0.507112815449681,0.5002867644314148,0.4700898230686227,0.5081543400235135,0.5073053843384209,1.0264644387191952,1.112896474001045,1.0321393416773887,1.0179084432900287,0.7754173876075823,0.9494111607212686,0.0023018195549206386,1.0025168801049849,0.46673932671546936,0.4458285655294146,0.34320293579782757,0.4795454570225307,0.45805085982595173,0.927205068724496,0.7048505544662476,0.9585502573422023,0.9032720753124782,0.7699356164251056,0.9513026901653835,0.0025849101200167623,0.9613316229411534
185,1.5625e-06,0.5082997864963944,0.5025499801237767,0.47634863392609667,0.5099041887997238,0.5077604988386737,1.025334799832951,1.1061562478878042,1.0312970860213178,1.0166784262449633,0.7760570108798975,0.9494396953844011,0.002389172200567513,1.003803242369914,0.4667360186576843,0.44582470825740267,0.34319729038647245,0.4795416465827397,0.45804810523986816,0.927202684538705,0.7048472506659371,0.9585474729537964,0.9032702445983887,0.7699502536228725,0.9513026901653835,0.002583894845364349,0.9613288470676967
186,1.5625e-06,0.5069231126653923,0.49961204940517073,0.4670482063317873,0.5082488809862444,0.506926539917207,1.0259068446225286,1.109693169197057,1.031746442081131,1.0172743834536075,0.7761510288904584,0.949359120891696,0.002322092955847139,1.00260299093224,0.46673345140048433,0.4458214853491102,0.3431908828871591,0.47953875575746807,0.45804641927991596,0.9272006068910871,0.7048454284667969,0.9585443820272174,0.9032688055719648,0.7699795280184064,0.9513173273631504,0.0025839280736233506,0.9613288981573922
187,1.5625e-06,0.5066606909631767,0.4985084039580193,0.4627270157741267,0.5076361138028361,0.5071498002385825,1.0254704441953426,1.1071528687699295,1.03120594377464,1.0170121696504397,0.7763977990172426,0.9493658304885907,0.0023517245548375283,1.0016662164400982,0.46673039879117695,0.44581728322165354,0.3431831342833383,0.4795348346233368,0.45804413301604135,0.9271995340074811,0.7048442278589521,0.9585422958646502,0.9032681584358215,0.7699795280184064,0.9513173273631504,0.0025832269207707475,0.9613292132105146
188,1.5625e-06,0.5070032094511324,0.49799984522617846,0.4587619436501358,0.5078155525330086,0.5077988929127157,1.02650537706923,1.1121178262671993,1.0325374863908283,1.017619757577815,0.7760435818893385,0.9495202855336257,0.0026257693716522767,1.0021248596238284,0.4667266990457262,0.44581389852932524,0.34318229130336214,0.47953001516205923,0.45804142526217867,0.9271966133798871,0.7048398767198835,0.9585383108683995,0.9032666087150574,0.7699795280184064,0.9513173273631504,0.0025827466576759306,0.9613142354147775
189,1.5625e-06,0.5078285083945324,0.5010782995562155,0.4698788136686353,0.5101296182815319,0.5067924010527787,1.0263006632534346,1.099694263428465,1.032824000089033,1.0173308608535614,0.775328410874253,0.9494648902952152,0.002366007268843677,1.0038918127051635,0.4667248470442636,0.44581082463264465,0.34317451289721895,0.47952792048454285,0.4580399053437369,0.9271966559546334,0.7048423290252686,0.9585385067122323,0.9032666853496006,0.7699356079101562,0.9513173273631504,0.0025823211097823723,0.961327714579446
190,1.5625e-06,0.5064273615464515,0.49728487454129683,0.4569333484401107,0.5077342728254921,0.5067702171073715,1.0259510004026,1.113984022882738,1.0315652350187912,1.017402331522655,0.7760637314943429,0.9495135683678873,0.0024179846093180662,1.0015133746880114,0.4667220285960606,0.4458072653838566,0.34316776054246084,0.47952466777392794,0.45803788730076384,0.9271947230611529,0.7048408474240985,0.9585359266826085,0.9032650249344962,0.7699356079101562,0.9513173273631504,0.0025826891817684683,0.9613289747919355
191,1.5625e-06,0.5076469887053728,0.5010619439104552,0.471497981061828,0.5090632893400685,0.5074356708597416,1.025204347331159,1.1073423687519321,1.0309567222580565,1.0167138815780694,0.7759176660243268,0.9493809462326097,0.0024145788208405545,1.0031117498111677,0.4667185970715114,0.4458030121667044,0.3431612891810281,0.4795202314853668,0.4580354562827519,0.9271928071975708,0.7048383951187134,0.95853305714471,0.9032641649246216,0.7699502536228725,0.9513319645609174,0.0025822236202657223,0.9613222990717206
192,1.5625e-06,0.5076813841714531,0.49908052123148383,0.4610078546613897,0.5090168992098453,0.5079016548453144,1.0264370172559696,1.1081758864830533,1.032043315451144,1.0181061678584638,0.775828685933849,0.9495672853372674,0.0025613189971048713,1.0028600488573358,0.46671539545059204,0.44579924855913433,0.34315564802714754,0.4795164295605251,0.45803302952221464,0.9271906188556126,0.7048368879726955,0.958530843257904,0.9032624193600246,0.7699648652757917,0.9513319645609174,0.0025825335178524256,0.9613178627831596
193,1.5625e-06,0.5082923052589282,0.5007839399274043,0.4681269790322977,0.5089074372634849,0.5090160548259708,1.0260979690981473,1.108487840438585,1.0319279207673002,1.0175216043233506,0.7758085554340712,0.9495320320739785,0.0024581521518692506,1.0033923785196959,0.4667133220604488,0.4457964599132538,0.3431500196456909,0.47951396448271616,0.45803162455558777,0.927189861025129,0.7048397660255432,0.9585294382912772,0.9032621043069022,0.7699648652757917,0.9513319645609174,0.0025828764108674867,0.9613245981080192
194,1.5625e-06,0.507073249105179,0.4997387647445667,0.4674460989691573,0.5080462839135865,0.5074212719889952,1.0257555571691355,1.1005594759675947,1.0316950793884012,1.0173229332526892,0.7757447519121693,0.9493691925812061,0.0026100916881179816,1.0032635537465902,0.4667104738099234,0.4457938075065613,0.3431492533002581,0.4795103669166565,0.4580292063099997,0.9271872469357082,0.704839187008994,0.9585256321089608,0.9032603928021022,0.7699648908206395,0.9513319645609174,0.0025823873334697317,0.9613193188394819
195,1.5625e-06,0.5066981781340841,0.49928507039440756,0.46597442143828943,0.5083200739276025,0.506433800297765,1.0261957779091808,1.1047981220883585,1.0324987249379274,1.0172730903105436,0.7761795680094424,0.9495269993116962,0.0023503356364770723,1.0020804243458885,0.4667077958583832,0.44579035469463896,0.3431427478790283,0.47950733985219685,0.45802708183016094,0.9271853991917202,0.7048384632383075,0.9585228902953011,0.9032594391277858,0.7699648908206395,0.9513319645609174,0.0025829881030533996,0.9613212602479118
196,1.5625e-06,0.5076669573905953,0.5001341964853036,0.46659868928144604,0.5090178490844801,0.5076850749136421,1.0264179069325672,1.108271430531222,1.0318932983122053,1.0182142494521993,0.7756557733476681,0.9493238539861766,0.002407047811741104,1.003467250346405,0.4667047347341265,0.4457864591053554,0.34313621691295076,0.47950377634593416,0.4580244507108416,0.9271831853049142,0.7048363259860447,0.958520599773952,0.9032571911811829,0.7699502536228725,0.9513319645609174,0.0025826458752687487,0.9613210388592311
197,1.5625e-06,0.5075038984013531,0.501324189759131,0.4731483702713321,0.5092431923943914,0.5069097378470016,1.0255139721276145,1.1036293693401846,1.0315204120207249,1.0169035998967997,0.7760637312501867,0.9494732768793199,0.002493287050699328,1.002812782435068,0.4667017417294638,0.44578311698777334,0.34313164012772696,0.47950031076158794,0.45802206652505056,0.927180426461356,0.7048333968435015,0.9585164955684117,0.9032556329454694,0.7699502536228725,0.9513173273631504,0.002583162925605263,0.9613145419529506
198,1.5625e-06,0.5076839511692371,0.49943900294506544,0.463465386928196,0.5084667377788106,0.5083751353433787,1.0264095171439116,1.110416717640388,1.0318944099861356,1.0181243524634405,0.7760603757803097,0.9494279452122241,0.002460972727855779,1.0030976768279771,0.46669937883104595,0.4457805497305734,0.34312810216631207,0.47949754340308054,0.4580204657145909,0.9271791917937142,0.7048335501125881,0.9585146563393729,0.9032550283840725,0.7699648908206395,0.9513026816504342,0.002582493570766279,0.9613127538136074
199,1.5625e-06,0.5062618083790272,0.49859098398068963,0.46423342312780086,0.507834522649684,0.5060900961870544,1.0264359429989847,1.104779848122194,1.0321642867858387,1.0180962277386534,0.7762315975844525,0.9497502800201185,0.0023994137818175924,1.0008819984339838,0.46669699464525494,0.44577724593026297,0.3431225631918226,0.4794940139566149,0.4580191033227103,0.9271788171359471,0.7048363770757403,0.9585134983062744,0.9032555222511292,0.7699795280184064,0.9513026816504342,0.0025817782817674534,0.9613154189927238
200,1.5625e-06,0.5076304614635473,0.5008897407813007,0.47092426744901517,0.5087977894073991,0.5076866146545195,1.0264380490297669,1.111385417057805,1.032049088128945,1.017995415195342,0.775969716810411,0.9493339395925929,0.002532030968162428,1.0033632256224163,0.4666943507535117,0.4457745466913496,0.3431200810841152,0.47949094005993437,0.4580167829990387,0.9271766458238874,0.7048341291291373,0.9585105010441372,0.9032545685768127,0.7699795280184064,0.9513026816504342,0.0025809002108871937,0.9613098417009626
201,1e-06,0.5070997164668148,0.49983368509559223,0.46769993046095476,0.5081991898329882,0.5073136632343591,1.0262920959631847,1.1160704952536395,1.0321019775001927,1.0174896897747159,0.7759277455878758,0.9495639339264881,0.0022736539500558066,1.0025005375063243,0.46669297558920725,0.4457723796367645,0.3431148443903242,0.47948930093220304,0.4580158463546208,0.9271762881960187,0.7048344101224627,0.9585097687585014,0.9032541343144008,0.7699795280184064,0.9513026816504342,0.002580482080312712,0.9613146185874939
202,1e-06,0.5074270111258312,0.5016236369938223,0.47652883639228205,0.5077633223836384,0.5081206521680278,1.0266127797559903,1.1133933484828966,1.0324380287926318,1.017894687679445,0.7759344609834815,0.9492751774089616,0.002593743324857272,1.003222319998011,0.46669104269572664,0.4457701189177377,0.3431111531598227,0.47948719773973736,0.45801426683153423,0.9271748747144427,0.7048328178269523,0.9585083978516715,0.9032528400421143,0.7699795280184064,0.9513026816504342,0.002579890391124146,0.9613158277102879
203,1e-06,0.5070207005760575,0.49800037394654,0.4582075470542517,0.5082915017864854,0.5073770419243844,1.0265526021375329,1.1099375648737808,1.0326852213097302,1.0176404417934506,0.7757800149111886,0.9494145212879074,0.0024595832055722138,1.0027109076899867,0.46668884583881926,0.4457680242402213,0.3431100334439959,0.47948455810546875,0.4580124616622925,0.9271727800369263,0.7048305869102478,0.9585054857390267,0.9032511455672128,0.7699941396713257,0.9513026816504342,0.0025792329771710293,0.9613103270530701
204,1e-06,0.5070191302240902,0.4980764540720157,0.4576013968867396,0.5092525858483556,0.5064329017875016,1.0257654749791683,1.1086116541487951,1.0321150381505275,1.0166543209424583,0.775872347633227,0.9494296255260629,0.002377970631779646,1.0024746586222923,0.4666869980948312,0.44576601471219746,0.34310756836618694,0.4794824463980539,0.45801086936678204,0.9271708812032428,0.7048282708440509,0.9585034421512059,0.9032498853547233,0.7699795280184064,0.9513026816504342,0.0025789618625172545,0.9613065804753985
205,1e-06,0.5069746267960368,0.4990745038328205,0.4644484533692285,0.5078739455066091,0.5074927738185302,1.025869548259731,1.1075768426205643,1.0315393290944546,1.0174760765072266,0.7764061998539684,0.9496831292075739,0.0025155964737621655,1.001899431408581,0.4666854909488133,0.4457639881542751,0.34310377495629446,0.479480470929827,0.45800991569246563,0.9271704980305263,0.7048281516347613,0.958502539566585,0.9032494510923114,0.7699795280184064,0.9513026816504342,0.0025787223130464554,0.9613091009003776
206,1e-06,0.5076658666835829,0.500300750357642,0.46731724137229547,0.5091714638962967,0.5075052122366593,1.0257894508178211,1.1083953560039561,1.0319308473462028,1.0168945611713485,0.7757716188965489,0.9495555349819732,0.0021727038373339958,1.0039684624166532,0.466683281319482,0.44576171040534973,0.34310189740998404,0.47947763545172556,0.45800832339695524,0.9271682245390755,0.7048249244689941,0.958499618938991,0.9032478928565979,0.7699941652161735,0.9513026816504342,0.002578825323975512,0.9613042218344552
207,1e-06,0.5072020000210189,0.500157382509004,0.46776655369762027,0.509442469186192,0.5062761212762539,1.0258721008217768,1.1098446987618926,1.0317961575126746,1.0171492509334075,0.7765640127494039,0.9495891124483139,0.0021660632646513392,1.0018739420758476,0.46668063742773874,0.4457595518657139,0.343101761170796,0.47947473185403006,0.4580060456480299,0.9271651932171413,0.7048202582768032,0.9584959404809135,0.9032456363950457,0.7699795195034572,0.9513026816504342,0.0025784473400563,0.9612933056695121
208,1e-06,0.507483389154191,0.5007457864693478,0.4714080288479771,0.5080669851591205,0.5081022856056049,1.0261756195755904,1.1063466686745882,1.0315920056530101,1.0180870970273348,0.7757195723526794,0.9495723249054053,0.0023342749813006006,1.0029895423438937,0.46667888334819246,0.44575774669647217,0.3430998367922647,0.4794725903442928,0.45800490038735525,0.9271636520113263,0.7048184020178658,0.9584939564977374,0.9032452787671771,0.7699941567012242,0.9513026816504342,0.0025787263376904385,0.9612888182912555
209,1e-06,0.5080613323925582,0.49986200520641916,0.46374641445070064,0.5091637579282613,0.5084360887072847,1.0260984350703524,1.1027067001819366,1.031998546808363,1.0176449005749064,0.7761577354048803,0.9497083068748529,0.0025768672590345694,1.0020714135152893,0.466677406004497,0.4457551836967468,0.3430940125669752,0.47947058507374357,0.45800364868981497,0.9271632518087115,0.7048190576689584,0.9584931816373553,0.9032454831259591,0.7699941567012242,0.9513026816504342,0.0025789745351565735,0.9612935951777867
210,1e-06,0.5071346364568211,0.4998419192498974,0.4677288845082277,0.5081065978627906,0.5074760878904013,1.0252240544334779,1.1053078439500597,1.0309021108527703,1.0168766270706853,0.7758505234825751,0.9496025383258806,0.0024776226949162258,1.0021023582752948,0.4666757030146463,0.4457527697086334,0.3430887758731842,0.47946867772511076,0.45800223520823885,0.9271626472473145,0.704818572316851,0.9584922194480896,0.903244640145983,0.7700088024139404,0.9512880444526672,0.002578547690063715,0.9612965498651777
211,1e-06,0.5074771042518352,0.5018139164904356,0.47553795521923414,0.5095033252233123,0.5065155224316681,1.0265343309486457,1.1163854611206836,1.0324933476101357,1.0175802700042236,0.7758421334497635,0.949453133103546,0.0021997044545813394,1.0035410408661174,0.46667408091681345,0.4457504451274872,0.3430832496711186,0.4794668640409197,0.458001115492412,0.9271620256560189,0.7048172950744629,0.9584912317139762,0.9032444357872009,0.7700088024139404,0.9512880444526672,0.0025780316375728163,0.961300688130515
212,1e-06,0.5068489611911823,0.4994855150465958,0.4670801558863244,0.5078119963972128,0.5072115931337574,1.026049873918005,1.1150201295988411,1.0315438694546177,1.0175903099229016,0.7758270199641898,0.9495538646175016,0.0023989837747343794,1.0025977402299842,0.46667270149503437,0.4457479587623051,0.34307703375816345,0.4794651823384421,0.45799985953739714,0.9271618042673383,0.7048179507255554,0.9584913168634687,0.9032433032989502,0.7700088024139404,0.9512880444526672,0.002577338001823851,0.9613087943622044
213,1e-06,0.5080761529516697,0.5005329809796791,0.46758435676479976,0.5088274798146651,0.5086745234312183,1.0259316737262396,1.105904748790153,1.0316112667734172,1.0175863723540026,0.7761459969216838,0.9495320321350176,0.0024095815887171116,1.0030427826287132,0.46667092612811495,0.44574605992862154,0.34307439412389484,0.4794632409300123,0.45799850140299114,0.9271601949419294,0.7048160008021763,0.9584895372390747,0.9032423325947353,0.7700088024139404,0.9512880444526672,0.00257637700997293,0.9613091264452253
214,1e-06,0.5077982595408811,0.4999452690954887,0.46511333105018426,0.5090840536389544,0.507935231731784,1.0260629158293475,1.1096784854264852,1.03243808232389,1.016900492672791,0.7762265720247795,0.9494934264843243,0.002286975254355732,1.0030088569955586,0.46666901877948214,0.44574361613818575,0.343070387840271,0.4794608311993735,0.45799700702939716,0.9271592668124607,0.7048150726727077,0.958488472870418,0.9032410042626517,0.7700088024139404,0.9512880444526672,0.002576033950650266,0.9613098587308612
215,1e-06,0.5077212062543682,0.5006422072389586,0.4688513862799817,0.5092523534421242,0.5074858194855135,1.0259400294245784,1.1024864087395343,1.0319751690304468,1.017353301895501,0.7757464340876996,0.9495068556580004,0.0023500332728035927,1.003775051539822,0.46666714549064636,0.4457412872995649,0.3430667817592621,0.47945847681590487,0.45799562335014343,0.9271580065999713,0.7048134463174003,0.9584869486945016,0.9032402634620667,0.7700088024139404,0.9512880444526672,0.0025759390887937377,0.9613085303987775
216,1e-06,0.5068025922872931,0.4981245839528652,0.45982784267822047,0.5080385350656095,0.5071324714012654,1.0263551300266616,1.1101169451895703,1.0316439160797697,1.018273968301061,0.7759260664337791,0.94979560546123,0.002389255650026778,1.001879023089509,0.4666650635855539,0.44573899677821566,0.3430638909339905,0.47945593084607807,0.45799421412604197,0.9271564313343593,0.704811590058463,0.9584847433226449,0.9032393949372428,0.7700088024139404,0.9512880444526672,0.0025752113267247167,0.9613057119505746
217,1e-06,0.5071071204440873,0.4996113052016579,0.4660101077126895,0.5086701246969406,0.5069140780295583,1.0258100266891201,1.107696355335296,1.032218060002715,1.0166723637231727,0.7755684771723339,0.9494950942546359,0.00225816063580036,1.0022978888556582,0.4666638118880136,0.44573704259736197,0.3430589309760502,0.47945443221500944,0.4579934903553554,0.9271566527230399,0.7048131568091256,0.9584843005452838,0.9032403997012547,0.7700088024139404,0.9512880444526672,0.0025746756831982304,0.9613122173718044
218,1e-06,0.5073270551589472,0.4997010504473067,0.46637491621668375,0.5081014225895565,0.5079178344849373,1.0259382861489463,1.108491165297372,1.0317323605524718,1.0173925137861655,0.7760889032103133,0.9495907912361762,0.0021912478196877685,1.0031890060983435,0.46666222384997774,0.4457349010876247,0.3430550609316145,0.4794523801122393,0.45799231103488375,0.9271562950951713,0.7048135484967913,0.9584840025220599,0.9032398888042995,0.7700088024139404,0.9512880444526672,0.0025745085440576077,0.9613158277102879
219,1e-06,0.507840104504115,0.500126390230088,0.4668689633691488,0.5081939588616093,0.5088520100558652,1.026361590797817,1.1117307508351921,1.0317975286941803,1.018080097494892,0.776124164561278,0.9495454658561039,0.002248144715130749,1.0027653925612958,0.46666072947638376,0.445732729775565,0.34305064593042645,0.4794505366257259,0.45799110191208975,0.9271555883543832,0.7048137528555733,0.9584832446915763,0.9032394119671413,0.7700088024139404,0.9512880444526672,0.002574243948661855,0.9613192081451416
220,1e-06,0.5064275762513547,0.4981289715322542,0.46132113269153036,0.5077856442010287,0.5065730641087202,1.0259795133968652,1.11066682104935,1.0314395095651356,1.0176965871103836,0.7759848231544143,0.9496747358786529,0.0023257517409870946,1.0023038452610382,0.46665934153965544,0.445730379649571,0.34304414476667133,0.4794489230428423,0.4579902631895883,0.9271556479590279,0.7048137954303196,0.9584830233028957,0.9032398377146039,0.7700088024139404,0.9512880444526672,0.0025736467713224037,0.9613283106258937
221,1e-06,0.507158905557651,0.49902883524535807,0.4642440071334243,0.5072777533738722,0.5084704869964217,1.026309195079989,1.1122824491382683,1.0317479828596725,1.0180047367147709,0.7758018375969031,0.9495958277828804,0.0026792061192789903,1.0022908570030318,0.46665772795677185,0.4457277740750994,0.3430376180580684,0.4794470710413797,0.4579889731747763,0.9271554946899414,0.7048140338488987,0.9584831084523883,0.9032393608774457,0.7699941567012242,0.9512880444526672,0.00257300612117563,0.9613358378410339
222,1e-06,0.5065774677108632,0.4975965388359562,0.45797139094905004,0.5078487809474689,0.5069261712565278,1.0262191997573,1.1059847043467619,1.0325496834299837,1.0172299412782535,0.7754811813937538,0.9494850359937196,0.0022928825908264693,1.0021450221385946,0.46665596110480173,0.44572563256536213,0.34303367137908936,0.4794451466628483,0.4579877427646092,0.9271543111119952,0.7048131993838719,0.9584814735821315,0.9032383050237384,0.7699941567012242,0.9512880444526672,0.002572790819353291,0.9613374045916966
223,1e-06,0.5077423801558847,0.49958157754530375,0.46446783144047976,0.5080492661906338,0.5088779155071491,1.0261568644690136,1.112716862469286,1.0314354148511695,1.0179930059530158,0.7759915377565121,0.9496915143267411,0.002458167117407581,1.0031622392485462,0.466654509305954,0.4457233931337084,0.3430289626121521,0.4794431839670454,0.4579866741384779,0.9271536299160549,0.7048122457095555,0.9584805454526629,0.9032380921500069,0.7699941567012242,0.9512734072549003,0.002572840778157115,0.9613419260297503
224,1e-06,0.5077818523628921,0.5000323548233943,0.4665664691178541,0.5081889771279835,0.5087485388493574,1.026652240289277,1.1121412966108541,1.0322392437315207,1.0182157013273458,0.7757665746589227,0.9494363419288131,0.0025408133390873167,1.003900134435264,0.4666525295802525,0.44572120904922485,0.34302554386002676,0.47944105097225737,0.4579852308545794,0.9271519098963056,0.7048105256898063,0.958478467805045,0.9032365509441921,0.7699648652757917,0.9512734072549003,0.002572682553103992,0.9613404955182757
225,1e-06,0.5066872903523052,0.49884199342297947,0.4630733727188032,0.5088941130159577,0.5059341899688221,1.0253609726505895,1.1070226570062007,1.0314226837812541,1.0165771706190954,0.775989861105017,0.9495269939402586,0.002108356069451073,1.0015613323471453,0.46665078827313017,0.4457189014979771,0.3430218654019492,0.47943889669009615,0.4579835534095764,0.9271509391920907,0.7048103383609227,0.9584775567054749,0.9032362103462219,0.7699648652757917,0.9512734072549003,0.002572912589779922,0.9613420537539891
226,1e-06,0.5068250873335435,0.49761692511992645,0.4571885421864509,0.5079388687443379,0.5073658892635926,1.0266311278235771,1.1120958683494415,1.0326075512082284,1.0178060513609688,0.7757649076515994,0.9495404325749894,0.0023284018878036747,1.002684301739159,0.4666490767683302,0.44571681533540997,0.34301865100860596,0.47943677646773203,0.45798232725688387,0.9271496278899056,0.7048100829124451,0.9584756919315883,0.9032349927084786,0.7699648652757917,0.9512734072549003,0.0025732043930994613,0.9613421303885323
227,1e-06,0.5092207650709811,0.5036293885766453,0.4795417510510956,0.5094589404399372,0.5099718646702862,1.0262725888248352,1.1094165686699164,1.032200040508403,1.0175735955963487,0.7759495676937191,0.949375909258632,0.0024995643871321823,1.0052312002753332,0.4666473014014108,0.4457143800599234,0.3430136910506657,0.4794348478317261,0.4579806625843048,0.9271487849099296,0.7048096912247794,0.9584742529051644,0.9032346095357623,0.7699795024735587,0.9512734072549003,0.0025729025448007242,0.9613445401191711
228,1e-06,0.5073368807084366,0.500395599689718,0.4696416828001211,0.5084408362035072,0.5074894829432414,1.0260765960566887,1.1081768494047877,1.0319501756095788,1.0174660355508847,0.776446491647731,0.9497334923856513,0.0024758731506796363,1.0020419338148676,0.46664607524871826,0.4457122044903891,0.3430071004799434,0.47943347692489624,0.4579801431724003,0.9271488445145744,0.7048108748027256,0.9584741336958749,0.9032347968646458,0.7699648908206395,0.9512734072549003,0.0025725465467465775,0.9613532679421561
229,1e-06,0.5058296360056399,0.49726165329805716,0.4591724057717624,0.5073142362080412,0.5059001404568896,1.0255223688442037,1.1048929105950085,1.0309668552918245,1.0174321570398865,0.7758454896826288,0.9496142911837764,0.0024000422441802587,1.0016644287890675,0.4666442019598825,0.4457095605986459,0.3430019702230181,0.47943114382880075,0.4579785636493138,0.9271478823253086,0.7048095379556928,0.9584729245730809,0.9032340134893145,0.7699648908206395,0.9512734072549003,0.0025722962205431293,0.9613548942974636
230,1e-06,0.5067340251243365,0.4989132451449549,0.4648182370451494,0.5074503427887354,0.5074147167293707,1.0263750035519852,1.1055537276065355,1.0323410579258518,1.0177697318062926,0.7755516904839722,0.9497586822302233,0.0023695969253972066,1.0019751931848249,0.4666419156960079,0.44570725304739817,0.3429998201983316,0.4794284573623112,0.4579768649169377,0.9271460005215236,0.7048066428729466,0.9584704978125436,0.9032332045691354,0.7699795280184064,0.9512734072549003,0.002572054708642619,0.961349436214992
231,1e-06,0.5059262491682525,0.4970414610136123,0.4583020389110567,0.5067451277941358,0.5066949386994655,1.025353050543233,1.1051491094868549,1.0312736777238705,1.0167726298447946,0.7758740237658902,0.9495505056378784,0.0023755703712262776,1.0020106962199584,0.46663948042052134,0.4457051583698818,0.3429991475173405,0.4794256091117859,0.45797504271779743,0.9271432161331177,0.7048027089663914,0.9584665894508362,0.9032307863235474,0.7699941396713257,0.9512734072549003,0.002572206747052925,0.9613386307443891
232,1e-06,0.5067568774169613,0.4999894395096755,0.46904913444001434,0.5087418714304551,0.5060288563363075,1.0258015996666365,1.105333004007569,1.0315685756866955,1.0173835427225155,0.7754828634777254,0.9494078022299579,0.002398232586004214,1.0019295996906692,0.46663704940250944,0.44570235695157734,0.3429966611521585,0.47942224570683073,0.45797296507017954,0.9271411640303475,0.7047993966511318,0.9584640094212123,0.9032295601708549,0.7699941396713257,0.9512734072549003,0.0025716376091752735,0.9613315292767116
233,1e-06,0.5066315989065829,0.49865197549400975,0.4635542507468891,0.5076570373831562,0.5070420181024886,1.0262059605371874,1.1065784539708832,1.031997625789945,1.017734979734748,0.7762802843857105,0.9496596161060558,0.0024312746885608878,1.0016420328549953,0.4666346652167184,0.4456999259335654,0.34299408963748385,0.4794195720127651,0.4579710619790213,0.9271390693528312,0.7047966037477765,0.9584616082055228,0.9032278912408012,0.7699941396713257,0.9512734157698495,0.0025715268815734555,0.9613241723605565
234,1e-06,0.506833819871796,0.49853535883864925,0.4614393596184052,0.5084662532965099,0.5067145089979851,1.026455904542637,1.1053646096680265,1.032264985033505,1.018016428197889,0.7761812496661408,0.949674731056567,0.002355834212167502,1.00215441617243,0.4666326769760677,0.4456968903541565,0.34298706906182425,0.4794172005993979,0.4579695931502751,0.927137953894479,0.7047943983759198,0.9584600755146572,0.9032269290515355,0.7699941396713257,0.9512734157698495,0.0025710697352354017,0.9613275102206639
235,1e-06,0.5079654084677826,0.49981646042143574,0.4643056778589152,0.5086972676236631,0.5086889349675704,1.026046764099836,1.1055879569395468,1.0322903647400816,1.0171519553911608,0.7762081036492,0.9494447394694295,0.0024596444680176663,1.003366015901092,0.4666312336921692,0.44569411873817444,0.3429784093584333,0.4794157530580248,0.4579685500689915,0.927138456276485,0.70479587997709,0.958460944039481,0.9032274229185921,0.7699795280184064,0.9512880529676165,0.002570379325853927,0.9613389372825623
236,1e-06,0.5068287599776503,0.49722477773855844,0.4553152830461569,0.5077466772143436,0.5076279140593025,1.0258833812068073,1.114063895059987,1.031602786250195,1.017224374820926,0.7758337337117408,0.9495001469766917,0.0024008641576921856,1.002100392970072,0.4666298287255423,0.4456922837666103,0.34297450951167513,0.4794143906661442,0.45796734946114676,0.9271379624094281,0.7047963312694004,0.9584606119564602,0.9032267757824489,0.7699795280184064,0.9512734157698495,0.002569781483284065,0.96134352684021
237,1e-06,0.5071382259657246,0.5005435368310349,0.47241779116563654,0.5071491652339529,0.5082846348919261,1.0255378751161461,1.1068049858486841,1.0305754600643073,1.0177913241305843,0.7755416162308216,0.9495790436581594,0.0025572621124556705,1.0028715445271408,0.46662789583206177,0.44568967819213867,0.34296978797231403,0.47941198093550547,0.4579657188483647,0.9271366255623954,0.7047951817512512,0.9584584321294513,0.9032259924071175,0.7699795280184064,0.9512734157698495,0.002569556934759021,0.9613422410828727
238,1e-06,0.5068385276315888,0.4988782600110089,0.4634757851309124,0.5082317505716606,0.5068907493575683,1.0265474560562307,1.1166647726977965,1.0320274514292547,1.0180635870998478,0.7759260616727323,0.9495941516502173,0.002520127510744935,1.0021731158250182,0.46662631205150057,0.44568751539502827,0.3429643894944872,0.4794102651732309,0.4579649950776781,0.9271357144628253,0.7047948922429766,0.9584574699401855,0.9032255666596549,0.7699648908206395,0.9512734157698495,0.0025700846620436224,0.9613444975444249
239,1e-06,0.5069030417702592,0.5002248564928663,0.46986479629203104,0.5086982590811593,0.5063425251843071,1.026104677962573,1.1105483902214859,1.031900247243265,1.0174944289085868,0.776187963139016,0.9493876548223598,0.0022976632476524395,1.0023933420166624,0.46662455797195435,0.44568489279065815,0.34295972330229624,0.4794077617781503,0.4579634538718632,0.9271349566323417,0.7047944409506661,0.9584564311163766,0.9032250898224967,0.7699648908206395,0.9512734157698495,0.002570259850472212,0.9613456640924726
240,1e-06,0.5068006035125506,0.499770714024428,0.4691424895358342,0.5074264272261569,0.5074300057632888,1.0255726330474408,1.1085093879602044,1.0317102961825886,1.016670588524111,0.7762870126300387,0.9495857675381947,0.002443609943997765,1.00225581038749,0.466622782605035,0.4456826278141567,0.34295528701373507,0.4794058161122458,0.45796217237200054,0.9271346841539655,0.7047952583857945,0.9584562267575946,0.9032251409121922,0.7699502536228725,0.9512880529676165,0.0025698605459183455,0.9613480142184666
241,1e-06,0.5062403890546993,0.49640788601046637,0.4532337335672247,0.5074341285552236,0.5068135507828263,1.0265744632168177,1.1024313859614847,1.032847730337017,1.0177725490031948,0.7761577503594508,0.9494951054247843,0.002235643731664315,1.001780446407066,0.4666200024741037,0.4456800009523119,0.3429536095687321,0.4794025719165802,0.4579599159104483,0.9271326320511954,0.7047928145953587,0.9584524631500244,0.9032233698027474,0.7699502536228725,0.9512734157698495,0.0025691446914736715,0.9613385626247951
242,1e-06,0.5069674136879135,0.4985648502433111,0.4622184945660497,0.5074661266968546,0.5079602506364607,1.0259373307655362,1.1094469038328023,1.0315743154949613,1.0175166906482795,0.7757497985608384,0.949417880755843,0.002272692676137654,1.0029565244836802,0.46661739689963205,0.4456774251801627,0.34295219608715605,0.479399242571422,0.45795784677777973,0.9271302138056073,0.7047898684229169,0.9584492189543588,0.9032221351351056,0.7699502536228725,0.9512734157698495,0.002569072513974139,0.9613292983600071
243,1e-06,0.5071569509190044,0.4975907607714579,0.45586186201830003,0.5080562032495959,0.5079675990376665,1.02698024178064,1.110714505039846,1.0323590874305701,1.018810223629703,0.7758488412460057,0.9494229212700863,0.0023755301932169575,1.0025005298154024,0.466615412916456,0.4456750324794224,0.342948602778571,0.47939703294209074,0.45795602032116484,0.927128791809082,0.7047890169279916,0.9584473030907767,0.9032211474009922,0.7699502536228725,0.9512734157698495,0.002569047700879829,0.961327748639243
244,1e-06,0.507928790996701,0.5009536994339806,0.4704957339346134,0.5086147379582195,0.5084905718389805,1.0258941949787228,1.1077968423267663,1.0320030874432018,1.0170547484252859,0.7759227058976599,0.9494967818626427,0.0022760443356035004,1.0033258509465015,0.46661395686013357,0.44567265680858065,0.3429421441895621,0.47939550025122507,0.45795489634786335,0.9271284597260612,0.704790541103908,0.9584469965526036,0.9032212240355355,0.7699502536228725,0.9512734157698495,0.0025689225045165847,0.9613341263362339
245,1e-06,0.5065070900224871,0.4981431054324293,0.46109015422482647,0.5078332486423662,0.5066948217028419,1.0262802620454134,1.1117488467809302,1.031354379635619,1.0183570819272179,0.776097308747047,0.9495001306182228,0.002241910772881658,1.0021183639688487,0.4666122538702829,0.44567003420421053,0.3429356941155025,0.479393550327846,0.45795367871012005,0.9271280935832432,0.7047909072467259,0.9584461365427289,0.903220704623631,0.7699502536228725,0.9512734157698495,0.0025685939139553477,0.9613387584686279
246,1e-06,0.5069598383739918,0.4982014598140824,0.45957796844041965,0.5081806703524533,0.5073184195507262,1.0262437301968772,1.1062930362137904,1.0318334636112023,1.0179853298330819,0.7759663572509168,0.9494262689574828,0.002393470901597236,1.0030135764748513,0.46661066157477243,0.4456673094204494,0.34292949948992046,0.47939145139285494,0.4579522694860186,0.9271278381347656,0.7047920908246722,0.9584464430809021,0.9032202873911176,0.7699356079101562,0.9512880529676165,0.002568269880222423,0.9613448977470398
247,1e-06,0.5068735833724706,0.5005155152317443,0.4718601735994502,0.508345941107394,0.5065683292475835,1.0258238099198798,1.1080419837482391,1.0319027374844276,1.017004199352743,0.775936136047961,0.9494665679538549,0.0023759908667067902,1.0029929480489193,0.4666084774902889,0.4456650274140494,0.3429267108440399,0.47938890968050274,0.4579507453101022,0.927126407623291,0.7047907114028931,0.9584445783070156,0.9032198446137565,0.7699356079101562,0.9512734157698495,0.002567984163761139,0.9613414406776428
248,1e-06,0.5068358176192808,0.4986549691243228,0.4622353018093158,0.5083019294863289,0.5068564393614355,1.025805443479535,1.1003136116299823,1.031707225734615,1.017419893712309,0.7758840988125486,0.9495588976544597,0.0023447667803263403,1.0027590085772813,0.46660657439913067,0.4456630349159241,0.342924245766231,0.47938671708106995,0.4579494297504425,0.9271248493875776,0.7047885315758842,0.9584423559052604,0.9032184055873326,0.7699356079101562,0.9512880614825657,0.0025677754477198634,0.9613379921231952
249,1e-06,0.5077593086379891,0.501507869300266,0.4735533617669597,0.5089977310977102,0.5076610797713856,1.0263103023285873,1.1116900705888342,1.0320576450730738,1.017717000465178,0.7757128611077301,0.949537077654464,0.0020584868719547137,1.0038645318759385,0.46660493101392475,0.4456609146935599,0.342920788696834,0.47938468626567293,0.45794799498149324,0.9271239042282104,0.704788088798523,0.9584406869752067,0.9032178691455296,0.7699356079101562,0.9512880614825657,0.0025673345662653446,0.9613401974950518
250,1e-06,0.5074887200007363,0.49995402099838393,0.4664203559992195,0.5088301813730629,0.5075161459198135,1.0267042576564744,1.1095572349601566,1.0323794886996303,1.0182670459830327,0.7761980274122797,0.9498124037470136,0.0023758937431264744,1.0023751235044862,0.4666033855506352,0.44565898180007935,0.34291785955429077,0.4793827874319894,0.4579467347690037,0.9271228739193508,0.704788054738726,0.9584393075534275,0.9032175626073565,0.7699502536228725,0.9512880614825657,0.002567064615764788,0.9613407509667533
251,1e-06,0.5063364721540909,0.49714096216318,0.45745637004215534,0.5067950606926002,0.5075071791899369,1.026079218386383,1.1098197428495287,1.0322337234197247,1.017133313451006,0.7758320518414057,0.9495941501852798,0.0025960342188189795,1.0010831374360303,0.46660221900258747,0.445656669991357,0.34291081769125803,0.47938145058495657,0.4579458662441799,0.9271233252116612,0.7047899876322065,0.958439724785941,0.903218116079058,0.7699502536228725,0.9512880614825657,0.0025666808443410055,0.9613510966300964
252,1e-06,0.5059532358502341,0.49725265403436014,0.4586433353206773,0.5073945376882782,0.5060890395856185,1.0251777590511397,1.103222829680289,1.030645911258975,1.0171079331035193,0.7761258453023904,0.9495807261999241,0.002458690988680532,1.0015348473452204,0.4666003244263785,0.4456545540264675,0.34290805033275057,0.47937911323138643,0.45794461028916494,0.9271217073713031,0.7047886593001229,0.9584380303110395,0.9032170006207058,0.7699502536228725,0.9512880614825657,0.0025666766533894198,0.9613485762051174
253,1e-06,0.506388757406475,0.49717755755338067,0.45652834148634047,0.5077000821454672,0.5067394589743002,1.0258680875644401,1.110564053607976,1.0317422338955475,1.0171708485375779,0.7760637302430422,0.9494346578000328,0.0024996108226140717,1.0021931809214404,0.46659850648471285,0.4456521826131003,0.3429036779063089,0.4793769589492253,0.45794316274779184,0.9271207536969867,0.7047879610742841,0.9584365061351231,0.9032161831855774,0.7699502536228725,0.9512880614825657,0.002566654434693711,0.9613490956170219
254,1e-06,0.5075621454152949,0.5004663771686955,0.46866139481144564,0.5090390694672428,0.5073818775915331,1.026284940445417,1.1132936890285197,1.0324638751123236,1.017205677304705,0.7759025713387845,0.9495471444913686,0.002233498322997286,1.0035384703891068,0.4665968758719308,0.44565010922295706,0.34290030172892977,0.4793750260557447,0.4579417662961142,0.9271197659628732,0.7047879270144871,0.9584348286901202,0.9032155190195356,0.7699502536228725,0.9512880614825657,0.0025667892436363865,0.9613512754440308
255,1e-06,0.5074142479493687,0.5000251619802398,0.46722642483005633,0.5086471337388249,0.5075209917499661,1.0259114297548442,1.109433221011301,1.0318998189932007,1.0171387961627396,0.7758555550545958,0.9497939279246684,0.002267066772723894,1.0026283817174064,0.466594968523298,0.4456478953361511,0.342896682875497,0.47937300375529696,0.4579401825155531,0.9271185312952314,0.7047868541308812,0.9584332874843052,0.9032139948436192,0.7699648908206395,0.9512880614825657,0.002566347397597773,0.9613533871514457
256,1e-06,0.5069104165556,0.5007255551025187,0.4735293472142813,0.507698299148665,0.5072350983154572,1.0254870698321372,1.1113287248308696,1.0311199569482408,1.0169929891015954,0.775947884327927,0.9493809368020745,0.0023421274949460306,1.0024675964942908,0.4665927631514413,0.4456454302583422,0.34289343442235676,0.47937033431870596,0.45793854764529635,0.9271165984017509,0.7047844018254962,0.958431533404759,0.9032126154218402,0.7699502536228725,0.9512880614825657,0.002565836500642555,0.9613507219723293
257,1e-06,0.5056142156025232,0.49627853398193655,0.454928718953638,0.5070868509583637,0.5058312030004588,1.0257580685603331,1.1083043135561457,1.0316322875889643,1.0171322961129474,0.7761258413043317,0.9494732778254253,0.002479306145084052,1.001002325318254,0.4665906046118055,0.44564324617385864,0.34289137380463736,0.4793678479535239,0.45793677653585163,0.9271152019500732,0.704782315662929,0.9584296345710754,0.9032117809568133,0.7699502536228725,0.9512880614825657,0.0025650184002837966,0.9613472138132367
258,1e-06,0.5071711391286855,0.4996360797059273,0.46685336740030364,0.5077976701476912,0.5078885416708662,1.0259258909464737,1.1044247341015616,1.031874435837917,1.0173608441262507,0.7756725616230454,0.9496646709644788,0.002391007568647144,1.003087041686879,0.4665884588445936,0.4456412834780557,0.3428911098412105,0.47936532327107023,0.45793470314570833,0.9271132520266941,0.7047804083142962,0.9584270289966038,0.9032104781695774,0.7699502536228725,0.9512880614825657,0.002565301289515836,0.9613413044384548
259,1e-06,0.5072585953179226,0.4975327860375154,0.45483932791767034,0.5084278178227235,0.5078366819980873,1.0261014262896224,1.1027104599440458,1.0320139741262777,1.0176354022253127,0.7758807416946168,0.949621017719011,0.002539275193213081,1.0029130813957055,0.4665865344660623,0.44563926117760794,0.342888206243515,0.47936314770153593,0.4579334727355412,0.9271118896348136,0.7047798122678485,0.9584253174918038,0.9032094393457685,0.7699502536228725,0.9512880614825657,0.0025653307592230184,0.9613405551229205
260,1e-06,0.5070256544148317,0.49901198445072065,0.4633677716567708,0.5084322650525366,0.5070743031734939,1.0260909766767554,1.1130535264718369,1.0318922351338102,1.0173908816626667,0.7757833672070344,0.9494313082204253,0.002252217713377214,1.0023523616107135,0.4665848825659071,0.4456374602658408,0.34288695454597473,0.47936095935957773,0.45793196984699797,0.9271103399140495,0.7047785690852574,0.9584229929106576,0.9032090476581028,0.7699648652757917,0.9512880614825657,0.002565072716346809,0.961338358266013
261,1e-06,0.5070983985266316,0.4992946598295426,0.46431904126300116,0.508720143294249,0.5069025784074741,1.0270585115909332,1.110212493144239,1.0330200413527149,1.0183251498603723,0.7759260640837752,0.9494850365125517,0.0023806905561101497,1.0023676221699087,0.46658311571393696,0.4456352548939841,0.34288330163274494,0.4793588306222643,0.4579305223056248,0.9271087731633868,0.7047762019293649,0.9584212558610099,0.9032072765486581,0.7699648652757917,0.9512880614825657,0.002564438518935016,0.9613400527409145
262,1e-06,0.5071699380935673,0.5004609621340229,0.470828055244376,0.5081497838694928,0.5074015261116116,1.0261491314606732,1.1054390196121477,1.0319219093046856,1.0177332678637137,0.77587402507823,0.9497418885834084,0.00227711644859129,1.0021860233893836,0.46658154896327425,0.4456329814025334,0.3428784949438913,0.4793568806988852,0.4579294238771711,0.9271083729607719,0.7047762955938067,0.9584206087248666,0.9032074127878461,0.7699648652757917,0.9512734242847988,0.00256400162886296,0.961344838142395
263,1e-06,0.50752531584873,0.4994327729015673,0.464854571615435,0.5075999195613559,0.5088729487586131,1.025891586749052,1.1124726488720864,1.0317834519876068,1.0171134147775887,0.776075483497692,0.9497368470925401,0.002230504162407385,1.0031119526439731,0.4665801908288683,0.4456306993961334,0.3428718021937779,0.47935549701963154,0.45792857238224577,0.92710827929633,0.7047766191618783,0.9584207705089024,0.9032071828842163,0.7699795109885079,0.9512734242847988,0.002563381667381951,0.9613516671316964
264,1e-06,0.5076581456236392,0.4999642074413319,0.4657678043482185,0.5089842068251743,0.5077284495157885,1.0260742992788354,1.1129892021036123,1.0317594649788056,1.0174921130865462,0.7754408915837606,0.9494598416932961,0.0021226890048959197,1.003563086008696,0.4665786453655788,0.4456282726355961,0.34286624618938993,0.4793535258088793,0.4579275207860129,0.9271076491900853,0.7047761593546186,0.9584198764392308,0.9032057694026402,0.769964873790741,0.9512734242847988,0.0025634875055402517,0.9613568442208427
265,1e-06,0.5073634706822897,0.49779157966939963,0.4560016437304429,0.5082975453556469,0.5081415677522306,1.0260905259337965,1.1027911943285758,1.031784554169963,1.0178398142945015,0.7761997179501617,0.9494800002710427,0.0022946888286690956,1.003088551366018,0.466576772076743,0.4456259948866708,0.34286232931273325,0.479351418358939,0.4579260604722159,0.9271062442234584,0.7047745500292096,0.9584181138447353,0.9032047050339835,0.769964873790741,0.9512734242847988,0.002563362176130925,0.9613564355032784
266,1e-06,0.506762989288834,0.4984111370823045,0.4610407557233565,0.5084397414373973,0.5066103481721463,1.0255489802885471,1.1034591435409484,1.0315291232105652,1.0169718468793527,0.7761006585097716,0.9495169274085494,0.0021797203685596195,1.0019117349609008,0.46657494987760273,0.4456236447606768,0.34285841243607657,0.4793491150651659,0.4579246257032667,0.9271053331238883,0.7047742605209351,0.9584171857152667,0.9032044836453029,0.769964873790741,0.9512734242847988,0.00256319620114352,0.9613572188786098
267,1e-06,0.5066324369271352,0.49873500757197875,0.4640750682970468,0.5075748233507061,0.5071085885556246,1.0264499786262689,1.1098416510814895,1.0321611711079197,1.017958946430677,0.7757430702859905,0.94944640861312,0.0024961952470086562,1.00220443466292,0.4665736896651132,0.4456214649336679,0.3428523966244289,0.479347573859351,0.45792393599237713,0.9271051372800555,0.7047740731920514,0.9584164278847831,0.9032046369143895,0.7699502280780247,0.9512587785720825,0.002562990179285407,0.961362191608974
268,1e-06,0.5081325600956625,0.501090476406701,0.4702382444175646,0.5089219289136068,0.5086061925809932,1.0263979563149073,1.115072159784242,1.032068572164009,1.0177717119745273,0.7756222115683665,0.9493171532094264,0.0022616468190420104,1.00427123917962,0.46657177805900574,0.4456191062927246,0.3428484244006021,0.4793453642300197,0.45792239904403687,0.9271039196423122,0.7047716123717171,0.9584146738052368,0.9032038024493626,0.7699502280780247,0.9512441328593663,0.0025625097498829874,0.9613619872501918
269,1e-06,0.5065114784411632,0.49702434794938205,0.4555142261374015,0.5075233121804561,0.5071994615742565,1.0259504958231878,1.10909685594756,1.031882407936266,1.0172470953302144,0.7757111762464809,0.9496411508434685,0.0022524590764950087,1.0023616452554038,0.4665695812020983,0.4456163900239127,0.342845435653414,0.47934231587818693,0.457920457635607,0.9271025061607361,0.7047695091792515,0.9584129963602338,0.9032031297683716,0.7699355908802578,0.9512441328593663,0.002562157077980893,0.9613596967288426
270,1e-06,0.5078974977494263,0.4985563678736572,0.45811333472583454,0.508487001160628,0.5089673064973375,1.026045013774192,1.1044162770936383,1.0313178714092,1.0181596284942998,0.7759025650822805,0.9494581687651837,0.002518532028268208,1.0032443249158474,0.46656812514577595,0.44561372910227093,0.34283709951809477,0.47934075764247347,0.4579197083200727,0.9271032299314227,0.7047719274248395,0.9584141458783831,0.9032031893730164,0.7699209792273385,0.9512441328593663,0.0025616378323840244,0.9613703915051052
271,1e-06,0.5065531092183259,0.49809780745889615,0.46135689598196783,0.507213047419947,0.5073996444146449,1.0262883253971613,1.1077339063225438,1.0318093466502365,1.0180524052929036,0.7760167253731582,0.949743566638802,0.0025830350622403136,1.0009162642073155,0.4665664051260267,0.4456117408616202,0.3428337275981903,0.4793390503951481,0.457918256521225,0.9271020889282227,0.7047712547438485,0.9584124684333801,0.9032027125358582,0.7699209792273385,0.9512441328593663,0.0025612443818577696,0.961371898651123
272,1e-06,0.5074539219362578,0.5017944802031783,0.4766732345192602,0.5083984018470834,0.5075354249551854,1.025992614149864,1.1068171818501755,1.0316898617082781,1.0176013651348295,0.7763810212711035,0.9497049538770579,0.0027117622650003836,1.0021273210240338,0.46656505550657,0.44560983777046204,0.34283008745738436,0.4793372665132795,0.45791723898478914,0.9271015269415719,0.7047714420727321,0.9584118042673383,0.9032022271837506,0.7699209792273385,0.9512587700571332,0.002561055456421205,0.9613738826342991
273,1e-06,0.506670445859951,0.49835379185947587,0.4611811470631386,0.5083020308569524,0.5065551536606937,1.0267833846078063,1.1042838636203967,1.0331074409892604,1.0178759083098408,0.775219299337892,0.9494799912067419,0.002412096894014993,1.0030842536361293,0.4665637654917581,0.44560729605810984,0.34282211320740835,0.47933600204331533,0.4579161788736071,0.9271017909049988,0.7047727874347142,0.9584122214998517,0.9032020653997149,0.769877050604139,0.9512587700571332,0.002560624453638281,0.9613833427429199
274,1e-06,0.5073938084851152,0.4992046254876328,0.46283604515190924,0.5087777478720552,0.5074951155058738,1.025724013829561,1.1080726875565445,1.03167456553279,1.0170285609582723,0.7756037414531737,0.9494883848408583,0.002342454097207485,1.002841146310903,0.46656197735241484,0.4456052439553397,0.3428195757525308,0.47933368171964374,0.45791488885879517,0.9271000027656555,0.7047710503850665,0.9584098969187055,0.9032010776656014,0.7698770591190883,0.9512587700571332,0.002560471883043647,0.9613804476601737
275,1e-06,0.5073404634114845,0.4999073503021088,0.46718785653526945,0.5083197965661014,0.5076995554546546,1.0263070281932614,1.1021377555663563,1.0320413527706007,1.0180450636365141,0.7757078205019281,0.9496243660778372,0.002378882972606545,1.0035951615478587,0.46655985713005066,0.44560299600873676,0.3428173363208771,0.47933113149234224,0.45791315606662203,0.9270982486861092,0.7047692452158246,0.9584074190684727,0.9031998344830104,0.7698917048318046,0.9512587700571332,0.0025599701995296137,0.9613754919597081
276,1e-06,0.5063063993676161,0.4983767380912183,0.46349014823276813,0.5073333211391935,0.506706796300393,1.025708311225473,1.0996748784597996,1.0318949980059466,1.0170559864195565,0.776147674488765,0.9498778684164888,0.0023656769859386607,1.0014517890814933,0.4665579284940447,0.4456004926136562,0.34281336409705027,0.47932870047433035,0.45791153396878925,0.9270970140184674,0.7047689812523978,0.9584061929157802,0.9031988978385925,0.7698770591190883,0.9512587700571332,0.002559883619791695,0.9613751428467887
277,1e-06,0.5054853467592141,0.4963003014883382,0.4553859569876242,0.5071544349346171,0.5054862950926124,1.0261581912140814,1.1090304062907292,1.032318730874362,1.0172353759522446,0.7759881808216976,0.9496075755440145,0.0022426976456201486,1.0009430747000425,0.4665551653930119,0.44559788703918457,0.3428116568497249,0.47932530300957815,0.4579096351351057,0.9270948171615601,0.7047668440001351,0.9584038513047355,0.9031973736626762,0.7698917048318046,0.9512441328593663,0.002560065493785909,0.9613664405686515
278,1e-06,0.5071794480405828,0.5010040692653158,0.47339185121666144,0.5084005991312643,0.5070846057127393,1.0263130127681688,1.1082432169335594,1.03188953177476,1.0180055921772353,0.7762517532933632,0.949610938338579,0.002052831628631192,1.0027238002997816,0.46655327507427763,0.44559551988329205,0.34280696511268616,0.4793233147689274,0.45790826848575045,0.9270939912114825,0.7047668014253888,0.9584025059427533,0.903196896825518,0.7698770591190883,0.9512441328593663,0.0025603146558361395,0.9613681435585022
279,1e-06,0.5065305087423544,0.4989215314113599,0.4657258354451677,0.5072500527637529,0.5071710872149626,1.025752530608248,1.106973791543606,1.032029077662484,1.0167686160991452,0.7759143156512115,0.9495353880321681,0.0022529782488926887,1.0017052906876762,0.46655100158282686,0.4455929057938712,0.34280334625925335,0.47932057295526775,0.457906505891255,0.9270923904010228,0.7047644683292934,0.9584005389894757,0.9031962071146283,0.7698770591190883,0.9512441328593663,0.002560143359005451,0.9613638945988247
280,1e-06,0.5065581804504775,0.49942077999229745,0.46718029466520133,0.5082801964975172,0.5061487184233746,1.0256283947338645,1.1050732533137004,1.0316256005460034,1.016983008818082,0.7761392775280196,0.9495236414918152,0.002412492425323555,1.0023720557422315,0.46654907294682096,0.44558994259153095,0.34279707074165344,0.47931800144059317,0.45790507963725496,0.9270920412881034,0.7047641958509173,0.9583997470991952,0.9031959601811,0.7698770591190883,0.9512441328593663,0.0025600234179624488,0.9613679221698216
281,1e-06,0.5070799608231812,0.499473718423692,0.46652039944271034,0.5075804213499693,0.5079313801211451,1.0256181839363305,1.110851349186055,1.0313514999347164,1.0170437096939047,0.7758505211936103,0.9494917433626885,0.0024077524175925616,1.002383651271943,0.46654753174100605,0.4455872518675668,0.34278964570590426,0.4793161026069096,0.45790419834000723,0.9270922882216317,0.7047656348773411,0.9583996023450579,0.9031962241445269,0.7698624134063721,0.9512441328593663,0.0025598611017423017,0.9613751173019409
282,1e-06,0.5066179683192595,0.49958231216568366,0.4682243635760657,0.5079135668930859,0.5066021723559253,1.025864238441143,1.1030519731338977,1.0319123730803537,1.0172431793081047,0.7759562854698482,0.9495169259741315,0.0023390957597462883,1.001137568409847,0.46654586706842693,0.44558452708380564,0.34278263790266855,0.4793141654559544,0.4579030786241804,0.9270923818860736,0.7047665119171143,0.9583991255078997,0.9031963859285627,0.7698624134063721,0.9512441328593663,0.0025594100755240235,0.9613820229257856
283,1e-06,0.5073508923626288,0.5009954990146713,0.4729604425335077,0.508245216719749,0.5076026493808397,1.0256604990834648,1.1113398837481654,1.0315010572663956,1.0169639725350625,0.7762970777883691,0.9498207880116339,0.002239001065557484,1.002917778229506,0.46654363189424786,0.44558205774852205,0.3427800578730447,0.4793113129479544,0.457901269197464,0.9270910450390407,0.7047650814056396,0.9583974395479474,0.9031954067093986,0.7698624134063721,0.9512441328593663,0.0025587965335164753,0.9613773311887469
284,1e-06,0.5068118257883935,0.4983908397017292,0.4616032644106801,0.5076548379015691,0.5074758573611211,1.026061707316944,1.096244544660624,1.0323902408220924,1.017393538113197,0.7758840904196774,0.949679761102611,0.0023493398382927874,1.001847892740233,0.46654216732297626,0.4455797331673758,0.3427741697856358,0.4793094992637634,0.45790050285203115,0.9270910535539899,0.7047659584454128,0.9583971330097744,0.9031955599784851,0.7698624134063721,0.9512587700571332,0.002558270569092461,0.9613836492810931
285,1e-06,0.507558462348768,0.4985515008934693,0.45967496679003766,0.5080128963550298,0.5087001725947374,1.0262753803242919,1.1100978373077304,1.032163768564196,1.017592731525638,0.7756272388371332,0.9494363438515436,0.002256391422262275,1.0034340428683433,0.4665405665125166,0.4455771744251251,0.34276874576296124,0.4793073279517038,0.4578991745199476,0.9270904404776437,0.7047656093324933,0.9583966391427177,0.9031950405665806,0.7698624134063721,0.9512587700571332,0.0025578896248979227,0.9613874554634094
286,1e-06,0.5076186916367921,0.49969722995133015,0.464955632892927,0.5085413561865909,0.5081180597779937,1.026411972287613,1.1063418173509199,1.032380878040257,1.0177788993852053,0.7759395007347365,0.9496294036316859,0.0024899288042006403,1.0036407348380842,0.4665387613432748,0.4455745645931789,0.3427620828151703,0.4793053908007486,0.4578981101512909,0.9270902361188617,0.7047654560634068,0.9583958983421326,0.9031949383871896,0.769877050604139,0.9512587700571332,0.0025575566770774977,0.9613925388881138
287,1e-06,0.5062318935921665,0.4965051866102634,0.4550301701181434,0.5062399672900355,0.5079305374311046,1.026193602171789,1.1057698420237958,1.0319594437808668,1.017775158117932,0.7755835948085639,0.9495421103862268,0.002676005734519864,1.0018122979939075,0.4665365048817226,0.44557214634759085,0.34275984338351656,0.4793024403708322,0.4578964752810342,0.9270883798599243,0.7047633102961949,0.958393931388855,0.9031936866896493,0.769877050604139,0.9512587700571332,0.002557604673451611,0.9613864421844482
288,1e-06,0.5069587238922647,0.49842511179260396,0.4604839669303044,0.5084415452942992,0.5070251349113687,1.0257258724690217,1.106713549363204,1.0318150261519081,1.016936979657616,0.7754979767496624,0.9492986864513822,0.0023782060150661748,1.002292614867,0.46653454644339426,0.44556974513190134,0.34275562848363605,0.4793003329208919,0.45789487447057453,0.9270871707371303,0.7047616158212934,0.9583924412727356,0.9031926648957389,0.769877050604139,0.9512587700571332,0.002557390569044011,0.9613872511046273
289,1e-06,0.5066611678613739,0.49721219514616316,0.4555835746308809,0.5079399457480807,0.5070849886565592,1.0265202478940096,1.1156724341026771,1.0328416401950506,1.0172269384615615,0.775956284310106,0.9496915187215537,0.002298890040659036,1.0018176978145936,0.46653298820768085,0.4455673609461103,0.34275014059884207,0.479298608643668,0.45789341415677753,0.927086455481393,0.7047616073063442,0.9583921943392072,0.9031920433044434,0.769877050604139,0.9512587700571332,0.0025576389328177485,0.9613923004695347
290,1e-06,0.5063966206569154,0.49848757977981295,0.4630672341423406,0.5080142233289943,0.5062233828851277,1.0262125624916947,1.1108145387857558,1.031849491004143,1.017755699658235,0.7762567871848681,0.9496378065742594,0.0023398778571914625,1.0016800644943424,0.4665322942393167,0.4455655004296984,0.3427426815032959,0.4792980083397457,0.4578931672232492,0.927087698663984,0.7047650047710964,0.958392790385655,0.9031928522246224,0.769877050604139,0.9512587700571332,0.0025572312130991903,0.9614068695477077
291,1e-06,0.5069815778024247,0.49944257374549605,0.46634600822338373,0.5078901649742205,0.5074276004579821,1.0260700511431853,1.103578335312288,1.0319283578680285,1.0176280515046225,0.7758992085747394,0.9495421166732503,0.0021978430747259807,1.0026223089715731,0.46653034005846294,0.4455633504050119,0.34274046761648996,0.4792954751423427,0.4578917324542999,0.9270865150860378,0.7047637871333531,0.9583914450236729,0.9031922136034284,0.769877050604139,0.9512441328593663,0.0025569458292531116,0.9614043831825256
292,1e-06,0.5062150127663102,0.4966532335913737,0.45453120977892,0.5075056371295751,0.5066472140416938,1.026571447551403,1.1059263622034408,1.0325173742943279,1.0179804808594175,0.7751152063722313,0.9493691921844521,0.002512696714136183,1.0028724676208867,0.4665281985487257,0.4455610513687134,0.34273724045072285,0.4792931548186711,0.4578900762966701,0.9270846843719482,0.7047618457249233,0.9583888735089984,0.9031909789357867,0.769877050604139,0.9512441328593663,0.0025572493738893953,0.9614018457276481
293,1e-06,0.5069603535436815,0.49897961090359394,0.46404128265698263,0.5078298429831198,0.507521423738673,1.0258344757941462,1.1137665773255974,1.0310582409012459,1.0176794406883056,0.7760318297028724,0.9494833482941542,0.00250075265805247,1.0033150445603127,0.4665263422897884,0.44555855648858206,0.3427333278315408,0.47929058756147114,0.4578885648931776,0.9270837221826825,0.7047622033527919,0.9583876473563058,0.9031906979424613,0.769877050604139,0.9512441328593663,0.002557422699672835,0.9614017605781555
294,1e-06,0.506731106877266,0.49700283993529587,0.45376854517706466,0.5084040157928017,0.5068237091325456,1.026213817912618,1.1090940921293182,1.0320722053005826,1.0175927295418685,0.7761594193505436,0.9495941528404791,0.002694121347756387,1.0021617825496398,0.4665240560259138,0.44555643626621794,0.3427335705075945,0.47928750089236666,0.45788659368242535,0.927081320966993,0.7047585248947144,0.9583848970276969,0.9031886969293866,0.7698916878019061,0.9512441328593663,0.0025570911155747516,0.9613936373165676
295,1e-06,0.5074431490605145,0.500733780329861,0.47063504534077777,0.5088639816319827,0.507249235557521,1.0261176440023607,1.1120734480913028,1.0324977527077357,1.0168726540380908,0.775758178369607,0.9493977276410924,0.0024798092543430288,1.0036083232788813,0.46652244670050486,0.4455542266368866,0.3427280698503767,0.4792858873094831,0.45788553782871794,0.9270809037344796,0.7047575456755502,0.9583844712802342,0.9031879390989032,0.7698916878019061,0.9512441328593663,0.002556462273267763,0.961399495601654
296,1e-06,0.5058471585809422,0.4966277965385976,0.456872669111077,0.506275962818847,0.5070508930601344,1.0260081341250762,1.1113724659725879,1.0315278354694584,1.0176428514935698,0.7758824189565027,0.9496478789962381,0.002299605225462274,1.0011321184150512,0.46652073519570486,0.4455518637384687,0.3427232674189976,0.4792838054043906,0.45788433296339853,0.9270802991730827,0.7047569070543561,0.9583836283002581,0.9031879476138523,0.7698916878019061,0.9512441328593663,0.0025560176332614253,0.9614014795848301
297,1e-06,0.5066991022349747,0.49837910256139206,0.46140273123659115,0.5081305126929002,0.5067776229768549,1.0265233799914366,1.110716385989084,1.0323645294597683,1.017875857311704,0.7759126302406107,0.949644523343244,0.0022667285916383563,1.0026749186313157,0.4665194494383676,0.44554974351610455,0.3427183372633798,0.47928222162382944,0.45788322601999554,0.9270797371864319,0.7047567878450666,0.958382819380079,0.9031874282019479,0.7698916878019061,0.9512441328593663,0.0025560851874096052,0.961406946182251
298,1e-06,0.5077761014149974,0.49778242455771565,0.45388219891239057,0.5090067939183313,0.5083419284299283,1.0268644905981503,1.1102358954293388,1.0329629424225044,1.017986939280569,0.7757195678052692,0.9494229140064379,0.002224313944513317,1.0038426446414153,0.4665182999202183,0.44554797240665983,0.34271389671734404,0.47928074853760855,0.45788270235061646,0.927079473223005,0.7047578692436218,0.9583824276924133,0.9031870024544852,0.769877050604139,0.9512441328593663,0.0025556792305516346,0.961412855557033
299,1e-06,0.507454386077291,0.5018027325318645,0.4759280209778152,0.5091461936327597,0.5068133976968568,1.0253118824421656,1.1177845082707851,1.0305222828633591,1.0170190087111863,0.7759764309547159,0.9495186075392712,0.002354806891599116,1.0032661569405383,0.46651665227753775,0.4455462864467076,0.3427123469965799,0.4792789987155369,0.4578810930252075,0.9270773019109454,0.7047557405063084,0.958380571433476,0.9031849248068673,0.7698624048914228,0.9512441328593663,0.0025556589077625957,0.9614112717764718
300,1e-06,0.5061783695977832,0.4996130612039346,0.4702989869830673,0.5074372616597951,0.5061154025551972,1.0260801660788712,1.1144919917941154,1.0314093519954026,1.0178039075164873,0.775734686235007,0.9496092532636933,0.0025809179794537337,1.0025732006345476,0.4665146427495139,0.44554405553000315,0.3427092432975769,0.4792768486908504,0.45787924102374483,0.9270756755556379,0.7047535521643502,0.958378085068294,0.9031832218170166,0.7698770420891898,0.9512441328593663,0.0025555198413452934,0.9614099178995404
