epoch,learning_rate,train_total_nll,train_selection_score,train_market_nll,train_sector_nll,train_idio_nll,train_mse,train_market_mse,train_sector_mse,train_idio_mse,train_coverage_68,train_coverage_95,train_standardized_residual_mean,train_standardized_residual_std,val_total_nll,val_selection_score,val_market_nll,val_sector_nll,val_idio_nll,val_mse,val_market_mse,val_sector_mse,val_idio_mse,val_coverage_68,val_coverage_95,val_standardized_residual_mean,val_standardized_residual_std
1,0.0002,0.5829450981525621,0.5910100456321169,0.6201226460373988,0.5879511138714781,0.5766998328071508,1.1136354005986526,1.2041379578101976,1.1228039675124324,1.10145003726144,0.7484239200547265,0.9398228745169724,-0.011761358690322958,1.076929348903415,0.5065783432551793,0.4897383451461792,0.4010223533426012,0.5226560405322483,0.4940194913319179,0.9843094604355949,0.7701600193977356,1.0180400099073137,0.9577174016407558,0.7493852462087359,0.9443940435137067,-0.009906002187303134,1.003737645489829
2,0.0002,0.5735592745924022,0.582062588726194,0.6128166596180544,0.5787813503293173,0.5670285472918766,1.1028708746416531,1.2039595593392238,1.111595230751017,1.0907767420515009,0.7526722301744604,0.9411180728973084,-0.010729345605601605,1.0673406284304483,0.5012121711458478,0.48436390502112253,0.39565219623701914,0.5172528752258846,0.48869013360568453,0.9766725557191032,0.7635177544185093,1.0102546896253313,0.9501957552773612,0.7523419260978699,0.9456674201147897,-0.009092859790793486,0.9974134649549212
3,0.0002,0.5654477788446017,0.5744661073458239,0.6073879794178946,0.5706963180144671,0.5588011474655695,1.0927161841667863,1.1961387153322864,1.1020992286000713,1.0798856429775792,0.7560305346428737,0.9420240057589103,-0.00977782655207775,1.058887939484005,0.4971534992967333,0.4801593210015978,0.3907195585114615,0.5132946116583688,0.48456030658313204,0.9708734580448696,0.7569571052278791,1.0046734809875488,0.9442034363746643,0.7547570466995239,0.9462529335703168,-0.008494981764150518,0.9927100624356952
4,0.0002,0.5611268201198567,0.570005614276326,0.6025795879649652,0.5661406618675153,0.5547311998224232,1.0873881820338003,1.1872925198020257,1.0964189116786252,1.0750274134531448,0.7580511843070943,0.9429175596396728,-0.009484917948477842,1.0548214744505082,0.49388920835086275,0.4766667570386614,0.38615711671965464,0.5101226312773568,0.481246645961489,0.966180511883327,0.7506914479391915,1.0003225803375244,0.93922130550657,0.7566891057150704,0.9469701307160514,-0.008051442514572824,0.9891354186194283
5,0.0002,0.5565742987976547,0.5650706367755155,0.5948866936430954,0.5626591276427699,0.5492124310134233,1.0812222781338308,1.1758880948479988,1.091068277922567,1.0682208191299851,0.7602523146805349,0.9434713745078588,-0.008972906419093617,1.0498504879921111,0.491244660956519,0.4737620822020939,0.38206858720098225,0.5075487068721226,0.4785800874233246,0.9623717835971287,0.7451063309397016,0.996813952922821,0.935171093259539,0.7577722583498273,0.947350697857993,-0.007625506525593144,0.986404938357217
6,0.0002,0.5526000716785322,0.5598693654238696,0.5848876589932316,0.5582733335716301,0.5458505184214243,1.0761447214977329,1.1703041528793392,1.0858805614166238,1.063270051866625,0.7619049262177024,0.9439508768911306,-0.008443282588314178,1.0464293748638918,0.4891059398651123,0.47139841318130493,0.37864649295806885,0.5055049359798431,0.4763887567179544,0.959272963660104,0.7402750338826861,0.99393059526171,0.9319151725087848,0.7587822249957493,0.9478629997798375,-0.007331369112112692,0.9840329885482788
7,0.0002,0.5504513765211306,0.5578184167694158,0.5838703707913997,0.5555385441247412,0.5442502330395574,1.0728000189186235,1.1653553629590574,1.082585386598168,1.0599290494074773,0.7630515032308653,0.9442711366039962,-0.008368590333500523,1.0438285682629844,0.4873911142349243,0.46940798844609943,0.37543425815446035,0.5038345754146576,0.47467940620013643,0.956737756729126,0.7358776330947876,0.9915969882692609,0.9292404992239816,0.7596896801676069,0.9480240089552743,-0.007022807175027472,0.9823865124157497
8,0.0002,0.5473271504454656,0.5547859686262467,0.5806523005478587,0.552962427742727,0.5405809331345546,1.0693583869316483,1.1592590286483395,1.0795242723039338,1.0561957744347747,0.7641945210779543,0.9447913488631499,-0.007957523549955662,1.0409002122979387,0.4859955779143742,0.4677080512046814,0.3724005137171064,0.5024735970156533,0.4733038459505354,0.9546321715627398,0.7317541241645813,0.989711514541081,0.9269821047782898,0.7601434418133327,0.9481703894478934,-0.006807687825390271,0.981276980468205
9,0.0002,0.5460624806924698,0.5535398811117996,0.5795618539170452,0.5516250951349317,0.5393831613606784,1.067116237658137,1.1630654885391898,1.0774492927647512,1.053585041810935,0.7650332220232429,0.9448727303367014,-0.007748951004085287,1.0402964938671218,0.48481949312346323,0.4662749767303467,0.36984000887189594,0.5013269782066345,0.47214492729731966,0.9528554167066302,0.7282745582716805,0.9880571961402893,0.9251396315438407,0.7608752761568341,0.9483460187911987,-0.006589466439826148,0.9802196962492806
10,0.0002,0.5443096712223594,0.5504821626739893,0.5707328297676296,0.5500698662164465,0.5376688404078105,1.064516686132259,1.1529413742820958,1.0747419268262752,1.0513441805831818,0.7652384688966157,0.9449452782925308,-0.007506983056141761,1.0387225807903266,0.4838735929557255,0.4650796524115971,0.3675865871565683,0.5003763054098401,0.4712472004549844,0.9513736367225647,0.7252735665866307,0.9866436294146946,0.9236409323556083,0.7612704890114921,0.9482874700001308,-0.00641367571162326,0.979380624634879
11,0.0002,0.5428637496149997,0.5484338786816892,0.5665625666066626,0.5482005750045735,0.5367369262900664,1.0629374129155875,1.1467504619072402,1.0731764665759067,1.049904620332198,0.7658860756459265,0.9452389994956838,-0.007236364716739347,1.0371308688273382,0.48306186284337727,0.4640528772558485,0.3656655592577798,0.49954340713364737,0.4704935465540205,0.9500823531832013,0.7228496159826007,0.9853376575878688,0.9224017858505249,0.7613875951085772,0.9482728498322623,-0.006199589065675225,0.9786677275385175
12,0.0002,0.5414427874928478,0.5464148322633968,0.5613592934170994,0.5473822993455033,0.5348393850177285,1.0611265526548694,1.1481373025415011,1.0714424584790687,1.0479101744845822,0.7667442255578553,0.9452726144888436,-0.007177694956106081,1.03586902363649,0.48236500365393503,0.4632072448730469,0.36421298129217966,0.49882082428250996,0.46984741943223135,0.9489799397332328,0.7208711930683681,0.9842026659420559,0.9213609439986092,0.7617388963699341,0.9484338334628514,-0.006013363599777222,0.977933440889631
13,0.0002,0.5403255726347983,0.5455416975572054,0.5619467408413895,0.5458659743593631,0.5340644908285888,1.0597332270802902,1.1456011040945409,1.0699739262534036,1.0466302200323558,0.7670591799748375,0.9455132566782442,-0.007158541185927114,1.0350156942703115,0.48169664825711933,0.46241871799741474,0.3629135148865836,0.498150851045336,0.4692019096442631,0.9479337675230843,0.7190022894314357,0.9831706540925162,0.9203286256108966,0.7621633495603289,0.9484923822539193,-0.005958562982933862,0.9772008998053414
14,0.0002,0.5399588002138246,0.5449611272801597,0.5605612206124513,0.5453981628497742,0.5338326651890473,1.0590273966933352,1.1454834351974503,1.069073878393518,1.0460992235784845,0.7674289754578312,0.9455291860758518,-0.0069701152286229424,1.0343248660797308,0.48108008078166414,0.46171619636671885,0.3618097943919046,0.4975674365247999,0.4685684016772679,0.9469517724854606,0.7171875238418579,0.9822589755058289,0.9193035449300494,0.7628659520830426,0.9488729408809117,-0.005921856899346624,0.9764800156865802
15,0.0002,0.5384458395447914,0.5441818295847836,0.5632144945477127,0.5435958045659938,0.5324700877464468,1.0571537401891051,1.1436882388958465,1.067170529962551,1.044252102914142,0.768228743955115,0.9457609673416171,-0.007041972180043387,1.032748436837729,0.4804828592709133,0.4610768301146371,0.36099420275006977,0.4969670219080789,0.4679815854345049,0.9460080691746303,0.7160653982843671,0.9812792198998588,0.9184014116014753,0.7632464851651873,0.9489315067018781,-0.00583620835095644,0.9759135586874825
16,0.0002,0.5376252047255177,0.5411348470275105,0.5500478229037633,0.5433719548674706,0.5314643521342353,1.0566955683235213,1.146887382429095,1.0670912755996038,1.0432933925360006,0.7684711619318979,0.945877752880502,-0.007003838744736239,1.0317568311289846,0.47994438239506315,0.46049792425973074,0.36028148021016804,0.4963916838169098,0.467485921723502,0.9451613511357989,0.7154397879328046,0.9802884970392499,0.9176912648337228,0.7636124065944127,0.9489900640078953,-0.005649083027882236,0.9754071491105216
17,0.0002,0.5369864501183701,0.5414594139077505,0.5549604614168261,0.5422759550813077,0.5310977808990417,1.0560375774993938,1.141259946632694,1.0662742223986663,1.0429598024196387,0.768881646993671,0.9458317408932265,-0.006597617926318309,1.0319327812740369,0.4794698102133615,0.45993317876543316,0.3593698356832777,0.49588154894965036,0.46706140892846243,0.9443668382508414,0.714305009160723,0.9794521161488124,0.9169501406805856,0.76352459192276,0.9490486127989632,-0.005525528652859586,0.974890683378492
18,0.0002,0.5360455126680044,0.5382198643439922,0.5418568891380133,0.5413965590245905,0.5305006788411272,1.05493898592443,1.1389173221022004,1.06543408666375,1.0416448127882454,0.7688710415807211,0.9460776902763379,-0.006632626315008867,1.0301088119801225,0.4789586194923946,0.45935979911259245,0.35856964332716806,0.49533394830567495,0.4665962925979069,0.9435185960360936,0.7135662606784275,0.9785372018814087,0.9161655391965594,0.7637587700571332,0.9490778871944973,-0.005380868179989713,0.9745296239852905
19,0.0002,0.5345271402156745,0.5374777660264367,0.5445416071932185,0.5397665351388008,0.528953874378158,1.0540492317834804,1.135175350512676,1.0640682589023485,1.0413261451273432,0.7692603007948083,0.9461130797058842,-0.006517886971734179,1.029240667433978,0.4785299471446446,0.45887585622923716,0.35789695382118225,0.49486102376665386,0.4662198381764548,0.942816402230944,0.7131897040775844,0.9777054701532636,0.9155809794153486,0.7640661512102399,0.9490632329668317,-0.005225337709167174,0.9742270622934613
20,0.0002,0.534489506717894,0.5351756149154062,0.5321291570430566,0.5401624183814331,0.5288952738609561,1.0534412898826908,1.1338109807973287,1.0639302545280889,1.0402733148012815,0.7694655579293154,0.946198010566874,-0.006395967843597057,1.0293354342193521,0.4780609394822802,0.45835067118917194,0.3571486600807735,0.49437605483191355,0.46577632427215576,0.9420833843094962,0.7124935473714556,0.9769172157560077,0.9149020825113569,0.7644028067588806,0.9489900640078953,-0.005083558482250997,0.9738885845456805
21,0.0002,0.5336174005054488,0.5336190468224075,0.5277515396966332,0.5391979897208813,0.5282324293273497,1.0528576276910928,1.1406467054190021,1.0632304557258865,1.0395582671816517,0.7698778133744879,0.9462634767317734,-0.006478866006871429,1.0280600205280943,0.47760794843946186,0.4578660215650286,0.35654217004776,0.4939106319631849,0.4653408186776297,0.941399199622018,0.7120114650045123,0.9761537058012826,0.9142910327230181,0.7645491787365505,0.9490778701645988,-0.00494787037106497,0.9734318000929696
22,0.0002,0.5329154762492203,0.5336903715963565,0.5313257258033598,0.5383000455543407,0.5275839676229104,1.0520085188033963,1.1395974177253998,1.0618658005001091,1.0392317317076394,0.7700264482837847,0.9464315779133224,-0.006198251174880454,1.0274591027114177,0.47724965640476774,0.45735695532390047,0.35546795810971943,0.4934785068035126,0.46508035915238516,0.9408406955855233,0.7119308454649789,0.9754296796662467,0.9138821874346051,0.7644906299454826,0.9492096049445016,-0.004642397996836475,0.9736394371305194
23,0.0002,0.5316333001327721,0.5306719557632965,0.5195092384517997,0.5383446882431145,0.5253258536650693,1.0518904400077693,1.1347195746380125,1.062457937198398,1.038561933631197,0.770316632483627,0.9465483491059193,-0.005978728147475899,1.0261846963483066,0.4768056741782597,0.45686479977199007,0.35477975010871887,0.4930259457656315,0.46465293424470083,0.9402215225355965,0.7116905876568386,0.9746963807514736,0.9133644614900861,0.7646662678037371,0.9492096219744001,-0.004492671794391104,0.9733385103089469
24,0.0002,0.5305332700529423,0.5284206532685742,0.5132284484807698,0.536409776531164,0.5252335792898939,1.0511235128655925,1.1346310261643004,1.0611015817826976,1.0383617777278857,0.7700016850146228,0.9464068094331769,-0.00578724864832112,1.025587467875792,0.4764051224504198,0.4563542434147426,0.3538410024983542,0.4925862082413265,0.4643097477299826,0.9396493009158543,0.7115086657660348,0.9740175689969744,0.9128860660961696,0.764710179397038,0.9490778871944973,-0.004267355626715081,0.9734402043478829
25,0.0002,0.5306279306404024,0.5288659660673373,0.5163343312028802,0.5353969510542144,0.5263353774049638,1.050416987198337,1.1366236926540452,1.0606567877662934,1.037303843372137,0.770571419855613,0.9466315104841736,-0.005486203105396481,1.026134783875537,0.47591196639197214,0.4558234214782715,0.3531488435609,0.4920940739767892,0.4638220156942095,0.939031217779432,0.7111484408378601,0.9733286159379142,0.9123294353485107,0.7651346581322807,0.9491803390639169,-0.004157759016379714,0.9730474267687116
26,0.0001,0.529111574903026,0.5270128644484157,0.5125621919109573,0.5343399118939671,0.5244349007888286,1.049898401441538,1.1367139705631197,1.059849956810185,1.0370529249624116,0.7707589858297522,0.9466863638699795,-0.005356201973652766,1.0243731795358324,0.4757397983755384,0.45558599063328337,0.3526568327631269,0.49189978412219454,0.46368243438856943,0.9387918284961155,0.7110481687954494,0.9730244874954224,0.9121506214141846,0.7651785782405308,0.9491803220340184,-0.004061740922874638,0.9731417979512896
27,0.0001,0.5294895100709367,0.5276847177914394,0.5146057546074431,0.5346050963682287,0.5248700232680784,1.0499839035163876,1.1363825096160223,1.0600162786981961,1.0370718248779556,0.7707802198477456,0.9468137640536185,-0.0055891068841250795,1.0247907415957176,0.47552343351500376,0.45532041788101196,0.352191082068852,0.4916738952909197,0.46348415528024944,0.9384892582893372,0.7108612401144845,0.9726764219147819,0.9118893912860325,0.7652078356061663,0.9492388963699341,-0.003987622380788837,0.9731363994734628
28,0.0001,0.5291923338892134,0.5265001129023268,0.5095057968699604,0.5344333278444479,0.5246076067267272,1.0496734420608587,1.1382413683102315,1.0593727140637648,1.0370219584355402,0.7705006487164958,0.9467677570521607,-0.0052278040207397744,1.0248089597087515,0.4752649579729353,0.4550114699772426,0.3516708867890494,0.49141199248177664,0.4632376219545092,0.9381745968546186,0.7105762873377118,0.972319918019431,0.9116158315113613,0.7652810301099505,0.9492974366460528,-0.003925909121919956,0.9730249047279358
29,0.0001,0.5285227020495786,0.5266339398048018,0.5129263954457244,0.5338952590566163,0.5236700739946741,1.0491737233132075,1.1390886053611828,1.0591698755976064,1.0361803228058688,0.7711376399525551,0.9467518348276969,-0.005334133475303199,1.024108939664916,0.4751188201563699,0.45477047136851717,0.3510492444038391,0.49124243003981455,0.4631312872682299,0.9379855224064418,0.7104894348553249,0.9720367959567479,0.9115173135484967,0.765207861151014,0.9491803390639169,-0.0038002877762275083,0.9732190881456647
30,0.0001,0.5276354844674379,0.5244167856248855,0.505018172718291,0.5330285506510953,0.5229962190228157,1.049513709718835,1.1387044071700851,1.0601687665508042,1.035885585493097,0.7712862667880441,0.9467394453927239,-0.00540273946408872,1.0229687362635902,0.47497871943882536,0.45451933997017996,0.35036548120634897,0.4910645527499063,0.4630464954035623,0.9378233211381095,0.7105437091418675,0.9717645815440586,0.9114570532526288,0.7648858257702419,0.9491217732429504,-0.0036359199854944435,0.973587657724108
31,0.0001,0.5275475825095138,0.5217201115309195,0.4913375201060588,0.5328097961686202,0.5234923333138694,1.0494321696641185,1.1329089383209197,1.0590898797631714,1.0369920494488234,0.7706368994661363,0.9468951566568016,-0.005190901071510714,1.0234542291227444,0.47472051211765837,0.45422792434692383,0.349936523607799,0.49080235191753935,0.4627980504717146,0.9375054580824715,0.7104455402919224,0.9714029516492572,0.9111764260700771,0.7649297543934414,0.9491217732429504,-0.003548466633739216,0.9735511371067592
32,0.0001,0.5275213068167197,0.5234477000981489,0.5006885651119065,0.5326441858532747,0.5232929383428175,1.0484838929938034,1.1357382071127586,1.058071407381419,1.0359880512171158,0.7708916803404762,0.9469924696509541,-0.005113935063875049,1.0237484293825485,0.47443820749010357,0.45394282255853924,0.34962800996644156,0.4905312529632023,0.4625052980014256,0.9371679680688041,0.71025721515928,0.9710426415715899,0.9108571410179138,0.7652078356061663,0.9491656933512006,-0.0035158357516463313,0.9732801914215088
33,0.0001,0.5263845964309273,0.5210522506536822,0.4929941289822475,0.5314437767909915,0.5224384147125003,1.048640899444617,1.1330565057184268,1.0580683603070584,1.0363995261084242,0.7707430551776484,0.9468774587414551,-0.005002491705180425,1.0226387301458904,0.47422952737127033,0.45364650658198763,0.3489603315080915,0.4903202099459512,0.4623143800667354,0.9369648609842572,0.710186915738242,0.9707856007984706,0.9107030630111694,0.7648272940090725,0.9489607725824628,-0.0034014233388006687,0.9734263079507011
34,0.0001,0.5257022635588051,0.5192316624356551,0.4856645155133136,0.5313853272153954,0.5213536221918003,1.0485687160003012,1.1342766528121857,1.0584528440407528,1.0358276770556223,0.7705590386874471,0.9471021703430851,-0.004824715507022245,1.0224093308142566,0.47410192234175547,0.4533724529402597,0.34808747683252605,0.4901680605752127,0.4622364044189453,0.9368250795773098,0.7099999785423279,0.9705815740994045,0.910629757813045,0.7646809220314026,0.9488290548324585,-0.003273810027167201,0.9738870944295611
35,0.0001,0.5262582864043395,0.5211043884737454,0.4931637455306694,0.5319285099080493,0.5216912669036688,1.049126512992723,1.140132539155222,1.0594753495307465,1.0357442784811186,0.7708952301460797,0.9471835711809087,-0.004816352814452043,1.0230631417219407,0.4738449241433825,0.4530672941889082,0.34758067982537405,0.4899078096662249,0.4619907864502498,0.9365389091627938,0.7099004558154515,0.9702578357287815,0.910374368940081,0.7646077445575169,0.9488583036831447,-0.0032180757594427894,0.9739382522446769
36,0.0001,0.5257305084726197,0.5207168213496386,0.4942453682133139,0.5305730207701085,0.5219374385255772,1.0483328942279846,1.134289724017502,1.0581107874915077,1.0356899225190723,0.7708881490628139,0.9470066222318494,-0.004861892866389399,1.0216672011343004,0.4735746000494276,0.4527642514024462,0.3471229672431946,0.4896518460341862,0.46171241998672485,0.936284065246582,0.709752585206713,0.9699725764138358,0.9101460405758449,0.7646223562104362,0.9488290548324585,-0.0031862958733524594,0.9737797209194728
37,0.0001,0.5257676372126637,0.5205746712519939,0.49256736506530546,0.5313431343161217,0.5212987630481792,1.0476845231367586,1.1323688553914597,1.0574736433034322,1.0350726368745082,0.7706651888663101,0.9471163295502928,-0.0046996069428158135,1.0222019393960013,0.4735369895185743,0.45249669892447336,0.3459360897541046,0.48955635513578144,0.4617709687777928,0.9363296457699367,0.7100488543510437,0.9698700223650251,0.9103320155824933,0.7643003378595624,0.9485655682427543,-0.002933317296473043,0.9749563762119838
38,0.0001,0.5247986664079809,0.5180641962783246,0.48332225330700695,0.5305288434350292,0.5204510420834253,1.0485276775107921,1.1304865290008232,1.0585195072521987,1.0358037030574636,0.7703060170347087,0.9470756287453822,-0.004516060667386891,1.0227102446543224,0.4733768658978598,0.45220014452934265,0.3450798349721091,0.48937536563192097,0.46165492279188974,0.9362305998802185,0.710216726575579,0.9696704064096723,0.9103242414338248,0.7642417975834438,0.9485070364815849,-0.0027976176768009153,0.9755614655358451
39,0.0001,0.5234361651518894,0.5163860475605266,0.4805419935256291,0.5289349554843409,0.519367183615437,1.0485824912352235,1.1407354564455736,1.058374601091106,1.0357183304208712,0.7701591667907661,0.946969458623249,-0.004397504060809122,1.021606403688965,0.4730529316834041,0.4518635017531259,0.34468184624399456,0.4890582263469696,0.4613267481327057,0.9358652404376439,0.7099696738379342,0.969281724521092,0.909978985786438,0.7643442494528634,0.9485948596681867,-0.002777606115809509,0.9752927763121468
40,0.0001,0.5229084263990457,0.5145345806303503,0.47289074379176754,0.5285557815659323,0.5189284273919323,1.0480640845818578,1.1401961813150583,1.0582824371919977,1.0347744851452045,0.7709925456492244,0.9473605126029919,-0.004331339090606182,1.0206769596739067,0.47281873651913237,0.45154303312301636,0.3439913477216448,0.4888262152671814,0.4611054914338248,0.9356815389224461,0.7099112783159528,0.9690417562212262,0.9098467145647321,0.7643442579678127,0.9486387542315892,-0.0027163277845829725,0.9754916088921683
41,0.0001,0.5225440868318756,0.5134235904851091,0.46936973228174095,0.5274570042129728,0.519403774546599,1.0478285983711464,1.135568729813396,1.0574133869640516,1.035319193498032,0.770550192238766,0.9471464117539617,-0.004280175602579207,1.020976467545587,0.4726364868027823,0.45120724609919954,0.3430108257702419,0.4886342797960554,0.46095975381987436,0.9355587448392596,0.7098677669252668,0.9688487648963928,0.9097923380987984,0.7640076194490705,0.9484923907688686,-0.0026005103552181807,0.9760770286832537
42,0.0001,0.5219341265273879,0.5132833227748428,0.471181702272865,0.5268948451609337,0.5186651616532675,1.0481239601012764,1.1372144266971047,1.0570575393861008,1.036220842513019,0.76987428393032,0.9471729486553462,-0.004216631523939629,1.0215602253683824,0.47250395161764963,0.4508894043309348,0.3419371545314789,0.48846942612103056,0.4608908210481916,0.9354709557124546,0.709940424987248,0.9686645780290876,0.9097950884274074,0.7639637163707188,0.9482582126344953,-0.0024346536624112298,0.9770686030387878
43,0.0001,0.5223422356701772,0.5138029684199557,0.4718820807004837,0.5275830382021839,0.5187833981133125,1.047741387833535,1.135339673409511,1.057351065917203,1.0352114931802394,0.7699680606931593,0.9470508625168963,-0.0038988581395615544,1.0221623262069834,0.4721030167170933,0.45048069953918457,0.3414774537086487,0.4880856829030173,0.4604745549815042,0.9350882683481488,0.7096078140395028,0.9682655589921134,0.9094271063804626,0.7639344419751849,0.9484631248882839,-0.0024598397514117615,0.976605338709695
44,0.0001,0.521745595877967,0.5126081019623886,0.4683935113424105,0.5267426235509832,0.5185269413287744,1.0477643165470005,1.1325430787709747,1.0573321349287574,1.035370380506603,0.7702653245609384,0.9470561766264185,-0.004155951703879007,1.0215694310532604,0.4718119885240282,0.4500941293580191,0.3406580218247005,0.48781895637512207,0.4601767829486302,0.9348813550812858,0.7093083006995065,0.9680365068571908,0.9092447331973484,0.7639197877475193,0.9485363108771188,-0.0024000632110983133,0.9766371079853603
45,0.0001,0.521017771666589,0.5135420111148215,0.4760458321103005,0.5263621915499712,0.517172438321214,1.04778755592515,1.1365870447076467,1.0575120257353434,1.0351032216164207,0.7698707425201897,0.9473976530516656,-0.004166364921226744,1.0206016156715891,0.4715944060257503,0.4497147968837193,0.3395980979715075,0.48759306754384724,0.45999543581690105,0.9347273537090847,0.7092319045748029,0.9678214022091457,0.9091495020048959,0.763788069997515,0.9484192132949829,-0.002245291319143559,0.9773146169526237
46,0.0001,0.5214336192807313,0.5127051305719408,0.47154437469522564,0.5251857360439949,0.5193445603395885,1.047762871624905,1.1368542895147238,1.0562561473136198,1.0363000256270252,0.7702564746061017,0.9472879533888646,-0.004072051577489166,1.0212408966845714,0.47125605174473356,0.4492845152105604,0.33875536918640137,0.4872736462524959,0.45965537428855896,0.9344943591526577,0.7090075101171222,0.9675775681223188,0.9089283687727792,0.7637295126914978,0.9483752931867327,-0.0021538937165002736,0.9773753370557513
47,0.0001,0.5211236585942849,0.5122403169862013,0.46963734457573886,0.525619006066855,0.5183444740125056,1.048829963576517,1.1362315632495377,1.0580388380911179,1.0367077015183517,0.7696743364985158,0.9470260962562438,-0.003981245536893944,1.0218716497621985,0.4710847479956491,0.4489032541002546,0.3374879998820169,0.4870938914162772,0.45952899541173664,0.9344657404082162,0.7090048364230565,0.9674790586744036,0.9089679547718593,0.7632171937397548,0.9483167358807155,-0.0019974399723910858,0.9783472759383065
48,0.0001,0.5198360258221819,0.5096478590242166,0.46094637916207765,0.5248403823253469,0.5167946353257185,1.0477720897904101,1.1343596108334166,1.0568511857255627,1.0358068290685745,0.7694000778041269,0.9471410943956164,-0.0036976363759184294,1.021308443318556,0.47077612791742596,0.44850142087255207,0.33668322222573416,0.4867913680417197,0.4592302782194955,0.9341798935617719,0.7088356443813869,0.9671485849789211,0.9087223155157906,0.7631440332957676,0.948360664503915,-0.001889735127666167,0.9786395260265895
49,0.0001,0.5189731687033942,0.5076985683109203,0.45402696072508436,0.5242987563657684,0.5158126232467081,1.0478032659146186,1.1317796485204021,1.0566083782760118,1.0361990524316183,0.7694372495187017,0.9470986326642765,-0.0035934268999030573,1.0206719326188096,0.47040841409138273,0.4481269802365984,0.3362441829272679,0.4864572286605835,0.4588317019598825,0.933872537953513,0.7085314307894025,0.9668187669345311,0.9084370987755912,0.7633196711540222,0.9484192218099322,-0.001879573200962373,0.9782813957759312
50,0.0001,0.5191554915113701,0.5078168706159236,0.4544059806460634,0.523974497802053,0.5164947225734857,1.0482042071244166,1.1366752655648953,1.0569579839963754,1.0365016126851423,0.7695964935722701,0.9471924108424447,-0.0036330196862719667,1.0207668147856521,0.47012825523103985,0.44775366357394625,0.3354481969560896,0.48620147364480154,0.45854432242257254,0.9336518474987575,0.7083565848214286,0.9665463737079075,0.908267217023032,0.7631147418703351,0.9483313815934318,-0.0018454514709966524,0.978529555456979
51,5e-05,0.5180324667283669,0.5062668729458895,0.45105590147387964,0.5228321491481803,0.5154653749656368,1.048087141736417,1.135363230496822,1.057619612344329,1.0356455365838197,0.7695221773238679,0.9473640446848183,-0.0034654039401546947,1.020233950097691,0.4699839651584625,0.44756912333624704,0.3350848768438612,0.4860635442393167,0.45840123295783997,0.9335342815944127,0.708268940448761,0.9664068136896405,0.9081706149237496,0.7631001217024667,0.9482582126344953,-0.0018320648731397732,0.9786418846675328
52,5e-05,0.5184681572209032,0.5081742531662687,0.4586197975289159,0.5238547144679848,0.5150764257729021,1.047851485686243,1.1380080913313646,1.0573605409005624,1.0353374541674314,0.76948147565046,0.9472808783850796,-0.003690668422210091,1.0203335599775771,0.46987125277519226,0.4473934429032462,0.3346377526010786,0.48595420377595083,0.4582959711551666,0.9334497707230704,0.7081862262317112,0.9662937777382987,0.9081149356705802,0.7630708473069328,0.9482435498918805,-0.0017858112031327827,0.9789254750524249
53,5e-05,0.5169531638983836,0.5041342804191309,0.44435101226414464,0.5218308088236477,0.514495518551089,1.0478128698537366,1.1420937390566772,1.056965703264289,1.0355176892849283,0.7695664145852577,0.9471181021853518,-0.003378158825559213,1.0191068119187003,0.46974583183016094,0.44718451159340994,0.3340759447642735,0.48582557695252554,0.45818839754377094,0.9333719270569938,0.7081225940159389,0.9661833729062762,0.9080682226589748,0.7630561930792672,0.9481703639030457,-0.0017277417272063239,0.9793157577514648
54,5e-05,0.5159239146558903,0.5015278987091938,0.433924374053495,0.5218429819223884,0.5127383983591989,1.048394598577451,1.1346012627956228,1.0580488686553864,1.0358668561890134,0.7692231437803537,0.9471623334637604,-0.003549862266641313,1.0185461455400222,0.4696000729288374,0.4469912477902004,0.3336694538593292,0.48569004450525555,0.4580411059515817,0.9332672868456159,0.7079884239605495,0.9660599742616925,0.907984026840755,0.7630415558815002,0.9482289212090629,-0.0016996921372732946,0.9794638582638332
55,5e-05,0.5162056629167527,0.5029957294464111,0.44076596455386186,0.5218239181181964,0.5131018802531655,1.0477860624315414,1.1317715422243797,1.0577358806448502,1.035036945497417,0.7688993525968264,0.9473905769220508,-0.003382234224980256,1.0197893346378883,0.46948249425206867,0.44677874020167757,0.333052967275892,0.48557149938174654,0.4579413192612784,0.9332134212766375,0.7079603586878095,0.9659680042948041,0.9079673545701163,0.7628366436277118,0.9481557352202279,-0.001626822739906077,0.9799695355551583
56,5e-05,0.517161323003877,0.5050120430094323,0.4477593768739855,0.5223466823439435,0.5142893900725884,1.0479171397038813,1.136087408660234,1.0569858110665118,1.0359096564734491,0.7693098448317436,0.9472649578976103,-0.003441050733943232,1.0197377469947515,0.46937347309929983,0.4466017314365932,0.3325826781136649,0.4854660545076643,0.4578405278069632,0.9331396818161011,0.7078971011298043,0.9658710786274501,0.9079165799277169,0.7626024399484906,0.9481118151119777,-0.0015836860153025814,0.9802964585168021
57,5e-05,0.5161265582569985,0.5021676414732154,0.4374617298937333,0.5210636130745708,0.5138116004784816,1.0473148453512258,1.1287200974568894,1.0570502117139484,1.0348659577526662,0.7686870220668626,0.9471145586843949,-0.0032425105111362866,1.0204481756243267,0.4692580657345908,0.44639032227652414,0.33196605103356497,0.4853465514523642,0.4577461225645883,0.9330617530005318,0.7078254904065814,0.965759779725756,0.9078718083245414,0.7624121563775199,0.9479947260447911,-0.0015121872004653727,0.9808263863836016
58,5e-05,0.5162673121005602,0.5027837422945277,0.43979478956748524,0.5214984222675618,0.5135852211530442,1.0478178410355103,1.1258282448173662,1.0573036301412648,1.035731948457791,0.7684251508131197,0.9469942353058685,-0.003269656000787536,1.0207855055220245,0.469066389969417,0.4461513076509748,0.33150990520204815,0.48516908288002014,0.45754923139299664,0.9329096164022174,0.707668125629425,0.9655942320823669,0.9077329295022147,0.7622511727469308,0.9479800803320748,-0.0014866351765314384,0.980892905167171
59,5e-05,0.5169053081236076,0.5036370394619748,0.4416340843478345,0.5220715809177208,0.5142481064577715,1.047775646833491,1.1406791704896329,1.0570319088098492,1.0354226006087393,0.768653402184385,0.947088024549335,-0.003480723101147629,1.0208686531008222,0.46898376090185984,0.44594831126076834,0.33080299837248667,0.4850782922336033,0.45749519552503315,0.9328582882881165,0.707602960722787,0.9654949562890189,0.9077294894627163,0.7621194464819772,0.9478922826903207,-0.001392754277081362,0.9816698517118182
60,5e-05,0.5153493732616056,0.5007431016248816,0.4335210707885024,0.520054875389023,0.5133714765648036,1.0487141724348197,1.1410841262475646,1.058550777334943,1.0357984026187315,0.7680695013490421,0.9471888726811376,-0.003174282522633731,1.0202958746594606,0.4687905098710741,0.44573054143360685,0.3304560993398939,0.48490854672023226,0.4572834202221462,0.9327152626855033,0.7074488145964486,0.9653439606939044,0.9075956089156014,0.762002340384892,0.9478922656604222,-0.0013784132565238646,0.9815659012113299
61,5e-05,0.5137641186400227,0.49866919654546654,0.42918158605236395,0.5186428127421344,0.5117048464204836,1.0481059087718814,1.1425745743580658,1.0567704617044311,1.0362923897670142,0.7681562036870945,0.9472454990880012,-0.0031690666231156375,1.0191664371822438,0.46873062423297335,0.4455735257693699,0.329875831093107,0.4848569120679583,0.457232939345496,0.9327015961919513,0.7074993082455227,0.9652836663382394,0.9076265181813922,0.7617974196161542,0.9478190796715873,-0.00128979906938704,0.9823374407632011
62,5e-05,0.5149989845588023,0.49962605242464136,0.42854118360034593,0.5202692516481818,0.5126106313641369,1.0485753831642097,1.1403355861572209,1.0577705603191419,1.0363217087867642,0.7678554058396617,0.947073860935308,-0.0029616983893203776,1.0209142210608357,0.46860772371292114,0.4454032523291452,0.3294969413961683,0.48474065746579853,0.4571117503302438,0.9325982417379107,0.7074425135340009,0.9651468907083783,0.9075547286442348,0.7616803050041199,0.9477459021977016,-0.0012544731559631015,0.9826552782739911
63,5e-05,0.5142318812564329,0.500217381227486,0.4356974443421773,0.5187671640018354,0.5123143535141551,1.0480841294019465,1.1394798282797247,1.0575116772427793,1.0356098492597157,0.7682517407008653,0.9471057135545429,-0.002987657499379497,1.0202099724325437,0.4684213527611324,0.4452033979552133,0.3292170763015747,0.4845758506229946,0.4569068593638284,0.9324502348899841,0.7072632142475673,0.9649936386517116,0.907413125038147,0.7617974025862557,0.9477312735148838,-0.0012652129766398243,0.9825284736497062
64,5e-05,0.5143656273404136,0.5006204521212138,0.43734950513950377,0.5188050019020527,0.5124934723071002,1.0479780454862073,1.138512808345037,1.0577778845816384,1.0351603245066103,0.7680801238102715,0.9471234063554055,-0.0030468875254291783,1.0196871472833224,0.46824255159923006,0.4450033945696695,0.3289054206439427,0.4844168382031577,0.4567129441670009,0.9323094487190247,0.7071331313678196,0.9648415701729911,0.9072832380022321,0.7618559513773236,0.9477312564849854,-0.0012533990583116455,0.9824976580483573
65,5e-05,0.5146139824448311,0.49976297500515654,0.4321439172921796,0.5187054989277448,0.5132714306349634,1.0475790409931156,1.1348840149428094,1.0567353759272575,1.0355126621654982,0.767733318864881,0.9470738713894415,-0.0031125025564369417,1.0207125659382672,0.46816766262054443,0.4448108289922987,0.32821247833115713,0.48434086782591684,0.4566596448421478,0.9322799103600639,0.7071587017604283,0.9647601246833801,0.9073034184319633,0.7614754182951791,0.947584901537214,-0.0011607987440324255,0.9833790745053973
66,5e-05,0.5133911923209333,0.4982151607211319,0.42785459091003303,0.5187708844349825,0.5108626308437302,1.0476993542391742,1.1358265309351814,1.0569592006645265,1.035501862112664,0.768276525650292,0.9473091916850112,-0.003032629152848368,1.019529892184962,0.4679669439792633,0.4445823686463492,0.32784847702298847,0.48415654046194895,0.45644789934158325,0.932125381061009,0.7069623044558934,0.9646015252385821,0.9071548070226397,0.7616217732429504,0.9475848930222648,-0.0011510415518257236,0.983270023550306
67,5e-05,0.5137252642924375,0.4985352418773958,0.42928200234803265,0.517996275418524,0.5122689959878093,1.047862769202548,1.1300559546969353,1.0564608386060834,1.0365250211629236,0.7678377142611286,0.9471977163634941,-0.003078403814328373,1.0207892776629246,0.4677843153476715,0.4443589448928833,0.32743445464542936,0.48398966448647635,0.4562573858669826,0.9320108379636493,0.7068684526852199,0.9644763810294015,0.9070506862231663,0.7615485872541156,0.9475409814289638,-0.0011174734099768102,0.9833706191607884
68,5e-05,0.5136911947213825,0.49919223508767935,0.4323164288475265,0.5185024849608082,0.5115923328909177,1.0486472233912782,1.137865312666875,1.0582397620354995,1.0360806270090877,0.7674926803746355,0.9470490977304791,-0.002903500317341582,1.020246046012759,0.4675601933683668,0.44410053747040884,0.32701297317232403,0.4837817294257028,0.4560235781329019,0.9318526302065168,0.7066691517829895,0.9643163851329258,0.9068947178976876,0.761548604284014,0.9475848930222648,-0.0010992773875061954,0.9832648634910583
69,5e-05,0.5125482528195533,0.49626006831752245,0.4222754031918336,0.516866559829187,0.5112389936295317,1.0477650419030393,1.1395385086182575,1.0564290540513,1.0360418309151516,0.7677563234271066,0.9471003994128541,-0.0027939736373427024,1.0198461492191568,0.4672963619232178,0.44386936937059673,0.32689287832805086,0.4835443837302072,0.4557286500930786,0.931617660181863,0.7064112169401986,0.9640961800302777,0.9066457833562579,0.7617974025862557,0.9477458936827523,-0.0011351575792234922,0.982592761516571
70,5e-05,0.5121870850525994,0.49420495352999816,0.4133960117665871,0.5161279105072206,0.5115392895177192,1.0486416316199676,1.1348774612947083,1.0569247294295754,1.0374841679126845,0.7675192186913488,0.947192409041117,-0.0027353030667653837,1.0194122176265563,0.46714505553245544,0.44365288955824717,0.3263887975897108,0.4834025927952358,0.45557938729013714,0.9315088561603001,0.7062896149499076,0.9639604006494794,0.9065646358898708,0.7614900554929461,0.9476580790110997,-0.0010974025935865939,0.9828982268060956
71,5e-05,0.5107864202902372,0.49412929374851283,0.41715641121123204,0.5164493356790661,0.5082444633365771,1.047844803918714,1.140130755583531,1.0575156978060603,1.0350976264354543,0.7681331987710367,0.9471906440617005,-0.002811099189754296,1.0177665115110435,0.46702840924263,0.4434489267213004,0.3258093297481537,0.4832896036761148,0.4554742319243295,0.9314430356025696,0.7062462568283081,0.9638565352984837,0.9065357787268502,0.7611826573099408,0.9476141844476972,-0.0010475649781125998,0.9834934728486198
72,5e-05,0.5131968361457746,0.4974546673101023,0.42619871996700986,0.5171341557343201,0.5121594655854729,1.0480740617817952,1.146001113278121,1.056417834482126,1.0364661805383977,0.7679774952269347,0.9473268834887102,-0.0028512890507701805,1.0209256391298815,0.4669056109019688,0.4432527593203953,0.32528445976121084,0.483181038073131,0.4553511653627668,0.9313525216920036,0.7061698947634015,0.9637402125767299,0.9064710565975734,0.7609338164329529,0.9474678124700274,-0.0009898920127722835,0.9839934025491986
73,5e-05,0.5111054155032698,0.4940074636720028,0.41682250571778445,0.5151843744648256,0.5101692184395746,1.0471342887610793,1.134427193333121,1.0560842772399934,1.0352748094284399,0.7681137405725923,0.9470809461680606,-0.002858144709932393,1.0196425908974422,0.46678032193865093,0.4430615859372275,0.3247843895639692,0.4830825115953173,0.45521146059036255,0.9312901496887207,0.7060825398990086,0.9636612789971488,0.9064264212335859,0.7606849840709141,0.9473506893430438,-0.0009443220457926925,0.9843399524688721
74,5e-05,0.5099150200373922,0.4907916541428934,0.40389770312818785,0.5150147029598275,0.5083491739490774,1.048123604596401,1.1336125888762703,1.0575423173755165,1.0358554911626332,0.767660766952564,0.947519748550586,-0.0028646162123541477,1.0175299589787055,0.4666016527584621,0.44286505239350454,0.3244968908173697,0.4829177899020059,0.4550225649561201,0.9311479840959821,0.7059884156499591,0.963505106312888,0.906295827456883,0.7608167443956647,0.9473214404923576,-0.0009274326314750526,0.9843846729823521
75,5e-05,0.5114462028241968,0.4933401759225359,0.4113866897511984,0.515972852353077,0.5102546765105633,1.048267561168331,1.1383259494563276,1.0573875382341569,1.0361458927762874,0.7672679717323295,0.9472508101416998,-0.002608903546385865,1.020560376913047,0.46653054441724506,0.4426812785012381,0.32382242594446453,0.4828567121710096,0.4549614361354283,0.9310969284602574,0.7059392247881208,0.963414226259504,0.9062852348600116,0.7603190881865365,0.947057945387704,-0.0008316083091943126,0.985336823122842
76,2.5e-05,0.5108283578030689,0.49416535584526455,0.41828010851669106,0.5154344302155298,0.50930704838253,1.047484807432888,1.1338147668663514,1.0563849345195377,1.0357072937507856,0.76719010365183,0.947157022249229,-0.0025029472360378396,1.0198096746505432,0.4664968592779977,0.44260277918406893,0.32353941457612173,0.4828354460852487,0.45492386392184664,0.9310786809240069,0.7059209517070225,0.9633806262697492,0.9062814797673907,0.760158087526049,0.9470579624176025,-0.000799660462819572,0.9857039281300136
77,2.5e-05,0.5099882707039987,0.4920360284178436,0.4110732472753499,0.5141964052988269,0.5090772412110198,1.0479809046434958,1.135214970488839,1.0565245194622972,1.036529540565293,0.7664982710924267,0.947158800127438,-0.0025147359581494323,1.0203265628490459,0.46646821073123385,0.44254142897469656,0.32332744342940195,0.4828184119292668,0.4548890803541456,0.9310490233557565,0.7058976548058646,0.9633327381951469,0.9062698057719639,0.7600263612610954,0.9469847679138184,-0.0007676358072785661,0.9860698580741882
78,2.5e-05,0.5101377278550278,0.49183926110131254,0.4085927172988669,0.5151130264022835,0.5085473091166147,1.0482362971329007,1.137765777863751,1.0574304170371776,1.0360576871659906,0.7670927937135011,0.9471428671271751,-0.0025701406329839563,1.0198261001852482,0.46636299576078144,0.44243379150118145,0.32319848452295574,0.48272353410720825,0.4547743669578007,0.9309690254075187,0.7058078816958836,0.9632477590015956,0.9061958023480007,0.7600848930222648,0.9470433081899371,-0.0007690983745435785,0.9859634297234672
79,2.5e-05,0.5103400823752171,0.4930083283333282,0.414103641326017,0.5151057885070138,0.5087823187957502,1.047391550160072,1.134367720474762,1.0563399068291484,1.0355440015993567,0.7665513644203005,0.9470721022927047,-0.002672343641264224,1.02056291437252,0.4662120682852609,0.44231983593532015,0.3232210576534271,0.48259214418275015,0.45459848642349243,0.9308609451566424,0.7056576694761004,0.9631502628326416,0.9060782023838588,0.7603776454925537,0.9470725996153695,-0.0008132374246737786,0.9854036569595337
80,2.5e-05,0.5096868316643443,0.49215541671432805,0.4119601599988716,0.5148701108891579,0.5077610536163328,1.0481320983065314,1.1437057974656337,1.0572777007376253,1.0358008568311343,0.7669353242249857,0.947135791898224,-0.0027201543334686574,1.0194421197939614,0.46612089446612764,0.44221154281071257,0.3230272488934653,0.4825133042676108,0.4544981675488608,0.9308098639760699,0.7055936881474086,0.9630947623934064,0.9060324004718235,0.7603776114327567,0.9470433252198356,-0.0008093425567494705,0.9854069352149963
81,2.5e-05,0.5090874551247083,0.49105837074280817,0.40944111493556357,0.5136060339016202,0.5078904237608233,1.0474049270442545,1.1364631989937632,1.057268479098131,1.034572754752874,0.7673245914485476,0.9473233465497325,-0.0026573284943294056,1.018171591560582,0.4660679314817701,0.44211837223597933,0.32274570635386873,0.48247595344270977,0.4544375496251242,0.9307850003242493,0.7055459107671466,0.9630577564239502,0.9060198749814715,0.7601580960409982,0.9470140423093524,-0.0007824832220129403,0.9856994833265033
82,2.5e-05,0.5098366271272197,0.4928657522216978,0.4156123210755928,0.5144951828608175,0.5083189413023844,1.0476411237500516,1.1377526932128108,1.056425785349307,1.0358523429565925,0.7673068909277095,0.9469535410629372,-0.002342803618346461,1.0202579671347134,0.4660269021987915,0.4420341168131147,0.3224665139402662,0.4824452655655997,0.45439390199525015,0.9307656373296466,0.7055166023118156,0.9630250760487148,0.9060145957129342,0.7599824496677944,0.9469994221414838,-0.00075327892513347,0.9860530580793109
83,2.5e-05,0.5089978315478971,0.4898474364749046,0.4033377167024422,0.5136229425942133,0.5078947165175766,1.0478806303953776,1.1354249730923338,1.0573356645015917,1.0355073854656909,0.7671476495117995,0.9472525687199699,-0.0026876658208254086,1.0183910736507553,0.4659231517996107,0.44190286312784466,0.3222044152872903,0.4823544536318098,0.4542824753693172,0.9307105881827218,0.7054570828165326,0.962968145098005,0.9059625608580453,0.7599531837872097,0.9469847764287677,-0.0007362082438443654,0.9861285941941398
84,2.5e-05,0.5086776742533742,0.4906354557483568,0.40838132350752304,0.5137480375931447,0.5069505547550776,1.047529357095956,1.1358056450880867,1.0564162394708385,1.035699769283589,0.7666292172860147,0.9471092522948482,-0.0024746517953349815,1.0199610155077798,0.4658875507967813,0.44181222575051443,0.32186537981033325,0.4823318805013384,0.4542440388883863,0.9306951080049787,0.7054257052285331,0.9629371421677726,0.9059625864028931,0.7597482545035226,0.9468384044510978,-0.0006955534606406998,0.9865837267466954
85,2.5e-05,0.5103853249865098,0.49143585992129635,0.4065970189173802,0.5142367701400503,0.5099935508134619,1.0483088299704446,1.1412631524812191,1.0573678251800187,1.0361513077601574,0.7664257321754019,0.9472277996286597,-0.0025396579945649944,1.0206689726515068,0.4657876874719347,0.44171720317431856,0.3217714216027941,0.48225035837718416,0.45412575772830416,0.9306109803063529,0.7052932807377407,0.9628560883658273,0.9058764832360404,0.7597043258803231,0.9469115819249835,-0.0007072454651019403,0.9863747784069606
86,2.5e-05,0.5091059038076797,0.4920118027163144,0.4139304096416982,0.5140520471595007,0.5073323130478938,1.0474633888753118,1.1366605757701995,1.0569440065302593,1.0350094910769352,0.7664628908303514,0.9469995450729045,-0.0024171208039768487,1.0203717546854159,0.46574966822351727,0.44162785155432566,0.32145404389926363,0.482221531016486,0.4540875085762569,0.9305812120437622,0.7052380102021354,0.9628117425101144,0.9058619822774615,0.759616528238569,0.9468091215406146,-0.0006762433996690172,0.9867931008338928
87,2.5e-05,0.5090736164412367,0.49071917220893835,0.4091874663403918,0.5121933274891849,0.5092833799345713,1.0482759911886628,1.1425590400945413,1.05706905968049,1.0363402224783633,0.7660063865116591,0.9470420109537313,-0.002418311778330322,1.0214825244253543,0.4656605337347303,0.44153705665043425,0.3213407610143934,0.48214705075536457,0.45398455006735666,0.9304911068507603,0.7051329868180412,0.9627194489751544,0.9057751808847699,0.7596311398914882,0.946867687361581,-0.0006758052196736182,0.9867042473384312
88,2.5e-05,0.5075193693428122,0.489278573090491,0.40571894591972757,0.5130258583083258,0.5054061543729198,1.047753498545223,1.1441980169968418,1.0569321110450571,1.0353600058887562,0.766740682828896,0.9471570190004059,-0.002433959359181361,1.0184968146065796,0.46560547181538176,0.4414539166859218,0.3211192148072379,0.48210932527269634,0.4539179333618709,0.9304453730583191,0.705063249383654,0.9626685040337699,0.9057346667562213,0.7595140508243016,0.94682377576828,-0.0006555472116035942,0.9869015387126377
89,2.5e-05,0.5081223389359982,0.4903401671006624,0.4095323071309958,0.5128718705931291,0.5066591974084466,1.0472012928094467,1.1431851684886316,1.0560857781319122,1.035117206738179,0.7660860025876287,0.9469676981149849,-0.0022304644201908822,1.0207573634768845,0.465493517262595,0.44134531702314106,0.3210075582776751,0.4820138726915632,0.4537895449570247,0.9303800548825946,0.7049622450556073,0.9626070090702602,0.905667245388031,0.7596604228019714,0.9468383874211993,-0.0006687621613049746,0.986668518611363
90,2.5e-05,0.5058194957934903,0.4850904247726033,0.3918207372386457,0.5104729336014453,0.504966011159303,1.0475406269093044,1.133108329399817,1.0567948673457246,1.0354343002317277,0.7663284233629029,0.9472649571256128,-0.002313065167825068,1.0175081243787787,0.4654492437839508,0.4412585198879242,0.32072558999061584,0.4819829761981964,0.4537396601268223,0.9303525260516575,0.7049469607216972,0.9625663416726249,0.9056522165025983,0.759572616645268,0.9467505812644958,-0.0006303645714069717,0.9870661156518119
91,2.5e-05,0.5082965536627072,0.48861606984413836,0.4009381722130135,0.5118845585418018,0.5082871876275031,1.0475147227885848,1.132123863510486,1.056205047894605,1.0360042639699938,0.7663903448366823,0.9472844160638882,-0.0023923386525386853,1.0195819143340579,0.4653465151786804,0.4411358024392809,0.3204989220414843,0.48189780541828703,0.45362372057778494,0.9303076437541417,0.7048857722963605,0.9625233241489956,0.9056057333946228,0.7594555105481829,0.9467359355517796,-0.0006211933998981424,0.9870460288865226
92,2.5e-05,0.5073967676386599,0.4879758056922661,0.4007704029904143,0.5115867758273306,0.5067610986735842,1.047307147763577,1.1392029694332282,1.0559011102687714,1.035649949772192,0.7662859472209418,0.9472543432528562,-0.0021726574482500787,1.0192057948079034,0.4652656189032963,0.44100920643125263,0.32017130085400175,0.48182361892291475,0.45354378649166655,0.9302770665713719,0.7048656685011727,0.9624802555356707,0.9055878009114947,0.7593091300555638,0.946677395275661,-0.000588536455195156,0.9873844640595573
93,2.5e-05,0.5078412685854913,0.48767206749913505,0.39820399994600547,0.5111507148724662,0.5081863414900276,1.0473929656819274,1.1383204571440357,1.0564405454279473,1.035314245476185,0.7662894937133892,0.9472030282856899,-0.002270378250206775,1.0206486468564737,0.46517886434282574,0.4409016796520778,0.3199669463293893,0.48174433197293964,0.4534537323883602,0.9302081295422145,0.7047796164240155,0.9624041404042926,0.9055263485227313,0.7593676958765302,0.9466627580778939,-0.0005802269946408549,0.9874832459858486
94,2.5e-05,0.5071698692413645,0.4889500868108166,0.4060504901299783,0.5121343233620097,0.5055760846579326,1.0472774407185546,1.1448782969022917,1.0559715094337319,1.0353297207783958,0.7658135216106161,0.947157016780913,-0.0023290368863288463,1.020199294097991,0.46509918570518494,0.44080897314207895,0.3198073080607823,0.48167530979428974,0.4533661391053881,0.9301524332591465,0.7047292675290789,0.9623381665774754,0.9054802741323199,0.7593237587383815,0.9465895891189575,-0.0005808888642288171,0.9875256759779794
95,2.5e-05,0.5071441700699133,0.48830875874981,0.40342946722902484,0.511495975308076,0.5062495715799553,1.0474075080250895,1.1416458684691724,1.0564949434638602,1.035178712040942,0.7666168253420497,0.9470703244466622,-0.0022047740266465114,1.0193945489184508,0.4649767747947148,0.44070345163345337,0.319755882024765,0.48157009056636263,0.45322413529668537,0.9300498451505389,0.7046425087111337,0.9622398870331901,0.9053729942866734,0.7594408733504159,0.946677395275661,-0.0005964459835792825,0.9872289896011353
96,2.5e-05,0.5065879872922182,0.48585175020400084,0.39257758559887307,0.5112166174250683,0.5057597328731323,1.0475635124874063,1.133112566958745,1.0563056646201396,1.0359697719554417,0.7665637488372893,0.9472861932022663,-0.0021673679475949477,1.0182851000020006,0.46486432211739676,0.44060576813561575,0.31970156516347614,0.48147637077740263,0.4530909104006631,0.929976795400892,0.7045601180621556,0.9621716567448207,0.9052966322217669,0.7594262446675982,0.9467652014323643,-0.0006159487124283,0.9869500143187386
97,2.5e-05,0.5062221331462562,0.4871468324308709,0.40107565425050884,0.5107348851107676,0.5052141851820434,1.047189765985245,1.1366465355471154,1.0567667468200166,1.0346307685036822,0.7660046150989296,0.94727381007194,-0.0022576145229170562,1.0191744560817095,0.46483624407223295,0.4405449628829956,0.3194872055734907,0.48146081396511625,0.4530570294175829,0.9299265316554478,0.7045005134173802,0.9621082288878304,0.9052592941692897,0.759294501372746,0.9466920154435294,-0.0005863247815796058,0.9873356393405369
98,2.5e-05,0.5062148010029512,0.48603626817094914,0.3952880714528958,0.5107023132149747,0.5054249586894328,1.0479917959207081,1.140822426345113,1.0571307897310416,1.035758342024962,0.7660134757330658,0.947192405792294,-0.0022796772833985437,1.0195181391654757,0.4647910552365439,0.4404512047767639,0.3191808547292437,0.4814218410423824,0.45301368832588196,0.929892224924905,0.7044417858123779,0.9620579481124878,0.9052414553506034,0.7590603062084743,0.9465895891189575,-0.0005572820456498968,0.9877500278609139
99,2.5e-05,0.5080258574475486,0.48896533463108044,0.40381625868858545,0.5117222020835794,0.5078032433311166,1.0468329777282699,1.1409709919354623,1.0558247168001071,1.0347034161758628,0.76612316909122,0.9471216332700145,-0.0024751228442706098,1.0205403412604293,0.4647392673151834,0.4403443251337324,0.3188337002481733,0.4813747150557382,0.4529673840318407,0.9298640234129769,0.7043888483728681,0.9620167016983032,0.9052271672657558,0.7589724915368217,0.9466188635144915,-0.0005332325111209814,0.9881294114249093
100,2.5e-05,0.5066855683946893,0.4860386033509785,0.39363973697519794,0.5108441732667037,0.5062952256176965,1.0471291343907183,1.1407906755008894,1.055796347433853,1.035340011087676,0.7658559838887877,0.9473905816183692,-0.0022804470787089193,1.0195461640278198,0.46463707089424133,0.4402397871017456,0.3187099439757211,0.48128157002585276,0.4528566982064928,0.92980238369533,0.7043199454035077,0.9619511876787458,0.9051700915609088,0.7589285629136222,0.9466481293950763,-0.0005420656910116252,0.9880133526665824
101,1.25e-05,0.506524542602924,0.48608404806479855,0.39480054019852323,0.5104597524668935,0.5063135326391159,1.0485298580500608,1.1390932361563668,1.0571913055259345,1.036849793298014,0.7663425693174857,0.947250805316715,-0.0022348327448122158,1.0193291372115458,0.4646117942673819,0.4402030919279371,0.3186158410140446,0.4812644932951246,0.45282548666000366,0.9297808834484645,0.7042939237185887,0.9619271244321551,0.9051512479782104,0.7588846598352704,0.9466481293950763,-0.0005304009256568472,0.9881175841603961
102,1.25e-05,0.5063381711341726,0.4877153632451699,0.40329371361364497,0.5111164530096862,0.5049946103234968,1.0474566515239585,1.1355325853380718,1.0566097326170607,1.035367751919252,0.7655392676125458,0.9470384752370832,-0.002165845526946247,1.0206403364957632,0.4645882887499673,0.44015735387802124,0.31847115073885235,0.48124477693012785,0.4528024452073233,0.9297543168067932,0.7042813556534904,0.961891097681863,0.9051328897476196,0.758826128074101,0.9465895891189575,-0.0005115711662386145,0.9883483137403216
103,1.25e-05,0.5058288874011135,0.4844528063850279,0.3882740875771415,0.5106254248958758,0.504950898856777,1.0472689913982838,1.1437895564343308,1.0565485729118713,1.0347722652340605,0.7664717440340111,0.947282652467634,-0.0022269941751301868,1.019343975294106,0.46455428855759756,0.4401217869349888,0.31842097640037537,0.48121847425188335,0.45276116473334177,0.9297265580722264,0.7042479600225177,0.9618614741734096,0.9051082219396319,0.7587821909359523,0.9465456690107074,-0.0005095389829615929,0.9883444394384112
104,1.25e-05,0.5051430417792706,0.4841172655916703,0.3898478473802547,0.5095447348506144,0.5045843811949974,1.0471494940249777,1.1372437495446759,1.055996895704923,1.0352990719285193,0.7653074745416513,0.947197712085341,-0.0020868053690706774,1.0190159795223799,0.46453337158475605,0.44007669176374165,0.31826373508998324,0.4812059700489044,0.4527365437575749,0.9297232713018145,0.7042392577443805,0.961852524961744,0.9051110914775303,0.7587529250553676,0.946516386100224,-0.000491080253725938,0.9885650106838771
105,1.25e-05,0.5060114555273967,0.4867650601777655,0.40042732968821887,0.51008433650393,0.5054580633600403,1.0472566635622826,1.1436874719484393,1.0556107025434698,1.0356885329234684,0.7662275532291698,0.9474985246650606,-0.0021470820760435823,1.0188764144585574,0.4645053574017116,0.4400378721100943,0.3181719311646053,0.48118482317243305,0.4527035823890141,0.929692702633994,0.7042250548090253,0.9618164556367057,0.9050845418657575,0.758665110383715,0.9464724659919739,-0.0004758973539407764,0.9887169429234096
106,1.25e-05,0.5065542807851813,0.48753923663434245,0.40119205525419355,0.5115732684755608,0.505047261811435,1.047782019994996,1.1431202603493005,1.0569435842475954,1.0354424161133866,0.7657303606505274,0.9471411037560868,-0.0024537579312265178,1.02054650836292,0.46443566254207064,0.4399744357381548,0.31813158307756695,0.4811183682509831,0.4526297790663583,0.9296390925134931,0.7041845066206796,0.9617649061339242,0.905028930732182,0.7586797560964312,0.9464871117046901,-0.0004864067762225334,0.9885389975139073
107,1.25e-05,0.5057232070310143,0.48498434359102205,0.39291092026445973,0.5092005496467698,0.5060062592118352,1.047407546431968,1.1338422609803744,1.0564317638592275,1.035502327884524,0.7658630634602249,0.9468119903570629,-0.002418951338727009,1.0200710412752159,0.4644056686333248,0.4399394861289433,0.318064774785723,0.48109860505376545,0.45259069544928415,0.9296174049377441,0.7041652287755694,0.9617398125784737,0.9050100530896869,0.7586943932941982,0.9464724745069232,-0.00047975741680212583,0.9885918838637215
108,1.25e-05,0.5053942862614643,0.4840115965924518,0.38925489995586376,0.5088132340652005,0.5058466398709539,1.0473959021998043,1.134392942760805,1.0563699058500806,1.0355219108892402,0.7659904613922045,0.9470756291635475,-0.002122142750727635,1.0187157299862124,0.46439521653311594,0.43992285643305096,0.318011862891061,0.4810973618711744,0.45257261395454407,0.9295998811721802,0.704141446522304,0.961718601839883,0.9049961481775556,0.7586650933538165,0.9464724659919739,-0.0004700284532321218,0.9886975969587054
109,1.25e-05,0.5057693552276088,0.48443559822171556,0.38853171522464225,0.5104763028239535,0.5049703507827413,1.0481080132050573,1.1417042182962507,1.0568627184040793,1.0362334845841927,0.7655640446811641,0.9470632437493952,-0.0021677215528838776,1.0198832799213613,0.4643592962196895,0.4398854800633022,0.3179609179496765,0.481069130556924,0.4525291068213327,0.9295666813850403,0.7041131513459342,0.9616835543087551,0.9049651367323739,0.7586650933538165,0.9464724745069232,-0.0004647039043317948,0.9887182797704425
110,1.25e-05,0.5055577850509063,0.48364979813565967,0.38606372720089976,0.5095371258175186,0.5055616129847134,1.0471339076516182,1.1310692856714524,1.0557722788659933,1.0356979778632562,0.7652331537577634,0.9470243167697064,-0.0021481578663887163,1.0206562477514285,0.4642872171742575,0.4398426924433027,0.3180342103753771,0.48100513219833374,0.452444212777274,0.9295102187565395,0.704062683241708,0.9616326434271676,0.904903164931706,0.7587529420852661,0.9465163775852748,-0.00048304308958384875,0.9883689624922616
111,1.25e-05,0.505905754007781,0.48600169194433024,0.39626199849798305,0.5105467641025508,0.5049196692074046,1.047576977636643,1.136598261060164,1.0569145911073143,1.035271897743151,0.7657392117311937,0.9468615411168102,-0.0021488340842928102,1.0201348694221304,0.46425215687070576,0.4398142567702702,0.3180256485939026,0.4809779780251639,0.4524004118783133,0.9294809358460563,0.7040310416902814,0.9616025005068097,0.9048738139016288,0.7587675707680839,0.9464871287345886,-0.0004863793302709902,0.9883042318480355
112,1.25e-05,0.5061301742124995,0.4860334176343001,0.3966978665177911,0.5096070351500287,0.5063010691888771,1.0468715340526311,1.1339531170633503,1.05545143153432,1.0353887887240356,0.7659161526707785,0.9471499498831023,-0.0020778162532555885,1.0200687771672117,0.46423666392053875,0.43977880477905273,0.3178984224796295,0.4809686073235103,0.45238267523901804,0.9294685891696385,0.7040091667856488,0.9615833503859383,0.9048695479120527,0.7587675792830331,0.9464578458241054,-0.00047260978629180627,0.9885092973709106
113,1.25e-05,0.5057943751537922,0.48489616490413995,0.3918276340074946,0.5095713915081199,0.505816436721001,1.047041191259591,1.141343175303402,1.0555936281448175,1.0353454174509065,0.7660470838104141,0.9473870501798742,-0.002341914917349904,1.0186782924149786,0.4642061931746347,0.4397352082388742,0.3177935481071472,0.48094363723482403,0.45234895178249906,0.9294432912554059,0.7039670177868435,0.961554833820888,0.9048476304326739,0.7587529335703168,0.9464578458241054,-0.0004673879770312591,0.9885832326752799
114,1.25e-05,0.5040687383089719,0.48296438267728925,0.3882237009370385,0.5085994919698688,0.5033996276320217,1.0475198476943723,1.1457842930676934,1.0562746174195234,1.035489752430306,0.7659745349217542,0.9471888715231412,-0.001961992734528503,1.018021624215667,0.4641829516206469,0.4396916798182896,0.3176558443478176,0.4809272715023586,0.4523228917803083,0.9294251203536987,0.7039402553013393,0.9615324480193002,0.9048342108726501,0.7587090049471173,0.9464578458241054,-0.00045173067233658263,0.988754153251648
115,1.25e-05,0.5054545903360271,0.484626242841699,0.39133793680139056,0.5097236029695191,0.5049894926712697,1.0480919888839166,1.1394435478363305,1.0569053865804328,1.036233466828249,0.7660523874658027,0.9471127930938136,-0.002155544487352363,1.0194344966075772,0.4641707454408918,0.43965175322123934,0.31749226791518076,0.4809205574648721,0.45231007252420696,0.9294152770723615,0.7039327451160976,0.9615120376859393,0.9048347643443516,0.758665110383715,0.9464285543986729,-0.0004318995197536424,0.98904721226011
116,1.25e-05,0.5044854377420027,0.4836571976357515,0.38968220780941837,0.5094072159502355,0.5033904802972924,1.0468153159359759,1.1391158829620576,1.0552773349875704,1.0352764826366467,0.7662204881648533,0.9472242670965014,-0.002482588567152314,1.0181325672127013,0.4641665092536381,0.43961309109415325,0.31730000036103384,0.48092307788985117,0.45230513385363985,0.9294129269463676,0.7039316041128976,0.9614980305944171,0.9048439179147992,0.7585772786821637,0.9464285543986729,-0.00040492839512548277,0.9894431063107082
117,1.25e-05,0.5036726644151094,0.4823977804415559,0.3869242971804228,0.5082091913632425,0.5030277360469924,1.0472850914073517,1.1346159377615321,1.0562336093595848,1.0354256109488826,0.7655162717996259,0.9471941877234902,-0.002159078792189899,1.0185163818818457,0.4641548480306353,0.4395747993673597,0.3171406643731253,0.48091767515454975,0.4522927148001535,0.9293991071837289,0.70392393214362,0.9614742142813546,0.904839813709259,0.7584748097828456,0.9463846513203212,-0.0003799794295835974,0.9897602541106088
118,1.25e-05,0.5050758898612041,0.4831021231248838,0.3850556704332812,0.5092261596364198,0.5049263290051699,1.0481203301044264,1.13432108892728,1.0570699962100272,1.0362971191848862,0.7647235833241112,0.9467589166829603,-0.0021879824031198663,1.0212785617377522,0.46411530886377605,0.43954248087746756,0.3171309062412807,0.48088665519441876,0.45224318334034513,0.9293676444462368,0.7038779599325997,0.9614426067897252,0.9048087171145848,0.7584748182977948,0.9463846513203212,-0.00038715554234970896,0.9896577341215951
119,1.25e-05,0.5064187070130659,0.48559450134996845,0.3931319157754288,0.5099200416241731,0.5066936448401396,1.0462815347260805,1.136116446962372,1.05496934492139,1.034599365766024,0.7655109491981305,0.9471127880758294,-0.0019991056923490645,1.021136924825484,0.4640586418764932,0.4394997102873666,0.3171397064413343,0.48083705987249103,0.4521774649620056,0.9293212890625,0.7038272448948452,0.9613986441067287,0.9047600626945496,0.7585187298910958,0.9464285543986729,-0.0003997711755800992,0.9894492626190186
120,1.25e-05,0.5052705014067216,0.4847900725607607,0.39390352344229873,0.5086670089784469,0.5055861482090134,1.0465285027278028,1.1383626639875153,1.0559816881571984,1.0340140893275327,0.7652367036920332,0.9471605679696788,-0.002094861831670829,1.020177871680427,0.46404162475040983,0.4394624488694327,0.317005808864321,0.4808296731540135,0.45215481519699097,0.9293128677776882,0.7038125225475856,0.96138448374612,0.9047577551433018,0.7584748353276934,0.9463553769247872,-0.00038739053499219675,0.9896432161331177
121,1.25e-05,0.505172421127413,0.48412855007297206,0.389784075476579,0.5095720726512152,0.5046189748237279,1.0478781297987882,1.1412607354533653,1.0567556750562084,1.0358877786738256,0.7650084473992835,0.9469393834318911,-0.002038323161500334,1.0204395245553608,0.46401493889944895,0.4394416553633554,0.3170010873249599,0.4808115746293749,0.4521188608237675,0.9292905500956944,0.7037851299558368,0.9613606674330575,0.9047369360923767,0.7584894725254604,0.9463700226375035,-0.0003946983238815197,0.9895748155457633
122,1.25e-05,0.5047463509306931,0.48248330754199287,0.38267653646561756,0.5093974407402425,0.5041642449575054,1.0473943572396918,1.1330121531077353,1.0564988767270842,1.0354359021909934,0.7656666655445253,0.9471853291801807,-0.0020975012131976703,1.0193595111659586,0.46397556577410015,0.4393874832562038,0.3168797067233494,0.480776241847447,0.4520780401570456,0.9292804258210319,0.7037656051771981,0.96134866135461,0.9047295791762215,0.7583869865962437,0.9463700226375035,-0.0003881439250627799,0.9896356974329267
123,1.25e-05,0.5031415497651952,0.4816624223542612,0.385089607944504,0.5078952957087444,0.5023228104572585,1.046636409715775,1.139366363617001,1.0548631654066198,1.0353189008787909,0.7654561081642854,0.9469730026710375,-0.0019988302411325575,1.0184403233314552,0.4639470492090498,0.43934981312070576,0.3167931778090341,0.4807570661817278,0.452042145388467,0.92925854240145,0.7037470085280282,0.9613223927361625,0.9047117829322815,0.7583138006074088,0.946399280003139,-0.00037881260089177104,0.9897355522428241
124,1.25e-05,0.5048177258040669,0.4833312611031777,0.3879277060884948,0.5084309606891803,0.5051007629791853,1.0467550332521787,1.1338809322037056,1.0554804199139491,1.0351250959742218,0.7653304815807024,0.9471092552541721,-0.0021603371379057654,1.0200576777723243,0.46392419934272766,0.4393234508378165,0.3167447192328317,0.4807415562016623,0.45201238989830017,0.9292231627873012,0.7037213870457241,0.9612813251359122,0.9046817932810102,0.7582552688462394,0.946399280003139,-0.00037107621444322703,0.9898213914462498
125,1.25e-05,0.5038510821538555,0.4804483869560847,0.37516276482884714,0.5090913886130982,0.5029004456478393,1.0481368601804673,1.1463609585167587,1.0571408101950088,1.0358587784569004,0.7645572545846218,0.9470844710124099,-0.0020386220128876063,1.0198666023294538,0.46385294624737333,0.4392692446708679,0.3167563336236136,0.4806766169411795,0.45193218759128023,0.929165916783469,0.7036683900015694,0.9612279960087368,0.9046205367360797,0.7582991634096418,0.9464578543390546,-0.0003856158728012815,0.9895582795143127
126,6.25e-06,0.5037390915883019,0.48308224859458976,0.39020171721304553,0.5083151057290182,0.502947816382983,1.0469951449505908,1.1400225511834998,1.0572133398802295,1.0336759697084998,0.7655357268135804,0.9472968037297002,-0.0021293981657180025,1.01898723264932,0.4638304327215467,0.4392411197934832,0.3167010247707367,0.4806569218635559,0.45190817969185965,0.9291441781180245,0.7036414401871818,0.961205814565931,0.9045996240207127,0.758313809122358,0.9464578543390546,-0.00038118825926046284,0.9895789197513035
127,6.25e-06,0.503936241445706,0.4818108727078919,0.38317014782800585,0.5080370841094499,0.5038609830386177,1.0468905700649112,1.135465655015471,1.0561700204997466,1.0346587117272843,0.7655693421605723,0.947080932754603,-0.002248195178228286,1.0185229977079167,0.4638094348566873,0.4392231149332864,0.3166912581239428,0.4806399345397949,0.45188299247196745,0.9291300858770098,0.7036291020257133,0.9611912284578595,0.904585565839495,0.7583431005477905,0.9464578287942069,-0.0003816460500404771,0.9895506756646293
128,6.25e-06,0.5051488405102598,0.48626655977092687,0.40205807153173734,0.5086736425282952,0.5050603942297243,1.0471658561272166,1.1392400198476866,1.0560625660310097,1.0352000832493344,0.765537506718283,0.9470773969736218,-0.001961130925534113,1.0201410283543133,0.46380246537072317,0.4392043011529105,0.3166191279888153,0.48063603043556213,0.4518748606954302,0.929123078073774,0.7036217706544059,0.9611815384456089,0.9045817852020264,0.7582552603312901,0.9464432171412877,-0.00037177967273497155,0.9896818740027291
129,6.25e-06,0.5030134540600064,0.48063059607133696,0.3806523604854274,0.5073422711569749,0.5027632381519754,1.0474203402971616,1.1435608652496234,1.0563181247250557,1.0353178072477507,0.7658029090245222,0.9472631939153573,-0.0022736846784128985,1.017485245652155,0.4637948785509382,0.4391864367893764,0.3165521664278848,0.480633054460798,0.45186489820480347,0.9291163172040667,0.7036130172865731,0.9611713801111493,0.9045777491160801,0.7581967285701207,0.9464432171412877,-0.000362363232332947,0.9898006319999695
130,6.25e-06,0.5030432086472117,0.4806149566553119,0.38106118559966007,0.5067848409116429,0.5033676280115851,1.0472876193776879,1.1386646500678559,1.056177106343664,1.0353522997769677,0.7646510357542805,0.9472030231390396,-0.002237747505526332,1.0182399236055817,0.46378300871167866,0.43916319949286325,0.316477860723223,0.4806240711893354,0.4518519937992096,0.9291087644440787,0.7036005343709674,0.9611615027700152,0.904573278767722,0.7581820913723537,0.9464285714285714,-0.000354186151525937,0.9899073072842189
131,6.25e-06,0.5050473870358722,0.48229259620855386,0.381803453314388,0.5083551291221551,0.5058477882173212,1.0479487234106337,1.133641556444132,1.056498326614491,1.0365426862683735,0.7651959942986498,0.947194192612808,-0.002266854851311138,1.0204299773902297,0.46378362604549955,0.4391492222036634,0.3163981395108359,0.4806274856839861,0.4518528240067618,0.9291025400161743,0.703593407358442,0.9611497265951974,0.9045724443026951,0.7581089053835187,0.9463992885180882,-0.00034072848419392746,0.9900925244603839
132,6.25e-06,0.5054689333751532,0.4849250165437018,0.3925773344423342,0.5099963928581378,0.5047045191493603,1.0466808441582076,1.1368794475963035,1.0558233400067958,1.0345315936444195,0.7653057109775636,0.9470420159073824,-0.00180689797357742,1.0211917071231815,0.4637742979185922,0.4391363135405949,0.31636705143111093,0.48062136343547274,0.4518407029764993,0.9290849566459656,0.7035843644823346,0.9611297590391976,0.9045569811548505,0.7581235255513873,0.9463700311524528,-0.0003340132492927036,0.9901598606790815
133,6.25e-06,0.5039211032008456,0.48114951188925853,0.37988772394846276,0.5078949219654266,0.5040816684960676,1.0472921332474083,1.1321193477107716,1.0567789254031565,1.034977718230781,0.7651553016640467,0.947075624692395,-0.002013040848312064,1.0199747382147017,0.4637498344693865,0.43911861521857126,0.31637436151504517,0.48060028893607004,0.4518119863101414,0.9290614894458226,0.7035622767039708,0.9611071348190308,0.904532619885036,0.7581674456596375,0.9463992885180882,-0.0003372733148613146,0.9900846651622227
134,6.25e-06,0.5040344522891016,0.4840815535153946,0.3951475659030486,0.5077123685231804,0.503986139298772,1.0472910280685712,1.1356917893442668,1.0563020691380138,1.0353331644986683,0.7653251735828274,0.9469217031438223,-0.0021947667331756954,1.0196131368424528,0.46373129742486136,0.4391029306820461,0.3163662850856781,0.4805861370904105,0.45178871495383127,0.9290434122085571,0.7035438162939889,0.9610900453158787,0.9045140487807137,0.7582113402230399,0.9463992885180882,-0.0003365576433550034,0.9900542582784381
135,6.25e-06,0.5034096276702201,0.48187190069099795,0.38509740404225784,0.5081176664368628,0.5026452546337136,1.047382679007469,1.1399823698042795,1.0563455925911616,1.0353333356569603,0.7650632998200925,0.947095097269294,-0.0018232003876138268,1.019009334038736,0.46372151374816895,0.4390817880630493,0.3162942869322641,0.4805788653237479,0.4517782841409956,0.9290355614253453,0.7035349692617144,0.9610787630081177,0.9045086247580392,0.7582113402230399,0.9463846428053719,-0.0003285080019850284,0.9901692356382098
136,6.25e-06,0.5049847750102773,0.483184594433821,0.38547796015796054,0.5095151958115604,0.5044380019499815,1.0468675964790874,1.131946055167312,1.0566131810014852,1.0342862018043777,0.7653959508335918,0.9472012594462856,-0.0018560264578226832,1.0198421680277512,0.463685188974653,0.4390614203044346,0.3163370021751949,0.4805466788155692,0.4517355390957424,0.9290023786681039,0.703505379813058,0.9610481602805001,0.9044729556356158,0.7582699060440063,0.9463846513203212,-0.0003400927276483604,0.9899702838488987
137,6.25e-06,0.5050190211757736,0.48497122651618424,0.3941005447781929,0.5101525713415707,0.503582729079951,1.0467828202106086,1.1431891014301898,1.0560183506428842,1.034333455903557,0.7658471415252603,0.9470225525622875,-0.0020398095743182827,1.0203562121229177,0.46367378745760235,0.4390408396720886,0.3162733657019479,0.4805393857615335,0.4517215277467455,0.9289969376155308,0.7034940038408551,0.9610410332679749,0.9044694985662188,0.7582699145589556,0.9463846513203212,-0.000335063980725993,0.9900501455579486
138,6.25e-06,0.5045534914979662,0.4825431197897782,0.38466291407025704,0.5083975059820135,0.504705939753533,1.04706006846554,1.1381633373704139,1.0561929900647495,1.0348905555248518,0.7646793428138984,0.9470190032713489,-0.0018286851721755954,1.0206279564212608,0.46365865213530405,0.4390297532081604,0.3162740170955658,0.480529431785856,0.4517007725579398,0.9289823515074593,0.7034703067370823,0.9610270261764526,0.904454231262207,0.7582259944507054,0.9463992970330375,-0.00033804149383545985,0.9900119049208504
139,6.25e-06,0.5028632677251175,0.4823730632349149,0.389786671768699,0.507835014150777,0.5016606941585984,1.046911759821711,1.1432708940567742,1.0560462425286488,1.0345652463046269,0.7648881242137565,0.9468810046227378,-0.0018864077859177695,1.019020436199948,0.4636506906577519,0.4390080102852413,0.31619024702480863,0.48052445479801725,0.4516924279076712,0.9289772255080087,0.7034638694354466,0.9610186559813363,0.9044534478868756,0.7581820658275059,0.9463992970330375,-0.0003258786829454558,0.9901584046227592
140,6.25e-06,0.5039764565676531,0.4829605820046459,0.3885795466171621,0.5085242712298278,0.5032751056804441,1.0472593527836087,1.142653248725681,1.05626461152701,1.0350742940315991,0.7644917853317322,0.946751841550509,-0.0019523250928739938,1.0208756099568144,0.46363785011427744,0.4389862929071699,0.3161274066993168,0.48051521607807707,0.45167734793254305,0.9289716567311969,0.7034541709082467,0.9610105838094439,0.9044504165649414,0.7582259944507054,0.9463992885180882,-0.0003205798067418592,0.9902309605053493
141,6.25e-06,0.5037540161506716,0.4844658273140032,0.3979589638199217,0.5078181165073989,0.5032165577877423,1.0471596956510385,1.1396464302098501,1.0555234017143105,1.0357130371552832,0.7651411527179732,0.9470190126318193,-0.0018303836862965251,1.019439021992928,0.46363497206142973,0.4389752064432417,0.31607530798230854,0.48051762155124117,0.45167110221726553,0.928969247000558,0.7034502370016915,0.9610049724578857,0.9044505698340279,0.7581820913723537,0.9463846428053719,-0.000311777856300718,0.9903625164713178
142,6.25e-06,0.5042382836084526,0.4848297306864698,0.39795186555971024,0.5081673259839327,0.5038522875315424,1.0462846372555992,1.1364919616927731,1.055522603758335,1.0340397305509172,0.7648085108397783,0.9470844774457229,-0.0018823141105477061,1.0204105725882828,0.46363569157464163,0.43897185155323576,0.3160486987658909,0.48052400776318144,0.45166705761637005,0.9289607746260506,0.7034427012716021,0.9609939455986023,0.9044444561004639,0.7581528084618705,0.946370005607605,-0.00030368611831883233,0.9904626437595913
143,6.25e-06,0.5028611567621287,0.4796495747064425,0.37703352807923,0.5063394662726588,0.5035770948809414,1.0474726089064779,1.1316527241445913,1.0564702447851606,1.035668916819357,0.7647111951758009,0.9470561695176076,-0.0017458237938812085,1.0197322759767256,0.4636093633515494,0.4389563969203404,0.31607450757707867,0.4805023031575339,0.4516344368457794,0.9289418288639614,0.7034227592604501,0.9609761238098145,0.9044248632022313,0.7581967030252729,0.9463992970330375,-0.00030911499301769903,0.9903506721769061
144,6.25e-06,0.50401875909058,0.48303813977429366,0.38784616457019955,0.5094796390515434,0.5024302752353794,1.0479215172516998,1.1358455527620064,1.0572352023364013,1.0356767705756782,0.7644794022657392,0.9469163928299548,-0.002030792577253505,1.0205361424300456,0.463595096554075,0.4389333128929138,0.31601096051079886,0.4804910974843161,0.4516185777527945,0.928930035659245,0.703410131590707,0.9609613333429609,0.9044162631034851,0.7581528169768197,0.9463846513203212,-0.00030262130478929194,0.9904349105698722
145,6.25e-06,0.5042658617093765,0.48312204778676926,0.3889451380587885,0.5081015005667533,0.5042742302594028,1.0472700097273957,1.1408903981567522,1.056154367670264,1.0352649513091259,0.7646669586220756,0.9469783113765768,-0.0018463755586296138,1.0214153395043921,0.4635770874364035,0.4389151760510036,0.31598820856639315,0.4804768179144178,0.4515970306737082,0.9289156879697528,0.7033905982971191,0.960946866444179,0.904402358191354,0.758152791431972,0.9463846513203212,-0.00030365888544890495,0.9904199242591858
146,6.25e-06,0.503291359027527,0.4815052072871909,0.3846931747661947,0.5070289746851646,0.5035069268649164,1.0466695506059345,1.1333743411659616,1.055934623776419,1.0345141606529018,0.7656648911081387,0.94731626758946,-0.0020063657658370647,1.019251212903891,0.4635610963617052,0.4388941100665501,0.3159428664616176,0.4804635303361075,0.45157922165734427,0.9289004632404873,0.7033819385937282,0.9609287892069135,0.9043889812060765,0.7581674541745868,0.9463992970330375,-0.0002988230179263545,0.990480193070003
147,6.25e-06,0.5029783894966824,0.47996780393706484,0.3780304977717557,0.5066258889304839,0.5034958334208436,1.0471625812814098,1.1383460772983203,1.0565486670634068,1.0347369553202626,0.7651570751997695,0.9472331230664858,-0.002117169237631804,1.0186083244428208,0.4635268322059086,0.43886553815432955,0.315935811826161,0.4804319441318512,0.4515413003308432,0.9288773281233651,0.7033627458981105,0.9609056881495884,0.9043659142085484,0.7582113572529384,0.9463846513203212,-0.00030593340384906957,0.9903749142374311
148,6.25e-06,0.5026897522030299,0.4796229142854488,0.376461644849453,0.5072723654432034,0.5023146594657939,1.0468310548753528,1.1343024231843284,1.0564275417724174,1.0343187925819441,0.7645572558391178,0.9469871606880822,-0.002037534822950605,1.0195534294255026,0.4635148303849356,0.43884492771966116,0.31587447438921246,0.4804234632423946,0.4515275912625449,0.9288689323834011,0.7033566406794957,0.9608948741640363,0.904360158102853,0.7581967030252729,0.9463846513203212,-0.0002998191422583269,0.99046448298863
149,6.25e-06,0.5033037629052876,0.48073788205160684,0.3808943429832129,0.5067632369459866,0.5039246176875609,1.0464503976118866,1.1384625809937634,1.0548316521446446,1.0350020589599465,0.7649394390522565,0.9469906977235596,-0.0019089046406322921,1.02011781551358,0.4635066602911268,0.4388276679175241,0.3158128006117685,0.4804206703390394,0.45151584489004953,0.9288663182939801,0.7033471124512809,0.9608906848090035,0.9043588042259216,0.7581674456596375,0.946370005607605,-0.0002925811568275094,0.9905643803732735
150,6.25e-06,0.5033958982083196,0.4814750148808705,0.383719047661157,0.5074844321751685,0.503296615381982,1.047353893695364,1.138719678504108,1.0565926698948716,1.0350694793401636,0.7643767688574176,0.9469730038612003,-0.002054499503209005,1.020440863263459,0.4634835251740047,0.43880525657108854,0.3157899762902941,0.48040094120161875,0.45148926973342896,0.9288496630532401,0.7033318196024213,0.9608742679868426,0.9043423277991158,0.7581967030252729,0.9463553939546857,-0.0002928731430854116,0.9905385715620858
151,3.125e-06,0.5026016888815329,0.48021181020232323,0.3805978694961834,0.5065558611928483,0.502714320398059,1.0475415511833805,1.137309414209447,1.0564174004264992,1.035673505379841,0.7644599364438188,0.9469729985537171,-0.0018663240819179322,1.0206070773934777,0.46347118275506155,0.4387986787727901,0.3158048519066402,0.48039121287209646,0.45147363202912466,0.9288396409579686,0.7033248714038304,0.9608649270875114,0.9043311391557965,0.7581674541745868,0.9463846513203212,-0.00029597974831371436,0.9904857363019671
152,3.125e-06,0.5035135832047758,0.47972395260206635,0.3742231979797289,0.5073911197688601,0.5039458317462007,1.0470439332984167,1.1360314810398264,1.0556128798017486,1.0355087330517612,0.7643466968827163,0.9468102213889923,-0.0020384842483904785,1.021147338397041,0.4634608370917184,0.4387894698551723,0.31579925758498056,0.4803824509893145,0.4514612683228084,0.9288289802415031,0.7033148322786603,0.9608540109225682,0.9043209637914386,0.758123517036438,0.946370005607605,-0.00029563423595391214,0.9904756631170001
153,3.125e-06,0.5040663248355236,0.4811693515349129,0.37970766223287555,0.5077220377604252,0.5045559609573208,1.047438609619367,1.1286884964445252,1.0560579763125293,1.0361109156899366,0.7651659225169479,0.9470278602063302,-0.0020051053585710796,1.0192038796106289,0.46345615812710356,0.4387853571346828,0.31579445941107614,0.48038033502442495,0.45145424348967417,0.9288237520626613,0.7033082076481411,0.960847795009613,0.904316246509552,0.758108879838671,0.9463846513203212,-0.0002951758007319378,0.9904821685382298
154,3.125e-06,0.5025950987726305,0.48004510932784433,0.37999963798975855,0.5063105678146618,0.5029662834652295,1.0470255632626966,1.136279908116933,1.0554977919176598,1.0355782036644925,0.76482443898289,0.9470720959558914,-0.0019293909694885617,1.0195394927465908,0.4634482817990439,0.4387775148664202,0.31578502484730314,0.48037480882235933,0.4514436849525997,0.9288168634687152,0.7033012168748038,0.9608408382960728,0.9043097070285252,0.7581381627491542,0.9463846513203212,-0.0002951170193097953,0.9904790946415493
155,3.125e-06,0.5034087745968355,0.4803694014895368,0.3786133624094599,0.5067675358465538,0.5042098417870109,1.0468608745033523,1.1334083783452857,1.056161959687247,1.0346748918632656,0.7650562170963319,0.9469659338432328,-0.0019186171700527586,1.020558263087234,0.4634428492614201,0.4387709753853934,0.3157717415264675,0.4803709770951952,0.45143704754965647,0.9288074459348407,0.7032921229090009,0.9608308587755475,0.9043012176241193,0.758108879838671,0.9463700141225543,-0.0002933372078197343,0.9905021786689758
156,3.125e-06,0.5020677188699849,0.48001670995018514,0.38191932710003224,0.5059535291409788,0.5021869009466218,1.0469256705100383,1.1474315550799505,1.0559299814334382,1.0345707958734043,0.7650190638453653,0.9471004070684965,-0.0019286559739879383,1.0184843354268904,0.4634315584387098,0.43876249875341145,0.31577227796827045,0.4803624025412968,0.4514227339199611,0.928797824042184,0.7032828416143145,0.9608211347035,0.9042916638510567,0.758108879838671,0.9463700141225543,-0.00029506117737452896,0.9904684679848808
157,3.125e-06,0.5026130494528439,0.4805336209547822,0.382424559389908,0.5063949315791122,0.5028374475269657,1.0470900514353563,1.137540085214058,1.0558954983611912,1.0352695069953808,0.7650933837285894,0.9473286551587722,-0.001799921651410529,1.018435556439535,0.4634275904723576,0.43875563570431303,0.31575109703200205,0.48036047390529085,0.4514173056398119,0.9287941711289542,0.7032791716711861,0.960816068308694,0.9042895180838448,0.758079605443137,0.9463700141225543,-0.0002927031392963337,0.9905077559607369
158,3.125e-06,0.5040498156516666,0.4799530525594805,0.3735509804146906,0.5075398753188587,0.5049096971058679,1.0472584091130939,1.1300200767537676,1.0562153298727448,1.0355427223029037,0.7645271719627874,0.9468686151877649,-0.0017508914335610574,1.0200470807226811,0.4634139665535518,0.4387435146740505,0.3157451067652021,0.4803475184100015,0.45140235338892254,0.9287828121866498,0.7032680766923087,0.9608042154993329,0.9042776482445853,0.758079605443137,0.9463553769247872,-0.00029497053557341654,0.9904717973300389
159,3.125e-06,0.5026755716533063,0.48059853388693163,0.3818024803964241,0.5071197655544497,0.5022604786989435,1.0458938559839934,1.1394769438395163,1.0543079080288307,1.034360391187848,0.7646581101790674,0.9471587901236364,-0.0017965764231493327,1.0189667776411955,0.46340242879731314,0.43873177255902973,0.3157297798565456,0.480338134935924,0.45138909987040926,0.9287746293204171,0.7032588975770133,0.9607964498656136,0.9042700954845974,0.7580649937902179,0.9463553769247872,-0.00029592007298820784,0.990463103566851
160,3.125e-06,0.503903034871421,0.48310173770510306,0.390331918300324,0.5077892012102052,0.5038024811762704,1.0461806490237302,1.1399760093485671,1.055378688649107,1.0338561468618468,0.7653092495892027,0.9469057648682427,-0.001951779239130982,1.0201581727152442,0.46339946133749826,0.4387217164039612,0.31568783095904757,0.48033691729818073,0.4513856257711138,0.9287725346429008,0.7032561131886074,0.9607917410986764,0.9042702061789376,0.7580649937902179,0.9463700226375035,-0.00028977338141495626,0.9905461924416679
161,3.125e-06,0.5037071185696145,0.4815051517676998,0.38322514803809726,0.507155133400231,0.5042751624786204,1.0469786851906608,1.141749381504378,1.0556118705757747,1.0351864659844123,0.7647235759579678,0.9470632426878985,-0.0017785149462082807,1.0205548170509688,0.46339885677610126,0.4387127161026001,0.31564254207270487,0.480337347303118,0.45138512338910786,0.9287707465035575,0.7032555597169059,0.9607869982719421,0.9042712960924421,0.7580210736819676,0.9463407397270203,-0.0002826815055284117,0.9906487464904785
162,3.125e-06,0.5043549606173474,0.48370467691696856,0.3918620759547883,0.5079718352296966,0.5044878037376013,1.0471317814416776,1.1412164583376017,1.0556432338772241,1.0354841761632796,0.7651765409895233,0.9468579971011882,-0.0017147202056536578,1.0206651727830276,0.46339238967214313,0.43870483125959125,0.31562616569655283,0.4803323192255838,0.451378128358296,0.9287641303879874,0.7032493608338493,0.9607791815485273,0.9042661360331944,0.7580210736819676,0.946311456816537,-0.0002821308361100299,0.9906663128307888
163,3.125e-06,0.5035704607199284,0.48185119407600285,0.38540842217235904,0.5072282007817507,0.50385133573897,1.0466614919164279,1.1370337624776319,1.0559275457489767,1.0343828823073644,0.7645183318509196,0.9469853969953282,-0.0017212313210273275,1.020396965294996,0.4633798428944179,0.4386945537158421,0.31562344304152895,0.4803219863346645,0.45136294194630217,0.9287555132593427,0.7032408799443927,0.9607710071972438,0.9042567695890155,0.7580649682453701,0.9463407482419696,-0.0002829802854518805,0.9906349182128906
164,3.125e-06,0.5028119368194183,0.47960828361289926,0.3775890163164556,0.5057554179214492,0.5040425679295113,1.0472266374571029,1.1370272323754562,1.0558615465519303,1.0355983825869903,0.7650402977025258,0.947059698350611,-0.001993405812480766,1.0190157112210618,0.46337550027029856,0.43868776730128695,0.31560359043734415,0.4803200662136078,0.45135670474597384,0.9287495527948652,0.7032358050346375,0.9607634459223066,0.9042528527123588,0.7580649767603193,0.9463553939546857,-0.0002800023981503078,0.9906811714172363
165,3.125e-06,0.5043650885015581,0.48341400312592514,0.3908481308883805,0.5074505650604729,0.505063615839866,1.0475337242539742,1.1339744496718651,1.055911408523193,1.0362744418531253,0.7647784297619391,0.9470791639795318,-0.0021044361679998205,1.0211807011399987,0.46336567401885986,0.4386760337012155,0.315581881574222,0.4803116406713213,0.4513460227421352,0.9287419234003339,0.7032280904906136,0.9607548883983067,0.9042468070983887,0.7580357193946838,0.9463407482419696,-0.00027855216675171893,0.990694522857666
166,3.125e-06,0.502592161032424,0.4807314129050719,0.3831844979437763,0.5067256502505579,0.5024389281539228,1.0475608948045207,1.1472515204566527,1.0566647651706331,1.035133978192123,0.7653906298082581,0.9472631808878985,-0.002055150149887678,1.0180478241401174,0.463358393737248,0.43866520268576487,0.3155549722058432,0.4803058462483542,0.4513376568044935,0.92873500926154,0.7032229815210614,0.9607470205851963,0.9042401994977679,0.7580210736819676,0.9463407482419696,-0.0002750944986473769,0.9907301068305969
167,3.125e-06,0.5036839503117401,0.4829404152250264,0.389315402610715,0.5086166313610654,0.5025633546833855,1.0471620323589796,1.1394380824152868,1.0562733924523986,1.0349746044107984,0.7647288820258489,0.9469482283687437,-0.0019844136483810493,1.0207996077944121,0.46335270149367197,0.43865805864334106,0.3155389939035688,0.4803022061075483,0.45133053404944284,0.9287286571093968,0.703217123235975,0.9607395444597516,0.9042345370565142,0.7580649682453701,0.9463261110442025,-0.0002723230240267834,0.9907558134623936
168,3.125e-06,0.5035836484647093,0.48180496094359365,0.38484328246187405,0.5074937585972479,0.5036314133528562,1.0476739725999682,1.1408647184943226,1.0562595441672074,1.0359819205593432,0.7649889869813461,0.9469500097531084,-0.001886531311369773,1.0201552041594686,0.4633412872041975,0.43864614197186064,0.3155240459101541,0.48029184341430664,0.45131802558898926,0.9287189245223999,0.7032088807650975,0.9607296075139727,0.9042250939777919,0.758079605443137,0.9463261110442025,-0.00027260027543109445,0.9907483288219997
169,3.125e-06,0.5023462727497027,0.48107138573640884,0.38620440913610565,0.5063063010163263,0.5022578254237537,1.0466205896523213,1.1374186188609807,1.054908031267021,1.0353067551055473,0.7648350523731481,0.9472561184612404,-0.0019527130886342898,1.0193828178687283,0.463336672101702,0.4386370735509055,0.3154938817024231,0.4802892080375126,0.4513122907706669,0.9287132450512477,0.7032050916126796,0.960722131388528,0.9042213644300189,0.758094242640904,0.9463261110442025,-0.0002683022591684546,0.9908044934272766
170,3.125e-06,0.5022656286785684,0.47944457495270454,0.3784612318308882,0.505774483703885,0.5028836052931134,1.0468288674202728,1.1388548601979638,1.0556270591130594,1.0349628889940266,0.7654384160710873,0.9471357848215798,-0.0018226060419731923,1.018428505914506,0.4633178540638515,0.4386234964643206,0.31550110450812746,0.48027180773871286,0.45129120349884033,0.9287018094744001,0.7031948736735752,0.9607119815690177,0.9042087537901742,0.7581528169768197,0.9463407482419696,-0.0002715972243874733,0.9907281143324715
171,3.125e-06,0.5028088659257163,0.48009873407953696,0.37863529283358355,0.5072230417150713,0.5025338050615318,1.0474524258666598,1.1393040358151736,1.0559938900932646,1.0358492730439706,0.7651340817671753,0.9470809404745787,-0.0019265142595119014,1.0186912587572932,0.4633066143308367,0.43861327852521625,0.31549388808863504,0.4802617941583906,0.45127869078091215,0.9286934222493853,0.7031891345977783,0.9607028876032148,0.9042009285518101,0.7581528169768197,0.9463407482419696,-0.0002711620639144842,0.9907183306557792
172,3.125e-06,0.503067056825852,0.4802754038067296,0.37930271296454837,0.5066846249493405,0.5035751622011387,1.0476096582232588,1.1393358637304867,1.0561343365852986,1.0360275347427104,0.765059755772304,0.9470101717157874,-0.0018551746225994757,1.0189592770737568,0.4632998449461801,0.4386035885129656,0.3154715044157846,0.48025583795138765,0.4512712359428406,0.9286847966057914,0.7031805089541844,0.9606925930295672,0.9041934950011117,0.7581381797790527,0.9463114653314862,-0.00026920565038121173,0.9907473921775818
173,3.125e-06,0.5041592460320694,0.481824066499987,0.382568780966083,0.5079943083681033,0.5043771774364817,1.0467338409863867,1.1407343701163435,1.0554828113050507,1.0348514958259163,0.764812053761737,0.947086251399611,-0.0019391849581745272,1.0214369131369778,0.4632966560976846,0.43859889251845224,0.31545705241816385,0.48025525893483845,0.4512661780629839,0.9286779165267944,0.703175459589277,0.9606846485819135,0.9041878921645028,0.758152791431972,0.9463114653314862,-0.0002658662644015359,0.9907810858317784
174,3.125e-06,0.5034195920678647,0.4805240579476179,0.37913605998608463,0.5070112479968258,0.5039707175217252,1.0471395670692147,1.1381311582927116,1.0561256339854956,1.0351205621933977,0.7651836128409849,0.9470013159388024,-0.001923873071411511,1.0193629672703586,0.4632901634488787,0.4385946350438254,0.3154596558638981,0.4802512696811131,0.45125690528324675,0.9286700572286334,0.7031670127596173,0.9606771554265704,0.9041799392019,0.7581381542342049,0.9462968281337193,-0.0002662096729701651,0.9907697779791695
175,3.125e-06,0.5013155044250982,0.4784352908537186,0.3763934068112391,0.505590412852189,0.5012046474414584,1.0471214963112145,1.1383011594245838,1.0564364981985839,1.0347670274557967,0.7643750024626722,0.947162339704074,-0.0018694014382723034,1.0188069245780538,0.4632853695324489,0.43858832120895386,0.31544374780995504,0.4802490898541042,0.4512500081743513,0.9286642926079887,0.7031610693250384,0.9606701476233346,0.9041749238967896,0.7581381542342049,0.9463114738464355,-0.00026399921210083576,0.9908004914011274
176,1.5625e-06,0.5046189127583408,0.48395206679927294,0.3913937427356831,0.5088484492484647,0.5041635948390621,1.0472567394110428,1.1409539369010822,1.0557539318937001,1.0356364562198785,0.7651606124925794,0.9469482360565528,-0.0020333492715782207,1.0209666510498079,0.46328317693301607,0.4385864479201181,0.3154433071613312,0.4802475231034415,0.451246725661414,0.9286601117679051,0.7031570587839399,0.9606657198497227,0.9041714753423419,0.7581381542342049,0.9463114738464355,-0.0002637510478962213,0.9908046892711094
177,1.5625e-06,0.502557174826852,0.4812752684418472,0.38640299281814067,0.5064943177244564,0.502491705541796,1.0472017474195086,1.1329106402217024,1.0562325398856347,1.0353139988872984,0.7647005825253738,0.9470190139828151,-0.0019626420396980735,1.0192552797870256,0.46328138027872356,0.438582501241139,0.31542927239622387,0.4802466205188206,0.45124444365501404,0.9286578042166573,0.7031538316181728,0.960662169115884,0.9041697808674404,0.7581381542342049,0.9463114738464355,-0.00026137561820048304,0.9908360242843628
178,1.5625e-06,0.5027257848673747,0.4813999700919397,0.38620254534100174,0.5067937769120407,0.5025419024474159,1.04648856240482,1.1377753490251397,1.0550599482917682,1.0348743182932179,0.7642900794181576,0.9470933250524003,-0.0019480280326332553,1.0204427249355696,0.4632782978670938,0.4385787418910435,0.3154213173048837,0.48024470465523855,0.45124039479664396,0.9286555307252067,0.7031509876251221,0.9606590781893048,0.9041684695652553,0.7581235425812858,0.9463114738464355,-0.0002604897100744503,0.9908494438443866
179,1.5625e-06,0.502076995337389,0.47910023974008453,0.37660507460542453,0.5063914288010265,0.5019450036178584,1.0471683848052171,1.1358095585688732,1.0566925328612906,1.0346894239452937,0.7649305922175766,0.9471924153779303,-0.002002551295496503,1.0189672302569304,0.46327370405197144,0.4385747696672167,0.3154189033167703,0.4802411368915013,0.45123474512781414,0.9286512647356305,0.7031460063798087,0.9606543779373169,0.9041646804128375,0.7581089053835187,0.9463114738464355,-0.0002612424224415528,0.9908422742571149
180,1.5625e-06,0.5027680299086501,0.4802392880239811,0.37924519337259366,0.507470970049589,0.5021825210828107,1.0469252150314792,1.134262456484762,1.0559434252562423,1.0349954492133564,0.7646103482341612,0.9469623892486128,-0.0019246478780151153,1.020314541431742,0.46326965519360136,0.438569758619581,0.3154091920171465,0.48023787992341177,0.4512299341814859,0.9286478843007769,0.7031417744500297,0.9606508186885289,0.9041618875094822,0.758123517036438,0.9463114738464355,-0.0002606478686045323,0.9908470681735447
181,1.5625e-06,0.5017840276199357,0.4792236209526875,0.3785391476144034,0.5060647162822408,0.5016114312574405,1.0473160789389901,1.1430547103261666,1.0561001524047728,1.0353407310397318,0.7649748336606198,0.947236641992187,-0.0019586982017159825,1.017745522956107,0.4632660576275417,0.43856602907180786,0.31540344655513763,0.4802354063306536,0.4512254468032292,0.9286455001149859,0.7031386494636536,0.9606482556888035,0.9041598694665092,0.7581089053835187,0.9462968281337193,-0.0002602973046513008,0.9908498355320522
182,1.5625e-06,0.5027926864491498,0.47884514939122375,0.3729617303761031,0.5063943427540583,0.5035187426413708,1.0468921542360663,1.130241298283105,1.0554281380520083,1.0355779641844167,0.7647288938309782,0.9471181026678502,-0.0017468183800473575,1.019717918912977,0.46326219609805513,0.4385606731687273,0.3153908997774124,0.4802323452063969,0.4512211339814322,0.9286416087831769,0.7031344515936715,0.9606439556394305,0.9041563698223659,0.7581089053835187,0.9462675452232361,-0.0002585047124219792,0.9908643450055804
183,1.5625e-06,0.5032190842301667,0.4812273560056671,0.3831392678774439,0.5073361712343553,0.5031046809149123,1.0472562257110012,1.1415794773868657,1.0564812348458938,1.0348872034471226,0.7641998284003314,0.9469535432502636,-0.0020870515605871036,1.0210436610871885,0.4632566102913448,0.4385550618171692,0.3153840899467468,0.4802277258464268,0.4512145902429308,0.9286367978368487,0.703128022806985,0.9606394938060215,0.9041514907564435,0.7581235425812858,0.9462675452232361,-0.00025842095159792474,0.9908570647239685
184,1.5625e-06,0.5025073734091478,0.4812327854644911,0.38716510393396947,0.5057096677217623,0.5031497412221984,1.0463712659965512,1.1358957486222128,1.0550323225521616,1.034725940748607,0.7652986319529579,0.9471322578542373,-0.0019430222927858572,1.0193175126974865,0.46325473700250897,0.4385504296847752,0.31536586369786945,0.4802274363381522,0.45121176327977863,0.9286351203918457,0.7031243528638568,0.960637492792947,0.9041500772748675,0.7581089053835187,0.9462675452232361,-0.00025595836424534876,0.9908881613186428
185,1.5625e-06,0.5032158723021609,0.48230854698084397,0.3890459455159697,0.5071407064707036,0.5030966530892248,1.0482949484250252,1.1435790802425008,1.0568789021105491,1.0365349691877865,0.7638636456266713,0.9466704395225224,-0.0019464326467811338,1.0213764835484789,0.4632491682256971,0.4385471599442618,0.3153716283185141,0.4802229574748448,0.45120454260281156,0.9286301306315831,0.7031183413096836,0.9606324263981411,0.9041442104748317,0.758123517036438,0.9462675452232361,-0.00025701530310990553,0.9908610837800162
186,1.5625e-06,0.5012835300875816,0.47722655946476294,0.3696148446039837,0.5060839687111696,0.5008720281441921,1.0470291343303995,1.1332994447935612,1.0565834228759576,1.0345992938415849,0.7649995988276092,0.9468969238235445,-0.0018726782245647928,1.018333440655576,0.4632489425795419,0.43854442664555143,0.31535686552524567,0.4802238259996687,0.4512037421975817,0.92862868309021,0.703116067818233,0.960630110331944,0.9041433249201093,0.7581089053835187,0.9462675452232361,-0.0002551034808025828,0.990893474646977
187,1.5625e-06,0.5028869135438978,0.48189041254910275,0.38862782251944233,0.5064504003756379,0.5031321318453219,1.0477308738379625,1.139579879903047,1.056649638843485,1.0357506474288039,0.7647571924951228,0.9470844782820536,-0.001925667570876254,1.0196052787758116,0.463248929807118,0.43854011808122906,0.31533276609012056,0.4802251798766,0.451203282390322,0.9286276783261981,0.7031135048185077,0.960628194468362,0.9041446021624974,0.7580796224730355,0.9462675452232361,-0.0002510294642498983,0.9909457308905465
188,1.5625e-06,0.5032336415307817,0.4817192319657953,0.38594397833330596,0.5070867349634413,0.5032902238051182,1.047513819937441,1.135676026665965,1.0556949027731042,1.0363940372379548,0.7650756843979141,0.9469163801241616,-0.0018028086768181796,1.0202936183679316,0.4632445786680494,0.4385342853409903,0.3153197297028133,0.4802215439932687,0.4511985353061131,0.9286247151238578,0.7031106352806091,0.9606250354221889,0.9041422435215541,0.7580942681857518,0.9462675452232361,-0.000250009836495987,0.9909559147698539
189,1.5625e-06,0.5017329804394224,0.47984304041458475,0.3826244071696941,0.5054362468216398,0.5020000793872108,1.0463141099993627,1.1400150325384515,1.055089292980437,1.034415387843534,0.7649129103211796,0.9470915555053315,-0.0017453510074484722,1.0186919460602857,0.4632414068494524,0.43853035143443514,0.3153123451130731,0.480218951191221,0.45119467803410124,0.9286218796457563,0.7031097326959882,0.9606214165687561,0.9041400466646466,0.7580796224730355,0.9462675452232361,-0.0002493669744580984,0.9909672226224627
190,1.5625e-06,0.5023801431614711,0.48095443865703497,0.3855945102697569,0.5061978459100883,0.5024553355306017,1.0465602780186158,1.1369351461907689,1.055449609877416,1.0346586018462987,0.7649942929205609,0.9471464129119581,-0.001744556497190403,1.019607040667238,0.4632356975759779,0.43852434839521137,0.31530402175017763,0.4802140806402479,0.4511882833072117,0.9286180138587952,0.7031065736498151,0.960616477898189,0.904136734349387,0.7580942681857518,0.9462675452232361,-0.0002489200934568154,0.990968005997794
191,1.5625e-06,0.5031168202226766,0.48150974235467764,0.3853321508079751,0.5069768454535742,0.5031829333215293,1.0475952004459956,1.1324610701137405,1.0563428813679052,1.036018385349321,0.764247608648013,0.9470862495982834,-0.0019042815134045856,1.020049147971308,0.46323253427233013,0.43852095518793377,0.3152987041643688,0.48021197744778227,0.45118409395217896,0.9286162768091474,0.7031030314309257,0.9606149962970189,0.9041346992765155,0.7580942681857518,0.9462968366486686,-0.0002485430034409676,0.9909694024494716
192,1.5625e-06,0.50280584802643,0.4793598405811765,0.37530389797250063,0.5067028102524783,0.5031588414650766,1.0473122250628484,1.1386295797949666,1.0559281410555934,1.0356526547873013,0.7648191234902054,0.9469553111246709,-0.0017282467356069275,1.0193599513332328,0.4632305460316794,0.4385160378047398,0.3152798201356615,0.48021101525851656,0.45118185026305063,0.9286143013409206,0.7030992337635585,0.9606119224003383,0.904133106981005,0.7580649767603193,0.9462821909359523,-0.00024625697655470243,0.9909976209912982
193,1.5625e-06,0.5032707798886287,0.48233466166389743,0.38840707161911614,0.5077107929726645,0.5026594822270383,1.0465425193727949,1.134460130287259,1.0559179937910275,1.034236747705158,0.7647855044440585,0.946868608078954,-0.00211225012441694,1.0208625864223475,0.4632262076650347,0.4385114482470921,0.31527312312807354,0.48020778383527485,0.45117647307259695,0.9286112444741386,0.7030960747173854,0.96060939346041,0.9041304843766349,0.7580503480775016,0.9462968366486686,-0.0002461924242587494,0.9909960627555847
194,1.5625e-06,0.5029923861823208,0.4817627308597709,0.3873105807460068,0.5067418319305341,0.503098963597499,1.0472230863648366,1.1384303569472036,1.0563630294105006,1.035042815284348,0.7650119891310794,0.9470083934515795,-0.0019481005552322822,1.0198125729867078,0.4632219970226288,0.4385069523538862,0.31526641121932436,0.48020429270608084,0.4511717047010149,0.9286079491887774,0.703093341418675,0.9606055276734489,0.9041275211742946,0.7580503480775016,0.9462968366486686,-0.0002458061499055475,0.991001376083919
195,1.5625e-06,0.5031018588295899,0.48047934611681276,0.3809219044540228,0.5060601311314126,0.5042163102741314,1.046839592653677,1.1426160339079094,1.055346516519383,1.0351401637260553,0.7642546802099756,0.9469570796745761,-0.0017020014070448879,1.0209661892344355,0.4632183185645512,0.43850341013499666,0.31526259226458414,0.48020187446049284,0.4511664467198508,0.9286041174616132,0.703089041369302,0.9606007422719683,0.9041241066796439,0.7580357023647853,0.9462968366486686,-0.00024577800234380575,0.9910013505390712
196,1.5625e-06,0.5029037041047812,0.48104824009162955,0.3836267462499838,0.5069395200471523,0.5028437613894087,1.0472216433405683,1.1446832443531694,1.0557618301685476,1.0354325871369805,0.7650243651847612,0.9470667844196944,-0.0019043454888070185,1.0196247454340626,0.4632148657526289,0.4384975390774863,0.3152457560811724,0.48019926037107197,0.451162474496024,0.9286021079335894,0.7030878237315586,0.9605982644217355,0.9041222759655544,0.7580064194543021,0.9462968366486686,-0.0002438458031974733,0.9910257288387844
197,1.5625e-06,0.5034978933194104,0.48250999253824217,0.38833323540844533,0.5079648571437716,0.502869727623765,1.0477012837827366,1.1412510632567965,1.0567948754195322,1.0354892433622498,0.7641060616412937,0.9466385817888037,-0.0017586750017566516,1.0222800632971913,0.46321079986436026,0.43849219168935505,0.31523331148283823,0.4801962077617645,0.4511581063270569,0.928598770073482,0.7030842474528721,0.9605949435915265,0.9041200961385455,0.7580064194543021,0.9462968366486686,-0.00024302574872438396,0.9910366450037275
198,1.5625e-06,0.5044126739324394,0.4853825335301905,0.3992782202979004,0.5091394772094711,0.5031904586411398,1.0473119380084233,1.139814111103062,1.0570925610553106,1.0344478149897847,0.7647872744736257,0.9468402995075076,-0.00193496151352065,1.0212675494499228,0.46320599743298124,0.43848781500543865,0.31522957554885317,0.48019251227378845,0.45115213309015545,0.9285946914127895,0.7030815482139587,0.9605903114591327,0.9041163580758231,0.7579918078013829,0.9462968366486686,-0.00024341417676103965,0.9910310762269157
199,1.5625e-06,0.5024556050864156,0.47918548071892664,0.37581151585545464,0.506416880917176,0.5027157328158408,1.0469791147429688,1.133520342759422,1.056092921103649,1.034980656389153,0.764751882406421,0.9469694599420782,-0.0018152656543525454,1.01935089786054,0.4631988150732858,0.438484000308173,0.3152391676391874,0.48018629210335867,0.4511434180395944,0.9285877857889447,0.7030757410185677,0.960583644253867,0.9041088819503784,0.7580064449991498,0.9462968366486686,-0.00024533453480606634,0.9909935934203011
200,1.5625e-06,0.5039131999884305,0.4827648252972512,0.38820358224643353,0.5080954394530941,0.5035879421382097,1.0472742627262748,1.138741917341256,1.0555253061036194,1.0359742014522624,0.764679342846065,0.9471004006351835,-0.001715127752889782,1.0213560562679334,0.46319291421345304,0.4384779419217791,0.31523183839661734,0.480180914912905,0.4511370360851288,0.9285829492977687,0.7030712621552604,0.9605786544936044,0.9041042242731366,0.7580064449991498,0.9462968366486686,-0.00024506529942820113,0.990988722869328
201,1e-06,0.5031269580463558,0.47957385100999267,0.3750014965333491,0.5070805540132446,0.5034442523557691,1.0475787234769534,1.13941390969209,1.0569829399754276,1.0351132531778529,0.7646244894924257,0.9469482324860641,-0.0021279494257274907,1.0202433761235385,0.4631881373269217,0.43847494040216717,0.315236223595483,0.4801767723900931,0.4511310032435826,0.9285792282649449,0.7030684181622097,0.9605753932680402,0.9041004180908203,0.7580064449991498,0.9462968366486686,-0.00024630951728405695,0.9909664818218776
202,1e-06,0.5026480952148108,0.48126339577882277,0.3863633978997317,0.5061949565483954,0.5029774117135255,1.0460420349000663,1.1419286195226959,1.055112237037354,1.0337758179426322,0.7643608488524468,0.9471464012676616,-0.0018248463982361365,1.0203712047658222,0.46318407569612774,0.4384716366018568,0.31523491016456057,0.4801734004701887,0.45112649883542744,0.9285762054579598,0.7030656337738037,0.960571825504303,0.904097352709089,0.7580064449991498,0.9462968366486686,-0.0002468463332791414,0.9909556337765285
203,1e-06,0.5038289306810979,0.4831989421692656,0.3904681217329475,0.5083717082682907,0.5030648652695349,1.0466900690143583,1.1423829957014537,1.0559110112661165,1.0342793931075835,0.765112843020697,0.9472578786478387,-0.0020481192487248265,1.0198901992711389,0.46318319439888,0.4384684179510389,0.3152211010456085,0.48017304284232004,0.4511255749634334,0.9285747323717389,0.7030652420861381,0.9605698074613299,0.9040969014167786,0.7580064449991498,0.9462968366486686,-0.0002447659000089126,0.9909847549029759
204,1e-06,0.502887362026229,0.47951177602128214,0.3760459252019477,0.5065085572998265,0.5034943758733711,1.0475910179562267,1.13707852077304,1.0570167761458877,1.0351823586357392,0.7646085602234842,0.947105720052189,-0.002015461656553957,1.0195678636568402,0.4631797543593815,0.43846647228513447,0.315225179706301,0.4801700711250305,0.4511212834290096,0.9285708240100315,0.7030618020466396,0.9605659161295209,0.9040928568158831,0.7580357023647853,0.9462968366486686,-0.00024546748526128274,0.9909693428448269
205,1e-06,0.5031654924170365,0.4818120159719419,0.38643531862362873,0.5072917304872759,0.5029302798151263,1.0463952624469721,1.1339642431886532,1.055484810585726,1.0343865563080752,0.7645289439545151,0.9470030835558773,-0.0017875424655721284,1.0205873835106123,0.4631764888763428,0.4384625766958509,0.315219053200313,0.4801670270306723,0.45111750279154095,0.9285681758608136,0.7030589410236904,0.9605629699570792,0.9040908643177578,0.7580503480775016,0.9462968366486686,-0.000245161125868825,0.9909697345324925
206,1e-06,0.502505448980069,0.4805694529962617,0.38219175011289486,0.50712355244372,0.5018977208421864,1.0468962609092416,1.1459515591087177,1.0555956755145073,1.0348948505332647,0.7650261434168025,0.9472384130189179,-0.0018239355836057593,1.0187352225707147,0.4631736193384443,0.4384604607309614,0.3152182996273041,0.4801651494843619,0.45111407552446636,0.9285648039409092,0.7030553051403591,0.9605595299175808,0.9040869900158474,0.7580503480775016,0.9462968366486686,-0.00024549083900637925,0.9909633312906537
207,1e-06,0.5015858840247585,0.4782433099381292,0.3746367901869227,0.5054747751128397,0.5019285213413331,1.0469924366544918,1.1356615509397585,1.0560152369837341,1.0350140087423103,0.7648845889474403,0.9471782621858703,-0.0018331877739232534,1.0182107442530566,0.46317352993147715,0.43845782961164204,0.3152043947151729,0.4801655752318246,0.45111382007598877,0.9285638843263898,0.7030542322567531,0.96055725642613,0.9040870666503906,0.7580503480775016,0.9462968366486686,-0.00024320901138707995,0.990993891443525
208,1e-06,0.5023131308141298,0.480839917724736,0.38412403249766336,0.507226842066049,0.5013389254478396,1.0461207194001496,1.1341814752276111,1.0554443118511763,1.0338615132742037,0.7651075344759904,0.947192422422408,-0.0020155705961650582,1.0189195259545085,0.4631701707839966,0.43845399362700327,0.31519824053559986,0.4801626333168575,0.4511101075581142,0.928560733795166,0.7030508603368487,0.9605542932237897,0.9040840779032026,0.7580210651670184,0.9462821909359523,-0.00024285732485753085,0.9909948366028922
209,1e-06,0.5039888625362404,0.4834447008368136,0.39225770887721245,0.5074126463095947,0.5042893975345881,1.0461049083111675,1.1324102977965242,1.0554396440966092,1.033893282389036,0.7648421231631132,0.9469730178536561,-0.0020138904100753413,1.0210607981463091,0.46316915324756075,0.4384510431970869,0.3151866900069373,0.4801621011325291,0.4511088388306754,0.9285601718085152,0.7030499492372785,0.96055326291493,0.9040840608733041,0.7580210651670184,0.9462821909359523,-0.00024078642101293162,0.9910170095307487
210,1e-06,0.5027392826013416,0.47953817320719194,0.3778127308993229,0.5054139682748674,0.5042287885853232,1.0464007342369956,1.1364421712599506,1.054905158471109,1.0348948199750279,0.7645112455566703,0.9468367582582102,-0.0017572002193508031,1.0204852272611145,0.46316745025771006,0.4384492337703705,0.3151828816958836,0.48016137310436796,0.45110651424952913,0.9285584688186646,0.7030488848686218,0.9605518579483032,0.9040825111525399,0.7580210651670184,0.9462821909359523,-0.0002399026125203818,0.99102269751685
211,1e-06,0.5029780859408093,0.48108625614636663,0.38534031021099635,0.505274558205638,0.5046030165083782,1.0475276592159941,1.139231835644244,1.0559763332926384,1.036022388478324,0.7641520628527699,0.9468349915739658,-0.001805639266085863,1.0213341017510527,0.46316355892590116,0.4384472795895168,0.31518893369606565,0.48015805227415903,0.45110159686633516,0.9285546541213989,0.7030461345400129,0.9605481198855809,0.9040784069469997,0.7580210651670184,0.9462821909359523,-0.0002410758877106543,0.991001307964325
212,1e-06,0.5033521907463372,0.4806214723468663,0.3795911614726314,0.5072715248826125,0.5035582546504588,1.0476770679241763,1.141008395796136,1.0567596288738672,1.0354834224363307,0.7643201670258095,0.9468403011480023,-0.0021007938052417536,1.021045447135705,0.46315923758915495,0.4384425367627825,0.3151815895523344,0.48015405024800983,0.4510973223618099,0.9285511715071542,0.7030425412314278,0.9605440752846854,0.9040752989905221,0.7580357108797345,0.9462821909359523,-0.0002410434203089348,0.9909992728914533
213,1e-06,0.5030815562427333,0.4824747395270976,0.3898746166046542,0.507593949035381,0.5023427809243323,1.0472510698609783,1.143261462819943,1.0561730542571495,1.0351289098351566,0.7650862962120105,0.9467465289206487,-0.0018947394880130927,1.0202742556398519,0.46315800292151316,0.4384403186185019,0.3151749755655016,0.4801533945969173,0.4510954533304487,0.9285487277167184,0.7030409148761204,0.960541946547372,0.9040732383728027,0.7580357108797345,0.9462821909359523,-0.00023984572700490908,0.9910127690860203
214,1e-06,0.5013426948706652,0.4786673319127453,0.37668454484623054,0.5063908389466425,0.5004499658210433,1.046410922803431,1.1388164799212124,1.0556684937016487,1.0340730025198288,0.7651889266931747,0.9470260894690986,-0.0019440983034593956,1.0175826173824551,0.463157343012946,0.4384367678846632,0.3151590419667108,0.48015305399894714,0.45109481470925467,0.9285488895007542,0.7030412299292428,0.9605406607900348,0.904073851449149,0.7580503565924508,0.9462821909359523,-0.00023776101131391312,0.9910448108400617
215,1e-06,0.5021418865571071,0.4790288889273012,0.3767616940683374,0.5056878888021593,0.5027753078673765,1.0480872998672501,1.133199613093043,1.057626933840501,1.0357107115126403,0.7644015438995423,0.9470738610318077,-0.0020834570328407973,1.0195304285945985,0.4631555846759251,0.43843506489481243,0.31515627035072874,0.480152074779783,0.4510925327028547,0.9285467948232379,0.7030395524842399,0.9605382510593959,0.9040719611304147,0.7580503310476031,0.9462821909359523,-0.00023744782083667815,0.9910492215837751
216,1e-06,0.5028008891001174,0.4825582614442946,0.39217103283532684,0.5066859296252132,0.5026035889122722,1.0459753915032244,1.1365505556319124,1.054877030997423,1.03405459726172,0.7640865996150281,0.9468332287175425,-0.0019171544115968286,1.0212819469470433,0.46315301741872517,0.43843257427215576,0.31515335398060934,0.48015032495771137,0.45108914375305176,0.9285445809364319,0.7030371172087533,0.9605357476643154,0.904070326260158,0.758035693849836,0.9462821909359523,-0.00023748198873363435,0.9910478081021991
217,1e-06,0.5024751145583646,0.4793666694785734,0.378379695780909,0.5048235905730138,0.5042631037159347,1.0469422319806465,1.1363520629330062,1.0560772774738039,1.0348270194181801,0.7639432700337813,0.9471074804317867,-0.0017649805286614735,1.0202426849927249,0.46314844489097595,0.438429308789117,0.31515514850616455,0.48014637402125765,0.4510836516107832,0.9285413793155125,0.7030353375843593,0.9605324694088527,0.9040668947356088,0.7580503310476031,0.9462821909359523,-0.00023850826879165003,0.9910324215888977
218,1e-06,0.5024477851854037,0.48108074205731033,0.3851558243141133,0.5070397151011875,0.5017656901206959,1.0467497226166456,1.138283446230119,1.055660084300085,1.0347882077556265,0.7643077710931905,0.9469677014924742,-0.001868078019595627,1.020627768246856,0.4631463587284088,0.4384261965751648,0.3151478852544512,0.48014427934374126,0.4510815569332668,0.9285398551395961,0.703034051827022,0.9605304428509304,0.9040657367025103,0.758035693849836,0.9462821909359523,-0.00023823714998018528,0.9910403490066528
219,1e-06,0.5026839473282267,0.4805656386045784,0.382734989418703,0.5060439598090701,0.5033221752400406,1.0472434161485238,1.134528979667122,1.0562180737450646,1.035359325823241,0.7642652967203905,0.9470880165398603,-0.0017397320453385148,1.0197157765232545,0.46314577545438496,0.4384242168494633,0.31513838469982147,0.48014454330716816,0.4510808416775295,0.9285387056214469,0.7030322466577802,0.9605288505554199,0.9040655493736267,0.7580357193946838,0.9462821909359523,-0.00023704745607184513,0.9910599078450885
220,1e-06,0.5005918315180045,0.47744585894534736,0.3740429568953342,0.50508348934083,0.5003184024958243,1.047252021733967,1.135200950884523,1.0559597676725434,1.0356128445137402,0.7651606206307203,0.9470791717960072,-0.0019148091781965853,1.0177395320942257,0.46314323799950735,0.43842113869530813,0.3151330884013857,0.4801424614020756,0.4510775889669146,0.9285366620336261,0.7030298454420907,0.9605269006320408,0.9040641358920506,0.7580210821969169,0.9462821909359523,-0.00023714195205164806,0.9910620876720974
221,1e-06,0.501516763191254,0.47803612039723525,0.37422288290822564,0.505042655044675,0.5022339982016306,1.0467107855044888,1.138998188331715,1.05547863782192,1.0348664753770287,0.7649642198200298,0.9471127877219973,-0.0019758737159021405,1.019097590214873,0.4631424163069044,0.43841964857918875,0.3151269406080246,0.48014276794024874,0.4510762095451355,0.9285355295453753,0.7030285511698041,0.9605253509112767,0.9040628501347133,0.7580064364842006,0.9462821909359523,-0.0002361593402123877,0.9910755583218166
222,1e-06,0.5030647194102463,0.4812109030328824,0.38415462917337145,0.5067600015363883,0.5033332149981166,1.0470967570061434,1.1267022943084972,1.0562134967645438,1.0353263253723037,0.7650332202862484,0.9471676429412974,-0.0019831286154735656,1.0199076213260245,0.4631426291806357,0.4384179243019649,0.3151161926133292,0.4801437727042607,0.4510759540966579,0.928535955292838,0.7030286533491952,0.9605245079313006,0.9040641869817462,0.7579917907714844,0.9462821994509015,-0.0002347022236790508,0.9911006263324192
223,1e-06,0.5024781086865593,0.4812094153614219,0.38608544928218247,0.506707569778255,0.5021284391155645,1.0475776721127794,1.136399488737309,1.0561614970033772,1.0360330289849962,0.7649659857322767,0.9469871697268869,-0.0022004362525971516,1.01931531359811,0.4631424333368029,0.43841599566595896,0.315106172646795,0.48014419419424875,0.45107546874455046,0.9285357253892081,0.7030275804655892,0.960523647921426,0.9040643487657819,0.7579771450587681,0.9462821994509015,-0.00023334042634814978,0.9911233953067234
224,1e-06,0.5017508336871106,0.47994681800370337,0.3810849288670488,0.5073634232306442,0.5001603834897971,1.0473103425789703,1.1344288950409043,1.056449327061,1.035267151405666,0.7647713523778282,0.9471163204471549,-0.001964331835297756,1.0185556864970065,0.4631391039916447,0.43841236404010225,0.3151009806564876,0.480141350201198,0.45107161147253855,0.9285330772399902,0.7030242936951774,0.9605204377855573,0.9040622626032148,0.7579771450587681,0.9462821994509015,-0.00023325955511869064,0.991120525768825
225,1e-06,0.5028484444713438,0.48014454036162985,0.3798676665512472,0.5061605889219499,0.503635708699018,1.047028131505572,1.1401373751409236,1.056024000507011,1.0349285763402405,0.7646209551911063,0.9469163872651389,-0.0018483906572446412,1.0208459354000226,0.46313333085605074,0.4384084812232426,0.3151051955563681,0.48013591340609957,0.4510649059500013,0.9285282492637634,0.7030202916690281,0.9605166741779873,0.9040566427367074,0.7579771450587681,0.9462821994509015,-0.00023506346042267978,0.9910926903997149
226,1e-06,0.5012313206325785,0.4773821939150835,0.37087859506067944,0.5058206361625495,0.5009871508807539,1.0468346224369,1.1345084647970205,1.0557313857693578,1.035015555021252,0.7641237520618305,0.9471499490789381,-0.0020116210658318342,1.0193056034128278,0.4631296992301941,0.4384062545640128,0.3151078245469502,0.48013321842466083,0.45106023124286104,0.928525447845459,0.7030160341944013,0.9605140600885663,0.9040535007204328,0.7579917822565351,0.9462968451636178,-0.00023596815299242735,0.9910735658236912
227,1e-06,0.5026500678294038,0.47967714219240004,0.37785422383806094,0.5063414771815473,0.5031185209493797,1.047097093275413,1.1349273613833506,1.055689942560129,1.035576763310049,0.7646669518670969,0.9469110878557369,-0.0019365569596222557,1.0201768399700242,0.46312579086848665,0.43840298482349943,0.3151066409690039,0.48012985927718027,0.4510557608945029,0.9285220163209098,0.7030125345502581,0.9605111394609723,0.9040502394948687,0.7580210736819676,0.9462968451636178,-0.0002362969846996878,0.9910628029278347
228,1e-06,0.5025730316888559,0.48039933178660293,0.3823610196805811,0.5059059487763315,0.5032471356299267,1.0473604834665173,1.1330849288028444,1.0560617017154106,1.0358021122921626,0.7647094191632525,0.946849153032833,-0.0021169699411346696,1.0199300310641317,0.46312250409807476,0.4384009156908308,0.31510826306683676,0.48012764964784893,0.4510514353002821,0.928518533706665,0.7030104398727417,0.9605070948600769,0.9040465354919434,0.7580503310476031,0.9463114823613848,-0.00023631994346422807,0.9910521762711662
229,1e-06,0.5009697267189581,0.4777079663499265,0.3751707848702259,0.5041698007022634,0.5019630064239904,1.0470345653332187,1.1375601207380095,1.0552929035084864,1.0357587913597075,0.7642228368225448,0.9470667910460067,-0.002125049364819411,1.0184607847407259,0.4631224657808031,0.43839832714625765,0.3150941623108728,0.4801282456942967,0.451051196881703,0.9285184741020203,0.7030092988695417,0.9605065924780709,0.9040474125317165,0.7580210821969169,0.9463114823613848,-0.0002336927448465888,0.9910839114870343
230,1e-06,0.5042964995582877,0.482581112652422,0.38596069193568283,0.5081385126064999,0.5043990419995636,1.0467465627663082,1.1361631652309132,1.0559774418167982,1.0345352286914202,0.7652897863084409,0.9472348755652752,-0.001936745280472796,1.0211291152016897,0.4631203327860151,0.43839518087250845,0.3150867372751236,0.4801263383456639,0.4510488893304552,0.9285163709095546,0.7030065996306283,0.9605048213686261,0.9040455051830837,0.7580210821969169,0.9463114823613848,-0.00023272282227740755,0.9910929543631417
231,1e-06,0.5024612848976143,0.4800848236485423,0.3802843638291181,0.506647046520719,0.5023480590394684,1.0473977726212207,1.131150382438738,1.0567002157488194,1.0353037423207447,0.7645714132771644,0.9469234624297569,-0.0020169176063784314,1.0197619360585632,0.46311794008527485,0.43839341402053833,0.3150869458913803,0.48012458852359224,0.45104572602680754,0.9285132544381278,0.7030038237571716,0.960500955581665,0.904042260987418,0.7580210821969169,0.9463114823613848,-0.00023270226250003492,0.9910891566957746
232,1e-06,0.5022316194037393,0.4808462908862413,0.3850958054443983,0.5065842334219268,0.501783357381306,1.046800385567541,1.1387319981376351,1.0557258307322643,1.0348107955035042,0.7645873343757984,0.9469871574392591,-0.0017885566177424617,1.0201597944891136,0.46311702898570467,0.4383902634893145,0.3150749206542969,0.48012381366321016,0.4510445637362344,0.9285121474947248,0.7030026742390224,0.9604992355619159,0.9040417075157166,0.7580210821969169,0.9463114823613848,-0.00023095535912684033,0.9911155019487653
233,1e-06,0.5038210589919165,0.48103163976381097,0.38029961465695583,0.5072192061256218,0.5045403699519759,1.0470719050215955,1.1379299244878103,1.0555668571351737,1.0355485344473503,0.7643626242538304,0.9471163320271183,-0.0015604062297638291,1.0215104603471463,0.46311516421181814,0.4383882965360369,0.3150706802095686,0.4801229408809117,0.4510422817298344,0.9285092864717756,0.7029995492526463,0.9604965022632054,0.9040396724428449,0.7580210821969169,0.9463114823613848,-0.00023036913314302052,0.991119921207428
234,1e-06,0.5016539949567911,0.4792187841145721,0.3789547432195928,0.5060422516518905,0.5013557020162674,1.047441831454675,1.1432970849424198,1.0561829661911266,1.0355053344290126,0.7643997754783033,0.947049094192157,-0.0019703513876817963,1.0186083613057042,0.46311514718191965,0.43838640621730257,0.31506010464259554,0.4801234517778669,0.45104213271822247,0.9285088947841099,0.702997761113303,0.9604951313563755,0.9040394510541644,0.7580210821969169,0.9463114823613848,-0.00022895302390679717,0.9911429286003113
235,1e-06,0.5020075927569425,0.47946109941567977,0.3796380058501903,0.5055261181775004,0.5025681012460366,1.0462870524821253,1.1365469227400717,1.0549235671710402,1.0346419611816078,0.7646917247862283,0.9471871100498802,-0.00187159151907385,1.0195144691855857,0.4631136357784271,0.43838451164109365,0.3150566646030971,0.48012228522981915,0.4510400550706046,0.9285066553524562,0.7029964668410165,0.9604921681540353,0.9040374415261405,0.7580210821969169,0.9463114823613848,-0.00022862477843383594,0.9911479439054217
236,1e-06,0.5024392289273879,0.4803944392199138,0.38185514089100053,0.5067702200016458,0.5021276397442599,1.0466080431801785,1.1396261535331615,1.0554957077815863,1.0346198442557408,0.7641396805587743,0.9470526261131504,-0.0017736894734449084,1.0204985656740855,0.4631120434829167,0.4383823701313564,0.315051223550524,0.4801213656152998,0.4510381136621748,0.928504501070295,0.7029951214790344,0.9604900309017727,0.9040361302239555,0.7580210821969169,0.9462968366486686,-0.0002281318718035306,0.9911580596651349
237,1e-06,0.5015819666839842,0.48009819702656925,0.3838397022909688,0.5060181415087458,0.5010705838252323,1.0463501654376355,1.1315624868297216,1.0558299373692586,1.0340301444964093,0.7648562783495002,0.9468402996361738,-0.0018452076194631977,1.018744696170912,0.46311016167913166,0.4383788790021624,0.31504047342709135,0.4801198627267565,0.4510361637387957,0.9285030364990234,0.7029938868113926,0.9604879702840533,0.9040353894233704,0.7580210821969169,0.9462821909359523,-0.000226861348242632,0.9911750299589974
238,1e-06,0.5022651402936134,0.48082374477798207,0.38571583365853646,0.5057801219880484,0.5026350062213842,1.04744477800852,1.1397773392832222,1.0559870323746254,1.035824610809989,0.7648102712837092,0.9470260926214219,-0.0018344931888730298,1.0195189516285723,0.46310951880046297,0.4383777805737087,0.315036232982363,0.4801201011453356,0.4510348439216614,0.9285011291503906,0.702992822442736,0.9604855860982623,0.9040334394999913,0.7580210821969169,0.9462821909359523,-0.00022598285327798555,0.9911860312734332
239,1e-06,0.5022218859781141,0.47990384181640755,0.3823345243705651,0.504524471916769,0.5039156390664645,1.0474210548452345,1.140474137266584,1.055803873187712,1.035936561585502,0.7650739151403445,0.9473481220421891,-0.0018633145689011862,1.0190427888102358,0.4631070537226541,0.4383749450956072,0.3150319244180407,0.480117883001055,0.4510320084435599,0.9284978594098773,0.7029903445925031,0.9604824781417847,0.9040304592677525,0.7580064449991498,0.9462821909359523,-0.0002257836001392986,0.9911883047648838
240,1e-06,0.5017113094064781,0.4797576509870456,0.3823563722231165,0.5053301553950076,0.5020709763458466,1.0467580522772948,1.1372913795101662,1.0556868222746667,1.0348114612227315,0.7648881346678901,0.946994241771348,-0.001917260489106144,1.0194891875843968,0.4631036605153765,0.4383724842752729,0.31503230333328247,0.4801152603966849,0.45102795532771517,0.9284950154168266,0.7029879178319659,0.9604795575141907,0.9040278366633824,0.7580064449991498,0.9462821909359523,-0.0002259983988811395,0.9911806242806571
241,1e-06,0.5015937164224809,0.478676640015966,0.37708447337214906,0.5052919995122128,0.502045799929325,1.0471301007386613,1.1375801628239401,1.0553520926899094,1.0358931385885364,0.7647766554542187,0.9471375581321366,-0.0019338493514290864,1.0185835477923677,0.4631019873278482,0.43837032999311176,0.3150278095688139,0.4801141619682312,0.45102559668677195,0.928493823323931,0.7029861211776733,0.9604780333382743,0.9040270532880511,0.7580064449991498,0.9462821909359523,-0.0002254322836441653,0.9911881600107465
242,1e-06,0.5020025253167232,0.48128262495132507,0.38813093156667894,0.506580888710341,0.501219957938274,1.046354932458222,1.1374065732222536,1.0553249215281981,1.034349718418111,0.7649005149032255,0.9470172385492649,-0.0018220514890120133,1.019387154146844,0.4630992242268154,0.4383669282708849,0.31502190019403187,0.4801116330283029,0.45102245041302275,0.9284919415201459,0.7029841457094465,0.9604755469730922,0.9040248904909406,0.7579917992864337,0.9462821909359523,-0.00022487203490787318,0.991193345614842
243,1e-06,0.5021217539866294,0.47877867096061005,0.3751128507477492,0.5060648665483488,0.502412231690293,1.0469176451129265,1.1310301436904437,1.0557950069565936,1.0352364238763718,0.7646032516144445,0.946760680021882,-0.0018105286153920971,1.020312203662304,0.4630945026874542,0.4383622407913208,0.31501590992723194,0.48010772466659546,0.45101731164114817,0.9284888080188206,0.7029811229024615,0.9604722431727818,0.9040220720427377,0.7579917992864337,0.9462968366486686,-0.0002245477683443044,0.9911882111004421
244,1e-06,0.5021013175225296,0.4800719963783711,0.3828085125843641,0.5052826508469538,0.5028965220828348,1.046658461054016,1.132490976913131,1.0557485719789894,1.0347072650983535,0.7645979470905586,0.947164102206665,-0.0019752053406400655,1.0193225495312193,0.46309080719947815,0.43835887738636564,0.31501429634434835,0.48010443789618357,0.45101269653865267,0.9284860066005162,0.7029785002980914,0.9604694843292236,0.9040190747806004,0.7579917992864337,0.9462968366486686,-0.0002246430210236992,0.9911808286394391
245,1e-06,0.502824373619658,0.481184231128425,0.3849259080657815,0.5066271354813738,0.5029515677121158,1.0468298658704476,1.141825643025793,1.0558275351058581,1.0346656121631217,0.7643590745125599,0.9469871619747448,-0.0018251612495994863,1.021209034415367,0.46308960233415875,0.43835703815732685,0.31500834439482006,0.4801039525440761,0.45101126176970346,0.9284846356936863,0.7029762353215899,0.9604681219373431,0.9040185553686959,0.7580064449991498,0.9462821994509015,-0.0002240653889852443,0.9911918299538749
246,1e-06,0.50236011278417,0.48020344055863373,0.38151423973260024,0.5063801880984196,0.5023683059299179,1.0471532231591807,1.1357267018723218,1.0560285663900668,1.0353254734729986,0.764718269504088,0.9470897921020767,-0.0018179202927261415,1.0198402593602893,0.46308634536606924,0.43835434317588806,0.31500740136419025,0.4801013852868761,0.45100722142628263,0.9284815617970058,0.7029732125146049,0.9604645541736058,0.9040149024554661,0.7579917992864337,0.9462821994509015,-0.00022461902699433267,0.9911841835294452
247,1e-06,0.5036249033226172,0.48219651118909995,0.3871564517552571,0.5071279569310365,0.5040041194113923,1.0467556297489584,1.1412562748514763,1.0554528040816447,1.0349086434276311,0.7647908119916015,0.9468332280420446,-0.002018265399646619,1.020836242327353,0.46308429752077374,0.43835266147341045,0.31500643278871265,0.48010012081691195,0.4510044072355543,0.9284788710730416,0.7029703855514526,0.9604616590908596,0.904012279851096,0.7580064449991498,0.9462821994509015,-0.00022443614683912268,0.9911824039050511
248,1e-06,0.5010260481707032,0.4785480131764574,0.37863710117352956,0.5049053313310122,0.5012263749428073,1.0465599746235756,1.1399312171817662,1.055641560250852,1.034365880444316,0.7647501188101669,0.9471340296851322,-0.001748611146381353,1.0181387557702906,0.4630809724330902,0.4383499452045986,0.31500579842499327,0.4800972981112344,0.45100037114960806,0.9284762995583671,0.702967609677996,0.9604588065828595,0.9040104235921588,0.7580064449991498,0.9462821994509015,-0.00022489210407781814,0.9911746553012303
249,1e-06,0.5029117270411508,0.480377508107225,0.3810394785401632,0.5060192084737037,0.5038666537466785,1.0465589911630202,1.1341804086808185,1.0554501965312268,1.0347471381932158,0.7645678676210477,0.9468049138736159,-0.0021073993806075353,1.0210911139114058,0.46308008262089323,0.4383485657828195,0.31500044465065,0.4800976301942553,0.4509988767760141,0.9284754565783909,0.7029655405453273,0.9604578529085431,0.9040099893297467,0.7580064449991498,0.9462821994509015,-0.0002242288111509489,0.9911854437419346
250,1e-06,0.502575676102157,0.4812567621163915,0.3875323002298523,0.5052722668525533,0.5037138526721446,1.0470411379274265,1.1412758644503385,1.054868281756101,1.036072806898993,0.7647164967403628,0.947153485406751,-0.001974711127034391,1.020136924061464,0.4630779538835798,0.4383466839790344,0.314999167408262,0.4800959272044046,0.4509962201118469,0.9284730894224984,0.7029638971601214,0.9604552558490208,0.9040078009877887,0.7580064449991498,0.9462821994509015,-0.00022395578395974423,0.9911859972136361
251,1e-06,0.5028009141257049,0.4798080112505654,0.3782073071983397,0.5062002278442198,0.5035547500227956,1.0476098210504103,1.1340931516625208,1.0568121560380321,1.0355246976717574,0.7643183802696286,0.9465837420094547,-0.0016674251908550006,1.0207996335598306,0.4630768299102783,0.43834476811545237,0.31499367526599337,0.48009544610977173,0.4509943553379604,0.928471394947597,0.7029615129743304,0.960453178201403,0.9040063449314663,0.7580210566520691,0.9462821994509015,-0.00022311250462995043,0.9911967515945435
252,1e-06,0.5013978537905879,0.4786920186576493,0.3775432513844819,0.5055305470470731,0.5013936126611712,1.0473515079012448,1.1377341265428793,1.0558484527656855,1.0358417756610219,0.7642776841288699,0.9470490869868464,-0.0020200011644088216,1.0185564401917888,0.46307788150651114,0.438343950680324,0.3149840916906084,0.48009740454810007,0.45099474702562603,0.9284711394991193,0.7029610020773751,0.9604520542281014,0.9040067621639797,0.7580064449991498,0.9462821994509015,-0.0002210440579801798,0.9912271584783282
253,1e-06,0.5021893893199165,0.47823353110939765,0.37194070720183675,0.5061462019754627,0.5025742745566741,1.04710758896821,1.1359467277382749,1.055517547399497,1.0357362241019317,0.7649553763628392,0.9472224916629514,-0.001937022123081711,1.0198022040301764,0.4630782902240753,0.43834223066057476,0.31497243472508024,0.4800985370363508,0.45099489603723797,0.9284706200872149,0.7029607551438468,0.9604508195604596,0.9040071964263916,0.7579771620886666,0.9462821994509015,-0.00021885201983552958,0.9912577101162502
254,1e-06,0.5032892881762447,0.4819321981392483,0.38737029057544947,0.5066267818743257,0.5038158042136232,1.0471970981607164,1.1360753378350865,1.0554979207125859,1.035933768562671,0.7645484042116197,0.947125172589318,-0.0018276999582909953,1.0203762946100539,0.4630772854600634,0.4383401019232614,0.3149647223097937,0.4800982304981777,0.4509934740407126,0.9284693002700806,0.7029590947287423,0.9604491336005074,0.904006438595908,0.7579771620886666,0.9462821994509015,-0.0002175056392193905,0.9912718789918082
255,1e-06,0.501916664697258,0.47712295920991665,0.3675776940227134,0.5055701054403478,0.5027412084618325,1.0473561372810998,1.1392380853183064,1.0563666797687863,1.0352828866458879,0.7640352767027203,0.947033170359365,-0.001716385474121947,1.0192104179474448,0.4630768469401768,0.4383385479450226,0.31495821688856396,0.4800983795097896,0.4509923883846828,0.9284675717353821,0.7029568297522408,0.9604471070425851,0.9040049059050423,0.7579771620886666,0.9462821994509015,-0.00021590801770798862,0.9912911568369184
256,1e-06,0.5021203361809479,0.4804488923089027,0.3831424878149244,0.5067920313290628,0.5014145743570261,1.0469594530266682,1.13759414427871,1.0554918316461817,1.0354058603885299,0.7645873325744708,0.9471039418523143,-0.0018162180699007983,1.0198194396476519,0.46307129519326345,0.43833476305007935,0.31496102043560575,0.4800934280667986,0.45098614266940523,0.9284641061510358,0.7029536962509155,0.9604438458170209,0.9040013381413051,0.7580064194543021,0.9462821994509015,-0.0002170700505043247,0.9912660632814679
257,1e-06,0.5032432133355015,0.4817119916580332,0.3851554762557977,0.5077704479741973,0.5026522572144777,1.0469914613642437,1.1368823174972247,1.0566483213009863,1.0343383301031377,0.764576718637381,0.9470296327127229,-0.0019663153414770807,1.0204596984598744,0.4630706395421709,0.43833236183438984,0.3149503299168178,0.4800934876714434,0.4509852145399366,0.928462837423597,0.7029525211879185,0.9604421854019165,0.9040005888257708,0.7580064194543021,0.9462821994509015,-0.0002152633761787521,0.9912900754383632
258,1e-06,0.5011742774113667,0.47824700375344387,0.37624315664180213,0.5052224891094408,0.5012904104193159,1.0468866357401907,1.1376968292178686,1.056106309471295,1.034640062324948,0.7647377330100157,0.946967697375154,-0.0019431451875344522,1.018739348543829,0.4630675230707441,0.4383303437914167,0.3149526161806924,0.4800910609109061,0.45098091449056354,0.9284593207495553,0.7029485617365155,0.960438575063433,0.9039972679955619,0.7579917822565351,0.9462821994509015,-0.00021577838508944427,0.9912782992635455
259,1e-06,0.5026832535275882,0.481465294305788,0.38723118953040914,0.5062726102387397,0.5029424818476921,1.0468532790767135,1.1334766897715174,1.0555829121110507,1.0352361689885115,0.7644263173976719,0.9469889293023206,-0.0018665242547654841,1.0204796490640944,0.46306473442486357,0.4383273167269571,0.3149475838456835,0.48008877464703154,0.45097799812044415,0.9284559147698539,0.7029462627002171,0.9604341302599225,0.9039940663746425,0.7579917822565351,0.9462968366486686,-0.00021537884354724416,0.991283621106829
260,1e-06,0.5028119117455809,0.48148808000670595,0.38591727072396154,0.5072424993345175,0.5022778792504806,1.0466927758951285,1.1426471332183608,1.0555766804824311,1.0346104999008015,0.7639415021915404,0.9467624563882625,-0.001881895718907086,1.0216389333500582,0.46306016615458895,0.43832280806132723,0.3149432986974716,0.48008425320897785,0.4509733830179487,0.9284522533416748,0.70294360603605,0.9604306987353733,0.9039908732686724,0.7580064279692513,0.9462821909359523,-0.00021590903218436454,0.9912755489349365
261,1e-06,0.5022096582122964,0.47935664197012856,0.3773580412252234,0.5065532938184703,0.5020279244545403,1.0465904158382755,1.1347020466264621,1.0559402704882224,1.0343034493234822,0.76471119331014,0.9469676932900002,-0.0018689253949120447,1.0187375468945286,0.4630581608840397,0.4383200577327183,0.314936848623412,0.4800829972539629,0.45097058585711886,0.9284507972853524,0.7029424054282052,0.960428774356842,0.9039895875113351,0.7580210736819676,0.9462675537381854,-0.00021546501998922655,0.9912839531898499
262,1e-06,0.5037122418670736,0.48291100609064486,0.3910238336725487,0.5067599135929999,0.5044209274548296,1.046832210234031,1.137359905037054,1.0553769026970903,1.035269865909912,0.7642723870032939,0.9467748384570921,-0.001823474834504735,1.0216896911601536,0.4630555510520935,0.4383177501814706,0.3149349583046777,0.4800810558455331,0.4509674480983189,0.9284483790397644,0.7029397998537336,0.9604262965066093,0.9039873395647321,0.7580210736819676,0.9462675537381854,-0.00021554140922879533,0.9912794828414917
263,1e-06,0.5019669944829576,0.4801143617225993,0.3835380855471266,0.5052112005751518,0.5026704481467645,1.0467346132091104,1.1440865332798513,1.0554831847588693,1.034740883662002,0.7651783094107623,0.9470862487297861,-0.0016946237194022647,1.0177841359579556,0.4630568410669054,0.43831676670483183,0.31492310975279125,0.48008338468415396,0.4509681122643607,0.9284483194351196,0.7029391271727425,0.9604250873838153,0.9039878589766366,0.7580210736819676,0.9462675537381854,-0.0002131750266666391,0.9913143345287868
264,1e-06,0.5018251835495732,0.4793810957969361,0.37865309196102637,0.5066183088472966,0.5011377104603787,1.0469691490908282,1.1386965552472579,1.0553206919465783,1.0355598054508615,0.7644687857874908,0.9470455540365228,-0.001749294412689745,1.0194700178557066,0.4630548059940338,0.4383136374609811,0.3149154761007854,0.4800814986228943,0.4509660005569458,0.9284461310931614,0.7029362746647426,0.9604226010186332,0.9039864540100098,0.7580210736819676,0.9462675537381854,-0.0002121583799765046,0.9913259318896702
265,1e-06,0.5036038940363295,0.48085108343099686,0.38046820399829395,0.5068187061606776,0.5044936205944498,1.0475721974920982,1.1399090192604888,1.056968583812343,1.035097960034899,0.7641219856670851,0.9470172421519202,-0.0018603579731506315,1.021046692271266,0.46305249418531147,0.43831258586474825,0.31491790499006,0.4800803320748465,0.4509627606187548,0.9284432019506182,0.7029334562165397,0.9604196548461914,0.9039832098143441,0.7580357193946838,0.9462821909359523,-0.0002123625433471586,0.991319307259151
266,1e-06,0.5034527668455003,0.4828459917694829,0.39045782254569544,0.507763984102979,0.5029080872978318,1.0462771906958228,1.131652116839846,1.055922310544038,1.0337861755443662,0.7650721443066131,0.9470331703271985,-0.0019318407503973454,1.0203689817345214,0.46304918612752644,0.43830972058432444,0.3149168001753943,0.48007735184260775,0.4509589374065399,0.9284393872533526,0.7029305526188442,0.9604157890592303,0.903979914528983,0.7580357193946838,0.9462821909359523,-0.00021259601011739245,0.9913146495819092
267,1e-06,0.5021015978863094,0.477367689367635,0.36772893281543956,0.5060861252541807,0.5025961235993885,1.0465939207715211,1.1343353067419688,1.0554919317485316,1.0347709779281329,0.7646280372715356,0.947019011763322,-0.0021004947339658534,1.0196615965766516,0.46304706164768766,0.4383058718272618,0.3149054944515228,0.4800755040986197,0.4509566511426653,0.9284372074263436,0.7029296330043248,0.9604134133883885,0.9039779050009591,0.7580210821969169,0.9462821909359523,-0.00021100914455018938,0.991333510194506
268,1e-06,0.5027889135040854,0.4794007464318551,0.37603892218693485,0.50626056747892,0.5035422220946774,1.0476902197710707,1.145873785083254,1.056047459261133,1.0360602976757323,0.7651234648385952,0.9470137092980963,-0.0019824698439729386,1.0198351545264384,0.46304401755332947,0.4383022742612021,0.3148989145244871,0.48007301347596304,0.45095327496528625,0.9284343464033944,0.7029275127819606,0.960409905229296,0.9039753590311322,0.7580210821969169,0.9462821994509015,-0.0002107087680737355,0.9913367969649178
269,1e-06,0.5025688121914542,0.4794931661838206,0.37783380485648926,0.5056885223869884,0.5036071028763451,1.0470930594595071,1.1412110219307996,1.0557212633373798,1.035327738835499,0.764378544934299,0.9470260871852725,-0.00171389242473847,1.020645684508845,0.46304191436086384,0.43829917907714844,0.3148918109280722,0.4800709698881422,0.4509510951382773,0.9284323283604213,0.7029260226658413,0.960407555103302,0.9039740221840995,0.7580210821969169,0.9462821994509015,-0.00021001744400044636,0.9913479685783386
270,1e-06,0.5019869993682559,0.47851910201266723,0.37404890960766957,0.5061886776349253,0.5020499149979737,1.0467577660592002,1.1377482088076638,1.0558195734307114,1.034662843812046,0.7649960538469902,0.9471782531470655,-0.0016751755000063442,1.019129430482147,0.4630411948476519,0.4382972206388201,0.3148834982088634,0.4800710550376347,0.45094989453043255,0.9284308126994542,0.7029241664069039,0.9604055540902274,0.9039730174200875,0.7580064449991498,0.9462821994509015,-0.00020889300503768027,0.9913657477923802
271,1e-06,0.5019344443960957,0.4788187105656957,0.37630657461676414,0.5057023311716379,0.5023540852845713,1.0464669832074185,1.1368357184058064,1.055232012844446,1.0346899679140729,0.7649659823869539,0.9474932067598836,-0.0018186146572140647,1.0191176573263911,0.46304239119802204,0.43829662459237234,0.31487394656453815,0.48007340516362873,0.4509503628526415,0.9284316386495318,0.7029235703604562,0.9604054859706334,0.9039746267454964,0.7580064449991498,0.9462821994509015,-0.00020719050579438253,0.991393404347556
272,1e-06,0.5013096932456484,0.4787418364963851,0.37792351061887375,0.505687247111356,0.5010450189331063,1.0466846461175134,1.1388208987709,1.0550675003578776,1.035230685232526,0.764730650511421,0.9470703266983217,-0.0020621172205232893,1.018789999625262,0.4630397856235504,0.43829359327043804,0.31486907388482777,0.4800710507801601,0.45094744648252216,0.9284290841647557,0.7029209307261876,0.9604022758347648,0.9039723021643502,0.7580064449991498,0.9462821994509015,-0.00020705349327597235,0.9913948093141828
273,1e-06,0.5032726935579914,0.48133868051424455,0.3836038655129498,0.5072880287911528,0.5032462806426314,1.0477109216575808,1.1400476385308032,1.0571301344337813,1.0352139767928825,0.7644387065431458,0.9469004591863605,-0.0016805097258197927,1.0210938432444383,0.46303984948566984,0.43829135383878437,0.3148562567574637,0.480071838412966,0.4509472293513162,0.9284285306930542,0.7029201899256025,0.9604019267218453,0.9039728471211025,0.7579918078013829,0.9462821994509015,-0.00020516441769099662,0.9914252843175616
274,1e-06,0.5017332928732673,0.47726839925557035,0.36926480321162336,0.5052538218204871,0.5026284065590121,1.0474279872546373,1.1397416884360028,1.0568160613806776,1.034962668781723,0.7645767079259149,0.9469146178467365,-0.001807776009598601,1.0196284118112975,0.4630364945956639,0.4382893315383366,0.3148592284747532,0.48006936056273325,0.4509426270212446,0.928425635610308,0.7029178057398114,0.9603985803467887,0.9039700967924935,0.7580064194543021,0.9462968451636178,-0.00020582670445687005,0.9914125629833767
275,1e-06,0.503037220664238,0.4814232390633288,0.385350930919148,0.5067692274540357,0.5032281060348764,1.0469054620264675,1.1379333539904612,1.0552745416109073,1.0355022885448149,0.7642051478495034,0.9469216958420121,-0.0018594907098895199,1.0204724872427506,0.46303625617708477,0.4382884332111904,0.31485484540462494,0.48006991829190937,0.45094171166419983,0.9284249799592155,0.7029162985937936,0.9603978054864066,0.9039692027228219,0.7580064194543021,0.9462968451636178,-0.00020479256636463106,0.9914272172110421
276,1e-06,0.5027088391188989,0.48183124311795056,0.38923716614263093,0.5061186062311779,0.50308166794113,1.0465561964996943,1.1416812978174258,1.0553251355001878,1.0346162127792289,0.7651376224374745,0.9470827117264753,-0.0018698530533254002,1.0204683398788708,0.4630354344844818,0.4382865343775068,0.3148470329386847,0.4800700289862497,0.45094037481716703,0.9284231407301766,0.7029144167900085,0.9603952765464783,0.9039681724139622,0.7580064194543021,0.9462968451636178,-0.00020331190483245467,0.9914455243519374
277,1e-06,0.503709478019317,0.48157124791477285,0.3847444290672195,0.5060350487377601,0.505349435712348,1.0469356631177602,1.140397759173538,1.0552018919443995,1.0355539087726822,0.7646811069569842,0.9468084632610542,-0.0018953792361318421,1.0207426968742819,0.4630329353468759,0.43828476326806204,0.3148479610681534,0.48006798539842876,0.45093721577099394,0.9284201690128872,0.7029117516108921,0.9603923048291888,0.9039650303976876,0.7580064194543021,0.9462968451636178,-0.0002036542573478073,0.9914383547646659
278,1e-06,0.5035207739921113,0.48259315018517485,0.3889752311508397,0.5077009705099876,0.5031587278206028,1.0467484001204959,1.1344472788117477,1.0552750077687658,1.035298325921546,0.7646121027594441,0.9471835666132565,-0.0018021618259198163,1.0207090246568031,0.4630299082824162,0.43828208105904715,0.3148459770849773,0.48006544368607657,0.4509338395936148,0.928418687411717,0.7029107298169818,0.9603906444140843,0.9039639064243862,0.7579917822565351,0.9462968451636178,-0.00020388294693215618,0.991434531552451
279,1e-06,0.5014201382560082,0.4790061808925542,0.3788932153841514,0.5057508870356159,0.5011736318766589,1.0473332489688398,1.1389617622059485,1.0561945494033167,1.035417789970291,0.7647837339963259,0.9471057169641988,-0.001846804270051878,1.0189655326343008,0.4630251143659864,0.43827841537339346,0.31484715001923697,0.48006104145731243,0.45092821972710745,0.9284153154918126,0.7029077751295907,0.9603872724941799,0.9039603812353951,0.7579917822565351,0.9462968451636178,-0.00020473966391624084,0.991416837487902
280,1e-06,0.5021737717128224,0.4798623960338537,0.3801507063640238,0.5065387788168881,0.5018761924197078,1.0462176465885227,1.1349953771988508,1.0555142380389664,1.033961604301568,0.765162386189135,0.9470685539345965,-0.0019022463270524869,1.0193522104493875,0.4630219340324402,0.43827428988048006,0.31483740891729084,0.4800585550921304,0.45092510325568064,0.9284129653658185,0.70290550163814,0.9603844966207232,0.9039587208202907,0.7580064279692513,0.946311456816537,-0.00020405653880776038,0.9914248670850482
281,1e-06,0.5028015567010888,0.48010758398612385,0.37894248175929834,0.5069976613383903,0.5027341824638091,1.0476697729332538,1.1378021280764248,1.0564746605790247,1.0358605035497765,0.7649058262464232,0.9470597173610508,-0.0020954250214803368,1.0207553770950017,0.4630207802568163,0.438272978578295,0.314834862947464,0.4800582230091095,0.45092299580574036,0.9284107685089111,0.7029034665652684,0.9603819421359471,0.9039563536643982,0.7579917907714844,0.946311456816537,-0.00020301877936747457,0.9914313469614301
282,1e-06,0.5008368766989763,0.4784821845426215,0.37840736179305484,0.5053717476319315,0.5003827695292006,1.0470960156954885,1.1394209609569501,1.0556685664624186,1.0354459963807272,0.7645466326702239,0.9471251759346407,-0.0015549606433026674,1.0184566704440747,0.4630207759993417,0.4382716843060085,0.31482756563595365,0.480058878660202,0.4509224465915135,0.9284100106784275,0.7029025895254952,0.9603813460894993,0.9039561493056161,0.7580064364842006,0.946311456816537,-0.00020157039814096476,0.9914516551154
283,1e-06,0.5029597176903335,0.4811359540520651,0.383653407668141,0.5071818537636185,0.5027144498684827,1.0469415612756017,1.1343579980983518,1.0556044894749579,1.0353647567938935,0.7648350527269803,0.9471641041044924,-0.0018693085101971385,1.0208300729088697,0.46301532217434477,0.4382699302264622,0.31484100222587585,0.480054178408214,0.45091542175837923,0.9284049357686724,0.70289694411414,0.9603764414787292,0.9039503421102252,0.7579917992864337,0.946311456816537,-0.0002043789635146303,0.9914090548242841
284,1e-06,0.5015928646840087,0.4795567496235925,0.3822814517740424,0.504757998250847,0.5024048411968394,1.0470097073978561,1.1355940084230944,1.0554615979701587,1.035604974095138,0.7649111327646362,0.9469747800667481,-0.0017911647834714063,1.0187265282377191,0.463013231754303,0.43826814208711895,0.3148394652775356,0.4800530118601663,0.4509124117238181,0.928402704851968,0.7028945684432983,0.9603735208511353,0.9039485624858311,0.7580064364842006,0.946311456816537,-0.00020397805825008878,0.9914101958274841
285,1e-06,0.5015635573246385,0.4777951784636996,0.37258559005426445,0.5052507222342092,0.5021756668703272,1.0464319622780398,1.1370459537987316,1.055010479524595,1.034833157442096,0.7649624430998171,0.9470880177300233,-0.0020130549308593113,1.018322578038773,0.46301107321466717,0.4382665923663548,0.31483970156737734,0.4800517388752529,0.45090929525239126,0.9284000226429531,0.7028923971312386,0.9603704299245562,0.9039465188980103,0.7579917907714844,0.946311456816537,-0.00020432203226456686,0.9914057680538723
286,1e-06,0.5023391081459511,0.47948125591808183,0.37798469623423114,0.5061866926201215,0.5026365630027094,1.0471290848220418,1.1350372908119246,1.0560061348430285,1.0353214783534705,0.7651818492768973,0.9471800256534583,-0.0019805266501641337,1.0193213918565482,0.4630089019026075,0.438263612134116,0.31483261925833567,0.4800500358854021,0.45090690680912565,0.9283981238092694,0.702890966619764,0.9603681564331055,0.9039447477885655,0.7579917907714844,0.946311456816537,-0.0002039169194176793,0.9914145384516034
287,1e-06,0.5012339566021563,0.4786252564053502,0.37709816211117836,0.5061193465929191,0.5004865159810844,1.046653284746058,1.136475806678879,1.0558586538449146,1.0344538887770705,0.7643325493519717,0.9472012654935998,-0.001843683449946006,1.0192488612063306,0.4630068114825657,0.43826138973236084,0.3148287832736969,0.4800487075533186,0.45090423311506,0.9283960206168038,0.7028891955103193,0.9603659851210458,0.9039427808352879,0.7580064279692513,0.946311456816537,-0.0002037974731397948,0.9914186511720929
288,1e-06,0.4999798771759914,0.47672257678160074,0.3729375813757479,0.5043836338289738,0.499810772268951,1.0465910636085596,1.1417439720531573,1.0552517814180753,1.0347587794660558,0.7645837999136462,0.947142875265316,-0.0017280027739496582,1.0185999342125298,0.46300492116383146,0.4382587969303131,0.31482280790805817,0.48004729407174246,0.45090194259371075,0.9283946071352277,0.7028881226267133,0.9603642991610936,0.9039417505264282,0.7580064279692513,0.946311456816537,-0.0002030089422727802,0.9914278217724392
289,1e-06,0.5037133802418058,0.4825804239984338,0.38773812301340327,0.5082249539450446,0.5030676919707593,1.0465944776390927,1.1311202553627109,1.0558219219759484,1.034549417974366,0.7649801411116631,0.9471959471059245,-0.0018142789187129934,1.0209286991352013,0.463003077677318,0.43825590184756685,0.3148143355335508,0.4800461104937962,0.4508999671254839,0.9283936875207084,0.7028864196368626,0.9603626728057861,0.9039414099284581,0.7580064279692513,0.946311456816537,-0.0002023187158296683,0.9914396320070539
290,1e-06,0.5028395088569447,0.4815525134962054,0.38650087620590545,0.5069262907431695,0.5026306066716354,1.0461454862398003,1.1342070621860008,1.0548659346261928,1.034489575168344,0.7643643921282378,0.9468774625371098,-0.0018565857040867234,1.0208831752112153,0.46300203033855986,0.43825333033289227,0.314805622611727,0.48004546761512756,0.45089822156088694,0.9283924187932696,0.702885661806379,0.9603607739721026,0.9039410352706909,0.7580210736819676,0.946311456816537,-0.00020070037654867129,0.9914596080780029
291,1e-06,0.5017815319126642,0.4790401762392607,0.3780170215250541,0.5056508707150986,0.5020377701253937,1.0470335402491282,1.1359934711610697,1.0564744543913436,1.0346272945790052,0.7646315618585524,0.9469694581085839,-0.0018490812989945446,1.019793918437721,0.46300171528543743,0.438252044575555,0.314798823424748,0.48004605940410067,0.45089748076030184,0.928391090461186,0.7028847677367074,0.9603587133543832,0.9039403200149536,0.7580210736819676,0.946326094014304,-0.0001997979831815298,0.9914764506476266
292,1e-06,0.5021881428816096,0.47905848557667285,0.37617602358942603,0.5062514742805195,0.5023251110582305,1.0469951402221058,1.1344002245956026,1.055938281404348,1.0351383732385526,0.7647961276772854,0.9469305436416889,-0.001619710534694416,1.0205138435379209,0.4630009872572763,0.4382491878100804,0.31478625323091236,0.48004589336259024,0.4508965866906302,0.9283903156008039,0.7028847251619611,0.9603574105671474,0.9039396132741656,0.7580064364842006,0.9463114823613848,-0.00019775907276198268,0.9915057250431606
293,1e-06,0.5018419849184225,0.4797058807664862,0.3807991790372619,0.5061521934485088,0.501566463236029,1.0466958503754025,1.129535593731752,1.0556159634494935,1.0350144979314295,0.7647094195492513,0.9471658837518625,-0.001838716344844552,1.019701049511843,0.46299979090690613,0.43824732303619385,0.3147811144590378,0.4800453654357365,0.4508947176592691,0.9283882890428815,0.7028833797999791,0.9603549497468131,0.9039389405931745,0.7579771535737174,0.9462968366486686,-0.0001968276296143553,0.9915188806397575
294,1e-06,0.5027986882637464,0.4802549254456791,0.3809071865537909,0.5058769370759427,0.5037833634287489,1.046792123392345,1.130953867661908,1.0559025099646768,1.03487615214125,0.7645643396565416,0.9471057081183935,-0.0018928413674384492,1.0208270680370424,0.4629982454436166,0.4382458882672446,0.31477920498166767,0.4800445181982858,0.45089257614953177,0.92838602406638,0.7028819067137582,0.9603519184248788,0.9039374164172581,0.7579625163759504,0.9462821909359523,-0.000196084043376946,0.9915258118084499
295,1e-06,0.5023236932364658,0.4807773332498039,0.38446695638616474,0.506555729808514,0.5020202444137526,1.0463947038102395,1.1414956680131614,1.054966695168439,1.0346526868010109,0.7653021643886164,0.9471057121713806,-0.0019817322719273248,1.0196448023487796,0.4629951800618853,0.43824444498334614,0.3147835412195751,0.4800421552998679,0.4508888380868094,0.9283828479903085,0.7028791223253522,0.9603489977972848,0.9039338486535209,0.7579771535737174,0.9462821909359523,-0.00019649643218144774,0.9915134225572858
296,1e-06,0.5033952403377342,0.4823846216145169,0.3890425206774708,0.5069772312915203,0.5036249709849865,1.0473483654208526,1.1381139350593636,1.0567779388546108,1.0348934247181085,0.7646917300937115,0.9468491451841912,-0.0019759116906052504,1.0208475988617602,0.4629929874624525,0.4382421629769461,0.3147803395986557,0.48004076310566496,0.45088562795094084,0.9283798592431205,0.7028775215148926,0.9603456769670758,0.9039310983249119,0.7579771535737174,0.9462821909359523,-0.00019590906699055007,0.991520779473441
297,1e-06,0.5016089091092525,0.4776642448311552,0.3714767731947315,0.5055110461314305,0.5020445235600294,1.0464104266663339,1.1364380814742219,1.055875480786183,1.033944520188613,0.7648067403920458,0.9471304824528537,-0.0018636746180891645,1.0196878040280781,0.46299022861889433,0.4382407580103193,0.31478382647037506,0.48003881743976046,0.45088191969054087,0.928376282964434,0.7028744901929583,0.9603419985089984,0.9039274198668343,0.7579917992864337,0.9462821909359523,-0.00019643409177660942,0.9915104678698948
298,1e-06,0.503004402549474,0.479794596506336,0.3781766973021734,0.5055415266215061,0.5046282756251383,1.0472287510899165,1.1346826647914428,1.0558136813845174,1.0357285140979888,0.7643449355059551,0.9469482389837102,-0.00186457907058765,1.0209677346127135,0.46298850434167044,0.4382387271949223,0.3147793880530766,0.4800375742571695,0.45088016986846924,0.928374035017831,0.7028727786881583,0.9603390863963536,0.9039252570697239,0.7579917992864337,0.9462821909359523,-0.0001958178514282086,0.9915196640150887
299,1e-06,0.5008695409610602,0.47725505978110283,0.3730956483582066,0.5041823594942005,0.5018158194765295,1.0471165674284735,1.1380086724203597,1.0558324549176277,1.0353708726550461,0.764412164269945,0.9470508572094131,-0.0018596855071119469,1.0190652428095366,0.4629869886807033,0.43823540210723877,0.3147691403116499,0.48003620760781424,0.4508782242025648,0.9283724852970668,0.7028715865952628,0.9603372386523655,0.9039248398372105,0.7579771620886666,0.9462821909359523,-0.00019432935265025923,0.9915380903652736
300,1e-06,0.5027973854535345,0.4818379826566302,0.38830637917348776,0.5067666804732597,0.5026445060694983,1.046055060750526,1.1379444637429823,1.0556336910867459,1.033413375993709,0.7645289369100374,0.9470136930218145,-0.0017855181092375268,1.0203819714940952,0.4629839403288705,0.43823160443987164,0.31476170888968874,0.4800334743091038,0.4508750779288156,0.9283691729818072,0.7028688192367554,0.9603336453437805,0.9039211188043866,0.7579771620886666,0.9462675452232361,-0.00019361114911069826,0.9915438124111721
