epoch,learning_rate,train_total_nll,train_selection_score,train_market_nll,train_sector_nll,train_idio_nll,train_mse,train_market_mse,train_sector_mse,train_idio_mse,train_coverage_68,train_coverage_95,train_standardized_residual_mean,train_standardized_residual_std,val_total_nll,val_selection_score,val_market_nll,val_sector_nll,val_idio_nll,val_mse,val_market_mse,val_sector_mse,val_idio_mse,val_coverage_68,val_coverage_95,val_standardized_residual_mean,val_standardized_residual_std
1,0.0002,0.5632995502793074,0.5728263373768657,0.6114669582744707,0.5651744651395568,0.5598190231253762,1.087281280958646,1.191991282937595,1.0889010695721482,1.0821710415164394,0.7564551958314676,0.9419408547704566,0.0028575489690041804,1.0615978914534665,0.4868357138974326,0.46719356945582796,0.37004538093294415,0.4995763599872589,0.477987676858902,0.9559308886528015,0.7403269750731332,0.9818340880530221,0.9372144000870841,0.7570403984614781,0.9478630082947868,0.0031344516069761346,0.9872826763561794
2,0.0002,0.5582862091720651,0.5672116602232696,0.6039610025500582,0.5595223662085104,0.555527544156706,1.0807762470235067,1.185024291679014,1.0828252743851219,1.0752523808111323,0.7587094057976589,0.942374350699102,0.0034643313705811103,1.0563291953952005,0.4845427870750427,0.4648398288658687,0.3674943063940321,0.4972239945616041,0.4757631889411381,0.9522591233253479,0.7349119356700352,0.9783685037067958,0.933394730091095,0.7587529335703168,0.9483899303844997,0.0035999023488589694,0.9844362991196769
3,0.0002,0.5574390229121197,0.5657192751708959,0.6001155359386047,0.5582977333907752,0.5551576690614641,1.0786566264038786,1.1780737377924335,1.0808743291845595,1.0731252187403613,0.7593410834066944,0.9428184702148067,0.0035301819800550526,1.0546998949354556,0.4827341777937753,0.463003192629133,0.36555403045245577,0.4954003691673279,0.4739739809717451,0.9493133340563092,0.7307003055300031,0.9755793298993792,0.9303344573293414,0.760509363242558,0.9487558773585728,0.003980826453438827,0.9820133873394558
4,0.0002,0.5530285295189489,0.5611205605706587,0.5935351773010867,0.5550073191595927,0.5496995418668759,1.0740754387536953,1.1737029486196593,1.0762558495168486,1.0685742200225092,0.7615563604423824,0.9433174290273618,0.004426228884945303,1.0498615485297882,0.4812599165099008,0.4615147241524288,0.3639675165925707,0.49396193453243803,0.4724674735750471,0.9469192538942609,0.7270579082625253,0.9733411584581647,0.9278265833854675,0.7614022152764457,0.9492242165974208,0.004301120926226888,0.9799825974873134
5,0.0002,0.5505193619231437,0.5566432695098008,0.5811852392510858,0.5520062706660915,0.5480102652385308,1.0700912430552747,1.162735350313408,1.0727096635846274,1.0643848479276596,0.7628409424088031,0.943835867718626,0.004044881331268447,1.0475246620963088,0.48003821287836346,0.46029547282627653,0.36272378052983967,0.4927730475153242,0.4712139666080475,0.9448931898389544,0.7243350063051496,0.9714623008455548,0.9256764820643834,0.7624853679112026,0.9493998629706246,0.0046511913117553505,0.9783974885940552
6,0.0002,0.548676538872706,0.5549733604345203,0.5796469106297202,0.5507385319654708,0.5455823721302823,1.0681472194239827,1.1606480734321276,1.0713719856526744,1.061839199908926,0.7629506435834326,0.9439632638171114,0.00438243800928013,1.0454457444367509,0.4789570655141558,0.45919324244771687,0.36149259975978304,0.49172963414873394,0.47009962797164917,0.9431495666503906,0.7219874347959246,0.9698623929704938,0.9238091366631644,0.7634075028555733,0.9495901550565448,0.00487108901143074,0.976995689528329
7,0.0002,0.5465390981369512,0.5540923060948825,0.5849567590632184,0.5478084320579422,0.5439891050264634,1.0653297589137884,1.162748710310144,1.0680289894455006,1.0593833607464176,0.7648031957330925,0.9446250262674742,0.004468945051551959,1.0434553095024468,0.47804151688303265,0.4582847399371011,0.36056991985866,0.4908559875828879,0.4691424880708967,0.9416769061769757,0.7200403468949454,0.9685262526784625,0.9222158363887242,0.7639344334602356,0.9498536246163505,0.005020852267209973,0.9757405434335981
8,0.0002,0.5432102246440171,0.5478496769763814,0.5644972220634166,0.5461849393036581,0.5395258616995824,1.0631168000259337,1.1491088605029995,1.0665881776256427,1.0567791999126215,0.7655675755084944,0.9447665784208439,0.00480387273987909,1.039623422167202,0.47724596517426626,0.4574808818953378,0.359712153673172,0.49007731676101685,0.4683325929301126,0.9403600948197501,0.7183770622525897,0.967317019190107,0.920803257397243,0.7646662507738385,0.9500585453850883,0.0051915027600313935,0.9746419702257428
9,0.0002,0.5427336643595214,0.5498350381979863,0.5779316803923955,0.5448025429628375,0.5394914019641783,1.0615685967194732,1.1516267052870213,1.0648245299370689,1.0553108204138066,0.7660594631450857,0.94491342544813,0.004853099789641319,1.039271221891713,0.4765264775071825,0.4567548249449049,0.35894058431897846,0.489374646118709,0.4675978720188141,0.9391899364335197,0.7168961082186017,0.9662361826215472,0.9195532628468105,0.765061480658395,0.9501170941761562,0.005372504836746624,0.9736738119806562
10,0.0002,0.5408161986343808,0.5461579115083265,0.5657295010666299,0.5438569243444472,0.5369451375697281,1.0602649328712508,1.1475761360049055,1.0637764321490357,1.0538429188458134,0.7665089026889605,0.9449948303389408,0.005093029075484629,1.0365442433231147,0.47589161566325594,0.4561620354652405,0.3584314797605787,0.4888307111603873,0.466867915221623,0.9381378974233355,0.7157057864325387,0.9653121062687465,0.9183775782585144,0.7656030484608242,0.9503952009337289,0.005460372394216912,0.9726853115218026
11,0.0002,0.5398653292746011,0.5447551264868384,0.5626314426041009,0.5426864094079281,0.5362854232932193,1.058215867038424,1.1491519852515755,1.0618566009268784,1.0515438711327987,0.7671529545181839,0.9452407709084134,0.005090944325733333,1.0352853941904552,0.47530127848897663,0.45560960684503826,0.3579561412334442,0.4883206529276712,0.46619350569588797,0.9371574180466788,0.7148644413266864,0.9644449778965541,0.9172796521868024,0.7661007131849017,0.9504830241203308,0.005524894688278437,0.9718771151133946
12,0.0002,0.5381945527957314,0.5442335312262266,0.5664665625987024,0.5415309045485915,0.5339158633336851,1.0570472300342142,1.1488796152170453,1.0610545665202626,1.0499788303344364,0.7678890260759715,0.9454778682780278,0.005082719982061405,1.0334459240540774,0.47476777008601595,0.45514765807560514,0.35772099665233065,0.4878613267626081,0.4655759504863194,0.9362407582146781,0.7139105456215995,0.9636142594473702,0.916277996131352,0.766466634614127,0.950556184564318,0.005659129337540695,0.9710158961159843
13,0.0002,0.5377118706027688,0.542848146322027,0.5620449148701515,0.5402766801316353,0.5343360508125149,1.0553822990886854,1.1482013991505664,1.0592566028647465,1.0484138454737306,0.768324289975524,0.9457680475885522,0.0052170980321137855,1.0329897954086966,0.47423915777887615,0.45464138048035757,0.3572488852909633,0.4873913654259273,0.464986332825252,0.935373067855835,0.71283506495612,0.9628311906542096,0.9153329389435905,0.7668764676366534,0.950570821762085,0.005744767308767352,0.9702377489634922
14,0.0002,0.5368144415998485,0.5419176227327173,0.5600343286926787,0.5402713764601634,0.5325835754886808,1.0546486310166279,1.1465548801216252,1.0590273369278576,1.0472063763811983,0.76856139529028,0.9458706778123838,0.005129512977428007,1.0318429043211939,0.47373078550611225,0.45413642270224436,0.35672434738704134,0.486915043422154,0.46444678732327055,0.9345294066837856,0.7119924340929303,0.9620699456759861,0.9144066997936794,0.7673887695584979,0.9506147503852844,0.005803251572485481,0.9695183549608503
15,0.0002,0.5351694577845508,0.5403862920440472,0.5597975292015385,0.5378568754830492,0.5316611543514892,1.0525074121891584,1.1464882094153699,1.0567395089770162,1.0451424397845817,0.7694832464841914,0.946019305226871,0.005387095970448953,1.02990776818312,0.47326348083359854,0.45367223024368286,0.3562129480498178,0.4865056020872934,0.46392279863357544,0.9337758421897888,0.7113755856241498,0.9614192077091762,0.9135460683277675,0.7676668592861721,0.9507757680756705,0.005776623796139445,0.9690004757472447
16,0.0002,0.5334120811929718,0.5389346386443198,0.5596257110769145,0.5361219029521788,0.5298284516743692,1.0513969660126963,1.1401318223876562,1.0556446623300386,1.0441911164580715,0.7697840361613167,0.946102461522808,0.004943495365769411,1.0285142483224885,0.4728382740701948,0.45330423542431425,0.35601697649274555,0.486148191349847,0.46342240486826214,0.9330331598009381,0.7107821362359183,0.9607807312692914,0.9126941391399929,0.7682084356035505,0.9509953004973275,0.005736489115016801,0.9683202249663216
17,0.0002,0.5326863231365576,0.535943169273432,0.5473762042639517,0.5350152359610947,0.5298676712411323,1.0502452388429924,1.142876772930734,1.0543728456970685,1.0430297793662684,0.7704281005355004,0.9463501791984921,0.004906171546063823,1.0271396608012981,0.472426529441561,0.4529191979340145,0.35567408374377657,0.48580485582351685,0.46293982437678743,0.9323846101760864,0.7102232660566058,0.9602321556636265,0.9119421924863543,0.7684426392827716,0.951112415109362,0.005705576855689287,0.9678248252187457
18,0.0002,0.5317125187908323,0.5361177412098443,0.5520046912395047,0.5344612215958733,0.5282872791105003,1.0494247243910046,1.1373048580085272,1.0536660001011584,1.0422543249964007,0.7709925493805458,0.946534198519351,0.0050251595809134965,1.0268880759968477,0.47199726530483793,0.4525155850819179,0.3553322468485151,0.48542075072016033,0.4624625103814261,0.9317211423601423,0.7096905963761466,0.9596691387040275,0.9111737268311637,0.7688817296709333,0.9511855840682983,0.005717412768197911,0.9671960387911115
19,0.0002,0.5311606867983736,0.533882677088669,0.5417332109475997,0.5347266792929372,0.5272422849938989,1.0488875784297538,1.1391292636418948,1.0530800980229797,1.0416870054141032,0.7710013902000782,0.9464758118293894,0.0052353933474166585,1.0255367753638234,0.47162539192608427,0.45216614859444754,0.3550234990460532,0.4851009505135672,0.4620364691529955,0.9311229501451764,0.7091892446790423,0.9591797930853707,0.9104636311531067,0.7690573760441372,0.9512441328593663,0.005694221505629165,0.9666636330740792
20,0.0002,0.5305481537476914,0.5331796471067718,0.5414968536019775,0.5333042831853217,0.5274270745753212,1.0479853877619802,1.1387899454644868,1.0525938677774913,1.0403499389685493,0.7713145717568354,0.9465253503015089,0.005148436414269872,1.0249598337647983,0.4712694457599095,0.4518066474369594,0.3546188345977238,0.48477361457688467,0.461653539112636,0.9305412684168134,0.7086466210229057,0.9586897577558245,0.9097897325243268,0.7693501199994769,0.9512880614825657,0.0056602379440196925,0.9661546008927482
21,0.0002,0.5292428624321175,0.5318284596357227,0.5401451795312179,0.5318137563310696,0.5263084571424588,1.0470674123174746,1.1320683805928382,1.0512715702885496,1.0400298738312348,0.7714649694903889,0.9466439012701423,0.005110478811081613,1.0239539385742582,0.47093974692480906,0.45156828846250263,0.3546923909868513,0.48451708470072063,0.4612375242369516,0.9299823641777039,0.7085156611033848,0.9582081522260394,0.9091393010956901,0.7696575011525836,0.9513173273631504,0.005584260448813438,0.9655400088855198
22,0.0002,0.5290318178088358,0.5313645345226726,0.5376401081705376,0.5325175531799575,0.5252591125622866,1.0460798329941594,1.1371049075852326,1.0506627952093957,1.0384627353868419,0.7721391057427741,0.946815538650838,0.004885643117503739,1.0235747073189478,0.4706107590879713,0.4512245399611337,0.3542353170258658,0.48423617652484346,0.4608645353998457,0.9294489026069641,0.7079329405512128,0.957759405885424,0.9085222738129752,0.7699502280780247,0.9514198047774178,0.005577580537647009,0.9651344077927726
23,0.0002,0.5270834211330445,0.529299923232357,0.5345331498467465,0.5310883606953423,0.5228303433493929,1.0452480026663025,1.1327621007827702,1.0505098579255427,1.0370690404435974,0.7724381304083164,0.9472278050969758,0.004526632460496648,1.0210405268414369,0.470301410981587,0.45092202935900005,0.35389973861830576,0.48398647563798086,0.4604961063180651,0.9289554868425641,0.7075223071234567,0.9573528000286647,0.9079392296927316,0.7702576092311314,0.9514929737363543,0.005534898622759751,0.9647395781108311
24,0.0002,0.5258174930079461,0.5274032944289658,0.5299744372327972,0.5297974627917352,0.5216988939822074,1.0447559462839118,1.1293076064479846,1.0498262105989122,1.0368671489932766,0.7727530905187805,0.9471534883982416,0.004763785373978417,1.0201790146228114,0.4699641934462956,0.45057168177195955,0.3534156892980848,0.48372301885059904,0.46009007522038053,0.9284599338259015,0.707016374383654,0.9569649355752128,0.9073360221726554,0.7703015208244324,0.9515661682401385,0.005435623893780368,0.9643275312014988
25,0.0002,0.5255775569228951,0.527710070609403,0.5333181928121522,0.5288864639534927,0.5220106658553408,1.0435013200743932,1.1339758987112811,1.0483754700219639,1.0356113557164501,0.7730574304196748,0.9472348776239353,0.004716669760342372,1.0198816035286646,0.4696676220212664,0.45029155697141376,0.3531328780310495,0.48349509068897795,0.4597247328077044,0.9280044521604266,0.7068179420062474,0.9565975069999695,0.906784006527492,0.7701990519251142,0.9515515310423714,0.005328527718250241,0.9639804107802254
26,0.0001,0.5243612870742872,0.5269015830591184,0.5330857191610774,0.5287747189474955,0.5196569311059107,1.0429928832226552,1.126790799711179,1.0486120075646825,1.0345806822992953,0.7731777441803983,0.9473658215658638,0.004370328495168382,1.0188521625091111,0.4695160176072802,0.4501342645713261,0.35291723694120136,0.4833762901169913,0.45954220635550364,0.9277814115796771,0.7066732048988342,0.9564135840960911,0.9065196173531669,0.7701990604400635,0.9515222481318882,0.005303714823509965,0.9638187885284424
27,0.0001,0.5247350983277438,0.5248838656346217,0.5215180643300912,0.5285350315260746,0.5210424199885313,1.0433220136699584,1.1272234620111283,1.0481566747844508,1.0356906390293057,0.7734095329409731,0.9473746666957157,0.0047039461114302605,1.0186132001220634,0.4693791823727744,0.45001628569194246,0.3528482403073992,0.48326907413346426,0.45937364442007883,0.927556940487453,0.7065111739294869,0.9562265276908875,0.9062550153051104,0.7703600781304496,0.9514929737363543,0.005291696238730635,0.9635545866830009
28,0.0001,0.5241766290541153,0.526426730224138,0.532751870618533,0.5272805472354405,0.5207868751743582,1.0425777917801209,1.1298571725311115,1.0475009993418318,1.0347450196710846,0.7738890391520661,0.9474755148918514,0.004437750740418049,1.0183365871567889,0.46925113030842375,0.4498969997678484,0.3527282774448395,0.48317750862666536,0.45920863321849276,0.927347583430154,0.7063670413834708,0.9560500042779105,0.9060110194342477,0.7704478928021022,0.9515076109341213,0.005250351237399238,0.9633924450193133
29,0.0001,0.5234274636135832,0.524226831926633,0.5235791343711096,0.5272803150893416,0.5195694924430209,1.0427331263093902,1.1268934508754445,1.0475247628741566,1.0351360991267469,0.7734325478286661,0.9476347611005796,0.004444303208156914,1.0179522839096902,0.46909446375710623,0.44972044229507446,0.3524430010999952,0.48304366213934763,0.4590333529881069,0.9271422454289028,0.7062312705176217,0.9558753371238708,0.9057729584830148,0.7706381593431745,0.9514929822513035,0.005218099802732468,0.9633154954229083
30,0.0001,0.5233098653060194,0.5232615558379287,0.5179993860540169,0.5281132321324273,0.5186835337958977,1.042458322391726,1.1286242535097561,1.0475894259685963,1.034455138158618,0.7735192361742628,0.9472826407590044,0.004550953678021322,1.0173852821008875,0.4689711034297943,0.4496165428842817,0.35238768798964365,0.4829524542604174,0.4588758817740849,0.9269391979490008,0.7061274988310677,0.9557034628731864,0.9055351529802594,0.7708284599440438,0.9514344334602356,0.005187114767198052,0.9630675315856934
31,0.0001,0.5229589889420089,0.5226868636146212,0.5174483445548909,0.5268332901769114,0.5192684659395614,1.0416232668832386,1.1347238259963968,1.0466044484378838,1.03353882627235,0.7737970305531332,0.9475409803490863,0.004464778437742062,1.0172186360060687,0.4688316966806139,0.4494775789124625,0.35223125985690523,0.48283123544284273,0.4587190534387316,0.9267304454530988,0.7059872916766575,0.9555287531444004,0.9052899565015521,0.7708284429141453,0.951463690825871,0.0051897371054760045,0.9628431030682155
32,0.0001,0.5216568975723954,0.5229139741021623,0.5236884916529936,0.5260120847066929,0.5172340913328427,1.04129176202878,1.1314643943432017,1.0470266568615703,1.0325511336905597,0.7735475509538563,0.9476259106310779,0.004441777430675799,1.015594825832122,0.4686870447226933,0.44927172149930683,0.35176380617277964,0.48268744349479675,0.4585840744631631,0.9265461734363011,0.705865204334259,0.95538501228605,0.9050633992467608,0.770696725164141,0.9514051675796509,0.005187589675188065,0.9629057475498745
33,0.0001,0.521277735507366,0.5202322584902088,0.5118345524482449,0.5250212096293038,0.5178491328770061,1.041595420030665,1.1322177980181596,1.0471799849370205,1.0329900924669235,0.7738501108857149,0.9476878420121594,0.004517496960550241,1.0154967895727574,0.46855067781039644,0.4491093414170401,0.3514746768133981,0.4825663907187326,0.45843738317489624,0.9263607008116586,0.7057198796953473,0.9552371416773114,0.9048387493406024,0.7707699026380267,0.9514344419751849,0.005154855881950685,0.9628583788871765
34,0.0001,0.5207984155728504,0.5214283178448356,0.519462677252595,0.5252166067145029,0.5164248897009004,1.040699544688913,1.1349451899592837,1.046048468727713,1.0322089735649755,0.7736979487517429,0.9478630100593526,0.004414886154580702,1.015193732377972,0.4684139447552817,0.44893744587898254,0.35114300676754545,0.48243896876062664,0.4582978274141039,0.9261881283351353,0.7056450758661542,0.955104376588549,0.9046227591378349,0.7706967081342425,0.9514051420348031,0.005106362647243908,0.9628785848617554
35,0.0001,0.5205474680845504,0.5194938462679926,0.5110823074772881,0.524271067322362,0.5171394755694909,1.0408780676444929,1.1325578588893848,1.0471184016303379,1.0315821201043456,0.7739686631410108,0.9475569060797056,0.0043020820141108015,1.0147663709992534,0.46828613536698477,0.44879103558404104,0.35089966654777527,0.48232788699013845,0.4581572115421295,0.926010685307639,0.7055529441152301,0.9549679500716073,0.9044016769954136,0.7707259995596749,0.9513466102736337,0.0050748734335814205,0.9628063014575413
36,0.0001,0.5189206221910405,0.5162651429000058,0.5006156917108565,0.5230330650670041,0.5154182068155189,1.0403535029917745,1.1306227502215571,1.0456793464265897,1.0320185634553336,0.773901423569055,0.9478683257450365,0.004095043203227033,1.0129388137501893,0.4681413003376552,0.4485962050301688,0.3504797433103834,0.4821937935692923,0.45801112055778503,0.925840037209647,0.7053883756910052,0.9548328689166478,0.9041963304792132,0.7707113538469587,0.9513173188482013,0.005074983728783471,0.9627846309116909
37,0.0001,0.5186961634668606,0.515766148688146,0.4984443482681023,0.5232853350675369,0.5147820012156409,1.040508513121237,1.1292525100759474,1.045759754314721,1.0322991533981938,0.774244698652112,0.9478577040236381,0.004350243262031618,1.0129964883689035,0.46800632561956135,0.44841853209904264,0.3501084957803999,0.48207048007420134,0.4578719309398106,0.9256640842982701,0.7052101578031268,0.9546953524862017,0.9039812173162188,0.7707845568656921,0.9512441413743156,0.0050761656436536995,0.9628132155963353
38,0.0001,0.5199472595084633,0.5198500943196765,0.5148715954726282,0.5242832188855875,0.5157805091133004,1.040163057145079,1.1294575128694258,1.0461899078799402,1.0311596402591843,0.7738076499907056,0.9476896011050945,0.004270480767031151,1.0146873028163839,0.467874322618757,0.44823711684771944,0.3496979262147631,0.48195606044360567,0.45773161734853474,0.925515523978642,0.7051253574235099,0.954590916633606,0.9037861909185138,0.7708138057163784,0.9512148584638324,0.005020670060600553,0.9629637002944946
39,0.0001,0.5193855576237278,0.5195093653649816,0.5158748090170682,0.5233396608090954,0.515548561112146,1.0399970891857817,1.1271728800878098,1.0456860055810235,1.0314021479806834,0.774076591551915,0.9479214071391148,0.004240220689043378,1.0138663078602494,0.46774465697152273,0.44805439029421124,0.3492775729724339,0.4818369746208191,0.4576013045651572,0.9253727112497602,0.7050217475209918,0.9544865148408073,0.9036043286323547,0.7708577173096793,0.9511563181877136,0.004963275178202561,0.9631152663912091
40,0.0001,0.5183393636460054,0.516651109367593,0.5048070269794125,0.5227536515358391,0.5143762202888197,1.0400527201661276,1.129285921036586,1.0462075206825556,1.0309235451353993,0.7740182067597806,0.9479833309932201,0.004028583298544352,1.0134468804290986,0.4676053992339543,0.4478497249739511,0.3487932767186846,0.48169815966061186,0.45747327378817965,0.925227335521153,0.7048574345452445,0.954366854258946,0.9034328375543866,0.7706381848880223,0.9511270608220782,0.004939075958515916,0.9632948466709682
41,0.0001,0.5188339334272785,0.5180525356894625,0.5106702132831055,0.5226823616947796,0.5152576559148346,1.039851840579439,1.1321444389180628,1.0454901536927632,1.0311372576053246,0.7739438941462002,0.9477727769904695,0.004381181055019497,1.0137228590375464,0.4674719444343022,0.44769807372774395,0.3485469775540488,0.4815817858491625,0.4573259140763964,0.9250726870128086,0.7047302297183445,0.9542429872921535,0.9032472116606576,0.7705649818692889,0.9511416895048959,0.0049278718153280875,0.963221183844975
42,0.0001,0.517264569072677,0.5153313632823298,0.5018383068647245,0.522253289746389,0.5127901950206746,1.0385383378153419,1.1293161668072376,1.0442745131990812,1.029776263288466,0.7742323061613154,0.9479072488004043,0.004141966355698162,1.0124887036621024,0.4673262621675219,0.447503856250218,0.3481254151889256,0.4814551728112357,0.4571706567491804,0.9249313984598432,0.7046098027910505,0.9541321481977191,0.9030746221542358,0.7704332556043353,0.9510831236839294,0.004899560340813228,0.9633412531444004
43,0.0001,0.5158780305307104,0.5126463472682338,0.49327665191049264,0.5211908862967782,0.5113185518378511,1.0396437638525182,1.1250017099102574,1.0452413267530882,1.0312011158279772,0.7736377864030651,0.9480063374211064,0.0038709861058133658,1.0110101588532787,0.4671708941459656,0.44725877046585083,0.347486070224217,0.4813104825360434,0.45702103631837027,0.9248050962175641,0.7045146226882935,0.9540416513170514,0.9029113735471453,0.7703747238431659,0.9509513974189758,0.004875697461622102,0.9636730551719666
44,0.0001,0.5166634291619528,0.5154683183993254,0.5063383381429776,0.5204968852284015,0.513173996308528,1.0384411221893812,1.1259974324889783,1.0442435098736593,1.0297199784905218,0.7740588977860555,0.9478577031229742,0.004155604039352534,1.0129826382180516,0.4670348508017404,0.44707014305250986,0.3470558822154999,0.48119139671325684,0.45687750407627653,0.9246662514550346,0.7043502586228507,0.9539383905274528,0.9027385711669922,0.770389335496085,0.950980680329459,0.004851611331105232,0.9637890543256488
45,0.0001,0.5167792521485495,0.5134723746512815,0.4943764355461853,0.5215276127497184,0.5127775469021867,1.0390278164013875,1.1250766367122282,1.0452363034936458,1.0299508482845037,0.7738253395105785,0.9479974868872715,0.004037684794159529,1.0120551498658066,0.466912852866309,0.44688097068241667,0.34656154257910593,0.4810870587825775,0.45675043548856464,0.9245467526572091,0.7042391044752938,0.9538555145263672,0.9025818961007255,0.7702868836266654,0.9509660261017936,0.0048513358591922694,0.9639861243111747
46,0.0001,0.5142832416267056,0.5098680235441478,0.48597432934330786,0.5191006297783406,0.5104094467417846,1.0388872268003062,1.1298312824350143,1.0448214806740952,1.0299214300952342,0.773949206004063,0.9481160418445589,0.0042735584204864705,1.010468596551332,0.4667801558971405,0.44668619121823994,0.3460827512400491,0.48097249014036997,0.4566112203257425,0.9244239245142255,0.7041429281234741,0.953769394329616,0.9024213297026498,0.7701551403318133,0.9508928571428571,0.004819117486476898,0.9641834923199245
47,0.0001,0.5145937732214292,0.5096948448864113,0.484666466391286,0.5185302338018587,0.5116547549729468,1.0385073099146647,1.1316947572886205,1.044203496532574,1.0297050482507533,0.774053589016183,0.9481461200917404,0.00422109866412271,1.0111256103160506,0.46662549461637226,0.4464456183569772,0.34546396136283875,0.48082931126867023,0.4564605142389025,0.9243173514093671,0.7040443675858634,0.9536975962775094,0.9022793514387948,0.7699648652757917,0.9508635742323739,0.004789558704942465,0.9644592574664524
48,0.0001,0.5139077755643172,0.5094663698288536,0.4855261516937744,0.5186631713309805,0.5100984867366661,1.038873635847634,1.1328085663507774,1.0445087613508757,1.0301074267270047,0.774108449639466,0.9481903505016518,0.00396241270044906,1.0095448180655178,0.46648318001202177,0.4462329404694693,0.3449376012597765,0.4807006929601942,0.45631690110479084,0.9242049029895237,0.703946556363787,0.9536184413092477,0.9021333200590951,0.7697599530220032,0.9508342913218907,0.0047607759146818095,0.9647100482668195
49,0.0001,0.5132902870452282,0.5072428123151941,0.4762513252026444,0.5182397137669956,0.5095755799326199,1.0390245145034995,1.1309638882223747,1.0451658326615787,1.0298183700939287,0.7732874485716843,0.9480134101732319,0.004060973687206998,1.0103193763713867,0.4663052644048418,0.44597629989896503,0.3443235627242497,0.4805430259023394,0.45613355721746174,0.9240899767194476,0.7038679208074298,0.9535385114806039,0.901981600693294,0.7696721298354012,0.9508928571428571,0.004725723527371883,0.9649228964533124
50,0.0001,0.5116913927547106,0.5052016298640951,0.4712338960466678,0.5176771207236626,0.5070543001293815,1.0386867074148114,1.1326223764301182,1.0450321702910834,1.0292098837418615,0.773359991187864,0.9480894939100427,0.004125581838263935,1.0093604543050816,0.466144289289202,0.4457319336278098,0.3437052071094513,0.48039960861206055,0.45597030009542194,0.9239900282451085,0.7038311617715018,0.9534717117037091,0.901846706867218,0.7696574756077358,0.9507025565419879,0.004669386427849531,0.9653113228934151
51,5e-05,0.5110430117561826,0.504310982168139,0.47066936022323075,0.5157378296625659,0.5076939499963636,1.0390467932593546,1.1282169166861904,1.045011819084464,1.0301093602913878,0.7736077088957147,0.9482434345655549,0.0038647472079897565,1.008943567196228,0.46606785484722685,0.4456205112593515,0.3434358664921352,0.4803312420845032,0.4558923287051065,0.9239382488386971,0.7038015297480992,0.9534374220030648,0.9017762967518398,0.7695550492831639,0.950600096157619,0.0046514274020280156,0.9654336145945958
52,5e-05,0.5117775737370791,0.5062536017610393,0.47806345116944166,0.5161861309603749,0.5084928061694501,1.0387821122883336,1.1380302283613346,1.0449569487147117,1.029299303093152,0.7736130136126,0.9481708942332013,0.003930710183096676,1.0102955257320043,0.46599438786506653,0.44549704449517386,0.34309184551239014,0.4802652427128383,0.4558201474802835,0.923897019454411,0.7037851214408875,0.9534131373677935,0.9017177309308734,0.7694818547793797,0.9505854674748012,0.004634663994823184,0.9656722460474286
53,5e-05,0.5126347248771675,0.5076175649875059,0.48092660904574,0.5176716367103444,0.5086547280412973,1.0387818346265452,1.1308800987597742,1.0450895818837964,1.029403775946488,0.7732573663036822,0.9480947942844418,0.003947541295589464,1.011392764252582,0.46590966411999296,0.4453589745930263,0.3427223094872066,0.4801840697016035,0.45574154598372324,0.9238555346216474,0.7037678701536996,0.9533901214599609,0.901657223701477,0.7695111291749137,0.9504830070904323,0.004618418802108083,0.9659323862620762
54,5e-05,0.5117175350527601,0.5053969163445609,0.4732838208876104,0.5166264954799584,0.508089625185654,1.0387013169860944,1.1306439381126965,1.044204444770741,1.0301335280931003,0.7733706078269452,0.9479072448117503,0.003742824073419019,1.0107770434149008,0.46581727266311646,0.4452057693685804,0.34230165822165354,0.480099618434906,0.45565209644181387,0.9238104564802987,0.7037428191729954,0.9533640912600926,0.901592527117048,0.7693354657718113,0.9503805552210126,0.0046034885703453,0.9661837475640433
55,5e-05,0.5116146808048873,0.5049723460104294,0.47089924718390525,0.5170825360693677,0.5075040508526052,1.0385813519752676,1.1209680927616805,1.044835518838519,1.0295810811402537,0.7729795687724884,0.9482593636093304,0.0040013444337529454,1.0107865308145543,0.4657350650855473,0.44506849561418804,0.3419253144945417,0.4800221153667995,0.4555745763438089,0.9237585919243949,0.703714098249163,0.953332211290087,0.9015198264803205,0.7692183681896755,0.9502634491239276,0.004595750144549778,0.9664228984287807
56,5e-05,0.511572894153245,0.5047086053806836,0.47105561771781396,0.5157429093743296,0.5087534029517249,1.0381460074984699,1.1287833363445012,1.0435632679569227,1.0297074784990652,0.7732927522592395,0.9481885773197612,0.0037318078109454737,1.011063273507585,0.46566167048045565,0.4449434919016702,0.3415634036064148,0.479964017868042,0.4554959663322994,0.9237104994910104,0.7036913973944527,0.9533065387180873,0.9014483434813363,0.7691598193986076,0.9502780863216945,0.004575532062777451,0.9666723779269627
57,5e-05,0.5098655993431501,0.5022866047850443,0.4648358403381887,0.5147488030368292,0.5064834396837855,1.038505109046127,1.1263869330809686,1.0449115484390012,1.0291693186476882,0.7732042954280707,0.948215119078297,0.003844776742674985,1.0085004370918933,0.4655830647264208,0.44481052671160015,0.3411845437117985,0.4798981079033443,0.4554151041167123,0.9236669625554766,0.7036791869572231,0.953281044960022,0.9013861077172416,0.7688963498388018,0.9502195545605251,0.004552244009183986,0.9669584291321891
58,5e-05,0.5087183491481168,0.49952359532126206,0.4552633083966765,0.5135269088160972,0.5056915717934249,1.038651563866487,1.1301381981379266,1.0446264360701143,1.0296272598146685,0.7729530375002528,0.9481461178400808,0.003874132734263131,1.008128005591072,0.46549964376858305,0.44465201667376925,0.3406951299735478,0.47982595222336905,0.45533336060387747,0.9236404470035008,0.7036760023662022,0.9532717296055385,0.9013415234429496,0.7687500034059797,0.950131722858974,0.004537975149495261,0.9673882722854614
59,5e-05,0.5110117800803167,0.5054501495487421,0.47775118883660983,0.5148010350084279,0.5083312635414033,1.038626519011216,1.132185792704241,1.044404088067674,1.029730469358334,0.7728167891952712,0.9479851084210972,0.003461082181222315,1.011081455401067,0.46541666984558105,0.4444758040564401,0.3401158707482474,0.4797480744974954,0.4552619159221649,0.9236265080315726,0.7036782843726022,0.9532772047179086,0.9013071230479649,0.768471896648407,0.9500000051089695,0.0045108551691685405,0.9679761273520333
60,5e-05,0.51022631106863,0.50311343572105,0.4676850442782133,0.51507604289428,0.5067946481595346,1.0384596004977589,1.1310732896046194,1.044873049113793,1.0289587090611136,0.7724805980261377,0.948142569674972,0.0036273271932793882,1.0109299360837283,0.4653376511165074,0.444340671811785,0.33973346437726704,0.4796766596181052,0.45518545167786734,0.9235868198531014,0.7036541104316711,0.9532546741621835,0.9012502517019,0.7683694277490888,0.9499268020902362,0.004496419735785041,0.9682707871709552
61,5e-05,0.5099371106188425,0.5026456292616118,0.4663329492597019,0.5149037062446298,0.5064239381489339,1.039180019290397,1.1271399951148406,1.0458804055027104,1.0295474034866254,0.7719816312362745,0.9480664990621197,0.003567211479241359,1.0112320551084817,0.46525699325970243,0.4441908001899719,0.33927870648247854,0.4796052319662912,0.45510817425591604,0.9235502226012093,0.7036317586898804,0.9532384276390076,0.9011925884655544,0.768237692969186,0.9498682447842189,0.004474849972341742,0.9686749918120248
62,5e-05,0.5089678643396978,0.5009233322390594,0.46136307233871154,0.5139696615422924,0.5055529210159603,1.0383348318929615,1.134815653594069,1.0444532214662414,1.029000181284584,0.7728079440975858,0.948068255710396,0.0035242873625462917,1.0105726334190472,0.4651700258255005,0.44403759070805143,0.33883906262261526,0.47952207922935486,0.45502905760492596,0.9235084823199681,0.7035964897700718,0.9532153691564288,0.9011316214288984,0.7680620465959821,0.9497804301125663,0.0044641624470906595,0.9690225890704564
63,5e-05,0.5079207313877792,0.4983733304114324,0.45280844484608174,0.5125405028325702,0.5051379036208583,1.038737407904088,1.1250708351505814,1.045573598554954,1.0290234377110126,0.7719497692565691,0.9481991951168388,0.003974606894173786,1.0099637949074274,0.4650891593524388,0.44390385491507395,0.33847515497888836,0.479445572410311,0.45495339802333284,0.9234636085374015,0.7035527059010097,0.9531853369304112,0.9010724255016872,0.7678571343421936,0.9497804386275155,0.004450025036931038,0.9692918232509068
64,5e-05,0.5081803052089565,0.5007137787773104,0.4633941295593414,0.5133946349797092,0.5044587467788556,1.0380622687625423,1.1304257188175282,1.0444895914291858,1.028556216232724,0.7721992630413013,0.9480134147087176,0.00402207768995152,1.0100849689307627,0.4650095658642905,0.4437554691519056,0.33802098461559843,0.47937864490917753,0.45487317017146517,0.9234222514288766,0.7035085984638759,0.95315854038511,0.9010160991123745,0.76772540807724,0.9497218813214984,0.0044206323634300914,0.9697077359472003
65,5e-05,0.5075979281037933,0.49821663131214644,0.4530528536758999,0.51250942420522,0.5045045005972811,1.0393259580303897,1.1300601903258694,1.0456058765770098,1.0300215070979761,0.771500357086441,0.9479090166426452,0.0035105782384590657,1.0102871665746151,0.46491536498069763,0.4436049205916269,0.3376207479408809,0.4792935379913875,0.45477997405188425,0.9233766453606742,0.7034787705966404,0.9531300493649074,0.9009532417569842,0.7675790360995701,0.9496487123625619,0.004396253398486546,0.9699839694159371
66,5e-05,0.5068979244005725,0.497545930255894,0.4514919053974244,0.512773593374027,0.5028691331695623,1.039229789812116,1.1353186316832427,1.0455976204169612,1.0296589308536446,0.7721585771295102,0.9480417178440146,0.0036987641626450183,1.0096735253696885,0.46482540879930767,0.4434479134423392,0.3371679016521999,0.4792129567691258,0.4546928107738495,0.9233307497841972,0.703415402344295,0.9531038233212062,0.9008886218070984,0.7674765842301505,0.949546251978193,0.004383076847131763,0.9703493544033596
67,5e-05,0.5068338566449161,0.4980971077552565,0.45546446612765196,0.511951003181439,0.5034290013670986,1.0397736753763795,1.132756646105359,1.0455563166819581,1.0308915006426045,0.7715392813319717,0.9479072423992579,0.0037696363467972422,1.0099717576440708,0.46473481399672373,0.44330967324120657,0.3368071360247476,0.4791400602885655,0.454593973500388,0.9232732398169381,0.7033998710768563,0.9530634369168963,0.9008124555860247,0.7673448409352984,0.9494437915938241,0.0043537673939551625,0.9706233825002398
68,5e-05,0.5075649275241899,0.4983324686128644,0.4535815216243042,0.5126867404964507,0.5042426147720843,1.039160525354899,1.1349350990505394,1.0458523746573853,1.029276033381932,0.7720152455217698,0.9480576447004636,0.003910179548755241,1.0108793517800838,0.4646458753517696,0.44312157801219393,0.3361893083368029,0.4790581635066441,0.4545154997280666,0.9232484783445086,0.7033876606396267,0.9530530912535531,0.9007724012647357,0.7670813884053912,0.9493705800601414,0.0043324231436210016,0.9712444118091038
69,5e-05,0.5079170306244865,0.49854182465232133,0.45324223276672015,0.5129819702793312,0.5046746103556428,1.0386690135524521,1.133918573775294,1.0447010980447562,1.0294621422428476,0.7712632572721676,0.9478506355496658,0.003680273341527636,1.0127362346108773,0.46454458577292307,0.44296620573316303,0.33580017941338675,0.47895983713013784,0.45442081349236624,0.9231915814535958,0.7033167481422424,0.9530093925339835,0.9007027234349932,0.7669935737337384,0.9493559428623745,0.004318177633519683,0.9714379055159432
70,5e-05,0.5049609233415648,0.49288280751341046,0.4365741529467295,0.5095377675404886,0.5026636097280643,1.0394258796364568,1.13058042770711,1.045112260856052,1.0307008905534287,0.7719373958405455,0.9482257425045234,0.0035516624374107063,1.0082856815567676,0.464437084538596,0.44276409489767893,0.3351926462990897,0.4788539579936436,0.4543286306517465,0.9231583476066589,0.7032683406557355,0.9529959900038583,0.9006500158991132,0.7667593870844159,0.9492827909333366,0.004291873225676162,0.9719100849969047
71,5e-05,0.5061306429758499,0.4954007691424792,0.4443504641780452,0.5111724348307557,0.5031481709791658,1.039415173509992,1.1312720831895737,1.0458390080665037,1.0299293620163084,0.7715870624481506,0.9478347075995535,0.0035716285264391916,1.0104757839129284,0.4643335853304182,0.44260489514895845,0.33478707926613943,0.478759161063603,0.4542262383869716,0.923098759991782,0.703193085534232,0.9529493280819484,0.9005781667573112,0.7666422895022801,0.9491949932915824,0.004303350445947477,0.9721730606896537
72,5e-05,0.503840956666054,0.4909919456443591,0.43114856802252777,0.5086536526486993,0.5014513523850129,1.0393829448314467,1.131619169592407,1.045249670792192,1.0304415698509504,0.7707094505421226,0.9479603258198297,0.0035273634809905165,1.008981196222856,0.46423281942095074,0.4424438646861485,0.33436296241624014,0.47866434284618925,0.45413030471120563,0.9230442728315081,0.7031064374106271,0.9529084392956325,0.9005117586680821,0.7664812632969448,0.9491510731833321,0.004305020706462008,0.9724991747311184
73,5e-05,0.5049878883477616,0.4933261156918484,0.4392948264826071,0.5090874742798978,0.5030780133690245,1.0396957011783825,1.1325660553804553,1.0453651656798266,1.0309307891101498,0.7705289629492577,0.9477833962350425,0.0037931528871479915,1.0101571769503344,0.46414612020765034,0.4422637564795358,0.3337740940707071,0.4785879594939096,0.4540498810155051,0.923021708215986,0.7030973945345197,0.9529013463429042,0.900472709110805,0.7660860845020839,0.9491071615900312,0.004258320068142244,0.973163902759552
74,5e-05,0.5037218406595414,0.4902186548780636,0.42669533110282515,0.5093809424769344,0.5006303521535619,1.0394430946994972,1.129054705098199,1.0457169700170683,1.0301822263102112,0.770390945418873,0.9478771699420581,0.003586718165735361,1.009682644751673,0.46404009205954416,0.44207409024238586,0.3332136571407318,0.4784948102065495,0.4539464328970228,0.9229871034622192,0.7030687161854335,0.952884350504194,0.900420606136322,0.765807969229562,0.9489900554929461,0.004216575995087624,0.9736866269792829
75,5e-05,0.50326839390151,0.4908732526442584,0.4324719920971557,0.5085494361950523,0.5003471191162299,1.0390347898553272,1.1250882062536283,1.0451677106743045,1.0300333507628423,0.7706351249975831,0.9477055313390329,0.003606488074528338,1.0102959680222718,0.4639263536248888,0.44188826850482393,0.3327174697603498,0.4783843755722046,0.45384194595473154,0.92293895142419,0.7030276656150818,0.9528502481324332,0.9003573996680123,0.7656469430242266,0.9489461353846959,0.004194995454911675,0.9741215280124119
76,2.5e-05,0.505023398096344,0.49715797740642403,0.4584106474198075,0.5099783304634444,0.5016222530548725,1.0395586552390907,1.1376190828556507,1.0453520388906863,1.0304967544880417,0.770302471153426,0.9478736368630682,0.003465843515614368,1.0118869895299447,0.46387275627681185,0.44178843923977446,0.332418360880443,0.47833292399133953,0.4537942920412336,0.9229166167122977,0.7030176605497088,0.9528377907616752,0.90032559633255,0.7655591283525739,0.9489314981869289,0.004187157577169793,0.9744172777448382
77,2.5e-05,0.5024849019916522,0.49021044376728923,0.43258719288588726,0.5075153186716264,0.49978442794879063,1.0391353417652334,1.1357338975972249,1.0450088448352062,1.0300417733848641,0.77020516980357,0.9480735696912519,0.0035178780406703433,1.0093227965858778,0.46382371868406025,0.441699709211077,0.33215849314417156,0.4782853978020804,0.45375104887144907,0.9228931069374084,0.7029918687684196,0.9528228385107858,0.9002937419073922,0.765515216759273,0.948785126209259,0.004188192076981068,0.9746651819774083
78,2.5e-05,0.5038064839675243,0.4914375221446213,0.4338695289827461,0.5084016990867487,0.5015424911517808,1.039049709061964,1.1322844301888702,1.0452927959267668,1.0296987458556908,0.7693646975420516,0.947696691227165,0.003597529911744236,1.0122992837679945,0.4637723777975355,0.4416417309216091,0.3320640708718981,0.4782418736389705,0.4536931983062199,0.9228488292012896,0.7029468161719186,0.9527839337076459,0.9002433163779122,0.7654713221958706,0.9487997889518738,0.004187691225005048,0.9746434773717608
79,2.5e-05,0.5030632439942471,0.49013228702403633,0.4290563283066973,0.5087151193194176,0.49987819136250555,1.0381484573040534,1.1294141035110836,1.044851896831041,1.028402780720947,0.7703821005463536,0.9481567288178466,0.0031536936112094007,1.0101491365314366,0.4637258265699659,0.44157560808318,0.3319076086793627,0.47820192149707247,0.45364372219358173,0.9228156634739467,0.7029139825275966,0.9527570690427508,0.9002046925680978,0.7655005965914045,0.94882903780256,0.004188484911407743,0.9747138449123928
80,2.5e-05,0.503282375581446,0.4905252257071504,0.4312025404304539,0.5079725667456325,0.5009947507302953,1.039462261887029,1.1322872005021063,1.0451509219790818,1.0306794982437695,0.7699839844294516,0.9478240862963203,0.003553844701862631,1.0104188098176647,0.46367618441581726,0.4414867503302438,0.33164264474596294,0.47816035577229093,0.45359342864581514,0.9227937119347709,0.7028837714876447,0.9527434195790973,0.9001744389533997,0.7653834904943194,0.9488144261496407,0.0041749366958226475,0.9749447277614048
81,2.5e-05,0.501026768412258,0.48732351547502145,0.42358863284571135,0.5060765649329245,0.4985583277084476,1.040045897316045,1.1321379345813058,1.0459330186159368,1.0310890671374409,0.7697486634905507,0.9478559363422301,0.0034266118336161344,1.008962507159145,0.4636202113968985,0.44141460742269245,0.33149610672678265,0.4781097045966557,0.45353508421352934,0.9227518439292908,0.7028468762125287,0.9527077674865723,0.900125869682857,0.7652371185166496,0.9487558688436236,0.004173973176096167,0.9749999642372131
82,2.5e-05,0.5018359540895841,0.48844043242243,0.42656927245794213,0.5063615683536561,0.49981928646918317,1.0395773610937487,1.1229049769273913,1.0457933765775245,1.030583880974419,0.7702087032685586,0.9479585618375767,0.003545911547652995,1.0091764997355177,0.4635755888053349,0.4413190015724727,0.3311778349535806,0.47807074444634573,0.45349355254854473,0.9227351546287537,0.7028218252318246,0.9526979582650321,0.9001028282301766,0.7651493038449969,0.9487412231309074,0.004163216134267194,0.9753749029976981
83,2.5e-05,0.5039550863885905,0.4928625442180129,0.44134540105599424,0.5079714506944965,0.5020257602076368,1.039051625481568,1.1304586729164452,1.0451322148055948,1.0299239800996671,0.7698848942004213,0.9478523985990883,0.0030923243509017482,1.0118559111920937,0.46353366545268465,0.44121165360723225,0.33078708818980623,0.4780329040118626,0.4534592500754765,0.9227241277694702,0.7028080565588815,0.9526973707335336,0.9000810214451381,0.7650761093412127,0.9486094968659537,0.004153599363884756,0.9759051118578229
84,2.5e-05,0.501134009922252,0.48666969816619104,0.4192082851208421,0.5066417790687991,0.49835716444482303,1.0395498671083918,1.1349867379350143,1.0463110742797996,1.0296076889367471,0.7702794788466617,0.9479072414664275,0.003598473387123505,1.0091849140263993,0.4634774199553898,0.4411185256072453,0.33053151198795866,0.47798105222838266,0.45340563569750103,0.9226963434900556,0.7027662481580462,0.9526783313070025,0.9000449180603027,0.7650029403822762,0.9485802054405212,0.004148306857262339,0.9761183091572353
85,2.5e-05,0.5021360897078619,0.48922771559621087,0.4290974683460518,0.5069808915892744,0.49972588775998117,1.0391372112859858,1.1305716482935502,1.0452182467281015,1.0300082564032278,0.7690833747805098,0.9477426871633247,0.0032105065527368542,1.0111667960640938,0.4634227624961308,0.4410308173724583,0.3302979128701346,0.47793161443301607,0.45335136566843304,0.9226668306759426,0.702732401234763,0.9526563457080296,0.9000084825924465,0.7648565684046064,0.9485070279666356,0.00414169134039964,0.9763371688979012
86,2.5e-05,0.5019058592726073,0.4880180619918393,0.42420479069834327,0.5062828714855284,0.5001188529161782,1.040071237975047,1.1251076404236486,1.0461524167513758,1.0311551561113699,0.7692355283260088,0.9478364746054635,0.003296040708960084,1.011120089954514,0.46336999109813143,0.4409516964639936,0.330099744456155,0.4778856209346226,0.45329646127564566,0.9226321748324803,0.7027113948549543,0.9526300345148359,0.8999651159558978,0.76479800258364,0.9484923907688686,0.004125859255769423,0.9765059011323112
87,2.5e-05,0.5023448851001758,0.4885118510262489,0.425765990213774,0.5059297175678895,0.5013126284768629,1.0403795441098942,1.135405597143796,1.0462779662317028,1.0313138989776904,0.7690072717759265,0.947953256187861,0.0034504295794189747,1.0117047807363582,0.4633214260850634,0.4408700977052961,0.3298648936407907,0.47784834674426485,0.45324316195079256,0.9225974338395255,0.702680936881474,0.9526044981820243,0.8999212895120893,0.764783365385873,0.9485216736793518,0.004110480525663921,0.976730934211186
88,2.5e-05,0.5002440266910271,0.4851364090966329,0.41429334554039204,0.5063590636719129,0.4969939923389371,1.0394286249241054,1.1355707088934688,1.0458688574485757,1.029783935657528,0.7694514044799228,0.9476754536065165,0.0033272374624912153,1.0098790250722613,0.4632685993398939,0.44078509296689716,0.32963227374213083,0.47780574219567434,0.45318582228251864,0.9225614752088275,0.7026446802275521,0.9525736400059291,0.8998797280447823,0.76479800258364,0.9484777706010001,0.0041005476377904415,0.9769255093165806
89,2.5e-05,0.4986819458599677,0.48251803091456297,0.40774499844102297,0.5042525140967681,0.49614257271780043,1.0398049475499507,1.1243025423125583,1.0461434079580416,1.030649997386428,0.7690745167196987,0.9479850968089673,0.002982564314034317,1.008494106004255,0.4632216989994049,0.44072411741529194,0.3294973884310041,0.47777198042188374,0.45312879766736713,0.9225175551005772,0.7026036381721497,0.9525358506611415,0.8998298134122577,0.764827276979174,0.948507044996534,0.004096161773694413,0.9769873704229083
90,2.5e-05,0.500612068678068,0.4866903029900915,0.42128711974241256,0.5063619117960696,0.4975063672788839,1.0394279832011355,1.1352173150132556,1.0452090142806414,1.0304540741205601,0.7689312020959046,0.9475692920728561,0.003464676523948047,1.010765294287569,0.4631639676434653,0.44063758850097656,0.3292822539806366,0.4777195623942784,0.45307117274829317,0.9224813154765538,0.7025560992104667,0.9525072574615479,0.899786080632891,0.7647101964269366,0.9484484706606183,0.004093702616436141,0.9771335891314915
91,2.5e-05,0.50130025060577,0.48672779682064726,0.4199887707113769,0.5056835989403969,0.49962744206849524,1.040098375072366,1.136057274636229,1.0462156020173239,1.0307824452117655,0.7692992294149918,0.9477267727231696,0.0038937869221739784,1.011369670846304,0.4631087950297764,0.4405633381434849,0.3291157398905073,0.4776747397014073,0.4530093925339835,0.9224396773747036,0.7025032213756016,0.9524722950799125,0.8997379626546588,0.7647394623075213,0.9484777535711016,0.0040838223482881275,0.9771944625037057
92,2.5e-05,0.4998026421214205,0.48393221181016705,0.4108833885408387,0.5049240237078793,0.4976450718066786,1.0399027979830697,1.1309959767511968,1.0463192136108843,1.030449997008458,0.7686480934788457,0.9479178678519778,0.0036824300847002707,1.0102131407581274,0.463058808020183,0.44048482179641724,0.3289079453263964,0.47763210960796904,0.4529572640146528,0.9224079762186322,0.7024790304047721,0.95244790826525,0.8996991430010114,0.7645930988448006,0.9484484962054661,0.004071718946631465,0.9773731657436916
93,2.5e-05,0.49979572220872814,0.4854248809898086,0.4184940960750796,0.5051779937274509,0.497123522286922,1.0393944231484686,1.1324537968352493,1.0457618019417434,1.029924987331314,0.768809105664154,0.9478771707462222,0.0035780897441672448,1.010024609401042,0.46301089440073284,0.44038320439202444,0.32856745379311697,0.477593937090465,0.4529091375214713,0.9223894391741071,0.7024660706520081,0.9524362938744682,0.8996731213160923,0.7644320896693638,0.9483167614255633,0.004050814280552524,0.9777844207627433
94,2.5e-05,0.49935557577845474,0.48483618059739897,0.4167944464050495,0.5051916307908937,0.4962715630073259,1.040450916763775,1.1314651221117327,1.0471821648972908,1.030685993895554,0.769056823629337,0.9478258628878669,0.0033558498308086677,1.0095495638561711,0.46295796973364695,0.440287138734545,0.32828268834522795,0.4775451932634626,0.45285993814468384,0.9223662189074925,0.7024542348725455,0.9524191788264683,0.899643966129848,0.7643588951655796,0.9482289126941136,0.004035975917109421,0.9781487158366612
95,2.5e-05,0.49822022507336094,0.48203012062547274,0.4084766149295708,0.5025260143034277,0.49690596436849493,1.0399630427424869,1.1326059963467696,1.0454857406973903,1.0313519252613952,0.768593245915188,0.9476878445854846,0.003503531303017511,1.0100382630141824,0.4629032484122685,0.4402203645024981,0.32815396785736084,0.4775003748280661,0.45279798763138907,0.922325108732496,0.7024498922484261,0.9523833564349583,0.8995966911315918,0.7643296207700457,0.9482435584068298,0.00402605879519667,0.9781724725450788
96,2.5e-05,0.5004835229304695,0.48567261199853384,0.41731170430996584,0.5054422567261275,0.49829709251635923,1.0406698759221027,1.1389382334252145,1.0468204578578761,1.0312435913909401,0.7686994098291742,0.9477550793646222,0.0033473528425786714,1.01130019370376,0.4628453552722931,0.4401263083730425,0.32789688876696993,0.4774505112852369,0.4527388725961958,0.9222947699683053,0.7024173140525818,0.9523594975471497,0.8995591487203326,0.7641978774751935,0.9482289212090629,0.004013890200959784,0.9783922348703656
97,2.5e-05,0.49843455073451326,0.481905757190727,0.4070149796175043,0.5026392374274156,0.49727713024365344,1.0399095837451031,1.1376002620698566,1.0456899061308509,1.0308727917964562,0.7689152789386104,0.9477887013700931,0.0035228721693930146,1.009560812568253,0.46280708057539804,0.4400198629924229,0.3274928757122585,0.47741993835994173,0.4527043529919216,0.9222792983055115,0.7023909091949463,0.952354005404881,0.8995340040751866,0.7639490621430534,0.9480679205485752,0.0039927952789834565,0.9789714983531407
98,2.5e-05,0.4993598407754625,0.4837143383216549,0.4112126521014292,0.5048721135145127,0.49678576463824403,1.0403569530166938,1.1414237718806033,1.0467158901453404,1.0306291548676962,0.7678890184524956,0.9476206092595153,0.0028823984764753583,1.0122517544516858,0.4627522144998823,0.43990910053253174,0.327141923563821,0.47736617497035433,0.45265870860644747,0.9222564101219177,0.7023594634873527,0.9523390361240932,0.8995036653109959,0.763685575553349,0.9480240259851728,0.003980802638190133,0.9793794325419835
99,2.5e-05,0.49779489197347593,0.48180670408191256,0.40806131561061076,0.5031007823272454,0.4954801568680046,1.0404842664149407,1.1382955681357716,1.0465438858728053,1.0311642620477302,0.768101342066648,0.9473162773680958,0.0030854848689458466,1.0110718987467993,0.4626971355506352,0.43984110014779226,0.327006208045142,0.47732278278895784,0.45259484222957064,0.9222080707550049,0.702315126146589,0.9522953374045235,0.8994503446987697,0.7637148754937308,0.9480679205485752,0.003980592558426517,0.9793756689344134
100,2.5e-05,0.49946469872691346,0.4846135836257461,0.41579924408834945,0.504691340089552,0.4970268689807659,1.0401432951655956,1.1351479968057088,1.0460750640435792,1.0310448724645829,0.7681756589583816,0.9474719796577017,0.003507438132110169,1.0124093932328324,0.4626364197049822,0.439733019896916,0.32668998411723543,0.47726835523332867,0.45253609333719524,0.9221778682300023,0.7022604090826852,0.9522729516029358,0.8994131599153791,0.7636416724749974,0.9480679290635246,0.0039711035788059235,0.9796398537499564
101,1.25e-05,0.49766990238437764,0.48131482065914133,0.40674245917211654,0.5022754181544329,0.49609536350706235,1.039941294927952,1.13241518721089,1.0460096739847726,1.0307905302135223,0.7680659641527319,0.9478453207324791,0.0031602180872516606,1.010366087981449,0.4626111515930721,0.4396919735840389,0.3265766842024667,0.47724794915744234,0.452508807182312,0.9221632310322353,0.7022410546030317,0.95226103918893,0.8993961896215167,0.7635684950011117,0.9480532833508083,0.003965689335018396,0.9797299078532627
102,1.25e-05,0.4977143660340512,0.48091557272948643,0.4046785507855773,0.5021045782472144,0.4964252257758839,1.0400178573997485,1.1358718352901955,1.0461875988352447,1.0306533124082744,0.7680482664625514,0.947590525158019,0.003470798341569446,1.010235005691125,0.46258565357753206,0.4396447709628514,0.32643175550869535,0.4772273174354008,0.4524825002465929,0.9221493601799011,0.7022186602864947,0.9522504721369062,0.8993794407163348,0.7634952919823783,0.9480386461530413,0.00396439027307289,0.979879983833858
103,1.25e-05,0.49924512763185497,0.48387272877109033,0.41314012230375424,0.5041827996936413,0.49717764494487293,1.0406864985413509,1.1303299350862046,1.0468493648882629,1.0315353559341163,0.7677315495429783,0.9475445278708637,0.003394361296382165,1.0124115690757824,0.46255689007895334,0.4395956056458609,0.3262920549937657,0.4772022068500519,0.4524536005088261,0.9221313680921283,0.7021881256784711,0.9522354517664228,0.8993590303829738,0.7634074943406242,0.9479947345597404,0.00396149858300175,0.9800001127379281
104,1.25e-05,0.498298819700062,0.4825048103438026,0.4105477013815691,0.5026923186767442,0.49683033726823955,1.0398712746529597,1.1327098948982557,1.0457299633149644,1.0309179165655384,0.7676359964780916,0.9477073066439168,0.0032232477343744257,1.0122491680347012,0.46252306018556866,0.4395325183868408,0.3260997406073979,0.4771723576954433,0.45242126073156086,0.9221171907016209,0.7021618911198207,0.9522253785814557,0.8993408339364188,0.76333429983684,0.9479654516492572,0.003951015549578837,0.9801795908382961
105,1.25e-05,0.49864907192013036,0.4830232084086954,0.4113540297994341,0.503449921133836,0.49675813349465453,1.0403227045673715,1.1348077475027465,1.0467435522331654,1.0307522883494995,0.7672874307349381,0.9475073734297343,0.0031021320511357277,1.01263985985109,0.46249408381325857,0.4394857542855399,0.3259718758719308,0.4771480475153242,0.4523912114756448,0.9220993689128331,0.7021388070923942,0.9522103922707694,0.8993203810283116,0.7633343168667385,0.9479215656008039,0.003944458107330969,0.9802903873579842
106,1.25e-05,0.4964221727024589,0.47919416894027494,0.3997865801267989,0.502085745495458,0.4939798955266307,1.0395432477439988,1.1285351296726973,1.0457296978764707,1.0303903657941,0.7682022123612138,0.9477710085048974,0.0036521406562298265,1.0087449485330535,0.4624696501663753,0.4394275460924421,0.32576440061841694,0.47712892293930054,0.4523672674383436,0.9220929486410958,0.7021200827189854,0.9522090383938381,0.8993085111890521,0.7632172192846026,0.9478629912648883,0.003932049231869834,0.9805801851408822
107,1.25e-05,0.49690001876497036,0.4803642039838123,0.4039345641137456,0.5025381811940213,0.4943606394307393,1.039622990942233,1.1323698242483946,1.0460718300171434,1.0300827175941714,0.7677987856731117,0.94745074300205,0.0033699537210741433,1.0106702934582685,0.4624479285308293,0.43938523530960083,0.3256300389766693,0.4771111181804112,0.45234547342572895,0.9220798867089408,0.7021101372582572,0.9521989481789725,0.8992929203169686,0.7631732821464539,0.9478629912648883,0.003927204757928848,0.9807642868586949
108,1.25e-05,0.49887382858711776,0.48205350684399095,0.40494783363404047,0.5040020257540155,0.4968763928251272,1.0400307172707333,1.1362331780754291,1.0464219021526981,1.0304329962712395,0.7678377151617924,0.9473074166374598,0.0033649137700745547,1.0129355573036576,0.46241417952946257,0.43934106826782227,0.3255411258765629,0.4770780120577131,0.45231275047574726,0.9220606429236275,0.7020847882543292,0.952183016708919,0.899270270551954,0.7631733076913017,0.947848379611969,0.00392081043017762,0.9807872261319842
109,1.25e-05,0.49662383014102013,0.48061734642200193,0.40703869811663806,0.5016971577101634,0.49453671389956505,1.0398251451612226,1.140495907018716,1.0462825166748075,1.030012058040868,0.7677704696390221,0.9478771603564218,0.003211071746171534,1.0100851817769227,0.46238199302128385,0.4392965521131243,0.3254412455218179,0.47704815438815523,0.45228063634463717,0.9220438855034965,0.7020661320005145,0.9521691373416356,0.8992513588496617,0.7630854674748012,0.947848379611969,0.003916576438184295,0.9808361189705985
110,1.25e-05,0.49784316810092216,0.4824403026782045,0.4111177603489505,0.5032179492329238,0.49535922932097287,1.0398678761588775,1.1297271849333244,1.0467609702672305,1.0299792808902244,0.7678111691894367,0.9477073108899033,0.0031211021296851864,1.01163095522107,0.4623540937900543,0.43926086170332773,0.3253665694168636,0.4770263986928122,0.4522478027003152,0.9220222575323922,0.7020509157861982,0.9521494082042149,0.8992273041180202,0.7630708387919835,0.9478629912648883,0.003917435649782419,0.9808517183576312
111,1.25e-05,0.496137249489057,0.47855595534258255,0.39829691593156785,0.5011789358376298,0.49435697229759024,1.040745896194281,1.1304500185986563,1.0467657001354342,1.0317356343920399,0.767225497842028,0.9476949161152807,0.0033721308766965262,1.010334321118276,0.4623210941042219,0.4392088609082358,0.32523018547466825,0.4769962430000305,0.45221565450940815,0.9220034650393895,0.7020239063671657,0.9521341834749494,0.8992058209010533,0.7630562015942165,0.9478629912648883,0.003915057118449893,0.9809556007385254
112,1.25e-05,0.497691922987466,0.4817399747038428,0.40873697678333865,0.5024392287504718,0.49590985177017455,1.0404021932315775,1.1431956472939822,1.0469268809700425,1.0304508794338332,0.7672254967805314,0.9477586183944265,0.0031644803328872836,1.0117767669352982,0.46228605934551786,0.43916412762233187,0.3251430647713797,0.4769623705318996,0.45218112639018465,0.921980619430542,0.7019868663379124,0.9521147608757019,0.899178785937173,0.7630415643964495,0.9478629912648883,0.003912063182464668,0.9809733884675162
113,1.25e-05,0.49845747315941535,0.48178304113443643,0.40618227673940765,0.5027466986511311,0.4972440991540632,1.0394006356379824,1.1303247218510297,1.045753451597993,1.0300172453176248,0.7675369190513541,0.947707304263591,0.0034378456540860103,1.0130536333972933,0.4622529319354466,0.4391031861305237,0.3249587629522596,0.47693340693201336,0.45214900374412537,0.9219668252127511,0.70196019751685,0.9521052326474871,0.8991620881216866,0.7629098211015973,0.9478483540671212,0.003905531418110643,0.9811731236321586
114,1.25e-05,0.49747544840677843,0.4805335124247922,0.40303289439957396,0.502486065858387,0.49561298620488536,1.040371630748928,1.1241979682310426,1.0470888890000336,1.0308602899393389,0.7673900543967904,0.9475339128722774,0.003426567126111732,1.0115128791274346,0.462230384349823,0.43905446359089445,0.3247923467840467,0.4769167389188494,0.4521253662449973,0.9219496590750558,0.7019247582980565,0.9520902718816485,0.8991426655224392,0.7629098296165466,0.947819105216435,0.0038996863711093155,0.9813722286905561
115,1.25e-05,0.4969536980872404,0.47877475376458534,0.39605702089092504,0.5019107922887519,0.49535983392372684,1.0410548489735825,1.1326407351753742,1.0476485113163478,1.0314085042225756,0.7676076819879971,0.9478046262000486,0.0035253540980662293,1.010735641025043,0.46220192313194275,0.43900669472558157,0.32465975625174387,0.4768911046641214,0.4520972754274096,0.9219328761100769,0.7018970165933881,0.9520770822252546,0.8991230981690543,0.7628219979149955,0.9478337168693542,0.0038938516351793495,0.981500336102077
116,1.25e-05,0.49559260654693926,0.478385159503558,0.3996216770255495,0.5007275371087029,0.4936568096593722,1.04083729485081,1.129751958495787,1.0476033551205317,1.0311071665558504,0.7677244695212091,0.9477426913128115,0.0035722357604433506,1.0093646156292506,0.46217091168676105,0.43894767335483004,0.32447914140565054,0.47686196650777546,0.4520695464951651,0.9219211510249546,0.7018826348440987,0.952069069658007,0.8991080692836216,0.7627780863216945,0.9478044509887695,0.003887183764683349,0.9817114387239728
117,1.25e-05,0.4958827685518517,0.4789446897913299,0.40152306336039023,0.5008342527436104,0.49407648337382726,1.0408310586223715,1.139086047443775,1.0475215828875497,1.0308649425756204,0.7666256827595295,0.9474436588951272,0.0029420049100761445,1.0119984849877315,0.46213882310049875,0.4389124299798693,0.32442628911563326,0.4768335095473698,0.4520347033228193,0.9218993016651699,0.7018692493438721,0.9520479781287057,0.8990846276283264,0.7628512808254787,0.9478190967014858,0.0038860044442117214,0.9816917521612984
118,1.25e-05,0.496422879064141,0.4794161129949933,0.40175293213087226,0.5013256467360133,0.49467567521304745,1.0394516016300859,1.1264815372965238,1.0460187424470846,1.0299832132527844,0.7676590064121335,0.9475710670560743,0.002961326700422151,1.0111935438494777,0.4621123330933707,0.4388752153941563,0.32433710779462543,0.4768125798021044,0.4520050159522465,0.9218804325376239,0.7018531050000872,0.9520318848746163,0.8990635105541774,0.7627634661538261,0.9477751765932355,0.0038828979512410505,0.9817430717604501
119,1.25e-05,0.49740329076004747,0.47926611962732724,0.39675174535318,0.5023364733343696,0.49582511267016144,1.040557278244803,1.1342892704689367,1.0467893687120593,1.0312013204716632,0.7671476453623126,0.9477586156602685,0.003141902286621666,1.0122430927999202,0.46208530238696505,0.43883893319538664,0.32425582834652494,0.47679182461329866,0.4519728422164917,0.921865735735212,0.7018565024648394,0.952019989490509,0.8990453737122672,0.7627634576388768,0.9477898223059518,0.003874249822859253,0.9818162832941327
120,1.25e-05,0.4971371622131891,0.4790263669399461,0.3973339639736779,0.5013959908318146,0.4962052054425799,1.0406247457168711,1.1311035981644055,1.0472200949386332,1.031013666972301,0.767085711697405,0.9475285984410895,0.003097110253512956,1.0126942712682938,0.4620616223130907,0.43880770461899893,0.32418544803346905,0.47677476916994366,0.4519441085202353,0.921844848564693,0.7018403240612575,0.952001324721745,0.8990223407745361,0.7628512723105294,0.9477459192276001,0.0038670022705835955,0.9818741508892604
121,1.25e-05,0.49614294631636857,0.4787530879426247,0.39960312679273274,0.5009063338982499,0.49459761450307405,1.040414000869891,1.1319928653678957,1.0463704263205407,1.0314050764890856,0.7669954799151845,0.9476931559608488,0.0035373901114515113,1.0117663960166063,0.4620319647448404,0.4387633630207607,0.3240714115755899,0.47675150632858276,0.4519110066550119,0.9218248724937439,0.7018259082521711,0.9519836987767901,0.8989991460527692,0.7628366351127625,0.9477605308805194,0.0038594824395009448,0.981959479195731
122,1.25e-05,0.49721681370454673,0.478896232952122,0.3962551221227363,0.5015275318173544,0.49627145618216384,1.0403162212032147,1.1238532067953544,1.0465679988948577,1.0312796585378425,0.7663744162432387,0.9472861884094481,0.0032554448746080437,1.013326101218181,0.4620104048933302,0.438713618687221,0.3238933725016458,0.47673732468060087,0.4518875649997166,0.921812219279153,0.7018021089690072,0.9519744174821037,0.8989839042936053,0.7627195460455758,0.9477312820298331,0.003845739444451673,0.9821970633098057
123,1.25e-05,0.49626732184574274,0.4778408710209022,0.3937521497108328,0.5015244267788438,0.49442743569918085,1.040691800524078,1.135386885981655,1.0471662695319088,1.0310609691926613,0.7672078200951178,0.9474436656501057,0.003121040157216847,1.0117002634248151,0.46199054377419607,0.43867163147245136,0.3237515560218266,0.4767229812485831,0.4518660860402243,0.9217979226793561,0.7017835974693298,0.9519625902175903,0.8989662102290562,0.7625878027507237,0.9477312735148838,0.003833162066127573,0.9824084213801793
124,1.25e-05,0.4961402402397625,0.477668276942233,0.39376595468374437,0.5010357932406249,0.49465726340904276,1.0403738808001433,1.1331146520598154,1.0463541057775037,1.0313020062909792,0.7667919993078908,0.9473445845563799,0.0031827670329537382,1.0122687473724292,0.461963278906686,0.43863422530038015,0.3236635753086635,0.47670230695179533,0.45183450409344267,0.9217812929834638,0.7017769302640643,0.9519480126244682,0.8989476391247341,0.7625585198402405,0.9477312735148838,0.0038293511606752872,0.9824771114758083
125,1.25e-05,0.49496955155554295,0.4774984512307228,0.39733363325314075,0.5003681943922254,0.4928253938620372,1.0402984500767667,1.1343392576324702,1.0470857984364772,1.0303765698760765,0.7673741325583254,0.9476400763037651,0.0031405932393630677,1.0103187766901172,0.4619343493665968,0.43858917696135385,0.3235430121421814,0.4766803639275687,0.4518012915338789,0.921767098563058,0.701772323676518,0.9519367218017578,0.898930583681379,0.7625438911574227,0.9477019906044006,0.0038241170612829073,0.9825967039380755
126,6.25e-06,0.4955875722704484,0.47761196875919604,0.39677773461879684,0.49957882518454366,0.4948899975771268,1.0413839933490083,1.1318209844219704,1.0469046989068815,1.0328485486125276,0.76681146654514,0.9475710577277705,0.0030738754722530862,1.0113449157796162,0.46192106178828646,0.43856434311185566,0.32346610512052265,0.476669294493539,0.45178820405687603,0.9217592222349984,0.7017626166343689,0.9519303951944623,0.8989212342670986,0.7625292454447065,0.9476727162088666,0.003821074164339474,0.9826956050736564
127,6.25e-06,0.4953317847595431,0.47602071967307646,0.3867566894581044,0.5019228256559346,0.49235987183987223,1.040470777398113,1.1297701881244513,1.0477780488717254,1.030186957658077,0.767356438052635,0.9476843049766821,0.003236248359587737,1.0100217856591416,0.46191152930259705,0.43853858539036344,0.32336858766419546,0.4766624357019152,0.45177882058279856,0.921753968511309,0.7017549191202436,0.9519272020884922,0.8989141668592181,0.762470713683537,0.9476580790110997,0.00381347443908453,0.9828482014792306
128,6.25e-06,0.4950062864481663,0.4780661657058543,0.4000240605197851,0.5005388230937787,0.4926397877001981,1.040658184598088,1.1353639912682485,1.0468093162604557,1.031350215833636,0.7663974136001538,0.947188878857118,0.0032202724438498407,1.0118091011845094,0.46190063442502705,0.4385098474366324,0.32325918333871023,0.4766555300780705,0.4517674914428166,0.921749438558306,0.7017476558685303,0.951924809387752,0.8989075933183942,0.7624707051685878,0.9476580790110997,0.0038059321232140064,0.9830121738570077
129,6.25e-06,0.49380790151522985,0.4742895189775239,0.385408562756331,0.499195289110018,0.4920338234963188,1.0405694423851553,1.122511508782619,1.047519778664924,1.0308875174247054,0.7669618588747106,0.9476276779586537,0.0032306308629412427,1.0090647662451508,0.461884754044669,0.4384815011705671,0.32317581347056795,0.47664151021412443,0.4517518622534616,0.9217416899544852,0.7017374634742737,0.9519182784216744,0.8988980650901794,0.7624414478029523,0.9476434332983834,0.0038023352889078005,0.9831041353089469
130,6.25e-06,0.4957074237654676,0.4765506780797317,0.3901228597533426,0.5002290790169804,0.4947052200742496,1.0405044470101,1.1240136735322215,1.0473705898152128,1.0308546702152834,0.7673458233113811,0.9476648440119131,0.0036363071740413444,1.0105689944155591,0.4618722455842154,0.43845828090395245,0.32310262961047037,0.47663336992263794,0.4517368972301483,0.9217328769820077,0.7017262237412589,0.9519122753824506,0.8988871233803886,0.7624414392880031,0.947614175932748,0.0037996097733931883,0.9831803270748684
131,6.25e-06,0.49428386213453923,0.47494837173692483,0.38611526763960274,0.50036665872825,0.4918066000398017,1.0404925503347349,1.1349109683368763,1.0464547092825802,1.031383079834005,0.7667725346761334,0.9475020678443518,0.0031039621468468307,1.0111573688802498,0.4618619978427887,0.438431305544717,0.32300126765455517,0.47662646429879324,0.4517260619572231,0.92172771692276,0.7017157077789307,0.951908426625388,0.8988806009292603,0.7623828990118844,0.9475702728543963,0.003795613135610308,0.9833276442119053
132,6.25e-06,0.49473199240272264,0.47600896102444135,0.39195182575320014,0.498757928497265,0.4941320762689604,1.0396911354561593,1.1335017460459191,1.0459628573187094,1.0302924637336444,0.766926477744138,0.9474206618920443,0.003150776238532519,1.0108965479291843,0.46185274209295,0.4384079234940665,0.32291307619639803,0.47662098918642315,0.4517160100596292,0.9217204110963004,0.7017026032720294,0.9519033942903791,0.8988710982458932,0.762324367250715,0.947540989943913,0.003793612455150911,0.9834544232913426
133,6.25e-06,0.4968657975124785,0.47920158700047477,0.3989775804204678,0.5015385382187025,0.49545598605871843,1.0406661783111333,1.137387277754461,1.0460149137251968,1.0320934084898963,0.7664522766037626,0.9472861844851272,0.003509469694383563,1.013878892642771,0.4618388669831412,0.43838636364255634,0.3228580674954823,0.4766084466661726,0.45170175603457857,0.9217102697917393,0.7016898223331997,0.9518940448760986,0.8988604545593262,0.7623536246163505,0.9475263442311969,0.0037930315759565148,0.9834991352898734
134,6.25e-06,0.4952357918651311,0.47778528295075384,0.39848639446532347,0.49989506780811727,0.4938015660368553,1.0405840866641618,1.1375568221211112,1.0464504039165334,1.0314854574538024,0.7663903454800136,0.9473835044594243,0.0032983144299924792,1.0122589505304211,0.46182531118392944,0.438366915498461,0.32281009001391275,0.4765981818948473,0.45168605021068026,0.9216982637132917,0.7016780802181789,0.9518839035715375,0.8988467880657741,0.7622511897768293,0.9475263442311969,0.0037933988496661186,0.9835355111530849
135,6.25e-06,0.49574351371846453,0.47874855950145034,0.401594174532265,0.5002105599857316,0.49441479285600953,1.0404468779942182,1.130506508683618,1.0458618682330194,1.0320299710702459,0.7665336658616229,0.9473923633887327,0.0031090122852394033,1.0131075133263454,0.461815425327846,0.43834729705538067,0.3227431412254061,0.4765933837209429,0.4516732394695282,0.9216896891593933,0.7016667723655701,0.9518771767616272,0.8988363061632428,0.7621780123029437,0.9475263442311969,0.0037893223177109447,0.9836238878113883
136,6.25e-06,0.4953891736104948,0.4769478239565364,0.39236575770365245,0.5010546609252707,0.4931577557946178,1.0406385896274095,1.1344620683871278,1.0469380740018002,1.031211593893497,0.7662576448898089,0.9472720394633747,0.003296667952075424,1.0133788240193935,0.46180401529584614,0.4383311186517988,0.3227020629814693,0.4765864610671997,0.4516582489013672,0.9216800672667367,0.7016613824026925,0.9518687043871198,0.8988254155431475,0.7622072696685791,0.9475116985184806,0.003786221878337009,0.9836534176553998
137,6.25e-06,0.49465966073487555,0.47549154299436486,0.38895323961024275,0.49923995738729426,0.4936030487466103,1.0405654461719638,1.1361261267180836,1.046916491169577,1.0310289126695715,0.7668203023145216,0.9476029152363233,0.003230728987047496,1.010761931466207,0.4617904169218881,0.43831410578319,0.3226676051105772,0.4765751532145909,0.4516433136803763,0.9216683081218174,0.7016433817999703,0.951857830796923,0.898812574999673,0.7621926239558628,0.9474824496677944,0.0037845620619399206,0.9836492453302655
138,6.25e-06,0.4955470899086801,0.47596401564829166,0.3867784084272719,0.5009621169460315,0.4937575911742188,1.0404624145094021,1.1317939145849385,1.0470878422356784,1.0307925657137496,0.7669423968806115,0.9475462908559532,0.002926488562323217,1.0119516497615602,0.4617786279746464,0.43828360523496357,0.32255459683282034,0.4765662167753492,0.45163185255868094,0.921663190637316,0.7016274758747646,0.9518552933420453,0.8988054990768433,0.7620755519185748,0.9474531582423619,0.003778988229376929,0.9838152527809143
139,6.25e-06,0.4941195406530332,0.4760468717336783,0.3946946728763488,0.4982096317389561,0.4933437048520388,1.0406703111357258,1.1440597326769677,1.0466927509338741,1.0312013833894642,0.7672644268160438,0.9477816186784991,0.0028939572870590627,1.0093296687151379,0.46176229630197796,0.4382644976888384,0.3225209436246327,0.47655259711401804,0.4516133410590036,0.9216519679341998,0.701620706490108,0.9518447177750724,0.8987933397293091,0.762119437967028,0.9474531667573112,0.003775760597948517,0.983815039907183
140,6.25e-06,0.49470278870010786,0.4760041599072962,0.3911829943342976,0.49955352256250457,0.4933026103766236,1.041530053710783,1.1356795830013813,1.047488580410119,1.0324330711068814,0.7669424036355901,0.9478063839741546,0.0030783491791665746,1.0109717696663887,0.46174564957618713,0.43823186840329853,0.32242004573345184,0.4765359716756003,0.4515995425837381,0.9216470377785819,0.701614226613726,0.9518415331840515,0.8987869109426226,0.7620316403252738,0.9474092636789594,0.0037742052227258682,0.983945872102465
141,6.25e-06,0.4941978177153221,0.4745004528030729,0.3850294036988754,0.4994209183111618,0.4926136691732401,1.0401082293638588,1.1329322677976172,1.0460935800190043,1.0310285698704893,0.7665089012414651,0.9476559922235821,0.002964523497011957,1.0115802842606998,0.4617316084248679,0.4382064768246242,0.3223430982657841,0.4765250299658094,0.4515844540936606,0.9216397404670715,0.7016039660998753,0.9518354194504874,0.8987790175846645,0.7620170031275068,0.9473799892834255,0.0037718888239136766,0.9840218680245536
142,6.25e-06,0.494995234884961,0.4759789934945763,0.3897638257876384,0.49988393762982736,0.4936141948795164,1.040699504609373,1.1319493233546398,1.047054425871057,1.031302757090771,0.7660807013125659,0.947213641386449,0.002798586402790037,1.0130471178987384,0.46171543427876066,0.43819374697549,0.3223418231521334,0.47651167852537973,0.45156511664390564,0.9216256397111076,0.7015968050275531,0.9518218125615802,0.8987639546394348,0.76206088917596,0.9473799892834255,0.0037723172988210407,0.9839680194854736
143,6.25e-06,0.4952895186009178,0.4756969641301031,0.38893786741795566,0.4983606231707981,0.4957635544212329,1.0402201723872297,1.1288543778435964,1.0463012900149185,1.0311844589513377,0.7664133495597407,0.9475834452970827,0.0031997812577637384,1.0119128861880213,0.46170132075037273,0.4381787095751081,0.32232004616941723,0.47650045582226347,0.45154825278690885,0.9216136591775077,0.7015870213508606,0.9518110496657235,0.8987510544913155,0.762046251978193,0.9473946264811924,0.003771747329405376,0.9839598366192409
144,6.25e-06,0.49579595409723726,0.4769462802509199,0.3915003820554154,0.5006283811794637,0.49444001655738157,1.0409373781581988,1.1275989766128631,1.047651005640457,1.031334990369135,0.766294793444457,0.9472755698082065,0.0031565816480419117,1.0127707809869237,0.4616890677383968,0.4381628377096994,0.32228497735091616,0.476491847208568,0.4515330621174404,0.9216027515275138,0.7015698041234698,0.9518006273678371,0.8987391250474113,0.7620169775826591,0.9473799807684762,0.003770034361098494,0.9839616077286857
145,6.25e-06,0.49389010730525706,0.47390281190694633,0.38313931313580074,0.49916672758070507,0.49230524719050944,1.041105509640652,1.1402849236244905,1.0469551353729936,1.0319497390688914,0.7659073032306069,0.9471782650486945,0.0031216179160928957,1.0121198013481165,0.4616752011435373,0.43814548424312044,0.32224967011383604,0.47648107154028757,0.45151667509760174,0.9215917246682304,0.7015561035701207,0.9517904945782253,0.898727936404092,0.7620169775826591,0.947423883846828,0.0037703116956566063,0.9839681301798139
146,6.25e-06,0.49490028262717367,0.477294765513328,0.3980272347323649,0.4989021653686416,0.49412743503572615,1.0406313458456584,1.1415785590314376,1.046088737535657,1.0318090463418028,0.7668008429902473,0.9475055921418694,0.003182403509933813,1.0119652067463396,0.4616701304912567,0.4381358580929892,0.3222123554774693,0.47648333651678904,0.45150566952569143,0.9215810128620693,0.7015450767108372,0.9517812899180821,0.8987154194286892,0.7620316318103245,0.9474531582423619,0.0037707631210131304,0.9840232900210789
147,6.25e-06,0.4936907381800401,0.47722357794586157,0.40166775624107426,0.49877667404546394,0.4916722930352622,1.0403035983354803,1.1430571695243867,1.046461767656251,1.030720483079448,0.7663124878858143,0.9476135334515662,0.0030260537220773284,1.0110943071017442,0.4616609215736389,0.4381246439048222,0.32218803465366364,0.47647894280297415,0.45149182847567965,0.9215694069862366,0.7015376261302403,0.9517701523644584,0.8987026980945042,0.7620462690080915,0.9474677954401288,0.0037719899389360633,0.9840437429291862
148,6.25e-06,0.495529632583156,0.4771568042744319,0.39369355979251397,0.5004095374991041,0.49404439172484843,1.0404182597552514,1.1385239409358194,1.0466749909370574,1.0308910874952448,0.7660736249577851,0.9473357282325634,0.003038019576540676,1.0137065027896224,0.4616498053073883,0.43810848678861347,0.32214600912162233,0.47647213510104586,0.45147742118154255,0.9215592060770307,0.7015315634863717,0.9517603857176644,0.8986919437135968,0.7619877202170235,0.9474970698356628,0.003772162100566285,0.9840874246188572
149,6.25e-06,0.4941506718405504,0.47451119595325386,0.38491188230156836,0.49973007150424603,0.49221258374464816,1.0405530611759768,1.12721703185047,1.0470773507245348,1.0311397738670312,0.7667229909608638,0.9474472026534165,0.0034278069420014515,1.0114728852471209,0.46163893597466604,0.4380876507077898,0.3220767251082829,0.4764667919703892,0.45146297557013376,0.921550989151001,0.7015195999826703,0.9517543315887451,0.8986818790435791,0.7619438001087734,0.9474970698356628,0.003767110806490694,0.9841679334640503
150,6.25e-06,0.4940699068070487,0.4750509324488097,0.38884983373794824,0.49893402454985586,0.4927131604067519,1.0400230206480814,1.134219230186341,1.0460543103045665,1.030852005215381,0.7661337833499754,0.9474029668073556,0.003089920400013103,1.0122363591155552,0.461627972977502,0.4380706931863512,0.32202806004456114,0.4764610358646938,0.45144854273114887,0.9215407371520996,0.7015074406351361,0.9517455526760646,0.8986697622707912,0.761885268347604,0.9474970698356628,0.0037650533818772863,0.9842038239751544
151,3.125e-06,0.493630753808966,0.4749478077605423,0.3892920168746952,0.4993377582034869,0.49140173656774483,1.040469616989284,1.1338302700569742,1.047232914537079,1.0305946458048647,0.7663549535736417,0.947383506260752,0.0031279172859905026,1.0115944214016441,0.4616212248802185,0.43806302547454834,0.3220150023698807,0.47645596521241323,0.45144004481179373,0.9215353216443744,0.7015034641538348,0.9517408268792289,0.8986641083444867,0.7618413482393537,0.9475117155483791,0.003764072433114052,0.9841978549957275
152,3.125e-06,0.4946205916272198,0.47588900820474267,0.3913493083736669,0.4990702466712536,0.49361336921204507,1.040585872744845,1.1321350479537708,1.0472065431005042,1.0309134440620205,0.7660948594582769,0.9473782021871979,0.003157656786071727,1.0129809680013353,0.46161712067467825,0.4380567158971514,0.3219954924924033,0.47645530104637146,0.45143312215805054,0.9215302978243146,0.7015014290809631,0.9517366545540946,0.8986585736274719,0.7618120653288705,0.9475117155483791,0.0037629769316741397,0.9842228548867362
153,3.125e-06,0.4949155502942081,0.4773516525658671,0.3963515524020146,0.5007318519799695,0.49238469276760183,1.040936550255151,1.1364080370662666,1.0470925634510764,1.031597976483851,0.7662470187294245,0.9474932169245182,0.003029914287733657,1.0121467927952297,0.4616094444479261,0.4380463021142142,0.321972872529711,0.47644867641585215,0.4514245901788984,0.9215254613331386,0.701495749609811,0.9517321501459394,0.89865300485066,0.7617827824183873,0.947526352746146,0.0037624790067119257,0.9842341457094465
154,3.125e-06,0.4951459899408008,0.47794530553169273,0.3991167057512647,0.5003702535992112,0.4931227636382313,1.040879513049087,1.1311921917034753,1.0468790207241139,1.0318696772929983,0.766222256907758,0.9474047407934103,0.003308190740504203,1.013121048566527,0.4616016617843083,0.43803563714027405,0.3219482111079352,0.4764423200062343,0.4514161731515612,0.9215207355363029,0.7014930588858468,0.9517282502991813,0.8986474105290004,0.7617681452206203,0.947526352746146,0.0037614506270204273,0.9842465605054583
155,3.125e-06,0.49331976350294343,0.4732771248702931,0.3823671723242007,0.4985115880330575,0.4918262905451779,1.0407848319554418,1.1265296819592192,1.046869590420113,1.0318421264693214,0.7665142053471857,0.9473941239934963,0.003142418343869339,1.010941975771641,0.46159639954566956,0.4380260705947876,0.32191806393010275,0.4764393908636911,0.4514091568333762,0.921515805380685,0.7014892952782767,0.9517238310405186,0.8986421482903617,0.7617388963699341,0.9475117070334298,0.003760031624031918,0.984281667641231
156,3.125e-06,0.4939956181575592,0.4743504413095475,0.38493075014704703,0.49938130242015244,0.49224545049525825,1.041064050927139,1.1341664888250205,1.0479028644397075,1.031121710636007,0.7657834549112315,0.9475763716442933,0.0030897243681710053,1.0115065401911543,0.46159100106784273,0.438012284891946,0.3218663270984377,0.47643567408834187,0.4514040095465524,0.921512850693294,0.7014824322291783,0.9517216767583575,0.8986384442874363,0.7617388963699341,0.9475117070334298,0.003756967040577105,0.9843587875366211
157,3.125e-06,0.49483640338367085,0.47634425913715,0.3924542466370531,0.4996386085467537,0.4934469999266005,1.0399713850124295,1.1232379728307997,1.0458255664310259,1.031341784140643,0.7667495234875954,0.9477462324656092,0.003182118543947927,1.0116982600911526,0.46158528327941895,0.4380018583365849,0.3218338532107217,0.4764319786003658,0.45139698897089275,0.9215085421289716,0.7014763014657157,0.9517175214631217,0.8986337866101947,0.7616949592317853,0.9475117070334298,0.003755200454699142,0.984397394316537
158,3.125e-06,0.4949034304954654,0.477220570565042,0.39668092242589337,0.49980053186609624,0.4932803788573692,1.0408212911162709,1.1332105023115955,1.0469768244192141,1.0315861677840408,0.7654030193397308,0.9471640989900085,0.003250601362967004,1.0135792589354888,0.46157883746283396,0.43798859630312237,0.32178920933178495,0.47642714636666433,0.45139061978885103,0.9215048721858433,0.7014698215893337,0.9517145582607814,0.8986297590391976,0.7616510731833321,0.9475117070334298,0.003753501456230879,0.984451983656202
159,3.125e-06,0.49341873793234003,0.4721983511963858,0.37652023817742764,0.498370434133928,0.49236361827968717,1.0402062037025859,1.1293693452156754,1.0460163611562845,1.0314239594206833,0.7666345167597499,0.9476630699293587,0.002954662781504284,1.0104676070756289,0.46157329848834444,0.43797948956489563,0.32176280873162405,0.4764240298952375,0.4513830372265407,0.9215001123292106,0.7014646359852382,0.9517101900918143,0.8986243690763202,0.7616510731833321,0.9475117070334298,0.003752123764050858,0.9844773071152824
160,3.125e-06,0.4941050908852447,0.4751362080067091,0.388580802110357,0.49950864158381786,0.49221907260928743,1.0405048229729106,1.1292363782541468,1.0472863306564315,1.0307656328097847,0.765891382485805,0.9474365901638222,0.0030331873320871374,1.0111634358160573,0.46156767436436247,0.43796894380024504,0.32172803367887226,0.47642133491379873,0.4513755185263498,0.9214962891169957,0.7014611278261457,0.9517077463013786,0.8986197795186724,0.7616364274706159,0.9475117070334298,0.0037514843445803437,0.9845138277326312
161,3.125e-06,0.4950149976042754,0.4754054992506456,0.38693830280836633,0.4996403019233967,0.4939922534062035,1.0408245584351015,1.130077605947442,1.0468488110121816,1.031825256875188,0.7661461788965958,0.9473905839021953,0.003299698616084992,1.013319878467533,0.46155970862933565,0.4379562224660601,0.32169379719666075,0.47641477414539884,0.4513668417930603,0.9214915377753121,0.7014560529163906,0.9517033611025129,0.8986147386687142,0.7616510731833321,0.9475117070334298,0.003750119690916368,0.9845388276236398
162,3.125e-06,0.494866288808379,0.4777959852815639,0.40017166465150944,0.4994747624549104,0.4934142005810272,1.0404505213723592,1.1392290140575032,1.0463197047943305,1.0312888310268256,0.7663071821395989,0.9474472056770736,0.0034859788259044007,1.0125643796555364,0.4615522708211626,0.43794012921197073,0.32163882681301664,0.47640937141009737,0.45135887605803354,0.9214884298188346,0.7014488407543727,0.9517006618635995,0.8986108132771083,0.7616364274706159,0.9474970613207135,0.003747164803956236,0.9846015657697406
163,3.125e-06,0.4935066069195352,0.4737706171842247,0.3843809648648636,0.49849589152137974,0.49215488693100407,1.0402307930471315,1.1323028282416683,1.0460723222942527,1.0313201368787903,0.7662948030300933,0.9476418287060547,0.003133665960590183,1.0113086329880625,0.4615429554666792,0.4379258411271231,0.3216022827795574,0.4764010012149811,0.45134960753577097,0.9214834826333183,0.7014420969145638,0.9516972133091518,0.898604759148189,0.7615925243922642,0.9474970613207135,0.003744899361793484,0.9846267189298358
164,3.125e-06,0.49550368341316225,0.4761551441338277,0.38931040545444007,0.49964452568286827,0.49490261949594766,1.0398108392423124,1.1296087524984826,1.0461961548841778,1.0304322219255224,0.7667159176297401,0.9476489171876306,0.0032126520691500827,1.0124593914938307,0.4615344192300524,0.43791260038103375,0.32156652212142944,0.47639448727880207,0.4513401133673532,0.921479310308184,0.7014388356889997,0.9516933475221906,0.8985997182982308,0.7615632329668317,0.9474970613207135,0.00374264655900853,0.9846495985984802
165,3.125e-06,0.4938444461104552,0.4747721548023831,0.3884361422325686,0.4986208412561041,0.4925816440286343,1.041402989699914,1.1345683763429917,1.0476832882623317,1.0320172203725824,0.7662664940083149,0.9474967517405024,0.0033911253840557495,1.0114541528550471,0.4615282118320465,0.4379018715449742,0.3215343398707254,0.4763907364436558,0.4513320965426309,0.921475384916578,0.7014363918985639,0.9516896946089608,0.8985960909298488,0.7615339500563485,0.9474970613207135,0.003740902857056686,0.9846882479531425
166,3.125e-06,0.4953000868293188,0.47650592633021954,0.3912387490433355,0.5001875814945068,0.4938812570287547,1.040919448064587,1.132197186358864,1.0474592094735333,1.0313372966475056,0.7656312750856489,0.9473622753307489,0.003081495133296451,1.0141988967279454,0.46152073996407644,0.43789130449295044,0.3215088929448809,0.4763847461768559,0.45132382426943096,0.9214705569403512,0.7014315213475909,0.951685505253928,0.8985906839370728,0.7615339756011963,0.9474970613207135,0.0037414121574589182,0.9846998367990766
167,3.125e-06,0.4941954297177932,0.4754433678055993,0.3914165242871142,0.498074930098915,0.493741945678713,1.0407303473914693,1.1294940540871619,1.0468575780737805,1.0316442846930227,0.7659886930352987,0.9476206159823274,0.003240133617354755,1.0121020485887768,0.4615149327686855,0.43788046496255056,0.3214754547391619,0.4763801906790052,0.4513175700392042,0.9214663164956229,0.7014250755310059,0.9516822014536176,0.898585489818028,0.7615193384034293,0.9474824496677944,0.003740249733839716,0.9847403594425747
168,3.125e-06,0.49400446037633705,0.4749419911771096,0.3877999878901118,0.4995862117536764,0.491962946690036,1.0411045551300049,1.1335564068183344,1.047316752892858,1.0318105746396349,0.7661868618812293,0.9476153037062993,0.003330022443304038,1.0119884313278693,0.46150947894368854,0.43787093673433575,0.3214458929640906,0.4763771721294948,0.45131057500839233,0.9214618716921125,0.701418936252594,0.9516780291284833,0.8985804915428162,0.7614754182951791,0.9474824496677944,0.0037394018311585698,0.9847691825457981
169,3.125e-06,0.4945007773971661,0.47596625302588047,0.3922900995626619,0.49892813092750016,0.4934805418051582,1.0410899666599884,1.133729833753702,1.0472105591282996,1.0318814161913625,0.7656259648361144,0.9471817929488675,0.0028850538196234176,1.0134086687373136,0.4615029735224588,0.4378617916788374,0.3214244714805058,0.4763716885021755,0.451303447995867,0.921456515789032,0.7014134526252747,0.9516733799661908,0.8985744799886431,0.7614754097802299,0.9474678039550781,0.003738527053168842,0.9847857356071472
170,3.125e-06,0.4937130854185118,0.47430332258335656,0.3866284421438535,0.4983944414566481,0.4926013637412514,1.0408234894758164,1.1384168264998402,1.0471927401701695,1.031201260899185,0.7659639136828542,0.9475056033036674,0.0031824938284963997,1.0117054931936043,0.46149538244519916,0.4378513140337808,0.32140021877629416,0.4763654002121517,0.45129520552498953,0.9214516792978559,0.7014093824795314,0.9516692587307521,0.8985687920025417,0.7614607981273106,0.9474678039550781,0.0037375508275415215,0.9847992318017142
171,3.125e-06,0.49184615970365564,0.4711496553997445,0.37783231821435886,0.49667664936151107,0.4908161705175864,1.0407654036719027,1.1295256495990433,1.0469887609167865,1.0315833946079804,0.7660771664644149,0.947875401681652,0.0028751120293608497,1.0099146429809183,0.4614900052547455,0.43784297364098684,0.3213777520826885,0.47636154294013977,0.4512887511934553,0.9214468342917306,0.7014049887657166,0.9516651885850089,0.8985641087804522,0.7614168780190604,0.9474678039550781,0.0037367455661296844,0.9848209278924125
172,3.125e-06,0.4958158687070712,0.4775227689125444,0.3951807375605275,0.4999536184510603,0.49503266698787873,1.041803281370267,1.1323643121214988,1.0477159506426716,1.0328719940818585,0.7657976032783068,0.947102163845439,0.0030034647677651635,1.0143223524222293,0.46148078782217844,0.4378280426774706,0.3213373337473188,0.4763533856187548,0.4512796018804823,0.9214424320629665,0.7014007568359375,0.9516613824026925,0.8985582504953656,0.7614168865340096,0.9474678039550781,0.003735859346176897,0.9848546726363046
173,3.125e-06,0.4956835952566819,0.47743559539864916,0.3941875394459872,0.5008646758163676,0.4938857833469358,1.0415587640104587,1.1418173879915743,1.04740297279677,1.032372500853994,0.7659143798748866,0.9471888758656275,0.002862905473053793,1.0143633280904372,0.46147499339921133,0.4378191573279245,0.32131282133715494,0.47634999666895184,0.45127192565373014,0.9214380298342023,0.7013973678861346,0.9516577124595642,0.8985533458845956,0.7613583207130432,0.9474678039550781,0.0037340205827994005,0.9848763261522565
174,3.125e-06,0.49309213222263315,0.47339509174235755,0.3843308933927636,0.49793016299388243,0.4918794200604372,1.0413069178526684,1.1313010828596672,1.0474439297118705,1.032170035101823,0.7657392104445312,0.9475462934936116,0.0027891542076214112,1.0105775676736044,0.4614704208714621,0.4378055930137634,0.3212592154741287,0.4763471356460026,0.4512672424316406,0.9214343088013786,0.7013876523290362,0.9516551409448896,0.8985485434532166,0.7613729664257595,0.9474677954401288,0.0037318913133016656,0.9849627784320286
175,3.125e-06,0.4930959104751807,0.4727801170403161,0.38131905660330767,0.4977049121519584,0.4922127994697157,1.0404201596734077,1.1289519267151693,1.0466122627901633,1.03127721789973,0.7657905228383722,0.947305655518031,0.00288824218813344,1.0120018435309401,0.46146388564790997,0.4377973803452083,0.3212418939386095,0.4763421586581639,0.45125970244407654,0.921428884778704,0.7013819132532392,0.9516499553407941,0.8985428554671151,0.7613583207130432,0.9474531582423619,0.0037315508483776023,0.9849690454346793
176,1.5625e-06,0.49490004612250516,0.47588131816015333,0.3896268063696796,0.49981605607756907,0.493493063219547,1.040661560479075,1.1339560885141169,1.0471092930884858,1.0311041281986288,0.7660223049404682,0.9474171310003808,0.003071549457472262,1.013258424277442,0.4614613354206085,0.4377909983907427,0.3212189716952188,0.47634024705205646,0.45125692231314524,0.9214270881244114,0.7013783369745527,0.9516485844339643,0.8985404797962734,0.7613144261496407,0.9474531582423619,0.0037306928341942175,0.9850019216537476
177,1.5625e-06,0.4959869575513355,0.4781040320252317,0.3970817953139077,0.5005321479203955,0.49473861334327746,1.040706901954305,1.1338881430468943,1.046806461349154,1.0315014287966107,0.7658046794400881,0.9471269407532245,0.0025944303412340215,1.0154750017751826,0.46145919391087126,0.43778717517852783,0.32120711888585773,0.4763390038694654,0.451254095349993,0.9214246869087219,0.7013765232903617,0.9516461406435285,0.8985379082815987,0.7613144261496407,0.9474531582423619,0.0037301560597760336,0.985017546585628
178,1.5625e-06,0.49374313478011794,0.4757339651688845,0.393900581761688,0.49854770265780973,0.4922666545661797,1.0409637348946532,1.1364683400471662,1.0467356264237384,1.032008482904223,0.766112553031137,0.9473339630601474,0.0028495245758095766,1.0112553860005082,0.4614550258432116,0.4377848080226353,0.32121055892535616,0.47633595977510723,0.45124899063791546,0.9214210850851876,0.7013756292206901,0.9516429901123047,0.8985334379332406,0.7612997804369245,0.9474531582423619,0.003730286644505603,0.9849933556147984
179,1.5625e-06,0.4939409964192705,0.47365583073301565,0.3811557873383896,0.4996611346313262,0.4919803242424792,1.040514784057399,1.1278332467665881,1.0475636563684512,1.0305553212142673,0.76594091500711,0.9472649605352687,0.002855943279610761,1.0122575647626384,0.4614512877804892,0.4377816106591906,0.32120891979762484,0.4763330476624625,0.45124432870319914,0.9214179941586086,0.7013743434633527,0.9516399502754211,0.8985307557242257,0.7612997804369245,0.9474678039550781,0.0037304171627121313,0.9849806598254612
180,1.5625e-06,0.4947151462740983,0.4751172045791593,0.386156469052763,0.4998561200488276,0.49319279451210696,1.040660309585699,1.1244335689225586,1.046881955762329,1.0316460521814312,0.7659373785506308,0.947146408858971,0.003159309047185331,1.0135959423495446,0.46144804784229826,0.43777516058513094,0.3211885669401714,0.47633008871759686,0.45124129738126484,0.9214162230491638,0.7013713036264692,0.9516382643154689,0.8985286099570138,0.7612851347242083,0.9474678039550781,0.003729222874556269,0.9850064771515983
181,1.5625e-06,0.493465399362561,0.47486887131583927,0.39065905717084426,0.49814866985814094,0.4922090694830988,1.0409555186211452,1.134496693667758,1.0471384220360036,1.0316547513715781,0.7656578182273469,0.947464903077755,0.003124357092219892,1.0120237383145096,0.461445757320949,0.4377716524260385,0.32117789558001925,0.4763293095997402,0.45123804467064993,0.9214136004447937,0.7013692430087498,0.9516361781529018,0.8985254679407392,0.7612704890114921,0.9474970613207135,0.003728640199239765,0.9850181766918727
182,1.5625e-06,0.4940771746011406,0.47505888201324475,0.3888200338119696,0.4989799735710805,0.4926829481858276,1.0401955030122707,1.1227442260310898,1.0466525796227886,1.030986927904056,0.7665920530984162,0.9475321325172429,0.003177931759942723,1.0117150350512523,0.46144313897405353,0.4377675780228206,0.32116724976471495,0.476327691759382,0.4512342895780291,0.9214111736842564,0.7013678635869708,0.9516343218939645,0.8985227516719273,0.7612704890114921,0.9474970613207135,0.0037286409975162576,0.9850271173885891
183,1.5625e-06,0.49435952465018257,0.4752296035314211,0.3891085849153114,0.4986982495798913,0.4935291668755006,1.0403921216871053,1.1285188945640567,1.0463173061335853,1.0315293455149634,0.7657958311579128,0.9475781438290204,0.0028781055940714194,1.0135145967738795,0.46144003527505056,0.4377604254654476,0.32114106629576,0.4763257162911551,0.4512311262743814,0.9214090960366386,0.7013634698731559,0.951632925442287,0.8985204781804766,0.7612266029630389,0.9474824496677944,0.003726927430502006,0.9850643617766244
184,1.5625e-06,0.4938200820766136,0.47426249549251215,0.38570376265647277,0.4987426910346351,0.492501291611744,1.0412475241883923,1.1417107590455593,1.0477228725014411,1.0314234410243233,0.7653198695414399,0.9471924120326075,0.003284385030022664,1.0134096650644953,0.4614366888999939,0.4377558614526476,0.32113106761659893,0.47632292764527456,0.4512272775173187,0.9214061158043998,0.7013600638934544,0.9516301240239825,0.8985169870512826,0.7611973200525556,0.9474824496677944,0.003726594549204622,0.9850674527032035
185,1.5625e-06,0.4928050191094923,0.47297245408802885,0.3836994128039381,0.4972923488084265,0.4919546203103763,1.0407365454381952,1.1284585170210597,1.0466371349431474,1.0319119080684023,0.7660913144133249,0.9477143829021979,0.0031613571306964997,1.0110897876993747,0.46143341064453125,0.43775021178381784,0.321114467723029,0.47632019434656414,0.4512240375791277,0.9214035528046745,0.7013548782893589,0.95162775686809,0.8985145006861005,0.7611973200525556,0.9474824496677944,0.0037262262111263616,0.9850836821964809
186,1.5625e-06,0.49452134661267916,0.47631432388643286,0.3940378102944853,0.4989456832248072,0.49344637562182553,1.0396524905129116,1.1306096707172673,1.0455974004298239,1.0306753825639559,0.7664398904497792,0.9473905860895218,0.0027546761012136036,1.012771751387854,0.4614302175385611,0.43774322101048063,0.3210906982421875,0.4763177846159254,0.4512205847672054,0.9214021052633014,0.7013528943061829,0.9516270671572004,0.8985127551215035,0.7611680286271232,0.9474824496677944,0.0037253640059913906,0.9851174013955253
187,1.5625e-06,0.49279484181743793,0.47305813137415736,0.38232848469592146,0.4990543473172175,0.49021750775402584,1.040983920025298,1.1304148217181675,1.0475624268658408,1.0314244824168621,0.765636585656849,0.9476064532367976,0.0032514521807341205,1.0104659887757483,0.4614272926534925,0.4377404877117702,0.3210877137524741,0.47631576657295227,0.451216812644686,0.9213990909712655,0.7013504930904934,0.9516239762306213,0.898508608341217,0.7611680286271232,0.9474824496677944,0.003725428267249039,0.9851131354059491
188,1.5625e-06,0.49319696339541874,0.4734542509606254,0.384646959486229,0.49760583662304825,0.49240645626333684,1.0411950511283896,1.1387450799257512,1.0474841365670102,1.0316543607729804,0.7651906944389159,0.9473392707041901,0.002926007435389197,1.0130269567321843,0.4614239888531821,0.4377362046922956,0.321078570825713,0.47631313119615826,0.45121302774974276,0.9213960341044835,0.7013475554330009,0.9516210300581796,0.8985059091023037,0.7611680286271232,0.9474824496677944,0.003725110287112849,0.9851192491395133
189,1.5625e-06,0.4924566821027819,0.47334104110534553,0.38693031454755367,0.4971285429891225,0.4913023624044461,1.0411716648777047,1.1359685874281222,1.0467287528469829,1.0324547212958914,0.7660895522323995,0.9476259166462255,0.0035323756635746947,1.0109017870584438,0.4614211448601314,0.43773049116134644,0.3210590332746506,0.4763112323624747,0.4512101709842682,0.9213941097259521,0.701345179762159,0.9516192844935826,0.8985039166041783,0.7611680286271232,0.9474824496677944,0.003724760841578245,0.9851467950003487
190,1.5625e-06,0.49450529840786395,0.47525207377483697,0.38810546647132055,0.4993188551034531,0.4932384913313794,1.040983611869606,1.1331815215876087,1.046838429575023,1.0320555535253164,0.7657162065578035,0.9472985786485852,0.0029942663497036686,1.0140412742874136,0.46141850522586275,0.4377243433679853,0.3210386335849762,0.4763089120388031,0.45120721203940256,0.9213924748556954,0.7013430510248456,0.9516182371548244,0.8985016686575753,0.761138779776437,0.9474678039550781,0.003723982921136277,0.9851780022893634
191,1.5625e-06,0.4947581173790769,0.47551284551105816,0.3884550137128691,0.49951950986193633,0.493540260866405,1.0400977448650264,1.1309719837747647,1.0465624740621686,1.0306038143695269,0.7662859502124323,0.9471782596447117,0.0033592080772933295,1.013665744760393,0.4614144776548658,0.4377173525946481,0.32101741433143616,0.4763056252683912,0.45120349526405334,0.9213906100818089,0.701340411390577,0.9516166363443647,0.8984993100166321,0.761138779776437,0.9474678039550781,0.0037230679632297586,0.9852026786123004
192,1.5625e-06,0.49347267563254266,0.47431616112790875,0.38699434367116564,0.4988446273613285,0.49164990692349686,1.0409447159949856,1.1330370333666937,1.0472258642050492,1.0315939274209933,0.7652437729380032,0.9473852776091484,0.002834726251155154,1.012991996758446,0.4614113186086927,0.43771083440099445,0.3209967953818185,0.476302832365036,0.45120019146374296,0.9213884472846985,0.70133718422481,0.9516152313777378,0.8984968321663993,0.761138779776437,0.9474678039550781,0.0037231073448700564,0.9852279680115836
193,1.5625e-06,0.49358223694694797,0.4738981430747994,0.3844537169014642,0.49883376903876187,0.49196838388491887,1.0410324117008956,1.1199115995002062,1.0474655084267732,1.0319700725839,0.7657232863865733,0.9472189504458206,0.003107070360062327,1.0129703883538037,0.461407618863242,0.43770752208573477,0.32099388752664837,0.4762998734201704,0.4511960063661848,0.9213852712086269,0.7013341699327741,0.9516118935176304,0.898493732724871,0.761138779776437,0.9474678039550781,0.003723662479647568,0.985213543687548
194,1.5625e-06,0.4918072022943965,0.47262541210722164,0.3858730245845998,0.49653572702948234,0.4906097788200852,1.0402462908337713,1.1318217127373331,1.0463528504451416,1.0310872983623696,0.7661090049946945,0.9476825237209837,0.0029111985638395907,1.0101219476781147,0.46140442149979727,0.4377015658787319,0.3209762339081083,0.47629725081580027,0.4511922981057848,0.9213831680161613,0.7013315899031503,0.9516106418200901,0.8984912378447396,0.761138779776437,0.9474678039550781,0.0037231966853141785,0.9852309567587716
195,1.5625e-06,0.4936597499085708,0.47337837447299225,0.3822481868013587,0.4980937759102967,0.49293947666963883,1.040644728423323,1.1398011700115007,1.0465737520136578,1.0314105450624527,0.7660629995050652,0.9475569120305201,0.003424569451031755,1.011515835652915,0.46140147532735554,0.43769817692892893,0.3209699605192457,0.47629531366484507,0.45118832162448336,0.9213802473885673,0.7013293164116996,0.951608419418335,0.8984878063201904,0.7611826658248901,0.9474678039550781,0.003723813021289451,0.9852305054664612
196,1.5625e-06,0.4931445839079534,0.4739128979746226,0.3864813186610253,0.49831621890060335,0.49152839071224397,1.0405641356096098,1.1358634412964164,1.0467804667117206,1.031171109505235,0.7660400111226218,0.9473923516157698,0.0031228071343529663,1.0118324654332638,0.4613982013293675,0.43769267201423645,0.3209530732461384,0.4762930486883436,0.4511851327759879,0.9213778035981315,0.701325808252607,0.951606171471732,0.8984849963869367,0.7611680541719709,0.9474678039550781,0.0037229973157601698,0.985247186252049
197,1.5625e-06,0.49452686029965337,0.4756420869088726,0.389794650652958,0.4995985743939008,0.4929462011543661,1.0400503132064087,1.1304101981604608,1.0463491686601223,1.030739287331628,0.766257637266333,0.9474224359102655,0.0031013951324734635,1.0131301694603398,0.4613957107067108,0.43768930435180664,0.32094526078019825,0.47629197580473764,0.4511808582714626,0.9213754875319344,0.7013250759669712,0.9516034126281738,0.8984825270516532,0.7611534084592547,0.9474678039550781,0.0037225779545094284,0.9852512053080967
198,1.5625e-06,0.4921910302804987,0.47166718787845896,0.37912404788100135,0.49698543043568916,0.4911655031277306,1.0403347395589657,1.136703094597192,1.0456187795833582,1.0318382649697038,0.7659037641043027,0.9473268896325241,0.0031375894860776127,1.011337669038541,0.4613934670175825,0.4376846211297171,0.32092855870723724,0.47629089440618244,0.45117819734982084,0.9213733417647225,0.701322044645037,0.9516019565718514,0.8984795383044651,0.7611387627465385,0.9474678039550781,0.0037220080516168048,0.9852729610034398
199,1.5625e-06,0.49333182618995003,0.4728098826928198,0.38008974975852533,0.4983020821134914,0.49213626522408005,1.0413178692491905,1.1392526191694956,1.0469244127973505,1.0324467625800686,0.7658152966903341,0.9473923500396082,0.002469942162413486,1.0121440295586377,0.46139166610581533,0.4376794397830963,0.32090737564223154,0.4762899620192392,0.4511765624795641,0.9213714344160897,0.7013178808348519,0.9516007133892604,0.898477418082101,0.7611387627465385,0.9474531667573112,0.0037213649733790328,0.9853074039731707
200,1.5625e-06,0.49302645314724075,0.47320014355765505,0.38354248429271126,0.49790473649840195,0.49179757846025796,1.0407498668350532,1.1370583911618861,1.046814850453615,1.031474674191915,0.7667106041635492,0.9475692995998323,0.003141625730747521,1.0110107980672565,0.46138911162103924,0.43767572726522175,0.3208983838558197,0.47628815684999737,0.4511732075895582,0.9213688118117196,0.7013158542769296,0.9515980907848903,0.8984746251787458,0.7611241170338222,0.9474531667573112,0.003721497221184628,0.9853122404643467
201,1e-06,0.4944675233128646,0.47693943224658336,0.39776164576354955,0.49869781841925526,0.49346064575543225,1.0414514946924693,1.13356863525965,1.0475566201253768,1.0322759982642777,0.7655445684051102,0.9471570336040264,0.002976078091262645,1.0137972946239044,0.4613872596195766,0.4376727555479322,0.3208895985569273,0.4762871435710362,0.4511708234037672,0.92136721100126,0.7013133764266968,0.9515964814594814,0.8984729392187936,0.7611241170338222,0.9474531667573112,0.0037212890040661606,0.9853219900812421
202,1e-06,0.4951536820923002,0.4768255836115743,0.3937479505105335,0.49984854499970777,0.49383903611240293,1.040626907760365,1.1329811727170744,1.0469913171293668,1.0311839971681318,0.7656383576164102,0.9470473179866092,0.0028089318752788405,1.0147796903374513,0.46138520325933186,0.4376693367958069,0.3208803896393095,0.47628543206623625,0.451168417930603,0.9213658571243286,0.7013116478919983,0.9515956384795052,0.8984710999897548,0.7611387627465385,0.9474531667573112,0.0037209374963172843,0.9853287254061017
203,1e-06,0.4948939142584865,0.4764922650131868,0.39235949418188365,0.50029316369225,0.49291259093794126,1.041200957488705,1.133098373461979,1.0482716590278676,1.0310669975929239,0.7660665513049958,0.9474932090758763,0.003177525084030991,1.0134782558251765,0.4613828020436423,0.437665194272995,0.3208688795566559,0.47628324798175264,0.4511659954275404,0.921364596911839,0.70130968945367,0.9515945400510516,0.8984699845314026,0.7611387627465385,0.9474531667573112,0.003720007637249572,0.9853392158235822
204,1e-06,0.49441133597961195,0.47468619882513624,0.3851688175476762,0.49956602321337573,0.4928980303724199,1.0406142161205145,1.1340650568378983,1.0467210380180552,1.0313922766409112,0.7655516575943504,0.9472348754366089,0.003023031041030136,1.0131734278931595,0.4613808946950095,0.4376617542334965,0.32085870632103514,0.47628203460148405,0.451163330248424,0.9213632600648063,0.7013080630983625,0.9515936119215829,0.8984685369900295,0.7611387627465385,0.9474531667573112,0.0037197131397468703,0.9853487355368478
205,1e-06,0.4931949338781724,0.4739497152458187,0.3859074719841263,0.4988918938124688,0.49107420592454726,1.0411870645563215,1.1441082570337953,1.0474971653124607,1.0314462428085236,0.7655834985692889,0.9478134763157181,0.0034996809849879443,1.0116948154380498,0.46137953656060354,0.43765881657600403,0.3208471132176263,0.47628130657332285,0.45116243192127775,0.9213621956961495,0.7013060791151864,0.9515928626060486,0.8984669191496713,0.7611241255487714,0.9474531667573112,0.003719000877546413,0.9853645733424595
206,1e-06,0.4946207682216611,0.4754662138670763,0.38827385558383376,0.49987743371123566,0.4929090520046366,1.040748215467944,1.1319502667517387,1.0462302311137117,1.0322260893941633,0.7662328686253547,0.9475303706901497,0.0028881190665854322,1.0128913064036444,0.4613776334694454,0.43765503593853544,0.32083543070725035,0.476279901606696,0.45115999238831656,0.921360867364066,0.7013043505804879,0.9515917045729501,0.8984655482428414,0.7611387627465385,0.9474531667573112,0.0037188581191003323,0.985377814088549
207,1e-06,0.49394518949183913,0.47463385768021626,0.38690453278844705,0.4990771377466205,0.49238124367551295,1.0404411844157297,1.1368294088375999,1.0461997324816934,1.0314697477859995,0.7655587305073087,0.94727557398986,0.003175118404073179,1.0132646091037099,0.4613752705710275,0.4376529199736459,0.3208333807332175,0.47627784098897663,0.4511576380048479,0.9213588663509914,0.7013028264045715,0.9515895843505859,0.8984629511833191,0.7611533999443054,0.9474531667573112,0.003719158271061523,0.9853706955909729
208,1e-06,0.49446570482436736,0.47597483570872934,0.3919813721744807,0.49937137429030987,0.4929762292538729,1.040846049045783,1.1320504394660946,1.0465923910583603,1.032059536550216,0.7656100371755012,0.9474171281697231,0.003080495132624156,1.0138381340023768,0.4613730439117977,0.4376481260572161,0.32081819432122366,0.47627556324005127,0.4511556625366211,0.9213578530720302,0.7013010127203805,0.9515889883041382,0.898462006023952,0.7611533999443054,0.9474531667573112,0.0037184146099856923,0.985392153263092
209,1e-06,0.49341603204873336,0.47470409745984765,0.38927547486485886,0.498789666378363,0.49151388050348,1.0397320547042121,1.129332172375271,1.0456514509703363,1.030826101866659,0.7664699697584573,0.947376423858657,0.003059131323766512,1.0115881736897419,0.4613712728023529,0.437645639692034,0.3208117825644357,0.4762744648115976,0.4511535550866808,0.9213563033512661,0.7013000420161656,0.9515870043209621,0.8984605159078326,0.7611533999443054,0.9474531667573112,0.0037180562503635883,0.9853974325316293
210,1e-06,0.4944141451822251,0.4755705530361684,0.38985104402914217,0.49953102319226417,0.49278275286643103,1.0412153205032677,1.131882115498917,1.0480593089727988,1.0313492433740459,0.7655091806803918,0.947188872648971,0.0030933819728548133,1.0137510095103264,0.4613695187228067,0.43764222093990873,0.32079982118947165,0.4762737112385886,0.4511512815952301,0.9213548813547406,0.7012986285345895,0.9515856589589801,0.8984591109412057,0.76112414257867,0.9474531667573112,0.003718001501900809,0.9854104007993426
211,1e-06,0.49450411993750865,0.47602301083316173,0.39213695544779653,0.49934733719743396,0.4930731222170209,1.0411555494286855,1.1333553433997272,1.0469173019278455,1.0323203628409314,0.7656985129527768,0.947289732135571,0.00288325316434514,1.0141396739967952,0.4613669812679291,0.4376378187111446,0.3207881259066718,0.4762710290295737,0.4511489314692361,0.9213534934180123,0.7012967126710075,0.9515841603279114,0.8984572717121669,0.7611095053809029,0.9474531667573112,0.0037177053413220812,0.9854225601468768
212,1e-06,0.4935657113742262,0.4748189402990449,0.3904665839781455,0.4977759801884696,0.4927920874749012,1.0405592914536008,1.1314269596991253,1.046476571224087,1.031613402603384,0.7656295077902397,0.9474012059452595,0.003061054097775006,1.0129872971589797,0.4613650143146515,0.4376347192696163,0.32077972165175844,0.4762696325778961,0.45114648767880033,0.9213518670627049,0.7012948819569179,0.9515836749758039,0.8984555602073669,0.7610948596681867,0.9474531667573112,0.0037175885268620084,0.9854320798601423
213,1e-06,0.4935007688327538,0.47288708342968033,0.38150642355486825,0.49682701127759454,0.49390763333856386,1.0406854038166473,1.1343896236859716,1.0461089073871832,1.0321383168744964,0.7653163291284734,0.9471888710084762,0.003197278209730251,1.0134300323222305,0.4613632048879351,0.4376307215009417,0.3207656294107437,0.4762684234551021,0.4511445675577436,0.9213507175445557,0.7012930342129299,0.9515828490257263,0.8984537635530744,0.7610948596681867,0.9474678039550781,0.0037169427211795536,0.9854525242533002
214,1e-06,0.491660983190624,0.47016735409506577,0.37314811189690605,0.49677999609557605,0.49049241088945933,1.0410157004627614,1.1312348041673383,1.0475341760333783,1.0314898201085012,0.7665743616807158,0.9481602692308132,0.002958015795079393,1.0090249351598222,0.4613605907985142,0.43762628946985516,0.32075314010892597,0.4762663074902126,0.4511416554450989,0.9213492614882333,0.701290352003915,0.951581461088998,0.8984520605632237,0.7610948596681867,0.9474678124700274,0.0037162553385964464,0.9854626740728106
215,1e-06,0.49431586394230226,0.4752523560042775,0.3889376004998001,0.4991076620475576,0.49303666025770077,1.0399120277928715,1.1281099411454383,1.0462302687485927,1.0306537301876193,0.7658312169526373,0.9473162603198163,0.0031528156332388175,1.013196445772343,0.4613584152289799,0.4376215934753418,0.3207374023539679,0.4762644512312753,0.45113963314465116,0.921348077910287,0.7012873802866254,0.951580890587398,0.8984507833208356,0.7610948596681867,0.9474678124700274,0.0037156294233032633,0.9854814325060163
216,1e-06,0.4934313872731575,0.4735663328953067,0.3840504512070194,0.49801803494040153,0.49249073509197266,1.0413322339042483,1.1420378887968583,1.0465402399213393,1.032767371203664,0.76501199418123,0.9470951013222811,0.003477575072714093,1.0134329086564646,0.4613562226295471,0.43761811937604633,0.3207276867968695,0.4762627099241529,0.451137329850878,0.9213465281895229,0.7012849450111389,0.9515795452254159,0.8984492080552238,0.7610948596681867,0.9474824496677944,0.00371500663459301,0.9854914205414909
217,1e-06,0.4938635007793429,0.4749028283200004,0.38804991375222697,0.4995829489381649,0.49167121183659923,1.0399648584807428,1.129447628984693,1.0461457053584404,1.0308011604268938,0.7655764238871694,0.9473074294397527,0.0029998170232015306,1.013381909693632,0.4613542769636427,0.43761491775512695,0.32071812238012043,0.47626133475984844,0.45113533309527803,0.921345089163099,0.7012824841908046,0.9515780295644488,0.8984474795205253,0.7610802139554705,0.9474824496677944,0.003714827754135643,0.9855009913444519
218,1e-06,0.4919752109327383,0.471173532866042,0.37743908409742943,0.49677633145533573,0.49099181397052566,1.0411110781233694,1.1370530316975074,1.0472578583893362,1.0317661683751131,0.7662558729624144,0.9474188927953074,0.002828850413391671,1.0102314682696487,0.46135274853025166,0.43761105622564045,0.3207045154912131,0.47626019375664846,0.4511334981237139,0.9213439055851528,0.7012810792241778,0.9515772972788129,0.898445589201791,0.7610802139554705,0.9474678124700274,0.0037145914642938544,0.985522176538195
219,1e-06,0.4962988746243429,0.4763963335408305,0.38623915003141196,0.5013429723233709,0.49492335967675327,1.040722870080457,1.136763980275415,1.0469327900966823,1.031311627567876,0.7650863050578159,0.9473127248926673,0.002781815505478505,1.0162878743841786,0.4613507560321263,0.43760878273418974,0.32070033465112957,0.4762588824544634,0.4511308755193438,0.9213420919009617,0.7012800574302673,0.9515758156776428,0.8984436392784119,0.7610802139554705,0.9474824496677944,0.003714767550783498,0.9855209418705532
220,1e-06,0.49213968633125743,0.4713823747068756,0.3783366770533311,0.4964659343651032,0.4916068660653223,1.0406206268525677,1.1418363440056074,1.04668186126499,1.0311854698821397,0.7666380608718716,0.9477851651709465,0.003211983441361626,1.0101801081084587,0.4613489636353084,0.43760599408830914,0.3206919687134879,0.47625804373196196,0.45112858925546917,0.9213406358446393,0.7012787205832345,0.9515744362558637,0.8984421151024955,0.7610802139554705,0.9474824496677944,0.003714506048709154,0.9855303934642247
221,1e-06,0.49334325651445715,0.47513900815443416,0.3918983939848137,0.4986948820300445,0.4913729276453812,1.0404272855003653,1.1387987789822087,1.047087453534908,1.0304880979185933,0.7658152958540034,0.9473587346604497,0.002693127098162063,1.0121323559262336,0.4613481249128069,0.43760408248220173,0.3206845798662731,0.4762581075940813,0.45112704379217966,0.921339179788317,0.7012775795800346,0.9515731930732727,0.898440454687391,0.7610802139554705,0.9474824496677944,0.003714045443172966,0.9855423484529767
222,1e-06,0.4927831714338569,0.472472730113311,0.3795642318818226,0.4987887968196138,0.49055158011152883,1.0409568849281563,1.1359561203430617,1.0469557952057396,1.0317913644454058,0.7654508003272433,0.9474648987674353,0.003028525675345902,1.01216915727498,0.46134709460394724,0.4376018004758017,0.32067638422761646,0.47625772867883953,0.45112548555646625,0.9213377833366394,0.7012760383742196,0.9515720009803772,0.8984386324882507,0.7610655682427543,0.9474678039550781,0.0037140600117189543,0.985552898475102
223,1e-06,0.4938245882424418,0.47452752354076855,0.38687611787433696,0.4989405365422553,0.4922734107832232,1.0408035021373792,1.127546096517148,1.0472728392271113,1.0314425547188575,0.7659798526982649,0.9473056557753635,0.0027176325198884146,1.012553762437457,0.4613450382437025,0.43759903737476896,0.32066975108214785,0.47625650678362164,0.45112275225775583,0.9213360718318394,0.70127420766013,0.9515704682895115,0.8984367251396179,0.761050956589835,0.9474824411528451,0.00371429297540869,0.9855555636542184
224,1e-06,0.4939431214551313,0.4737084480922285,0.38260254091786744,0.4985433662831944,0.49305417353696457,1.041709437089808,1.1278943804490265,1.047691068389386,1.0328549308771708,0.7653269431620627,0.9470897928740742,0.0032435703438496106,1.0139005123700442,0.46134293930871145,0.4375968149730137,0.32066613009997774,0.4762549528053829,0.4511203042098454,0.9213343688419887,0.7012731007167271,0.9515688674790519,0.898435115814209,0.761050956589835,0.9474824411528451,0.0037145822175911497,0.9855520299502781
225,1e-06,0.49371179077860733,0.47330660171529376,0.38168117331609297,0.4981149533794689,0.49304294656948083,1.0407669586679837,1.1270114170559278,1.0473541099833463,1.0313049546461521,0.7658542117683937,0.9473799740180928,0.0033206969324431016,1.012386118149796,0.46134051254817415,0.4375939156327929,0.32066167678151813,0.4762527346611023,0.451117353779929,0.9213324785232544,0.701271150793348,0.9515672240938459,0.8984335320336478,0.761050956589835,0.9474824411528451,0.003714643950973238,0.9855473552431379
226,1e-06,0.49342925929405596,0.47325689668470117,0.3827318725589797,0.4977299734282609,0.49281844335894165,1.040461259504556,1.1301711478300245,1.0467860221348129,1.0311460478268504,0.7659090748363357,0.9476135315215722,0.003119155770234052,1.0123145916432352,0.46133885213306974,0.437591872044972,0.3206569807870047,0.4762516873223441,0.45111539108412607,0.9213307840483529,0.7012700523648944,0.9515661937849862,0.8984313351767403,0.7610363108771188,0.9474824411528451,0.003714061541748898,0.9855503865650722
227,1e-06,0.4940660872847984,0.47408974518083713,0.3828949360865486,0.4997968814273943,0.4920410247538711,1.0412700304261941,1.1327567958085523,1.0474917134657076,1.0319988443217147,0.7653835638754444,0.9471163283601298,0.0029848379457919293,1.0138042732888277,0.4613371619156429,0.4375895517213004,0.3206511459180287,0.47625055057661875,0.45111350076539175,0.9213293194770813,0.7012689198766436,0.951564473765237,0.8984293256487165,0.7610363108771188,0.9474824411528451,0.003713966081185,0.9855562448501587
228,1e-06,0.4944740222456387,0.4759213899639704,0.3920528833215068,0.4990111531531946,0.49335076604028427,1.040440035522531,1.1275550089072872,1.0470367596719437,1.0309395114602236,0.7656295109103965,0.9474985108656042,0.0031392659727610644,1.0138284618379745,0.46133505020822796,0.43758787853377207,0.32065133324691225,0.47624853253364563,0.4511110952922276,0.9213273184640067,0.7012680172920227,0.9515626004764012,0.8984272139413017,0.761050956589835,0.9474824411528451,0.0037138240544923712,0.985548904963902
229,1e-06,0.49430731757550517,0.4745744423678419,0.3843849648415431,0.5000691583718857,0.4922095618888744,1.0410672500850184,1.1308336393034142,1.047229986800674,1.0319124127618056,0.7660630098305325,0.9475409909962192,0.0028481990271345932,1.0125930845190625,0.4613333429609026,0.4375838892800467,0.32063684293201994,0.4762476810387203,0.4511089324951172,0.9213259475571769,0.7012667315346854,0.9515616723469326,0.8984254939215524,0.761050956589835,0.9474824411528451,0.0037132519563393934,0.9855690257889884
230,1e-06,0.4934049248373708,0.472230290890512,0.3760684318177068,0.49900121683696125,0.491719956051898,1.0413851647909693,1.132727968969412,1.04829290597682,1.0314327720944714,0.765594120162021,0.9472826516956364,0.0028206180700458307,1.012161401305016,0.46133195076669964,0.43757868664605276,0.3206141974244799,0.4762469402381352,0.45110788515635897,0.921325317450932,0.7012639897210258,0.951561553137643,0.8984248893601554,0.7610363108771188,0.9474824411528451,0.0037122501858643125,0.9856058529445103
231,1e-06,0.4931732166057912,0.4726495787187711,0.38008064533399366,0.49799284253709714,0.49212340170219016,1.040982383235493,1.130418599906382,1.047523810615169,1.0314595741126837,0.765302170854096,0.9474348234795777,0.003106870713251197,1.0131001026001223,0.46133021797452656,0.43757531472614836,0.32060388794967104,0.4762456289359501,0.45110573513167246,0.9213238869394574,0.7012618269239154,0.9515598501477923,0.8984229564666748,0.7610216736793518,0.9474824411528451,0.003711793837802751,0.9856184891292027
232,1e-06,0.4946361727574292,0.47604949929169943,0.39234242452779977,0.49888190220191037,0.49380016716119735,1.0410786509127856,1.14494494136063,1.0471992022722267,1.0314962803770642,0.7650420640007715,0.9469960101604205,0.0027642105249924254,1.0148445207945282,0.46132814458438326,0.43757305826459614,0.320599690079689,0.4762445092201233,0.4511028102466038,0.9213222094944545,0.7012603538376945,0.9515586921146938,0.898421551500048,0.7610216736793518,0.9474824411528451,0.0037120815499552657,0.9856164540563311
233,1e-06,0.49268839781308776,0.4739092178622646,0.38821212169741914,0.49804500152276004,0.4908143016562485,1.0403298589904053,1.1363045926101776,1.0465884578594695,1.0308719659842354,0.765027913800202,0.9473321860826022,0.003279996726289241,1.0133306160528983,0.4613256880215236,0.4375696395124708,0.3205924353429249,0.4762421888964517,0.45110017486980986,0.9213203872953143,0.7012580973761422,0.9515571253640311,0.8984195334570748,0.7610363108771188,0.9474824411528451,0.0037120957858860493,0.9856188297271729
234,1e-06,0.4955088316075427,0.4767416145469585,0.392104708820308,0.4999065981223914,0.49455789083798896,1.0412365851759975,1.133904645395356,1.0472522903247838,1.032131841101649,0.765693202285077,0.9471145564649018,0.0031438877798402776,1.0152554670283425,0.46132361463138033,0.43756580352783203,0.32058015039988924,0.47624049867902485,0.45109836970056805,0.9213193144117083,0.7012563177517482,0.9515563419886998,0.8984178389821734,0.7610363108771188,0.9474824411528451,0.003711708488741091,0.9856344376291547
235,1e-06,0.49399020951050265,0.4742690561529243,0.38570443173710617,0.4982557618418579,0.4933342601052504,1.0407276892108783,1.1362595735725942,1.0474863583759817,1.0307843021232246,0.7654543333740667,0.9472348737639475,0.0030481315718504363,1.01376018920462,0.46132143480437143,0.43756247418267386,0.32057201862335205,0.4762384934084756,0.4510960068021502,0.921317824295589,0.7012547339711871,0.9515548774174282,0.8984162637165615,0.7610509480748858,0.9474824411528451,0.0037114362764571395,0.985640789781298
236,1e-06,0.4933363599707742,0.4721156698719463,0.3767209061081192,0.498017504674579,0.49254243591316826,1.0410059898271473,1.136259863908009,1.0473880661029271,1.0314486284739766,0.7657745999062441,0.9475427589349598,0.0031778922795051186,1.0119289743276267,0.4613190974508013,0.4375591278076172,0.3205637867961611,0.4762366201196398,0.45109349489212036,0.921316112790789,0.7012526818684169,0.9515532510621207,0.8984146543911525,0.7610216566494533,0.9474824411528451,0.00371122413447925,0.9856467502457755
237,1e-06,0.49340427468676085,0.4742036857157222,0.3877969002697961,0.49772826353408683,0.49260054674266934,1.0407675393388134,1.127621325170164,1.0462845277606123,1.032355315094694,0.7658577599335026,0.9472932691067152,0.0030399723160289193,1.0122125936210702,0.461317845753261,0.43755768878119333,0.32056101092270445,0.4762363518987383,0.4510910340717861,0.9213146141597203,0.7012525541441781,0.9515518035207476,0.8984128832817078,0.7610363023621696,0.9474678039550781,0.0037110389343329836,0.985648546900068
238,1e-06,0.492893745094393,0.474081195565217,0.3886492040291774,0.49786336728835584,0.4913988722155561,1.0405686927755267,1.1380700243851074,1.0467477709746529,1.0311396695830277,0.7655658097249137,0.9474188987139555,0.003293805366911746,1.0119827118231295,0.4613166068281446,0.43755602836608887,0.3205574814762388,0.476235704762595,0.4510888712746756,0.9213129878044128,0.7012519580977303,0.951550475188664,0.8984108992985317,0.7610363023621696,0.9474678039550781,0.003710883070847818,0.9856506926672799
239,1e-06,0.49170562197116024,0.4701334743389103,0.3733399829315097,0.4962921947546412,0.49106457207052373,1.0406975588216951,1.1367728020523409,1.0467263301578136,1.0314662462624098,0.7660400030809805,0.9476931588558397,0.0031808553936027283,1.0104472472805368,0.46131510393960135,0.4375533291271755,0.32054755304540905,0.476235215153013,0.45108730026653837,0.9213118893759591,0.701251242841993,0.9515497173581805,0.8984095879963466,0.7610216566494533,0.9474531667573112,0.0037099196841674192,0.985664359160832
240,1e-06,0.4936540989829474,0.47388752466655715,0.38379211883833136,0.49919032688663256,0.49177976524385963,1.0413005738340708,1.1330549808624173,1.0476551375000527,1.0318876140129225,0.7653658702060846,0.9472897289832476,0.002904292379265437,1.0131168076622763,0.46131319233349394,0.4375505191939218,0.3205396000828062,0.4762342699936458,0.4510847968714578,0.9213104588644845,0.7012505616460528,0.9515483634812492,0.8984083788735526,0.761007044996534,0.9474531667573112,0.0037092752754688263,0.9856734275817871
241,1e-06,0.4929088263079339,0.47233985735156764,0.379803306305016,0.49751402091092184,0.4920739071213485,1.0404896433135977,1.1356900573355793,1.0470528691058152,1.0307529086817038,0.7657799094159475,0.9473021206377136,0.0029821494273555905,1.0124506252042293,0.4613113743918283,0.4375483308519636,0.320535740682057,0.47623295869146076,0.45108229347637724,0.9213086877550397,0.7012491396495274,0.951546481677464,0.8984063608305795,0.761007044996534,0.9474531667573112,0.003709153604826757,0.9856741343225751
242,1e-06,0.4925604523096738,0.47243398696554073,0.3813827041510434,0.4975471863602537,0.49127951164665057,1.0407273841753433,1.129376047119474,1.0472459519353352,1.0312541056116786,0.7660913151531559,0.947486139186575,0.00318952540145042,1.0114079920009091,0.461309586252485,0.4375449206147875,0.32052494159766604,0.4762317325387682,0.4510801987988608,0.921307453087398,0.7012472323008946,0.9515452980995178,0.898405134677887,0.761007044996534,0.9474385295595441,0.0037084144673177172,0.9856885331017631
243,1e-06,0.4913182431018745,0.4716405260421364,0.38218794244402365,0.49660346323711707,0.4896706655034489,1.0406925529321978,1.1363965232695237,1.046614653055435,1.031580152861569,0.7659603810220298,0.9476418384203573,0.0032229134816720607,1.0096076547102355,0.46130840267453876,0.4375408547265189,0.32050783719335285,0.47623125570161,0.45107885769435335,0.9213063376290458,0.701244694846017,0.9515447957175118,0.898403559412275,0.7609924077987671,0.9474385295595441,0.0037074649839528967,0.9857178841318402
244,1e-06,0.49444405296269583,0.47345076140299786,0.37945548105227,0.49871664156929196,0.494004448812457,1.0404762826735305,1.1289602543171586,1.047079313335326,1.030923466262982,0.7655339683961431,0.9471021746534048,0.003226340144528037,1.0138719067725372,0.461307202066694,0.43753800647599356,0.3204976213829858,0.4762303744043623,0.45107764857155935,0.9213047283036369,0.7012420722416469,0.9515438420431954,0.8984014562198094,0.7609924077987671,0.9474385295595441,0.0037069725138800485,0.9857348459107536
245,1e-06,0.4915353104480202,0.4717017984107193,0.381645998630534,0.4967624362069597,0.48997121795215803,1.0405590608836635,1.1360570008987616,1.046888478498361,1.031046239736591,0.7654401746171909,0.9474472084433982,0.0030741286111585454,1.0115243903508524,0.4613052308559418,0.4375362140791757,0.32049604611737387,0.47622894815036226,0.45107508982930866,0.9213028464998517,0.701240769454411,0.9515416196414402,0.898399463721684,0.7609924077987671,0.9474385295595441,0.003707026663635458,0.9857286129678998
246,1e-06,0.4931586079834219,0.4734621593840239,0.38429228399357024,0.4980993976930123,0.49184661955686754,1.0409993963246724,1.1391155992529551,1.0474880115444185,1.03124054946323,0.7651163826294995,0.9470968634710399,0.0031771650448636514,1.0135947186047491,0.461303391626903,0.43753373622894287,0.3204896152019501,0.4762280966554369,0.4510725140571594,0.9213011179651532,0.7012384022985186,0.9515399762562343,0.8983978118215289,0.7609777620860508,0.9474385295595441,0.003707023137914283,0.9857304096221924
247,1e-06,0.49313892111286756,0.4749446385497347,0.39247496444601276,0.4977981549498202,0.4918351965341707,1.0396016710716778,1.1381093293219338,1.046182695814422,1.0297370719961134,0.7660311573399637,0.9474365832480108,0.002967479536601348,1.0120959757986547,0.4613018163612911,0.4375319906643459,0.32048602402210236,0.47622743248939514,0.4510702703680311,0.9212994405201503,0.7012372953551156,0.9515384180205209,0.8983955979347229,0.7610216821943011,0.9474385295595441,0.0037068606886480537,0.9857304096221924
248,1e-06,0.4934050594544449,0.4728858353830452,0.3802665719069858,0.49829069457051567,0.4922905495793383,1.0405356205931497,1.139939288866565,1.0466875333240466,1.0310702995551448,0.7652207775432486,0.9477444725041768,0.0031026417644080266,1.0120713098333516,0.4612999473299299,0.43752951281411306,0.32048006781509947,0.4762261211872101,0.4510680649961744,0.9212977630751473,0.701235932963235,0.9515373451369149,0.8983937161309379,0.7610216821943011,0.9474385295595441,0.0037066821408058915,0.9857356207711356
249,1e-06,0.4926963114957197,0.47180842902939574,0.37708584395731326,0.4980867065356605,0.49115967888865547,1.0410518956969252,1.1303248092154201,1.0477133068727018,1.031414494344626,0.7660293964778676,0.9474932010985682,0.003042364775475076,1.011565121392334,0.4612991341522762,0.4375265496117728,0.32046766366277424,0.4762255379131862,0.4510674263749804,0.9212964858327594,0.7012332507542202,0.9515360508646283,0.8983919875962394,0.7610216821943011,0.947423883846828,0.0037057727708348204,0.9857595648084369
250,1e-06,0.49358302534945386,0.4728420158366673,0.37849624549062333,0.4992103014066936,0.4917920513598261,1.0407121976645521,1.1293089176215034,1.0469294945034413,1.0315416680434815,0.765535731059567,0.9472578807708321,0.00311603120108991,1.0127517216538842,0.46129707779203144,0.437524003641946,0.32046360841819216,0.47622363907950266,0.4510648122855595,0.9212948509625026,0.7012320331164769,0.9515346033232552,0.8983904634203229,0.7609923992838178,0.947423883846828,0.003705643117427826,0.9857596755027771
251,1e-06,0.49367587166223664,0.4730918298073865,0.38124025744550366,0.497569515810615,0.4935300419347324,1.040648450673881,1.1319245298167402,1.0470348991578293,1.0312195510009914,0.7656932103588847,0.947420665687699,0.003234393259634038,1.0123571984136162,0.4612949235098703,0.43752061469214304,0.32045414405209677,0.47622199995177134,0.4510625558240073,0.9212933267865863,0.7012296063559396,0.9515329343932015,0.8983887093407767,0.7609923992838178,0.947423883846828,0.0037049687068377224,0.9857699700764248
252,1e-06,0.4934032860313051,0.47310400186071383,0.38117132366057416,0.49852729676803,0.4920202835276522,1.040971768494239,1.1356029339050255,1.0473924552307088,1.0313965010758805,0.765979841150468,0.9475091396636469,0.003125468172490822,1.0124044151030807,0.461292564868927,0.43751706395830425,0.320445505636079,0.4762196924005236,0.4510602908475058,0.9212918962751117,0.7012275031634739,0.951532074383327,0.8983870233808245,0.7609777620860508,0.947423883846828,0.0037046606386346476,0.9857756154877799
253,1e-06,0.49290908188737537,0.47182073515296563,0.3762529957024265,0.4982907262384988,0.4914159175195503,1.0406079079354704,1.1269543322433475,1.0468675205659943,1.0314700231639617,0.7652756229839129,0.9472047913351126,0.0029579217594566253,1.013184450088291,0.46129123653684345,0.4375148287841252,0.3204380337681089,0.4762195221015385,0.4510581876550402,0.9212906190327236,0.7012259108679635,0.951531069619315,0.8983856524739947,0.7609923992838178,0.947423883846828,0.0037042925666485515,0.9857856120382037
254,1e-06,0.49259930347276903,0.4723002614359951,0.37986968871843346,0.4981970929224557,0.49075923521519993,1.0408175714712045,1.1266266857040166,1.0474227168916435,1.0313520326012222,0.7648757487390727,0.9475126728391364,0.0030865509453339175,1.012051690480417,0.46128982305526733,0.4375124658857073,0.3204307577439717,0.47621889199529377,0.4510561908994402,0.9212890437671116,0.7012243356023516,0.9515295198985508,0.8983838643346514,0.7609923992838178,0.947423883846828,0.00370404204087598,0.9857943483761379
255,1e-06,0.4923363541887698,0.47025268858211206,0.3707601439290219,0.4974154884662103,0.4913096713234911,1.0414078246562852,1.1316918874520323,1.047262186883143,1.0325437856248052,0.7659957648867604,0.947310955828097,0.002981704400417069,1.0112697605950345,0.4612878177847181,0.4375089406967163,0.32042098896844046,0.4762171506881714,0.4510538620608194,0.9212876728602818,0.7012227433068412,0.9515287450381688,0.8983823146138873,0.7609923992838178,0.9474092381341117,0.003704068450523274,0.9858032975878034
256,1e-06,0.4921924363293007,0.47123038138303636,0.37612212826867264,0.497648903857806,0.4906049756764465,1.0411502694478887,1.1371396511423222,1.0475631779872978,1.031537932958464,0.764728881350351,0.9474312794639559,0.0027902171529446394,1.0123181949096696,0.4612859700407301,0.43750553471701487,0.3204101813691003,0.4762157031467983,0.4510521377835955,0.921286301953452,0.7012203165463039,0.9515277998788017,0.8983805435044425,0.7610070364815849,0.9474092381341117,0.003703769562499864,0.9858165638787406
257,1e-06,0.49408713731004045,0.4758823609197712,0.3944365420794397,0.49773120423361733,0.49376478808928487,1.0406905693166397,1.1345526701813444,1.0464527471221208,1.0317996125959796,0.7661373141129726,0.9475604494519962,0.0029852438730142983,1.012194348616788,0.46128479072025846,0.4375033123152597,0.3204024625676019,0.47621531997408184,0.4510505071708134,0.9212848884718758,0.7012187923703875,0.9515257222311837,0.8983783892222813,0.7610070364815849,0.9474092381341117,0.003703681552516563,0.9858282719339643
258,1e-06,0.49273480522394564,0.47206686203118214,0.37816418262668,0.498237168441511,0.49105143000226503,1.0413409075863092,1.1357384409315188,1.0475067597624423,1.032028219793786,0.7652526262059961,0.9473941238969966,0.0027674343874220645,1.012540220570963,0.4612821510859898,0.4375001788139343,0.3203974259751184,0.47621274420193266,0.45104773129735676,0.9212832706315177,0.7012172937393188,0.9515248026166644,0.898377537727356,0.7610070364815849,0.9474092381341117,0.0037035468433584484,0.9858266200338092
259,1e-06,0.4939191610634295,0.4743909853828706,0.3868626731991189,0.49798188832600054,0.49342499173980625,1.040656862423604,1.1298878049438732,1.0470871920850684,1.0312523579057076,0.7655268768587437,0.9472773375861142,0.003174378524579136,1.0135964643163933,0.4612802905695779,0.4374971900667463,0.32038865983486176,0.476211530821664,0.45104567067963736,0.9212817209107536,0.7012156844139099,0.9515233721051898,0.8983758687973022,0.7610070364815849,0.9474092381341117,0.0037031937390565872,0.9858355522155762
260,1e-06,0.4929930560825583,0.4740343838849714,0.3889029740129235,0.4970853669670422,0.4923703169989959,1.0407531923431999,1.1402719481468715,1.0465623030003766,1.0316270725571395,0.7653021728805897,0.947466666030678,0.0031443517263732446,1.0124234359005755,0.4612785875797272,0.4374944823128836,0.32038152643612455,0.47621035150119234,0.4510433205536434,0.9212800860404968,0.7012135131018502,0.951521132673536,0.8983743701662336,0.7610070364815849,0.9474092381341117,0.003702766594610044,0.985841052872794
261,1e-06,0.49254559737183373,0.473046446451289,0.3854974116175096,0.4967456106488536,0.4919138536283408,1.0404320223165473,1.1320414370739067,1.0466871483545979,1.0311231623452481,0.7658099791711559,0.9474879000486712,0.0029704147438165372,1.0110126885606094,0.46127693142209736,0.43749113593782696,0.3203702377421515,0.4762094531740461,0.4510411407266344,0.9212787747383118,0.7012115291186741,0.9515204174177987,0.8983724968773978,0.7609923992838178,0.9474092381341117,0.003702208466295685,0.9858568395887103
262,1e-06,0.4928052504514271,0.47136583851918745,0.3753423441987519,0.49719806825284757,0.4923277750442431,1.0412075802627538,1.132343158423418,1.0473995031180796,1.0319778531291197,0.7652703206795199,0.9475692984740025,0.0032825197245979947,1.0123819599779502,0.4612748111997332,0.43748782362256733,0.3203608861991337,0.47620804394994465,0.4510386713913509,0.9212772335324969,0.7012097580092294,0.951519318989345,0.8983709301267352,0.7609923992838178,0.9474092381341117,0.0037019914016127586,0.9858663848468235
263,1e-06,0.49204736208182315,0.4702909530913965,0.3730759081715709,0.4962883724660662,0.4917719251261617,1.0415129126630085,1.1419876185353872,1.0472406892601502,1.0324358027559066,0.7662505707866877,0.9476772280750697,0.0030050797063025008,1.0103114462838068,0.46127263988767353,0.43748403447014944,0.3203500935009548,0.4762061621461596,0.4510364191872733,0.9212759477751595,0.7012083189828056,0.95151857818876,0.8983693208013263,0.7609923992838178,0.947423883846828,0.0037013861749853405,0.9858792509351458
264,1e-06,0.49306900187305547,0.47291188103665033,0.3811127285634384,0.4986416941646364,0.4912282605783655,1.041020286385587,1.1397261863390433,1.0471191838568632,1.0316314753235447,0.7653180889290729,0.9473817366171835,0.0034231119042818312,1.0130892487647916,0.46127070273671833,0.43747979402542114,0.3203361524002893,0.47620451876095365,0.45103433302470614,0.9212750026157924,0.7012067011424473,0.9515183908598763,0.8983681287084307,0.7609923992838178,0.947423883846828,0.003700792057705777,0.9858972004481724
265,1e-06,0.49334843045817284,0.4726716319065897,0.3795421787583371,0.4980803066759063,0.4924101133444344,1.0413171159082404,1.137831502004501,1.046913148838317,1.0325037244520379,0.7651340743045323,0.9471304885323345,0.0029813160843889875,1.013029933940766,0.46126879113061087,0.43747776321002413,0.3203318268060684,0.47620345439229694,0.4510322596345629,0.9212733592305865,0.701205815587725,0.9515162706375122,0.8983661958149501,0.7609777535711016,0.947423883846828,0.003700309433043003,0.9858982818467277
266,1e-06,0.49209622103525896,0.46976590420321007,0.3696736236295376,0.4967462698061017,0.49152677090053487,1.0413084077757884,1.1355137637159467,1.0467756059577642,1.0327009131827356,0.7653251668921819,0.947563983045651,0.002906270571836083,1.011717613683928,0.4612672116075243,0.4374749405043466,0.3203238206250327,0.4762023517063686,0.45102996059826445,0.9212718520845685,0.7012036953653608,0.9515152743884495,0.8983648078782218,0.7609631163733346,0.9474092466490609,0.003699713120503085,0.9859064987727574
267,1e-06,0.4926750913415158,0.47330470784445167,0.3847300572390178,0.49837091569957126,0.49057742620376527,1.0403701948978035,1.13700227343708,1.0463703136088973,1.0311490961235406,0.7654914972721661,0.9471428789001378,0.0030360625343974247,1.0133626535012152,0.46126566188676016,0.43747242433684214,0.32031597409929546,0.476201593875885,0.45102802770478384,0.9212701576096671,0.7012013282094683,0.9515134521893093,0.8983625258718219,0.7609777620860508,0.9474092466490609,0.0036990365146526267,0.9859163335391453
268,1e-06,0.4937067460318996,0.4740292450188947,0.3847752019513702,0.4988043227841644,0.49224012572251974,1.0406950200112266,1.1334158116524373,1.0472817753561754,1.0310174416543598,0.7656772720511386,0.9473109547987669,0.0031259888071914622,1.0128361149472414,0.46126332453319,0.43746780923434664,0.32030162640980314,0.47619941404887606,0.4510259074824197,0.9212690932410104,0.7011992931365967,0.9515126432691302,0.898361189024789,0.7609631248882839,0.947394609451294,0.0036985731816717555,0.9859340616634914
269,1e-06,0.4933938804312262,0.472819500013229,0.37963625841763493,0.49859166153366347,0.4919880342625053,1.0409340759064787,1.12983336795425,1.0470187810389853,1.0318858455916835,0.7654136396458003,0.947507360595275,0.0032919956706926683,1.0133684232501294,0.4612614725317274,0.43746506742068697,0.32029455261571066,0.4761981666088104,0.4510235530989511,0.9212676371846881,0.7011977434158325,0.9515109317643302,0.8983597244535174,0.7609631248882839,0.947394609451294,0.0036981377218450818,0.9859405159950256
270,1e-06,0.49267879097897876,0.4721319197450402,0.3796218283357842,0.49734839396546227,0.491777812122205,1.0404124139645778,1.1334385406115348,1.0459016380088753,1.0318221733239425,0.7660081565090597,0.9474206636290388,0.003380881004986397,1.0113479369277254,0.4612596162727901,0.4374621936253139,0.3202860653400421,0.47619711075510296,0.45102137327194214,0.9212663003376552,0.7011967386518206,0.951509952545166,0.8983579788889203,0.7609631248882839,0.947394609451294,0.003697822602199657,0.9859473534992763
271,1e-06,0.4934346791350771,0.4735527825690062,0.3838843352976067,0.4980980240198579,0.492422962616536,1.0411200631456123,1.1394438139824885,1.0474610295542754,1.0315015885679386,0.7653517144728659,0.9473852784776456,0.0032611449741136687,1.0128941699999188,0.4612577131816319,0.4374599882534572,0.3202822208404541,0.4761959101472582,0.45101867403302875,0.9212647080421448,0.701196585382734,0.9515085731233869,0.8983563610485622,0.7609631248882839,0.947394609451294,0.003697782089667661,0.9859466297285897
272,1e-06,0.49354351427319626,0.47400355639807673,0.38491052786401975,0.49904515182914055,0.49166289163292,1.0402102366178279,1.125391548862344,1.046637537153875,1.0309436008599533,0.765270315725869,0.9474118146070325,0.002805603804173329,1.0132059722543727,0.461254928793226,0.4374569484165737,0.32027783351285116,0.4761935089315687,0.451015442609787,0.921262868813106,0.7011955635888236,0.9515068871634347,0.898354343005589,0.7609631248882839,0.947394609451294,0.003697385346250875,0.9859413249152047
273,1e-06,0.49194029919276416,0.4713415449622896,0.378215022348933,0.49698541404682434,0.4906861113009425,1.0398794308393244,1.1332262487457818,1.0459514674275743,1.0306960852224636,0.7664009620225951,0.9475799103202656,0.0032029833851449484,1.0102074996111396,0.46125238708087374,0.43745297619274687,0.3202678774084364,0.4761908948421478,0.4510131393160139,0.9212613276072911,0.7011936221803937,0.9515056439808437,0.8983526485306876,0.7609777706010001,0.947394609451294,0.0036970372977001326,0.9859510404723031
274,1e-06,0.49342461894540224,0.473295536915547,0.382532866047449,0.4981263530170731,0.49241928964515536,1.0407936884400912,1.1334702594821928,1.0469326696328967,1.0315654921454478,0.7646421758599752,0.9467005231415202,0.0028927865217897703,1.0148425079717291,0.46124968358448576,0.4374487740652902,0.3202566461903708,0.4761885404586792,0.45101056354386465,0.9212600929396493,0.7011920213699341,0.9515044263431004,0.8983508518763951,0.7609924077987671,0.947379972253527,0.0036962126780833516,0.9859620077269418
275,1e-06,0.49267479122746527,0.47202472090399467,0.3795874010403608,0.4968573638251583,0.49226183715666944,1.0411364511741024,1.1366856362584212,1.047282846856619,1.0318051977088114,0.7658241389895283,0.9473923468229517,0.0026685576942481436,1.0119782964152642,0.46124743138040813,0.43744631324495586,0.3202528421367918,0.4761869013309479,0.451007604598999,0.9212581770760673,0.7011906674930027,0.9515030894960675,0.8983487657138279,0.7610070194516864,0.947379972253527,0.0036959958129695485,0.9859585676874433
276,1e-06,0.4935416284922452,0.473746400907499,0.38528268168696955,0.4974114980430006,0.49328035640510687,1.0408919994984198,1.133520485611137,1.0463736449070256,1.0323223939343393,0.7652667761813996,0.9475144367248898,0.0032827841968381655,1.0126237067993564,0.4612448343208858,0.437442809343338,0.320245304277965,0.47618442348071505,0.4510051097188677,0.9212564485413688,0.7011892114366803,0.9515014886856079,0.8983472415379116,0.7610070194516864,0.9473653265408107,0.003695607917117221,0.9859619310923985
277,1e-06,0.4923544380224787,0.4709780949614721,0.3748078215334522,0.4971419175090625,0.4914852365634278,1.0408927518422064,1.1314019807853122,1.0468819102466396,1.0318864037137512,0.7663868105675296,0.9474666640363509,0.0029429122157238075,1.010927852526653,0.46124241607529776,0.43743867533547537,0.32023273408412933,0.47618259276662556,0.4510026914732797,0.9212551372391837,0.7011883769716535,0.9515008500644139,0.8983456066676548,0.7610070194516864,0.9473653265408107,0.003695076730634485,0.985973698752267
278,1e-06,0.4947908472287867,0.47552725193440043,0.38923157250565965,0.4987543244749163,0.4943458867664924,1.040613274219161,1.1291486173144432,1.046983398332251,1.0312917876488057,0.7661638679339702,0.9474295159320347,0.0031438729722259883,1.0133352498717394,0.46124073011534555,0.4374337834971292,0.320213611636843,0.4761816603796823,0.4510007287774767,0.9212545497076852,0.7011866399220058,0.9515002029282706,0.8983446444783892,0.7609924077987671,0.9473653265408107,0.003693656131092991,0.9860037990978786
279,1e-06,0.4937193566763395,0.4726891010050766,0.3784243322293693,0.49809819228315894,0.49318374737622733,1.040588823962842,1.134139161526803,1.046554163797958,1.0315051064643097,0.7654277902967017,0.9474772902610684,0.003142278261683254,1.0133132039696477,0.4612391548497336,0.43743087564195904,0.3202046602964401,0.47618047680173603,0.4509990130152021,0.9212528382028852,0.7011845878192356,0.9514986617224557,0.8983422773224967,0.7609924077987671,0.9473506893430438,0.003693140045340572,0.9860146130834307
280,1e-06,0.4927575837838862,0.4717889353190637,0.37798722613456115,0.49694607036537053,0.4923948289829528,1.0405415201984864,1.1314073473585018,1.046434365731603,1.031619814686433,0.7648545159112423,0.9473888184724469,0.0028267745732762526,1.0138845170953115,0.46123798404421124,0.43742802313395907,0.3201938846281597,0.47617997016225544,0.4509975441864559,0.9212515609604972,0.7011839662279401,0.9514972056661334,0.8983408638409206,0.7609777620860508,0.9473506893430438,0.00369257533124515,0.9860334822109768
281,1e-06,0.49336143921210324,0.4737824916324935,0.38566481700409316,0.49777838110087436,0.4925344275000027,1.040526956142893,1.1383690237033965,1.0464524552427108,1.0313400923723282,0.7653074811679637,0.9472631888330401,0.002912803402640975,1.0129858419435833,0.46123612352779936,0.4374252472605024,0.32018657454422544,0.4761785226208823,0.45099556871822905,0.9212499005453927,0.7011826123510089,0.9514957921845573,0.8983392204557147,0.7609777620860508,0.9473360776901245,0.00369257852435112,0.9860401238713946
282,1e-06,0.49280165693146183,0.47227135379444374,0.37884274636547566,0.4984109347180553,0.4909910876655733,1.0412653935515295,1.133956577413737,1.0475037956456525,1.0319374250966795,0.7658400560995082,0.9474560569507395,0.003041381480778415,1.0122169424763128,0.4612341012273516,0.4374220882143293,0.32017815325941357,0.4761767642838614,0.45099353790283203,0.9212485466684613,0.7011807560920715,0.9514948299952916,0.898337151323046,0.7609631248882839,0.9473360776901245,0.003692321013659239,0.9860463738441467
283,1e-06,0.4934916927308825,0.473189216366473,0.38262573513415976,0.49730210097107574,0.4933767014751548,1.0406082079208547,1.1441170828315417,1.0464653914771207,1.0313006458704497,0.7651075375639806,0.9473339616769851,0.0032093084527353498,1.0133188793096939,0.46123177664620535,0.43741956778935026,0.3201751049075808,0.476174601486751,0.45099075777190073,0.9212465626852853,0.7011790531022208,0.9514932802745274,0.8983353461538043,0.7609338504927499,0.9473360776901245,0.003692271187901497,0.9860410349709647
284,1e-06,0.4931951672144343,0.4734071091066742,0.3844677345275364,0.4975459078036317,0.4924686585833945,1.0415143524706203,1.1330693271182,1.0475360730243772,1.0324408681857156,0.7657622182877464,0.9474861272527795,0.0031774457487796877,1.012917458850245,0.4612293711730412,0.43741545932633535,0.32016349477427347,0.47617264304842266,0.4509880713054112,0.9212451917784554,0.7011774693216596,0.9514921648161752,0.8983333962304252,0.7609338504927499,0.9473360776901245,0.003691643609532288,0.9860505206244332
285,1e-06,0.49315878131295693,0.47375022702389513,0.38610523815291414,0.4978168141468756,0.4920692126041995,1.0414572026494124,1.133213743897174,1.047322188141664,1.032533612562654,0.7649677526095205,0.9474631317936917,0.002678831532613625,1.012906919024921,0.4612271658011845,0.4374124152319772,0.3201558313199452,0.4761711486748287,0.45098560622760225,0.9212437186922345,0.7011762687138149,0.951490546975817,0.8983324681009565,0.7609338504927499,0.9473360776901245,0.0036915739599083152,0.9860537477902004
286,1e-06,0.49360165989083726,0.4733424821031203,0.38242592357392574,0.4979227640727888,0.49298635290818027,1.0414801837943788,1.13392535558084,1.0472220585144216,1.0326567926859767,0.7653110139574544,0.9473728805828661,0.003080483441224374,1.0137071903499473,0.46122559905052185,0.43740970747811453,0.3201476548399244,0.47617028440747944,0.45098346897533964,0.921242186001369,0.701174429484776,0.9514890142849514,0.8983302286693028,0.7609192132949829,0.9473360776901245,0.0036914097145199776,0.9860608918326241
287,1e-06,0.4932048667043335,0.47384146642376135,0.3874078151250748,0.4968950153844651,0.4930413067340851,1.04128757365253,1.1337716850601398,1.0470112281687118,1.0324809904106231,0.7654844270933658,0.9475339124219455,0.003080737528140384,1.0130414463543467,0.4612238960606711,0.4374064973422459,0.32013693026133944,0.47616938182285856,0.45098134875297546,0.9212407129151481,0.7011730245181492,0.9514878562518528,0.8983286448887416,0.7609192132949829,0.9473360776901245,0.003691144287586212,0.986073979309627
288,1e-06,0.4943962695626909,0.4760195461081223,0.39269352660459633,0.4991302849534905,0.49305230972577735,1.0414395000377477,1.139962373748703,1.0472167771504624,1.0323780455656202,0.765670196564855,0.9470172427952515,0.0032629227469018343,1.0143982707585635,0.4612224016870771,0.4374026996748788,0.3201220291001456,0.47616879429136005,0.45097956487110685,0.9212397507258824,0.7011721389634269,0.951486987727029,0.8983278615134103,0.7608899388994489,0.9473360776901245,0.0036903988303882734,0.9860958627292088
289,1e-06,0.49182717930736636,0.4705496654597991,0.37431166816002215,0.4970792206441526,0.4904923803473059,1.0407313491226335,1.1312012730967465,1.0469057518793838,1.0315411693008925,0.7660736253116174,0.9475604482939999,0.0032134505621566204,1.0112351234449417,0.461220737014498,0.4373991574559893,0.32011011455740246,0.4761679342814854,0.4509772445474352,0.9212384053639003,0.701169627053397,0.9514859744480678,0.8983258945601327,0.7608899388994489,0.9473360776901245,0.0036898190820855753,0.9861113003322056
290,1e-06,0.49209210143112453,0.47187985517627407,0.37978300066233583,0.4977244513136467,0.49020341308903065,1.041021023771921,1.140056447537603,1.0469504017091351,1.0317905457419958,0.7651853864410408,0.9473091953519995,0.0033492151169328514,1.0119700086354824,0.4612188083784921,0.4373962368283953,0.32010161876678467,0.4761670785290854,0.4509745580809457,0.921236881187984,0.7011680006980896,0.9514848504747663,0.8983245236533028,0.7608899388994489,0.9473360776901245,0.0036890345093395028,0.9861180356570652
291,1e-06,0.4943725484741487,0.47591411081508117,0.3927091929279529,0.4986604858075228,0.4934734091267223,1.0415888001837732,1.1374989211462796,1.0479760615168168,1.032004378064542,0.7651039949958542,0.9473782011900345,0.003008185743107483,1.0147388438823348,0.4612171692507608,0.43739398036684307,0.32009539221014294,0.4761662781238556,0.4509724804333278,0.9212352548326764,0.7011668426649911,0.9514832496643066,0.8983228887830462,0.7608899388994489,0.9473360776901245,0.0036889097786375453,0.9861235874039787
292,1e-06,0.49268404805718147,0.4730298588935967,0.3832721561917214,0.49835420825709154,0.4906610273150451,1.0410562662002658,1.1259976090834196,1.04784067681977,1.0314402881983609,0.7649907596164051,0.9470048551294395,0.0034718915104666997,1.0130185404469758,0.4612154279436384,0.4373904551778521,0.3200846399579729,0.4761649327618735,0.4509701430797577,0.9212338243212018,0.7011645691735404,0.9514821682657514,0.8983209473746163,0.7608752931867327,0.9473360776901245,0.0036882052331098487,0.9861367430005755
293,1e-06,0.4921506901110306,0.47295480844335047,0.3850128503181583,0.4979521686395181,0.48992048598789745,1.0414180262180128,1.1326729677139071,1.048115734016966,1.0316784178573766,0.7652720853372709,0.9474825917612972,0.0029335573482233176,1.0118388240554819,0.46121380584580557,0.4373878027711596,0.3200777364628656,0.47616348947797504,0.4509683336530413,0.92123224905559,0.7011628917285374,0.9514807547841754,0.8983193721090045,0.7608752931867327,0.9473360776901245,0.0036879626235791613,0.9861442276409694
294,1e-06,0.49214275510196615,0.47191409847894616,0.3800561891268603,0.4974815649273456,0.49054023190826196,1.040117410634314,1.1271771363033454,1.0467429562832173,1.0305897262504278,0.7660187652029994,0.9476046795724086,0.0030715085274031755,1.0113283819400871,0.4612115280968802,0.437383805002485,0.3200653408254896,0.47616205896650043,0.4509657025337219,0.9212312187467303,0.7011617081505912,0.9514798607145037,0.8983182821954999,0.7608752931867327,0.9473360776901245,0.0036874483339488506,0.9861584646361214
295,1e-06,0.49337240058026055,0.473648972242379,0.3840193417158502,0.4986406311883324,0.4917492751038145,1.0413301914560429,1.1401937886694606,1.0476407783454775,1.0317243058425443,0.7650880785292056,0.9472915020043053,0.0033586668002336746,1.0134158552625794,0.46120982084955486,0.4373816336904253,0.32005970392908367,0.47616118618420195,0.4509636334010533,0.9212295157568795,0.7011599540710449,0.9514781066349575,0.8983161960329328,0.7608752931867327,0.9473360776901245,0.0036873919889330864,0.9861611723899841
296,1e-06,0.4929240827166706,0.4728998522853697,0.38235850378879005,0.49783994366012263,0.49169390425447895,1.0406573071585303,1.136341196488382,1.0472096188031077,1.030915533151745,0.7655180263892419,0.9472454933623526,0.003298897295436358,1.0130422133339203,0.4612076665673937,0.4373783554349627,0.3200515253203256,0.4761595129966736,0.4509609724794115,0.921227787222181,0.7011577572141375,0.9514764547348022,0.8983144334384373,0.7608752931867327,0.9473360776901245,0.0036872606059270246,0.9861633011272976
297,1e-06,0.4922197820750431,0.47086843846620124,0.37368350540761747,0.49807267319622134,0.49031799007156895,1.040175349662192,1.1299041312768918,1.0468501045905894,1.0305094846312703,0.7653464004276768,0.947206564677836,0.003402422897461484,1.0127517273151996,0.46120587842805044,0.4373745151928493,0.3200384186846869,0.4761581974370139,0.4509590949331011,0.921226509979793,0.7011558754103524,0.9514758501734052,0.8983132754053388,0.7608752931867327,0.9473360776901245,0.003686577613864626,0.9861790197236198
298,1e-06,0.4919145462870662,0.4713541022906481,0.37828115952445956,0.497063992767159,0.49055287820933896,1.0414155422515374,1.1317737159765031,1.047932003101528,1.0318870504547053,0.7654295654729194,0.9472808838855622,0.002878408646682218,1.011639228429398,0.46120321324893404,0.4373710879257747,0.32003084676606314,0.476156268801008,0.45095594014440266,0.92122483253479,0.7011540702411106,0.9514740109443665,0.8983109593391418,0.7608752931867327,0.9473360776901245,0.00368601582678301,0.9861798116139003
299,1e-06,0.49148369932329083,0.4700773064664294,0.37353551818818836,0.49650247239834927,0.4903965129829135,1.04080534798354,1.1311563301330891,1.0472031100916979,1.0313961420970161,0.76568790020585,0.9475409793519227,0.0030091188658788776,1.01103581902277,0.46120127184050425,0.4373663876737867,0.3200147045510156,0.4761544976915632,0.4509539433888027,0.9212234531130109,0.7011511155537197,0.9514727762767247,0.8983094011034284,0.7608606559889657,0.9473507148878915,0.0036852250673941205,0.9861998643193927
300,1e-06,0.4933500918130005,0.4729564836780509,0.3811171481770821,0.4980031856317103,0.4924381636344479,1.0410563712241003,1.1336731575851626,1.0470554102966094,1.031970068305747,0.7661001697721446,0.9472384161712412,0.0028698885971926557,1.012864353717242,0.46119978598185946,0.4373637650694166,0.3200059064796993,0.4761539953095572,0.45095195514815195,0.921221809727805,0.7011488590921674,0.9514721376555306,0.8983074256352016,0.7608606559889657,0.9473507148878915,0.0036849911723818097,0.986208609172276
