epoch,learning_rate,train_total_nll,train_selection_score,train_market_nll,train_sector_nll,train_idio_nll,train_mse,train_market_mse,train_sector_mse,train_idio_mse,train_coverage_68,train_coverage_95,train_standardized_residual_mean,train_standardized_residual_std,val_total_nll,val_selection_score,val_market_nll,val_sector_nll,val_idio_nll,val_mse,val_market_mse,val_sector_mse,val_idio_mse,val_coverage_68,val_coverage_95,val_standardized_residual_mean,val_standardized_residual_std
1,0.0002,0.5803286468622566,0.5849136166003687,0.6048507576744433,0.5799574782100019,0.5798823795010967,1.105134935056742,1.1945611609902311,1.105340828727101,1.1019482016868611,0.7474671101728831,0.9397815872142087,-0.037410722056444766,1.0747269047753236,0.5096038069043841,0.49287586552756174,0.40590305413518635,0.5244798575128827,0.4981843147959028,0.9841407452310834,0.7730619822229657,1.009017927306039,0.9662995593888419,0.7494145120893206,0.9443940435137067,-0.033522452626909525,1.0066311359405518
2,0.0002,0.5692745535055064,0.5734763580044904,0.5908993673641988,0.5697400194830731,0.5680882391780692,1.090566999107767,1.1742782076382967,1.0922607030248372,1.0860829989359553,0.7522869403094923,0.9414016179286451,-0.03335943133691855,1.0640138614134977,0.5034698418208531,0.4864544613020761,0.3975595874445779,0.5190080021108899,0.49146180919238497,0.9759315507752555,0.7584465912410191,1.001761896269662,0.9573510118893215,0.7527956707136971,0.9453454443386623,-0.03006492688187531,0.9997524278504508
3,0.0002,0.5617935911423722,0.5660625656659458,0.5827973165148292,0.5631848285885511,0.5597022637396791,1.0813722386460272,1.1608761439430855,1.0844274553285767,1.0756669873099907,0.7561229855905602,0.9427967105409883,-0.030178831871150703,1.0558033636210824,0.49888947180339266,0.48161695258958,0.3910321295261383,0.5149910535131182,0.48638336999075754,0.9697468961988177,0.7472269875662667,0.9964553117752075,0.9504552568708148,0.755840173789433,0.9462821739060538,-0.02719144044177873,0.9943554741995675
4,0.0002,0.5557869918457496,0.5595128437951474,0.5737077627680086,0.5573911193359588,0.553585731839743,1.0730523277232418,1.142831855319551,1.0759093722684288,1.067869053946601,0.7587620621147488,0.9436780759998913,-0.027594897502158704,1.0494022605911133,0.49545190589768545,0.4778918538774763,0.38559724603380474,0.5120139036859784,0.48255148955753874,0.9650949580328805,0.738588205405644,0.9925945060593742,0.9451458879879543,0.7575527003833226,0.9465749434062413,-0.024798300383346423,0.9904508505548749
5,0.0002,0.550339824409895,0.5566009290390483,0.5813004421198973,0.5522328389344067,0.5474147013499684,1.0667099350242204,1.1425599222969411,1.0707662144625303,1.0601253765275158,0.7616176862199063,0.9444201029818057,-0.025700354423131688,1.044141066422294,0.49277743697166443,0.47498551436832975,0.38130643538066317,0.5097155698708126,0.4795548106942858,0.9614493080547878,0.7321926610810416,0.9896469116210938,0.9408931391579765,0.759104209286826,0.947057945387704,-0.0228992442467383,0.987365586417062
6,0.0002,0.5459777777523367,0.5516181701095179,0.5729207374838395,0.5485838013493703,0.5424736964659879,1.0618635818278308,1.1325229858045875,1.066560684261234,1.0548108764263646,0.7634962471521517,0.9449371713830212,-0.0237149521183934,1.0392652823262134,0.49074423738888334,0.47277932933398653,0.3780764767101833,0.5079540440014431,0.4772899661745344,0.9586306640080043,0.7275925363813128,0.9874005998883929,0.9375624401228768,0.7604947175298419,0.9474824241229466,-0.021394041499921253,0.9849144560950143
7,0.0002,0.5434882846998057,0.5493988074587359,0.571294049894999,0.5466253618918134,0.539424369396824,1.0581111469393318,1.1235982983831376,1.0632802433254653,1.050759390690848,0.7648392992024536,0.9454475267691547,-0.022327760168667395,1.0370105170190365,0.48903212377003263,0.47091908965791973,0.3753357401915959,0.5064786161695208,0.4753754436969757,0.9562793714659554,0.7239370942115784,0.9855487857546125,0.93475512947355,0.7617242506572178,0.9477312649999347,-0.020117671628083502,0.9830351386751447
8,0.0002,0.541529353007987,0.5468819420031261,0.5664821045250997,0.5445871772029982,0.5376397619873697,1.0555384637023997,1.123892754758863,1.0613722908942442,1.0474263134517856,0.7656786960329817,0.945719496689878,-0.02132183381514142,1.0346690027212035,0.48762295075825285,0.46939808981759207,0.37314903310367037,0.5052484401634761,0.47381347843578886,0.954302864415305,0.7212090407099042,0.9839672190802438,0.9324079241071429,0.7624121819223676,0.9480825577463422,-0.019029681703874042,0.9814402375902448
9,0.0002,0.5388762196759597,0.5447492812208439,0.5665047625914269,0.5419942404878365,0.5348373123211428,1.0524322432368094,1.1258509245153214,1.0580230817023266,1.044394251632495,0.7668504898998595,0.945922632676421,-0.02042949454705348,1.0322881945572446,0.4864358391080584,0.4681217925889151,0.371371899332319,0.5041758673531669,0.472531544310706,0.9526623061725071,0.7189780984606061,0.9826346210071019,0.9304789900779724,0.7629976528031486,0.9483460017613002,-0.01799668531332697,0.9800867012568882
10,0.0002,0.5376943399890288,0.5440426432225745,0.5674206580007253,0.5411960411486842,0.5332016238052907,1.0504253762719329,1.116456740462835,1.0565671848750273,1.042082553451878,0.7677604012530825,0.9461425448220874,-0.019199471994166308,1.0306503342410203,0.4854413611548288,0.4670552526201521,0.36990903105054584,0.5032662195818765,0.4714678057602474,0.9512768132346017,0.7170544692448207,0.9815181238310677,0.9288426893098014,0.7635245663779122,0.9483460102762494,-0.01711909579379218,0.9790518028395516
11,0.0002,0.5356941218261406,0.5409123460817996,0.5590911000982286,0.5395580863897702,0.531050243776881,1.0487326942708513,1.11511446034304,1.055400256584439,1.0398523638752626,0.7681112709987853,0.9461492732800524,-0.018272182274241662,1.028979639700603,0.4845529922417232,0.4661662408283779,0.3689533599785396,0.502438451562609,0.47052110944475445,0.9499529429844448,0.7157092435019357,0.9803872193608966,0.927327573299408,0.7637880359377179,0.9484338334628514,-0.016515647327261313,0.9779145887919835
12,0.0002,0.5346576951432704,0.5404849842885062,0.561816352196858,0.5379933576613161,0.5304167404641144,1.0468785600422958,1.113766479785175,1.0532045872835276,1.0383231578822998,0.7688600128574733,0.9465572125046179,-0.018071093878823705,1.0272752878547509,0.4837201365402767,0.46532500641686575,0.36807585614068167,0.5016059960637774,0.46968944157872883,0.948755042893546,0.7144857559885297,0.9793513757841927,0.9259674719401768,0.7643149750573295,0.9485070279666356,-0.016109897355948175,0.9770252789769854
13,0.0002,0.533630053019194,0.5392038328368055,0.5589007162858569,0.5374917476163787,0.52892598477743,1.0456695824602111,1.1122831164783413,1.0526091286419479,1.0365095177614805,0.76925116975797,0.9466646501362416,-0.017443923379785273,1.027036333169561,0.4828950507300241,0.4645334226744516,0.36746897867747713,0.5007417372294835,0.4688958610807146,0.9475422416414533,0.7137844136783055,0.9782302379608154,0.9246459262711662,0.7647833824157715,0.9486680286271232,-0.0158333062593426,0.9761133704866681
14,0.0002,0.5325680346410823,0.5380490937723725,0.5573107389322135,0.5364676861047623,0.5278436604427547,1.044162291474545,1.1155875199767669,1.051583282836449,1.034360395293326,0.7704095447972928,0.9469147930985161,-0.01709207417410014,1.0258730740896325,0.482181327683585,0.4638344390051706,0.3668586824621473,0.500003742320197,0.4682027314390455,0.9464894958904811,0.7130420633724758,0.9772272450583321,0.9235336695398603,0.7653103130204337,0.948916860989162,-0.015388568597180503,0.9752666865076337
15,0.0002,0.5312058013705064,0.5362403542642648,0.5536234074840165,0.5350817477037769,0.5265826148920895,1.0426951314752309,1.1117975489945517,1.0498815969632214,1.0332050907935353,0.7703356743469277,0.946963479716657,-0.01654830340656542,1.024025593424112,0.48151942236082895,0.46316533429282053,0.36615737421172007,0.49934262463024687,0.4675417329583849,0.9454918844359261,0.7121590716498238,0.9763229063579014,0.9224383660725185,0.7656469685690743,0.9490778701645988,-0.014979318848678045,0.9745278358459473
16,0.0002,0.5311977065836413,0.5359038513438005,0.5518739028765615,0.5350861059538963,0.5266200286635239,1.0419902230188045,1.1098008285225567,1.049222975221586,1.0324971995717491,0.7706831867610621,0.9470860292773581,-0.01618492388091619,1.0230977400351473,0.4808684374604906,0.462526662009103,0.36559862324169706,0.4986659160682133,0.4669132573263986,0.9444910543305534,0.7113517607961383,0.9753864918436322,0.9213678070477077,0.7660275101661682,0.9492095964295524,-0.01476009881922177,0.9737455419131688
17,0.0002,0.5298650884439075,0.5346352739085067,0.5507254192020975,0.5338988168784062,0.525135907510947,1.0407819357274803,1.1104404499942195,1.0477546004533647,1.031487360314351,0.7710055157397261,0.9471112032212542,-0.016230281584510363,1.0226283912102014,0.4802282878330776,0.46191525885037016,0.3651455853666578,0.4979916342667171,0.46630109207970755,0.943516458783831,0.710471544946943,0.974398502281734,0.9204020755631583,0.7663495540618896,0.9493998970304217,-0.014361126614468438,0.9729288646153041
18,0.0002,0.5287995552381857,0.5339435006616302,0.5517603228230142,0.5327065703017981,0.5241271398095553,1.039435285454949,1.1106491190192032,1.0462234410883156,1.030273361567406,0.7714000245393147,0.9473210658651099,-0.015872164539271785,1.0212536676688129,0.47959077783993315,0.4613333259310041,0.3648531607219151,0.49730394993509563,0.46570234639304026,0.9425728235925946,0.7099411487579346,0.9734105808394296,0.9194897753851754,0.7666130151067462,0.9495023488998413,-0.014008169461573874,0.9721977029527936
19,0.0002,0.5279541903438167,0.5329315015064773,0.5501322047074392,0.5317716687627774,0.5233974053013709,1.0385150367396951,1.1050745790516237,1.0454896834955054,1.0293217290076486,0.7720211923763316,0.9474301863742131,-0.015335099636188423,1.0202891139940182,0.47897399749074665,0.4607556462287903,0.36450994440487455,0.49662283062934875,0.46514077697481426,0.9416384186063494,0.7093146102769035,0.9724242602075849,0.9185967871120998,0.7668764676366534,0.9495462434632438,-0.013744673957782132,0.9714680739811489
20,0.0002,0.5271909049823231,0.532645934829331,0.551725579968368,0.531158069403307,0.5224058901537276,1.0375404735131564,1.1112807991562046,1.0446965915388897,1.0279261677679012,0.7722965019883343,0.9475460153815078,-0.014958228463859236,1.0192282731509856,0.4783696106501988,0.46019443018095835,0.3641702788216727,0.4959830812045506,0.46456272687230793,0.9407475335257394,0.7086406350135803,0.9715073023523603,0.9177250862121582,0.7670374938419887,0.9496340921946934,-0.013326287934822696,0.9707790613174438
21,0.0002,0.5267771906689137,0.5322779751837223,0.5522576355042973,0.5300745728134315,0.5226305255631087,1.0361316887098158,1.1084718120384998,1.0430276128065263,1.0268242102797314,0.7726557731201145,0.9476282807783292,-0.014825085062615638,1.0190962086075461,0.47781852313450407,0.4596953775201525,0.3639399366719382,0.49538705178669523,0.46404620153563364,0.9399404951504299,0.708068243094853,0.9706661530903408,0.9169439928872245,0.7673155665397644,0.9497365270342145,-0.012909746462745326,0.9701212474278041
22,0.0002,0.526024063886036,0.531119010659651,0.5490196425671829,0.5296529835453414,0.5216286277929698,1.03566991074294,1.1043946851050617,1.0425484731633177,1.0265006331743123,0.7730889022502909,0.9477424449757069,-0.014256730454430724,1.0182317497787632,0.47726715888295856,0.4591769405773708,0.3635491303035191,0.49484810658863615,0.4634768920285361,0.9390696031706673,0.7075117911611285,0.9698061602456229,0.9160516347203936,0.7675790190696716,0.9498975617544991,-0.012603153075490679,0.9694296887942723
23,0.0002,0.5249112482963314,0.5291001576981786,0.5431030627799779,0.5285736184149477,0.5206424122246118,1.0342621750179706,1.0995252916157336,1.0410899708836248,1.025258910088312,0.7736193964069951,0.947787766540838,-0.013952632851448507,1.0166468674014668,0.476733318396977,0.4587086779730661,0.36337908676692415,0.49429646134376526,0.46294873527118136,0.9381912095206124,0.7072370988982064,0.9689188599586487,0.9151620183672223,0.7678571428571429,0.9500585453850883,-0.012428060173988342,0.968656701701028
24,0.0002,0.5242482002765413,0.5291732111559485,0.54616350886978,0.5280535227508956,0.5197124640360528,1.0334586209049605,1.1027550434553495,1.0404560482630165,1.024151290250447,0.773856110104035,0.9479052780288583,-0.01393076745174249,1.0164882898696923,0.4762201224054609,0.45820861203329905,0.36294591426849365,0.4937728089945657,0.4624434198651995,0.9373776912689209,0.7066631998334613,0.9681248239108494,0.9143218057496207,0.7683108959879194,0.9502049258777073,-0.012205757333764009,0.968007138797215
25,0.0002,0.5240176988758921,0.5274294991402887,0.5377076774972924,0.5280711013295378,0.5195080305268932,1.033428824381284,1.0998454912466937,1.0403232539060234,1.024320492363562,0.7742204076805544,0.9478565946763073,-0.013383455454818694,1.0156044157968689,0.475719336952482,0.4576846786907741,0.36232277750968933,0.4932725046362196,0.46194624475070406,0.93663832119533,0.7059171199798584,0.9674160565648761,0.9135519777025495,0.7685597283499581,0.950278103351593,-0.01186525302806071,0.9673583252089364
26,0.0001,0.5231788137358271,0.5264446586446767,0.5365565732403773,0.5267991251018923,0.5191125637802538,1.0323544806599068,1.098942638588025,1.039310916838619,1.023178370622751,0.7745712715970268,0.9479774684400603,-0.012959757258975378,1.0146577919805226,0.4754692997251238,0.45743216787065777,0.3620654727731432,0.4930171583380018,0.4617016443184444,0.9362559573990958,0.705678369317736,0.9670424972261701,0.9131554450307574,0.7686182686260769,0.9503074032919747,-0.011775464750826359,0.967062098639352
27,0.0001,0.523475680467842,0.5266462696007564,0.5361271258567579,0.5273097082400285,0.5192199638118148,1.031874881484114,1.0984104799113392,1.0388287142552417,1.022703223727754,0.7747995988320401,0.9482796561455519,-0.013168948458834788,1.015181036924498,0.4752143280846732,0.45718213490077425,0.36185324617794584,0.49274624245507376,0.4614611438342503,0.9358719842774528,0.7054127625056675,0.9666549989155361,0.9127708758626666,0.7688963838985988,0.9503659350531442,-0.011678250107382025,0.9667694738933018
28,0.0001,0.5233614624797901,0.5261763574463004,0.534025439560505,0.5273052915755261,0.5190620628980509,1.0312876775822637,1.0954154018127669,1.0386508233231029,1.0217868811768016,0.7749120721558211,0.9482041059306995,-0.012867490098255182,1.0146201461385715,0.47494855523109436,0.4569343073027475,0.3617135158606938,0.49245041608810425,0.461221273456301,0.9354850734983172,0.70518068756376,0.966244101524353,0.9124032003538949,0.7688231808798653,0.9504098551613944,-0.011581982752042157,0.9664809703826904
29,0.0001,0.522394248524264,0.5253809706040425,0.5342349750349843,0.5260790128373392,0.5183148692646701,1.0308328749763618,1.0976171007659334,1.0376990009928995,1.0217406331912957,0.7749322186478333,0.9482057905172728,-0.0128054468116651,1.0142647175683892,0.4747063049248287,0.4566941772188459,0.36148862327848164,0.4922020563057491,0.460984719651086,0.93511415379388,0.7049310888562884,0.9658835445131574,0.9120175242424011,0.7690281016486031,0.9504244923591614,-0.011514711459832532,0.9661544050489154
30,0.0001,0.522180617664389,0.5256939818476996,0.5364776553554652,0.5261654222676891,0.5177191112875267,1.0308916320327117,1.0971116159612926,1.0380545043359337,1.0215214267487533,0.7751857150046568,0.9483669530228352,-0.01285606339794173,1.0135379751950608,0.47447486008916584,0.4564921259880066,0.3614273837634495,0.49195611476898193,0.46076192600386484,0.9347508294241769,0.704829718385424,0.9655158264296395,0.9116498827934265,0.7689549156597683,0.9504391380718776,-0.011443163401314191,0.9658751828329903
31,0.0001,0.5214410457193577,0.5255057173878854,0.5388187221148901,0.5252557074907677,0.5170470526812935,1.0297400013215103,1.09441520889417,1.0369739006008787,1.020350084174186,0.7755382603641906,0.9482779741226193,-0.012778127839225138,1.0122343195565102,0.47425769908087595,0.45629761048725676,0.3613398160253252,0.49172901681491304,0.4605505040713719,0.9344122239521572,0.7047379953520638,0.9651800394058228,0.9113000886780875,0.768925632749285,0.9503952009337289,-0.011330570227333478,0.9656090225492205
32,0.0001,0.521646447933703,0.5244124313531261,0.5321871043167173,0.5254626602499044,0.5174789107950662,1.0301677894421375,1.0956796457751616,1.0375595538968987,1.0205923104005414,0.7755063601597357,0.9482880453543363,-0.012530893634115877,1.0129328751893636,0.4740434672151293,0.4560682943889073,0.36104822158813477,0.4915133459227426,0.46033991660390583,0.9341180835451398,0.7044676882880074,0.9648966108049665,0.9109941380364555,0.7690427303314209,0.9504391295569283,-0.01112506099577461,0.96540253502982
33,0.0001,0.5216444764787944,0.5237043094952413,0.5285774452666167,0.5253573047522697,0.5177005274565599,1.02979116343988,1.0945886835585603,1.0367479461983906,1.020674260835799,0.7753116242469303,0.9483803785036481,-0.012341600780781116,1.0133922859698274,0.47380598528044565,0.45579532214573454,0.36062283175332205,0.49127696667398724,0.4601075606686728,0.9338047930172512,0.7040854437010629,0.9646040116037641,0.9106629405702863,0.7691012706075396,0.950468395437513,-0.010958156947578703,0.9651240025247846
34,0.0001,0.5209633729363855,0.5233654944150801,0.529613125861393,0.5247565385200278,0.5168819803490861,1.0295020435873325,1.0956653558591423,1.0366804309826414,1.0201182652301075,0.7755483321147397,0.9484408169115011,-0.012173129949018672,1.011991267013843,0.47355824283191134,0.4555273524352482,0.3602732164519174,0.4910240684236799,0.45986888664109365,0.9334858059883118,0.7037087678909302,0.9642783829144069,0.9103517362049648,0.7691012961523873,0.9505708643368312,-0.010721716098487377,0.9648432646478925
35,0.0001,0.5208190093880364,0.5234545523914019,0.5307517372151856,0.5245606174422605,0.5167462849275186,1.028615587012803,1.100885010290561,1.035744341531901,1.0190777300689626,0.7755936631104059,0.9484475379837396,-0.01194607604941648,1.0120019261432927,0.4733358919620514,0.4552909093243735,0.3599761979920523,0.4908026840005602,0.45964769806180683,0.9331677045140948,0.7034374134881156,0.9639828971454075,0.9100097162382943,0.7692476511001587,0.9506001131875175,-0.010599710712475436,0.964635465826307
36,0.0001,0.5206490160560706,0.5240675628459948,0.53456156051165,0.5245246976934453,0.5163096329583551,1.0281653645340139,1.0976864762386784,1.0352117448236413,1.0188016016789723,0.7761157643044233,0.9485684074442385,-0.011837154579159546,1.012073649788782,0.473113660301481,0.4550694056919643,0.3597713921751295,0.49056719882147654,0.4594383750643049,0.9328598805836269,0.7032508168901715,0.9636688913617816,0.909704966204507,0.7696135895592826,0.9506001131875175,-0.010430541022547654,0.9643730436052594
37,0.0001,0.5203115474976336,0.5235501063278988,0.533708339645749,0.5237771113347348,0.5163995797244696,1.028269991103161,1.0958880324639606,1.0348207241928522,1.0194652891134641,0.7760351817850815,0.9485633635728468,-0.011863646443210318,1.0119026267583469,0.4728932891573225,0.45485748563494,0.35961208173206877,0.49033142413411823,0.4592312404087612,0.9325265458651951,0.703140914440155,0.9633234398705619,0.9093759826251439,0.7696574926376343,0.9506586449486869,-0.010319498500653676,0.9640905857086182
38,0.0001,0.520447291964088,0.5241826764144351,0.5358184353241967,0.5245215374570106,0.5158607319600144,1.0282675131918892,1.1001794565291632,1.035220023490683,1.0189179377377613,0.7759781107802423,0.9484458509861232,-0.011608313915977341,1.0118003758600413,0.47269894395555767,0.45466023683547974,0.3594026948724474,0.49013642753873554,0.4590382533414023,0.9322525347982135,0.7030254517282758,0.9630470531327384,0.9090992638042995,0.769672121320452,0.9507464596203395,-0.010103288372712476,0.9638597709792001
39,0.0001,0.5196923219235934,0.5219787846939782,0.5277458735752643,0.5234737404175313,0.5156424366017823,1.027616826101138,1.09835206796985,1.0350476771638872,1.0178281140217584,0.776456569593745,0.9485532910593094,-0.01122456840089252,1.0113711263421739,0.4724789432116917,0.45445564814976286,0.3592664429119655,0.4899142597402845,0.458817401102611,0.9319389547620501,0.7028842142650059,0.9627297861235482,0.9087831037385123,0.7696867755481175,0.9508196711540222,-0.009980550168880395,0.9636374967438834
40,0.0001,0.5188098591349397,0.5215375444489874,0.5287198848865976,0.5230334425546301,0.5142561171644477,1.0271553680705097,1.0946586985986049,1.034157361364096,1.0179033490614102,0.7764011659624634,0.9486792009424931,-0.011256375978569677,1.0107056022728034,0.47226114358220783,0.45421145643506733,0.358904698065349,0.4897007005555289,0.45860046999795095,0.9316570077623639,0.7026050431387765,0.9624531269073486,0.9084959881646293,0.7697746072496686,0.9508489370346069,-0.009800484936152185,0.9634667379515511
41,0.0001,0.5191556170117348,0.5212404845435987,0.5259350781799644,0.5231394614553183,0.5149457698227257,1.0273613094123766,1.092917460450379,1.0345987770048337,1.0179385523031872,0.7763155449431673,0.9486775314936073,-0.010902225568745604,1.0097948346941275,0.4720457025936672,0.4539932097707476,0.3586788773536682,0.4894811638763973,0.4583894908428192,0.9313379696437291,0.7023955498422895,0.96214531149183,0.9081617168017796,0.7699795024735587,0.9508635657174247,-0.009746870025992393,0.9632119110652378
42,0.0001,0.5190895464074837,0.5216443039976629,0.5281467318717968,0.5232589309238741,0.5146182586276342,1.026439634305785,1.093750087591055,1.0334324093885563,1.017202951330682,0.7768074313738501,0.9486741725445038,-0.011128107173567665,1.0099929597703725,0.4718517575945173,0.45380511454173494,0.3585364265101297,0.48926830291748047,0.4582122394016811,0.931049074445452,0.7023348723139081,0.9618644544056484,0.9078574861798968,0.7700819628579276,0.95083429983684,-0.00970996543765068,0.9629682047026498
43,0.0001,0.5178746198667847,0.5198621564319179,0.523798141123024,0.5221847786209978,0.513367084436275,1.0265914852412859,1.0957915343447215,1.0337551619783159,1.0171213272712931,0.7766278049180402,0.9485851898598658,-0.010943402000214129,1.009244924560914,0.471663589988436,0.4535776121275766,0.3581318770136152,0.48908882055963787,0.4580227477209909,0.9308053936277118,0.7020770737103054,0.9616588950157166,0.9075766205787659,0.7703747068132673,0.9508196541241237,-0.009561918409807342,0.9628404038293021
44,0.0001,0.518279707773612,0.5194641456076626,0.5198338325671886,0.5227253833796144,0.5137822614592646,1.0263472257121917,1.0928244367356308,1.033709256757667,1.016769318231484,0.7768208692150731,0.948759787490413,-0.01095891333744502,1.0096435767836407,0.47146150044032503,0.45337074995040894,0.3579092962401254,0.48888218828610014,0.45782595021384104,0.9305307013647897,0.7019583668027606,0.9613925048283168,0.9072887216295514,0.770389335496085,0.9508635827473232,-0.009465154260396957,0.962595352104732
45,0.0001,0.5179061230731755,0.5186371124834509,0.5179847385476811,0.5214863030408751,0.5143233276731957,1.0259882228165729,1.0943948139121333,1.0328185201850966,1.0168777054783265,0.7772187357735035,0.9487396513140025,-0.01058950718335857,1.0090307628443103,0.4712666187967573,0.45317359481539043,0.35769867045538767,0.48869130866868155,0.45762733050755094,0.9302544253213065,0.7018927080290658,0.9611116307122367,0.9070087926728385,0.7705503446715218,0.9509367602212089,-0.0093501444373812,0.9623447571481977
46,0.0001,0.5174607048264175,0.5200794553884895,0.527331312878951,0.5211771066776008,0.5134154577714263,1.0255686568102955,1.090143810738311,1.0326490482488047,1.0163355467567308,0.7769081672826182,0.9488135120591565,-0.01075542073256226,1.0091372385918636,0.47105675509997774,0.4529422862189157,0.357366144657135,0.4884901302201407,0.45741323062351774,0.9299760971750531,0.7017447863306318,0.9608501195907593,0.9067091856684003,0.7705210873058864,0.9509660346167428,-0.009221211741013187,0.9621764421463013
47,0.0001,0.5175018358920332,0.5176191310270957,0.5139021411866209,0.5215080945661479,0.5136154851300619,1.0257265667578408,1.0902155398162767,1.0330003869271072,1.016303319810173,0.7769199227651937,0.9488991230985658,-0.010502267906445146,1.0087548472670123,0.4708604174000876,0.45269501209259033,0.356895638363702,0.4883000765527998,0.4572194388934544,0.9297467810767037,0.7015387415885925,0.9606419546263558,0.9064582160540989,0.7707113708768573,0.9509367687361581,-0.009063436117555414,0.9620837994984218
48,0.0001,0.5169902284879044,0.5187927344122485,0.5218977909239512,0.5213404606075941,0.5124764675307872,1.0255413806810785,1.0947713113356052,1.0326910922299026,1.0160841141000994,0.7772103404608129,0.9488907347138088,-0.010356590030662414,1.008508703919844,0.4706849583557674,0.45251523171152386,0.3566962352820805,0.48812559247016907,0.457043924501964,0.9295187337057931,0.7015602503504071,0.9604066354887826,0.906229283128466,0.7707259910447257,0.9510245748928615,-0.00893310657037156,0.9619615077972412
49,0.0001,0.5173351542649365,0.5179701706902894,0.5168406956023701,0.5209800743836961,0.5137066544170448,1.025535482415406,1.0902332212762593,1.0327979952814148,1.016116276833563,0.7772556698694635,0.9488554856622152,-0.00995120079401085,1.008115387854061,0.4704855126993997,0.45229498403412954,0.35639573420797077,0.48791864940098356,0.4568550203527723,0.9292776158877781,0.7015361019543239,0.9601652537073407,0.9059809105736869,0.7708577258246285,0.9510245834078107,-0.008853088399129254,0.9617291603769574
50,0.0001,0.5160331693265723,0.5160593654458729,0.5122954665363232,0.519715053679329,0.5124757818332161,1.0250673768646095,1.0902914920343965,1.0327458727439123,1.0152145560374946,0.7771532606358291,0.9490250379259136,-0.010076404848654363,1.0077312764179016,0.4702995717525482,0.4520686311381204,0.35598730189459665,0.48774141924721853,0.45666815979140146,0.9290672796113151,0.7014461330005101,0.9599682859012059,0.9057537743023464,0.7708870087351117,0.9510392120906285,-0.008731120132974215,0.9616337759154183
51,5e-05,0.5166522719221608,0.5167917861000917,0.5133320517986784,0.520504173991989,0.5129109439151567,1.02515783123157,1.095191165476778,1.0321507878139944,1.01583048721124,0.7771918758696552,0.9489511715346461,-0.010003354708452867,1.007972541919929,0.4702022075653076,0.45197552016803194,0.35591613394873484,0.48764043194907053,0.45657358850751606,0.9289407134056091,0.701458249773298,0.9598398464066642,0.9056248664855957,0.7710333807127816,0.9510392120906285,-0.008715712598391942,0.9615393877029419
52,5e-05,0.5165559173057583,0.5172771431517125,0.5161995862730332,0.5205003942395868,0.5126234305802212,1.0251321137653395,1.0960371524812744,1.0320419280027282,1.015858800424653,0.777106263792582,0.9488991306674096,-0.010037529285609937,1.007739436852279,0.47009657110486713,0.45188390357153757,0.3558927817004068,0.4875267105443137,0.4564733292375292,0.9287971683910915,0.7014776979173932,0.9596886464527675,0.9054836119924273,0.7711504868098668,0.951112415109362,-0.008722345078630107,0.9614164744104657
53,5e-05,0.5157331788289626,0.5149320329206147,0.508030575297151,0.5190448740385645,0.5126782159163167,1.0250333959300642,1.0955004905103967,1.0325621622559722,1.0151554232246742,0.7775427409153503,0.9488370185074169,-0.009854945545864453,1.0071145484707507,0.470002681016922,0.4517822435923985,0.35576401012284414,0.4874272346496582,0.4563860722950527,0.9286789808954511,0.7014156835419791,0.9595751081194196,0.9053585869925362,0.7711358496120998,0.9510831236839294,-0.008696021512150764,0.9613031659807477
54,5e-05,0.5164620977179307,0.5167266437473873,0.5139281584004286,0.5201921142557616,0.5128165000197952,1.024692585391383,1.0942754811710782,1.0319044214606101,1.0151614358165113,0.7771599833561222,0.9489024941334039,-0.009953282735822173,1.007649999335065,0.46991013629095896,0.45167532563209534,0.35558617966515677,0.48734420112201143,0.4562865836279733,0.9285656298909869,0.7013445922306606,0.9594673344067165,0.9052382792745318,0.7711065837315151,0.9510831151689801,-0.008632434132908071,0.9612447363989693
55,5e-05,0.5164171685118951,0.5162626706021783,0.5120011709832681,0.5198397629088887,0.5131418042407546,1.0247533421484678,1.0926967233007405,1.031660153263969,1.0155819620588042,0.7776283707242713,0.9490183222861517,-0.01007404176568869,1.0072592012526986,0.469809536423002,0.45157608815601896,0.35548995222364155,0.4872461770262037,0.45618331858089994,0.928433929170881,0.7013153689248222,0.9593294433185032,0.9051093799727303,0.7711358325822013,0.9511270352772304,-0.008571347753916467,0.9611549718039376
56,5e-05,0.5152551914354013,0.5149116897454826,0.5091542668728357,0.5193334949730728,0.5113802654921429,1.0244413217213968,1.0927501009539708,1.0315043747699755,1.0151013733177263,0.777364789310383,0.9490418265980448,-0.009980644301129377,1.0065457245293972,0.46971826042447773,0.4514662112508501,0.35529761229242596,0.4871572085789272,0.456093613590513,0.9283313921519688,0.7012571522167751,0.9592289243425641,0.9050032155854362,0.7710773008210319,0.9511416724749974,-0.008510785643011332,0.9611123970576695
57,5e-05,0.5161817603641086,0.5159232767496241,0.5103517562318812,0.5204278112709125,0.5121300468613292,1.0245826108542333,1.0919344411772822,1.0320954255366777,1.0148247508470425,0.7777156586593319,0.9489578868386932,-0.009666988853111489,1.0075876828468096,0.46963574630873545,0.4513343402317592,0.35494546379361835,0.4870847761631012,0.4560095284666334,0.9282605818339756,0.7011181116104126,0.9591780134609768,0.904914915561676,0.7711504697799683,0.9511709383555821,-0.008432548227054732,0.9611184086118426
58,5e-05,0.5155297255003324,0.5135659414471814,0.5005920032965362,0.5199015937856204,0.5116557747171405,1.0243896952483573,1.0878955968758173,1.0320858099310446,1.0145765912575533,0.777507490215702,0.9488924118536164,-0.009728952629050108,1.006693694174015,0.4695404725415366,0.45122483372688293,0.3547689531530653,0.4869954628603799,0.45591101901871817,0.9281629068510873,0.7010848266737801,0.9590798616409302,0.9048149585723877,0.770916291645595,0.95122948714665,-0.008334469050168991,0.9610939877373832
59,5e-05,0.514896832395076,0.5140942617129254,0.5067603246895888,0.5186136540424134,0.5114512296133144,1.0241212690419803,1.094692405895032,1.0316072173199162,1.014283121456199,0.7775914293951824,0.9490200023253148,-0.009564825491259648,1.0070283716907882,0.4694429465702602,0.45111097608293804,0.354584059544972,0.4868989714554378,0.45581555366516113,0.9280614938054766,0.7010845371655056,0.9589731352669852,0.904715529509953,0.7710480093955994,0.9512002382959638,-0.008271654735186271,0.9610376102583749
60,5e-05,0.515296059071682,0.5127988571059807,0.4977302033810877,0.5194976612414327,0.5116799453467024,1.0243420921346194,1.0883168134393901,1.0317577528636148,1.0147941235206828,0.7773782317600553,0.9491878688732173,-0.009562633308847624,1.0069278901317946,0.4693483965737479,0.45098003319331575,0.3542954921722412,0.4868065970284598,0.4557254101548876,0.9279753565788269,0.7010196021624974,0.9588904295648847,0.9046255690710885,0.771018752029964,0.9512002127511161,-0.008192517129438264,0.9610149690083095
61,5e-05,0.5150783803605814,0.5144263863929772,0.5071019961842499,0.5193960846111338,0.5110264530532249,1.0245498514028921,1.0906883244385062,1.0316731697525419,1.0152220078693923,0.7776636183719664,0.9490804378032929,-0.009566433091122891,1.0064905466816088,0.46926615493638174,0.4508516107286726,0.35395999039922443,0.4867342071873801,0.45564165711402893,0.9279101320675441,0.7009602614811489,0.9588376794542585,0.9045477083751133,0.7709309203284127,0.9511270267622811,-0.008105774077453784,0.9610510298183986
62,5e-05,0.5158951458904112,0.5139762345211236,0.5013315299811024,0.5201361154936182,0.512139536665454,1.0247275310483153,1.091618919793728,1.0321864360915778,1.0150388562856305,0.7774101196651391,0.9489797110503841,-0.009574738580540884,1.0073526247427882,0.469167309147971,0.450713860137122,0.35364834325654165,0.4866429737636021,0.45554233448846,0.9278288653918675,0.7008679934910366,0.958766758441925,0.9044561641556876,0.7710040978022984,0.9511270523071289,-0.008029203928474869,0.9610803893634251
63,5e-05,0.5145819071190088,0.5127616099254083,0.5015050736806725,0.51790323641382,0.5116965736844755,1.0243123571383177,1.0908260223991249,1.0314972682055363,1.014910231354416,0.7776065386995803,0.9489780330255101,-0.009255458142549272,1.006823502011746,0.469080137354987,0.4506039193698338,0.35343724489212036,0.4865601190498897,0.455454626253673,0.9277412721088955,0.7008502398218427,0.9586801358631679,0.9043656587600708,0.7710480093955994,0.9511123980794635,-0.007960497268608637,0.9610723427363804
64,5e-05,0.5145586868829136,0.512660545275508,0.5005062060727258,0.5184178321836426,0.5111679112337457,1.024635723170658,1.0941145236346883,1.0318522407834003,1.0151031948149174,0.7774470523572005,0.9489293420735958,-0.009161891237366706,1.006221554917796,0.4689881205558777,0.4504997559956142,0.3532797694206238,0.48646927731377737,0.45536379728998455,0.9276444060461861,0.7008684532982963,0.9585745504924229,0.9042728883879525,0.7710626551083156,0.9511416639600482,-0.007909995703292745,0.9610282608440944
65,5e-05,0.5144541712675227,0.5116772533256582,0.49530700271824235,0.5187591263805972,0.5107875816710961,1.024666301055377,1.0885066741622538,1.031573339663465,1.01563097920347,0.777222093562865,0.949145907416932,-0.009168404050999217,1.0063300758401859,0.4688965380191803,0.45039150544575285,0.35309046506881714,0.48638678448540823,0.4552666885512216,0.9275447811399188,0.7008548378944397,0.9584775652204242,0.9041686143193927,0.7710919209889003,0.9511563181877136,-0.007843175304255314,0.9609915954726083
66,5e-05,0.5152826234431249,0.5123764372793638,0.49637754047093974,0.5187116478628461,0.5124836429930686,1.024539208967626,1.087790715132868,1.031639221016102,1.0153308518410218,0.77726910291912,0.9489595621168094,-0.00920149387960564,1.0072471751229188,0.4688004893915994,0.4502776563167572,0.3528981932571956,0.48629373737743925,0.45517041427748545,0.9274471913065229,0.7008707778794425,0.9583758456366402,0.9040709393365043,0.7710187605449131,0.9511124065944127,-0.007785421862666096,0.9609633258410862
67,5e-05,0.5142450145251679,0.5121901696667083,0.4990356071936553,0.5184199222832293,0.5105769517051826,1.0239897093526291,1.0907934542442064,1.0313819467990872,1.0143706998761592,0.7775293083845257,0.9492751850083249,-0.008889598495584922,1.006381444179029,0.4687120403562273,0.45014828869274687,0.35258396182741436,0.4862146718161447,0.45508046661104473,0.9273740478924343,0.7008005976676941,0.9583156194005694,0.9039854151862008,0.7709894776344299,0.9510684864861625,-0.007730460393109492,0.9610114523342678
68,5e-05,0.5147616345639481,0.5142518173744907,0.5076848193583462,0.5189355285242162,0.5108235879580424,1.0241159497928571,1.0926425551306085,1.0312962540588926,1.014651509412911,0.7773177845625773,0.9489847410353891,-0.008981041896361543,1.0068312240025354,0.46862264616148813,0.4500198023659842,0.352282566683633,0.48613145095961435,0.45499183024678913,0.927298264844077,0.7007745248930795,0.9582484534808567,0.9038989203316825,0.7710041233471462,0.9510684950011117,-0.007675245071628264,0.9610352345875331
69,5e-05,0.5144965579524384,0.5117684503243755,0.4966122795390399,0.5178459587001947,0.5117433494900168,1.0240634921509,1.088172240710173,1.0315902325597959,1.0143996804906843,0.7769618837942054,0.948981393195395,-0.008731029952587288,1.0069637658409258,0.4685311658041818,0.4498827542577471,0.3519465923309326,0.4860446538243975,0.4549036579472678,0.9272292341504779,0.7007401755877903,0.9581875971385411,0.9038214598383222,0.7710480093955994,0.9510392035756793,-0.007615996059030294,0.96107964856284
70,5e-05,0.5140937748195816,0.5111348827679952,0.49386798972297313,0.5185137429392405,0.5103480039775768,1.0240141533914127,1.0875236356618523,1.0317648821956247,1.0141463350529434,0.7774101256774867,0.9492097041024591,-0.008940744396877087,1.0062416342363196,0.4684361645153591,0.44976692540305,0.35174149700573515,0.48594997610364643,0.4548121009554182,0.9271347011838641,0.7007486990519932,0.9580919912883213,0.9037231206893921,0.7711211953844342,0.9510977523667472,-0.007585116395992892,0.9610323650496346
71,5e-05,0.5140907040358933,0.5105117331909877,0.4914543431231259,0.5177005161948529,0.5112353272152387,1.0232592895894068,1.0904205661825932,1.0304372314300771,1.0138425277979999,0.7774252288474587,0.9489545300259569,-0.008729648781121082,1.0067603601532842,0.4683394857815334,0.44963674885886057,0.3514690101146698,0.48585252250943867,0.45472224269594463,0.927060101713453,0.7007292423929486,0.9580129384994507,0.9036516206605094,0.7709894776344299,0.9510977523667472,-0.00752359741766538,0.9610477941376823
72,5e-05,0.5134324160405934,0.5101765969809177,0.4919010185914594,0.5176081497792518,0.5099743619614605,1.0235506870535418,1.0912651054320797,1.0305937009778197,1.0142506812086365,0.7775058163720037,0.9490082486433917,-0.008801383558609243,1.0060427251743527,0.46824354359081816,0.44954688208443777,0.35140069893428255,0.4857612294810159,0.45462034004075186,0.9269337398665292,0.7007989031927926,0.9578766567366463,0.9035289032118661,0.7709455745560783,0.9511270352772304,-0.0074914936641497275,0.9609368443489075
73,5e-05,0.5131509017773427,0.5093855753014531,0.4891840137094946,0.5170928359916743,0.5100077959554841,1.0238874731952572,1.089320332468075,1.030797051058875,1.0147970341683898,0.7777693797793683,0.9490837984920097,-0.008827243714616717,1.0053205784320587,0.46816703251429964,0.4494289585522243,0.35109683871269226,0.4856934334550585,0.45454293489456177,0.9268718532153538,0.7008103472845895,0.9578226975032261,0.9034561855452401,0.7709601862089974,0.9511856010981968,-0.007430379412003926,0.9609972408839634
74,5e-05,0.5137288927940363,0.5106138820167205,0.4931402406323829,0.5177130162013963,0.510431085085173,1.0236960386106801,1.0925434004082413,1.0307847185130004,1.0143125538208273,0.7775494611330418,0.94922985132694,-0.008900545366753143,1.006308089844459,0.4680690084184919,0.4492937539305006,0.35079394919531687,0.4856034517288208,0.4544440678187779,0.9267994250570025,0.700792806489127,0.9577559573309762,0.9033769454274859,0.7709309118134635,0.9512148754937308,-0.007366506183253867,0.961027204990387
75,5e-05,0.5128650651854609,0.508435923657659,0.48633243994290437,0.5159252930224644,0.5106892740488419,1.0241830413669912,1.0913909906249626,1.0314668445054898,1.0146589629539025,0.777300993937196,0.9491996264006014,-0.008533654965773126,1.005437713492179,0.4679707075868334,0.44916436076164246,0.35052938546453205,0.4855084887572697,0.4543474316596985,0.926724238055093,0.7007730262620109,0.9576808384486607,0.9032990251268659,0.770945566041129,0.9511709383555821,-0.007319314870983362,0.9610532437052045
76,2.5e-05,0.5125712306451871,0.5081815806279961,0.4847815207377862,0.5170231607713519,0.509045630800254,1.0239219143643357,1.0946774260544863,1.0313577610470976,1.0141275026098742,0.7773698281765716,0.9490754012260691,-0.008576889838060079,1.0054958281123938,0.46792701738221304,0.44910313401903423,0.3503897062369755,0.48546792353902546,0.4543041118553707,0.9266995532172067,0.7007817540849958,0.957655668258667,0.9032741444451469,0.7709748234067645,0.9511416809899467,-0.007294780242123774,0.9610731090818133
77,2.5e-05,0.5124406807555703,0.5076774019982592,0.4826047868681027,0.5169682684337794,0.5089076629859389,1.0230063222581403,1.0860758436318245,1.030899117558172,1.0130113584227398,0.7776384292598633,0.9490955460395071,-0.008449373777509423,1.005459565781839,0.4678824671677181,0.44905015400477816,0.35029920084135874,0.4854245824473245,0.4542600427355085,0.9266606484140668,0.700822787625449,0.9576143196650914,0.9032349245888847,0.7709455745560783,0.9511270352772304,-0.0072866773365863734,0.9610515832901001
78,2.5e-05,0.5122457762986529,0.507516907855174,0.4835132917592419,0.5158972173120447,0.5095521188734496,1.0234124247562684,1.0869744102953645,1.030850220599421,1.013855995517844,0.7773631169011027,0.9492197908075785,-0.008526719220343136,1.0056234362549008,0.4678331656115396,0.44898453780582975,0.3501615311418261,0.48537823132106234,0.45421038780893597,0.9266233784811837,0.7008415460586548,0.9575727411678859,0.9031999281474522,0.7710626465933663,0.951112415109362,-0.007256034961236375,0.9610540696552822
79,2.5e-05,0.5123993030158422,0.5084804128178315,0.48779342764167377,0.5161802624044697,0.509438631782395,1.0237611864874196,1.0936269706112265,1.0308257427144771,1.0143678224337023,0.7771045769170438,0.9491324854458654,-0.008531332390451556,1.0055200337020789,0.4677847240652357,0.44894345317568096,0.3501507214137486,0.4853306370122092,0.4541599324771336,0.9265632203647068,0.7009139912469047,0.9575059413909912,0.9031420520373753,0.7710187094552177,0.9511563267026629,-0.007260411844721862,0.9609700867107936
80,2.5e-05,0.5129635700859659,0.508336635427602,0.48404685244215984,0.5172997862787291,0.5095912030398754,1.0245117648283886,1.0898946236782787,1.032035537548573,1.0148082740540023,0.7772556741421979,0.9491593360412567,-0.008615517364104345,1.006226322770546,0.4677374107497079,0.4488841380391802,0.3500392436981201,0.4852841581617083,0.4541140156132834,0.9265221783093044,0.7009362918989999,0.9574667385646275,0.9030979871749878,0.7710041148321969,0.9511855840682983,-0.007254296448081732,0.9609617335455758
81,2.5e-05,0.511804485574357,0.5066620146410318,0.4807285402166618,0.5156139507393805,0.5090310840776378,1.0236189711783643,1.0943424134942976,1.0302773840721606,1.0146031863739475,0.777205302723847,0.9491660617829835,-0.008342850305754225,1.0049948856211661,0.4676943804536547,0.4488301490034376,0.3499345864568438,0.48524488295827595,0.45406929509980337,0.9264879396983555,0.7009519934654236,0.9574337601661682,0.9030597891126361,0.7709309203284127,0.9511855840682983,-0.007249910583985704,0.9609480670520237
82,2.5e-05,0.512511733108707,0.508594622687688,0.4874963553911347,0.5166908675166685,0.5091663872927076,1.0238373368078175,1.088170287978997,1.031687880593938,1.01384254992466,0.7773093970628866,0.949102259787058,-0.008434653998420779,1.005790111472896,0.46764995796339853,0.4487555921077728,0.3497262384210314,0.4852058376584734,0.45402476617268156,0.9264677252088275,0.7009427973202297,0.957417871270861,0.9030353852680751,0.7709016459328788,0.9512002212660653,-0.007220629802239793,0.9609902075358799
83,2.5e-05,0.511954112200632,0.5057963008643783,0.4749122722540766,0.5163547782426727,0.5087881740459221,1.023739680777558,1.0920554671114187,1.030705151408987,1.014497120992013,0.7775847139385378,0.9493070770640649,-0.008585159350196124,1.0047178781771136,0.46760174206324984,0.4487031783376421,0.34965220519474577,0.4851606913975307,0.45397460886410307,0.9264156988688877,0.7009666221482413,0.9573634692600795,0.9029819624764579,0.7709016629627773,0.9512294956615993,-0.00721206096932292,0.9609411784580776
84,2.5e-05,0.5136225187223017,0.5101377597175009,0.49164598224960226,0.5170763325093041,0.5109012982995462,1.0238892410085925,1.088021062791378,1.0309879245723874,1.0146526672628924,0.777156619371296,0.9490972308702367,-0.008448639693844032,1.0066697231269286,0.4675544968673161,0.44864443796021597,0.34953922033309937,0.48511875527245657,0.45392408115523203,0.9263776540756226,0.7009765250342233,0.9573255351611546,0.9029433642114911,0.7708723630223956,0.9512295041765485,-0.007184295648975032,0.9609261751174927
85,2.5e-05,0.5116790399085053,0.5070601171306995,0.48296600674826,0.5158619211077751,0.5084531703974366,1.0231838504046096,1.0894028193756549,1.030869540592004,1.013290756919478,0.777594793624165,0.949263418477679,-0.008609775325528517,1.0052610372679085,0.46751074280057636,0.4485882818698883,0.34942588210105896,0.4850787946156093,0.45387900727135794,0.9263447267668588,0.7010060123034886,0.9572901725769043,0.9029104113578796,0.770857742854527,0.9512441413743156,-0.007153967661517007,0.960922190121242
86,2.5e-05,0.5124658652592242,0.5073012192311558,0.4805579398817364,0.5169548397484158,0.5090406555825481,1.0235638680729082,1.088764381176743,1.031185719824057,1.0137687900160375,0.7775158819270879,0.9491895549247281,-0.008472581759774252,1.0055713038290701,0.4674676018101828,0.4484987344060625,0.34913245269230436,0.4850415161677769,0.45383825472423006,0.9263453568731036,0.7009637611252921,0.9572940213339669,0.9029089553015572,0.7707845568656921,0.9512295041765485,-0.007088774682155677,0.9610370823315212
87,2.5e-05,0.5124482748695233,0.5072855620706502,0.4809178867159412,0.5165885358636829,0.5093590314120924,1.0243363971595452,1.091645704833166,1.0317514946505892,1.0146778935477847,0.7771415119591092,0.9490720438945006,-0.008252715875995019,1.0055582403098993,0.467420084135873,0.4484347105026245,0.3489936888217926,0.48499851141657147,0.4537890979221889,0.9263061114719936,0.7009521297046116,0.957254239491054,0.9028700334685189,0.7707699281828744,0.9512148499488831,-0.007063432264008692,0.961038623537336
88,2.5e-05,0.512679772992288,0.5077710306711583,0.4826302629095801,0.5166832335594673,0.5096778587018046,1.0238799716775624,1.0880815917506805,1.0316150093835497,1.0140050009953567,0.7771868459456893,0.9490888361984562,-0.008607643304027414,1.0057883617881622,0.4673723578453064,0.4483781542096819,0.3488926461764744,0.4849571543080466,0.4537367693015507,0.926259057862418,0.7009664688791547,0.9572062236922128,0.9028212938989911,0.7706967421940395,0.9511856010981968,-0.007054175848939589,0.9610009789466858
89,2.5e-05,0.5126736999717787,0.5075429482943451,0.4814560509802315,0.5166764537981701,0.5097116636302126,1.0238219588705044,1.0903230708376663,1.0313344237991193,1.014092492800887,0.7773093855875428,0.9491257680359707,-0.008246213318355653,1.0068698316980373,0.4673262962273189,0.44830609219414846,0.3487011066504887,0.4849190371377127,0.45368785091808866,0.9262340409415108,0.7009584052222115,0.9571856600897652,0.9027912361281258,0.7706967166491917,0.9511563096727643,-0.007030357274093798,0.9610204866954258
90,2.5e-05,0.5111613780092229,0.5061656815909265,0.48082238789771803,0.5150049920119937,0.5083290191869887,1.0238568695215342,1.0930593164224718,1.0304728706738793,1.0149341868975805,0.7772371982893331,0.9491072963642818,-0.008064715113515617,1.0044930169842394,0.4672752448490688,0.44825124740600586,0.34862632410866873,0.4848714598587581,0.4536341556480953,0.9261906828199115,0.7009825536182949,0.9571369460650853,0.902751760823386,0.7707113793918065,0.9511270267622811,-0.007006719708442688,0.9609788996832711
91,2.5e-05,0.5113768952813322,0.5057052773691969,0.477328968029784,0.5153642436112738,0.5085245005851273,1.024324186569718,1.0963103801424052,1.031958596161922,1.014290367067623,0.7770475007238842,0.9494145234853136,-0.00822007440195571,1.0048533427489457,0.46722589646066937,0.44817438295909334,0.34842843243053984,0.4848258239882333,0.4535859780652182,0.9261618001120431,0.7009611044611249,0.9571080207824707,0.902722179889679,0.7707552739552089,0.9511270523071289,-0.006960456259548664,0.9610264727047512
92,2.5e-05,0.5119962046772654,0.5062072848394719,0.47802379239051085,0.5153253308883156,0.5097994904791583,1.0238824982064476,1.0915194990936452,1.0309671440065915,1.01454324320653,0.7770072155833794,0.9491005817927035,-0.008297496848428289,1.0060511083402697,0.46717546241624014,0.44812436614717754,0.3483766530241285,0.4847784808703831,0.4535325680460249,0.9261038047926766,0.7009830304554531,0.9570456487791879,0.9026662026132856,0.7707259910447257,0.9510977693966457,-0.006951533391007355,0.9609603881835938
93,2.5e-05,0.5116535077721293,0.506525962934455,0.48082863886235494,0.5152994339214614,0.5090350479848923,1.0238937593031345,1.0925817510987696,1.031145829880964,1.0143520254632235,0.777020636516782,0.9491778097577542,-0.008121676290483121,1.0056289107873997,0.467130001102175,0.44807556697300505,0.34830925294331144,0.4847369236605508,0.45348411798477173,0.9260570236614772,0.7010330642972674,0.9569946016584124,0.9026200345584324,0.7707845398357936,0.9510977693966457,-0.006941652258059808,0.9609055604253497
94,2.5e-05,0.5109865249759774,0.505080044910472,0.4754813325539407,0.5151839208676152,0.5079726890851093,1.0237173527189236,1.0957733802897955,1.0309539680229476,1.0140788773665108,0.7770088799355034,0.9492936477072716,-0.008136765520182318,1.0044164130215272,0.46708568930625916,0.4480081541197641,0.3481397543634687,0.4846966436931065,0.45343960183007376,0.9260332839829581,0.7010193637439183,0.9569754259926933,0.9025917564119611,0.7707552824701581,0.9510684779712132,-0.006922546175441572,0.9609339322362628
95,2.5e-05,0.5107551754680708,0.5044733647102585,0.4733140066044793,0.5149151407567526,0.5078432693337394,1.0234263404112747,1.093722503397688,1.0303731741077522,1.014136618000388,0.7775779950026664,0.949186212089937,-0.008038053303838723,1.0043636967265417,0.46704007046563284,0.44794184395245146,0.34797948598861694,0.4846567341259548,0.4533919095993042,0.9260151641709464,0.7010402253695897,0.9569590858050755,0.9025702221052987,0.7707552824701581,0.9510538407734462,-0.006911933289042541,0.9609716194016593
96,2.5e-05,0.511991212231284,0.505963342255711,0.4766738716907765,0.5154031783388141,0.5097565596615176,1.0244981615102664,1.0940909037148103,1.0309180785495076,1.0157587650306885,0.777354718017627,0.9489494992169245,-0.008003932018134851,1.0061417001977189,0.4669883634362902,0.4478822946548462,0.34788436123303007,0.4846067087990897,0.4533401259354183,0.9259717634746006,0.7010560546602521,0.9569140502384731,0.9025272556713649,0.7707991770335606,0.951039229120527,-0.00690597974296127,0.9609685114451817
97,2.5e-05,0.5110538594550618,0.502881903664857,0.46393012869254296,0.5149616167841968,0.5087168704102238,1.0239973844959378,1.087407960259359,1.0313022977806516,1.0145788837321525,0.7773950072782685,0.9493104311300435,-0.008091848447389091,1.0043921022920566,0.4669415269579206,0.44781437516212463,0.3477225346224649,0.484563342162541,0.45329393659319195,0.9259408456938607,0.7010330642972674,0.956885073866163,0.9024936216218131,0.7708284514290946,0.9510245834078107,-0.006887300073036126,0.9609721728733608
98,2.5e-05,0.5113067898729552,0.5060193374775888,0.4788063615331635,0.5157448409675515,0.5079521238803864,1.0239983742443404,1.0932069593860256,1.0312472178090004,1.0144428721587595,0.7772607133135817,0.9490838023069511,-0.007867877671082112,1.0051588265333062,0.4668947628566197,0.447748669556209,0.3475684481007712,0.48452459488596233,0.45324223382132395,0.9259099449430194,0.7010448575019836,0.9568562507629395,0.9024591616221836,0.7708284514290946,0.950980680329459,-0.00686564961714404,0.9609982115881783
99,2.5e-05,0.5105118332340115,0.5030623806389674,0.4666940662962195,0.5148914635059348,0.5075927479750549,1.023568989311312,1.0875520787053516,1.0308066759729655,1.014198816500135,0.7772774936844005,0.9491341536129309,-0.008109328273471104,1.0042249606745828,0.4668473388467516,0.4476875492504665,0.3474433847836086,0.4844821180616106,0.45319269384656635,0.9258815731321063,0.7010765927178519,0.9568285431180682,0.9024285759244647,0.7708284258842468,0.9509806632995605,-0.006851785217544862,0.9610026819365365
100,2.5e-05,0.510930340929759,0.5038551557265485,0.46909280090043926,0.515299998853247,0.5079552852613036,1.0240949132902708,1.090207420583267,1.0311338900909384,1.0148521407835922,0.7770928341916324,0.9491996405006249,-0.007951949795548786,1.0053117571887882,0.4667970282690866,0.44760146737098694,0.3472017858709608,0.484434757913862,0.45314572538648334,0.9258683919906616,0.7010730249541146,0.956819474697113,0.902410762650626,0.7707260080746242,0.9509367517062596,-0.006830444559454918,0.961086026259831
101,1.25e-05,0.5108386661782975,0.505326494887372,0.4779733445665132,0.5145000261614644,0.5082726909512443,1.0239197572743777,1.0958367399966722,1.0307033719982297,1.0147388076635733,0.7768745872221173,0.9491089796995543,-0.00803946157658918,1.0043130142226075,0.4667708660875048,0.4475711328642709,0.34715353165354046,0.48440890652792795,0.45311988251549856,0.9258457251957485,0.701079283441816,0.9567950708525521,0.9023889643805367,0.7706967421940395,0.9509367517062596,-0.0068242122153086325,0.9610633083752224
102,1.25e-05,0.5113349505497502,0.5045865578829662,0.47184384766445364,0.515109450754238,0.5088768626748753,1.0242014055794102,1.0926549821039133,1.0313465634615557,1.0147746274914426,0.777168372473348,0.9491794916891283,-0.007991833357675468,1.0056220886039537,0.4667453851018633,0.4475320449897221,0.3470533234732492,0.48438623547554016,0.4530942014285496,0.9258290018354144,0.701062526021685,0.9567801441465106,0.9023701804024833,0.7707260165895734,0.9509367517062596,-0.0068076904863119125,0.9610852428844997
103,1.25e-05,0.511469615799796,0.504685116726743,0.47140034790595736,0.5156128625654893,0.508662022570128,1.0234931709823765,1.0859736936310898,1.0309394363617201,1.0139643686341433,0.7772288072188573,0.9491039398872602,-0.007836441305326274,1.005602160784384,0.4667228119713919,0.44750064611434937,0.3469814956188202,0.4843660763331822,0.453070981161935,0.9258129596710205,0.7010707003729684,0.9567650130816868,0.9023522990090507,0.7707259910447257,0.9509221145084926,-0.006796420352267367,0.9610912203788757
104,1.25e-05,0.5105559948280538,0.5037364642618866,0.47049544975199703,0.5145157431097319,0.5079316631897987,1.023807637305731,1.0864195156817673,1.0312234176712896,1.0143049814978198,0.7768225464464393,0.9491492699368209,-0.008048397161999286,1.0050665529581198,0.4666990510054997,0.44746464490890503,0.3468908539840153,0.48434499331883024,0.45304652197020395,0.9258010983467102,0.7010742936815534,0.9567534582955497,0.9023398756980896,0.7706235647201538,0.9509367602212089,-0.0067785936407744884,0.9611079096794128
105,1.25e-05,0.5102722490682274,0.5054038469906166,0.481364801304803,0.5133923075471362,0.5081157424757557,1.02383126171198,1.0971644501837472,1.0312727214553938,1.0139454983468552,0.7769199167223265,0.9491878784868697,-0.008076972826930021,1.0047568168569332,0.4666738339832851,0.44743162393569946,0.3468224448817117,0.4843211770057678,0.45302184564726694,0.9257861801556179,0.7010832684380668,0.9567358493804932,0.9023272565432957,0.7706382019179208,0.9509514059339251,-0.006764148228934833,0.961108957018171
106,1.25e-05,0.5107841209088358,0.5032020112336506,0.467319880884486,0.5141647043468643,0.5088522525030225,1.023825713200137,1.0855110502523821,1.030982797657351,1.0146124948004973,0.777243919208974,0.9492181022229466,-0.007939721558279279,1.0054153323905992,0.46664870211056303,0.44739764503070284,0.346748377595629,0.4842987614018576,0.4529952492032732,0.9257708362170628,0.7010855504444667,0.9567181127411979,0.9023132835115705,0.7706528050558907,0.9509514059339251,-0.006752611670110907,0.9611090591975621
107,1.25e-05,0.5096263141279275,0.5022761401798075,0.46677645154324054,0.513582727815088,0.5070982681471936,1.0236004223227806,1.0878560523832999,1.0314205876998392,1.0136381660860376,0.7772439224745638,0.9493490533223228,-0.007933636283462879,1.0044461001021643,0.4666233445916857,0.4473616821425302,0.3466646799019405,0.4842756262847355,0.4529697469302586,0.9257549558367048,0.7010775463921683,0.9566991329193115,0.902300204549517,0.7706235221454075,0.9509221230234418,-0.006732202268072537,0.961123159953526
108,1.25e-05,0.5102960492059383,0.5026815540962688,0.4658796368533992,0.514419189368647,0.5076534204371941,1.0236010127841542,1.0891131313409919,1.0310191788614804,1.0139989173235309,0.7768880133743599,0.9492231343443187,-0.007964156000577849,1.0043524312045229,0.4665958753653935,0.4473325312137604,0.3466283849307469,0.484248297555106,0.4529423245361873,0.9257352352142334,0.7010933331080845,0.9566737328256879,0.9022851160594395,0.7705649733543396,0.9509367687361581,-0.006723583542874881,0.9610940132822309
109,1.25e-05,0.5102530764086821,0.5031244515212938,0.4685284759347645,0.5142483822181172,0.5076485281105354,1.0238786825935962,1.0889637207777392,1.0310596365594156,1.0145282480756992,0.7772556702356979,0.949320500774745,-0.007702446427755153,1.0045279180216167,0.4665748689855848,0.44728851318359375,0.34648182136671885,0.48423194885253906,0.452920492206301,0.9257376449448722,0.7010831747736249,0.9566804596355983,0.9022833960396903,0.7704917788505554,0.9509367772511074,-0.006698476749339274,0.9611708436693464
110,1.25e-05,0.5108311262365127,0.5040935856589157,0.4715770764407047,0.5144346391489368,0.5085361323567824,1.0234996838808914,1.086579236231031,1.0310570639765575,1.0138398391798833,0.777413478003852,0.9491324839809279,-0.008055869552973969,1.0052688568296397,0.46655141030039105,0.44724206413541523,0.34633090666362215,0.48421405468668255,0.45289615648133413,0.9257336258888245,0.7010632753372192,0.9566805533000401,0.9022748725754874,0.77046252148492,0.9509367687361581,-0.0066693563546453205,0.9612480912889753
111,1.25e-05,0.5107223118383092,0.5039611032878321,0.471644093959196,0.5140406296183619,0.5087065226105135,1.0238693023851084,1.088590758462106,1.0310957415007471,1.0144854208413479,0.7772053024491712,0.9491089738703238,-0.007800703941707543,1.0053623815224955,0.4665282666683197,0.4472129259790693,0.34627406511987957,0.4841932611806052,0.4528715993676867,0.9257174985749381,0.7010838985443115,0.9566657543182373,0.9022567357335772,0.7704479098320007,0.9509660261017936,-0.006660771622721638,0.9612511822155544
112,1.25e-05,0.5108370538009355,0.5044467883481164,0.47290193207497117,0.514923927940226,0.5080147417337542,1.023684992463053,1.0939988403276364,1.0309302242853309,1.0140960446029093,0.7768578024870056,0.9490519037505509,-0.00776056972648462,1.0056160976504644,0.4665058212620871,0.44717674595969065,0.34617439763886587,0.48417546493666513,0.45284716146332876,0.9257081065859113,0.7010880623544965,0.9566582441329956,0.9022448914391654,0.7704771671976361,0.9509367687361581,-0.006640707275697163,0.9612893887928554
113,1.25e-05,0.5112994424025951,0.5029829779589292,0.4637278331833745,0.5149101829809588,0.5092743797388921,1.0241758520641024,1.0845333707680533,1.031395042485844,1.0149446418513657,0.7768729001329425,0.9491828455414701,-0.0076970083303310845,1.005988238899145,0.4664823796067919,0.44714575154440744,0.3461082662854876,0.4841546544006893,0.452822561774935,0.9256913917405265,0.7011057904788426,0.9566410524504525,0.9022283809525626,0.77044791834695,0.9509514059339251,-0.006630644667893648,0.9612874218395778
114,1.25e-05,0.5099325420852814,0.503337373870248,0.47129981795824677,0.5136577865434071,0.5074950615626022,1.0234706600812296,1.0948906177383049,1.0304983459371087,1.0140626052679675,0.7768544402417926,0.9491795039884994,-0.007675048659846026,1.0048070957400648,0.4664544463157654,0.44711552773203167,0.34606834394591196,0.4841267168521881,0.4527949605669294,0.9256659150123596,0.7011199593544006,0.9566115992409843,0.9022049903869629,0.7704039897237506,0.9509514059339251,-0.006627306608217103,0.9612553119659424
115,1.25e-05,0.509978512190454,0.5031860449102922,0.47056323318864773,0.5134606606155802,0.5078102053585141,1.023860932525707,1.0862291979289214,1.031309731606026,1.0143331970182128,0.7767503484358741,0.9491140132248249,-0.007818926825806597,1.0041858393658873,0.46642646193504333,0.44707150970186504,0.34595295786857605,0.48410140190805706,0.4527673125267029,0.9256547859736851,0.7011182819093976,0.9565988864217486,0.902195257799966,0.7703600866453988,0.9509221145084926,-0.006605771104139941,0.9612731252397809
116,1.25e-05,0.510822855321432,0.5020522765788553,0.46163095209577787,0.5137024387236564,0.5095828723980718,1.0243323638508763,1.0897870889029866,1.0315199680836213,1.0149627322730685,0.7773278581137787,0.9490938665191759,-0.0076398454707629,1.0051916384172024,0.46640175580978394,0.4470341205596924,0.34585861223084585,0.48407959938049316,0.45274204441479277,0.9256441167422703,0.701117353779929,0.9565877062933785,0.9021847758974347,0.7703307952199664,0.9509367517062596,-0.006590069803808417,0.9612982017653329
117,1.25e-05,0.510237932418837,0.5020153293900165,0.46320991908594455,0.5138016521045629,0.5082416882804279,1.0240306292993866,1.0908974302285033,1.031298940143888,1.014533168404028,0.7770307154699405,0.9492902902841446,-0.007762709860458657,1.0050055677623426,0.4663773945399693,0.44699630567005705,0.34575949396405903,0.48405906558036804,0.4527162185737065,0.9256324172019958,0.7011217474937439,0.9565785867827279,0.9021702068192619,0.7702869006565639,0.9509367602212089,-0.00658126687631011,0.9613128985677447
118,1.25e-05,0.5105759794597313,0.5041730712147413,0.4727021133020726,0.5145414945289408,0.5078729766183063,1.0239267112106405,1.0893555185273556,1.0311818491539708,1.014490731453444,0.776741961363457,0.9493205058104676,-0.007727767340838909,1.005656459211876,0.46635391456740244,0.44697084597178866,0.3457223049231938,0.48403880425861906,0.4526899371828352,0.9256121516227722,0.701146560055869,0.9565558688981193,0.9021502648081098,0.7702722719737461,0.9509514059339251,-0.006576619709708861,0.9612959367888314
119,1.25e-05,0.5097548832541786,0.5027831364947591,0.468422786461898,0.514161561399744,0.5067259621388229,1.0232276215775467,1.0924183602706627,1.0306208978478137,1.0135281384449035,0.7771364849039791,0.9494984595823215,-0.00764774806564793,1.0039983993912134,0.4663337128502982,0.44693890639713835,0.3456362954207829,0.4840220808982849,0.45266868812697275,0.9256066254207066,0.7011694312095642,0.9565521478652954,0.9021425417491368,0.770272263458797,0.9509221230234418,-0.006564022906656776,0.9613263351576669
120,1.25e-05,0.5113702079179161,0.5055370385745703,0.47716647114927074,0.5146978993447573,0.5091826358454324,1.0241154046529877,1.0924457859150642,1.0310917952948206,1.0148612761338796,0.7769702797478062,0.9492130654015666,-0.007663090390244311,1.005276448776706,0.4663132429122925,0.44690037199429106,0.34551697969436646,0.4840051829814911,0.45264790313584463,0.9256042838096619,0.7011598689215524,0.9565531355994088,0.9021372539656503,0.7702283348355975,0.9509367687361581,-0.006549602041819266,0.9613767692020961
121,1.25e-05,0.5101419822472643,0.5016634065831433,0.4614214280966423,0.5140336162453117,0.5078743182111263,1.024038303282953,1.0859620392597216,1.0315499648459434,1.0144625888136918,0.7770777228424259,0.9491996305207381,-0.007596439683616269,1.0046908131820143,0.46628824727875845,0.44687054412705557,0.34546540890421185,0.4839814007282257,0.4526224902697972,0.9255874582699367,0.7011727946145194,0.9565329040799823,0.9021220207214355,0.7701990859849113,0.9509514059339251,-0.006542400989149298,0.9613606759480068
122,1.25e-05,0.5109201047399748,0.5029338521952514,0.46551404952148384,0.5141245665851765,0.5092291499307323,1.024102130915285,1.091118294888744,1.0313257423963416,1.014644673953469,0.7768007215938383,0.9491408683981458,-0.007756900089266923,1.006130878124491,0.46626695564814974,0.44682774373463224,0.34532577650887625,0.48396492855889456,0.45260038120406015,0.9255837712969098,0.7011720282690865,0.9565333383423942,0.902114484991346,0.7701990604400635,0.9509514059339251,-0.0065274253221494815,0.9614097390856061
123,1.25e-05,0.5096743687476125,0.5025059566763933,0.4681852082686124,0.5132470294810294,0.5074846471082353,1.0237453262804719,1.09008947382569,1.030792204801449,1.0144871422039565,0.7769786732598445,0.9493507210926343,-0.007629256618345806,1.0045109815739144,0.4662438077586038,0.44678798743656706,0.3452106714248657,0.4839457614081247,0.4525765521185739,0.9255776745932442,0.7011803899492536,0.9565288169043404,0.9021064383643014,0.7701551573617118,0.9509660516466413,-0.006510098331740924,0.9614490696362087
124,1.25e-05,0.5092542529472375,0.5013545838247124,0.46297868543017906,0.5137178625928641,0.506333033182776,1.0233291877091266,1.0906809457924447,1.030891743184845,1.0135219025721747,0.7772775013142833,0.9491341627382707,-0.007646552091287959,1.0046014304168396,0.4662203661033085,0.44675701005118235,0.3451451063156128,0.4839252829551697,0.4525511690548488,0.9255573919841221,0.70118647813797,0.9565094794545855,0.9020848444529942,0.7701405201639447,0.9509660516466413,-0.006504135871572154,0.961448073387146
125,1.25e-05,0.511153203551121,0.5049255893466049,0.4740382108209808,0.5152743877475834,0.5082691708895346,1.023986213462388,1.0933318620331154,1.0310443578716186,1.0146165849365336,0.776832611513211,0.9490317554884059,-0.007564790859242402,1.0066117443796676,0.466196141072682,0.4467399035181318,0.3451577382428305,0.48390144535473417,0.45252537727355957,0.9255299908774239,0.7012138622147697,0.9564775994845799,0.9020593506949288,0.7701258829661778,0.9509806632995605,-0.00650781938540084,0.9613862974303109
126,6.25e-06,0.5102644464295764,0.5022761237602996,0.4639688503021957,0.5143037067427735,0.5077682907649693,1.02405189066988,1.0880031666570118,1.0319412874674956,1.0140306318166374,0.7770021746418626,0.949357447292154,-0.007510296672323211,1.0048874606856675,0.46618586778640747,0.44672294173921856,0.345110969884055,0.48389263238225666,0.4525147122996194,0.9255285092762539,0.7012206571442741,0.9564761008535113,0.9020578605788094,0.7701698115893773,0.9509806632995605,-0.006500045635870525,0.9614087002617973
127,6.25e-06,0.5102919773816208,0.5022622491998423,0.46390835987380147,0.5142077559455505,0.507922311959606,1.0243731438655823,1.0959390859938376,1.0314411516990407,1.0149199756914324,0.7764414623951948,0.9492197778672972,-0.007463503949901139,1.0055810957155165,0.46617369992392405,0.44670339141573223,0.34505861571856905,0.4838811031409672,0.4525036258356912,0.925524251801627,0.701219209602901,0.956472533089774,0.9020528963633946,0.7701551573617118,0.9509660516466413,-0.006493386546415942,0.961430277143206
128,6.25e-06,0.5101177502581845,0.5014537697227808,0.46135913420810004,0.5131187990452776,0.5087417869371326,1.0243417638360204,1.0939044392664372,1.0314689133634827,1.0148958099602554,0.7769182308844523,0.9493070785595219,-0.007919115642766638,1.0047881521753819,0.46616002917289734,0.44668917996542795,0.34504220315388273,0.4838673046657017,0.4524902956826346,0.9255106789725167,0.7012226837021964,0.9564571976661682,0.9020409839493888,0.7701698030744281,0.9509660516466413,-0.0064905270534966674,0.9614166702542987
129,6.25e-06,0.5101364711828862,0.5019249667342479,0.46283490953540657,0.5140153946048837,0.507834260517429,1.023918677218682,1.0914424994146892,1.0313611644631584,1.0142254371003376,0.7768057535320932,0.9493759057488859,-0.007371444983290546,1.0049047773456916,0.46614840626716614,0.4466714475836073,0.34499754650252207,0.4838568993977138,0.4524782598018646,0.9255056977272034,0.7012246165956769,0.9564528465270996,0.9020345040730068,0.7701990859849113,0.9509660516466413,-0.006485218647867441,0.9614329848970685
130,6.25e-06,0.5089423555596572,0.5006292981180971,0.4618980421112918,0.5120691126789487,0.5073837426553551,1.0235774410240965,1.0871183758385048,1.0309191842110903,1.0141177292182637,0.776958522617176,0.9493305713960714,-0.007522677085102482,1.0039835722093635,0.4661369281155722,0.44665788752692087,0.34497385791369845,0.48384622590882437,0.45246665818350656,0.9254961609840393,0.7012335572923932,0.9564425860132489,0.9020251546587262,0.7701844317572457,0.9509953004973275,-0.006484140309372118,0.9614258323396955
131,6.25e-06,0.5111200569900438,0.5040955078705603,0.470269607691904,0.5148052391918024,0.508796557364437,1.0241117788105822,1.0875052718461873,1.03124250403686,1.0148679550281257,0.7765438511502236,0.9490351097069822,-0.007493143783204154,1.006609729297089,0.46612667185919626,0.44663350922720774,0.34488786118371145,0.4838377705642155,0.452456853219441,0.9254984259605408,0.7012226581573486,0.9564470733915057,0.9020254015922546,0.7701551488467625,0.9509806632995605,-0.006472528246896607,0.961471438407898
132,6.25e-06,0.5098824326160682,0.5010253864865516,0.45894918189070744,0.5139836617695388,0.5074790505128706,1.0237466533307351,1.089659857676692,1.0307428466010204,1.0145533756299074,0.7766932737992106,0.9492852461685966,-0.007526166874179078,1.005092199710596,0.46611624530383516,0.44661429950169157,0.3448292016983032,0.4838291917528425,0.4524461839880262,0.9254969528743199,0.7012172000748771,0.9564473799296788,0.9020222170012338,0.7701258999960763,0.9509953090122768,-0.006467158174408334,0.9614988054547992
133,6.25e-06,0.509365915290771,0.5012763750077026,0.46319963481263876,0.512776046487776,0.5074947379334914,1.0244607431303827,1.0927636777506202,1.031677531146173,1.0149671542479695,0.7770777261385353,0.9492130714749533,-0.007531734211506256,1.0046902896194536,0.4661043499197279,0.44659602642059326,0.3447819011551993,0.48381937401635305,0.45243321997778757,0.925491988658905,0.7012271285057068,0.9564435907772609,0.9020161202975682,0.7701258744512286,0.9510099462100438,-0.006460653085793767,0.9615097982542855
134,6.25e-06,0.5094129810013407,0.501047160585172,0.4612439442645325,0.5133444606433816,0.5070871093061967,1.0240477394337417,1.0906413549407592,1.0315318967645375,1.0143437314143378,0.7763675985980876,0.9491895629513648,-0.007407087865116287,1.0047019980714313,0.466092369386128,0.4465729296207428,0.3447083362511226,0.48380992668015615,0.4524210180555071,0.9254904474530902,0.7012212446757725,0.9564436333520072,0.9020131060055324,0.7700819713728768,0.9510099462100438,-0.006450383923947811,0.9615398645401001
135,6.25e-06,0.5096148528078551,0.5018011106629281,0.46444227111931646,0.5134602066070314,0.5072751772660081,1.0237637413079106,1.092146891511164,1.0311234794209936,1.0141242834097046,0.7769148708061261,0.9492113856370792,-0.007640068641259572,1.0050127728133096,0.4660795032978058,0.44655275344848633,0.34465478147779194,0.4837993255683354,0.45240705779620577,0.925487220287323,0.7012343832424709,0.9564392822129386,0.9020099725042071,0.7700234396117074,0.9510099462100438,-0.0064378634893468446,0.9615603004183088
136,6.25e-06,0.5096401030505796,0.5022551374318229,0.4673857146571736,0.512857052374057,0.50783155251941,1.023506540856603,1.0937629573112015,1.0308669994137438,1.0138041305957057,0.7769803450892537,0.9493288971556191,-0.007418677484768281,1.0040248927860094,0.4660698175430298,0.4465307891368866,0.3445772996970585,0.48379271371023996,0.4523965673787253,0.9254886082240513,0.7012316243989127,0.9564432076045445,0.9020093253680638,0.7699795024735587,0.9510099462100438,-0.006428155582398176,0.9615964038031442
137,6.25e-06,0.5099374561418464,0.5015923041474557,0.4616497090335266,0.5140851143989817,0.5073993312537335,1.0239579228334286,1.088275110666653,1.0315508645312088,1.0142209974241085,0.7766899158572516,0.9491744566684006,-0.007659999559754081,1.0056909199744937,0.4660585990973881,0.4465221166610718,0.3445800074509212,0.483781384570258,0.45238477843148367,0.9254773429461888,0.7012536525726318,0.9564292005130223,0.9019994991166251,0.769964873790741,0.9510099462100438,-0.006426239519246987,0.9615733964102608
138,6.25e-06,0.5096110465950192,0.500601605244679,0.45855802044280053,0.5130642753683843,0.5078595267829075,1.0241365466005548,1.0920356080523528,1.0315610522254577,1.014448883499296,0.7766311598690852,0.9492617513787972,-0.007469348176928496,1.0051015358183608,0.466046005487442,0.4465143936020987,0.34459097044808523,0.48376946789877756,0.45237147382327486,0.9254622885159084,0.7012742417199271,0.9564109018870762,0.9019863860947746,0.7699356164251056,0.95102459192276,-0.006424258330038616,0.9615419592176165
139,6.25e-06,0.5101082201682783,0.5019526117530408,0.4641225344086084,0.5130165902334058,0.5087326542573041,1.0239580756142026,1.0889331627307155,1.0311276926728195,1.0146226296349177,0.7766848814774341,0.9493960587110387,-0.00763397573191087,1.0050240587834145,0.46603260721479145,0.44649732964379446,0.3445585455213274,0.4837570147854941,0.45235701969691683,0.9254520876067025,0.7012818115098136,0.9563990831375122,0.9019773261887687,0.7699209707123893,0.95102459192276,-0.006418560032865831,0.9615405287061419
140,6.25e-06,0.5099183545165104,0.5025817741202624,0.46718432254139364,0.5138327023095494,0.5074285215526987,1.023961983457078,1.0907598264511584,1.0311837173155254,1.0145136614182761,0.7765723986315592,0.949025036338898,-0.007372858112461434,1.0045355522687534,0.4660201924187796,0.4464802699429648,0.34451973012515474,0.48374619228499277,0.4523440642016275,0.9254463655608041,0.7012848513466972,0.9563942721911839,0.9019708803721836,0.7699209707123893,0.95102459192276,-0.006414988344269139,0.9615388938358852
141,6.25e-06,0.5097378253082221,0.5032291383665156,0.47186113014260256,0.5131773207960407,0.5075608043870863,1.0235444914665945,1.088780892426334,1.0306172796963302,1.0142973155408899,0.7765757598391082,0.9490754000968464,-0.0075646635741987295,1.0046570277250673,0.4660107578550066,0.4464627206325531,0.34446508969579426,0.483738762991769,0.45233436141695293,0.9254460760525295,0.7012932130268642,0.9563945957592556,0.9019689049039569,0.7698770676340375,0.95102459192276,-0.006408502214721271,0.9615593211991447
142,6.25e-06,0.5099962018449308,0.5013936436365521,0.460505601783563,0.5139995049160685,0.5076425711710637,1.0249995830360585,1.0918420134174232,1.0320186093411443,1.0157524122071155,0.7768577962305018,0.9490602976288236,-0.0075290450592383675,1.0051189643019478,0.4660001652581351,0.44644743629864286,0.34442757282938274,0.4837305503232138,0.45232209137507845,0.9254435811723981,0.7013059854507446,0.9563926373209272,0.9019657799175808,0.7698624134063721,0.9510099547249931,-0.006399056408554316,0.9615663715771267
143,6.25e-06,0.5092274698305301,0.5002538638425008,0.45772295094610665,0.513288573063891,0.5068832643204204,1.024037210805808,1.090178000182295,1.0317972181274289,1.0140724967701644,0.7765388256515897,0.9491878770524517,-0.007349603384884844,1.0051555229466327,0.46598775897707256,0.4464279924120222,0.3443770025457655,0.4837192041533334,0.45230994479996817,0.9254383529935565,0.7013134360313416,0.9563875283513751,0.9019600323268345,0.7698331645556858,0.9510099291801453,-0.006392686627805233,0.9615782754761832
144,6.25e-06,0.5088042290285192,0.5010995683887343,0.4642566087700072,0.5126012379062279,0.5064920529120407,1.023479567999969,1.0938871852935306,1.0309800869736132,1.0136322295183533,0.7769937765518946,0.9491660568082998,-0.007223923949913885,1.004190889890537,0.4659764213221414,0.44640361411230906,0.3442943011011396,0.4837104720728738,0.4522983431816101,0.9254406264850071,0.701309255191258,0.9563922371183123,0.9019598535129002,0.7698624389512199,0.9510099291801453,-0.006382156895207507,0.9616198369434902
145,6.25e-06,0.5104528539344341,0.503006887112406,0.46636359398937566,0.5151076905097464,0.5072677111051904,1.0245760898375231,1.0945136240672528,1.0324720267265561,1.0143488491429955,0.7767033490595058,0.9491324774497482,-0.007395185554505951,1.005892460094741,0.4659641512802669,0.44637670687266756,0.34420323371887207,0.483700156211853,0.4522865968091147,0.9254423975944519,0.7012993437903268,0.9563960007258824,0.901960551738739,0.7697599530220032,0.9510099291801453,-0.006371079811028072,0.9616620710917881
146,6.25e-06,0.509858258430981,0.5037838785512839,0.4739494939004221,0.513599656724466,0.5073138024949808,1.0239268361270824,1.0935892132203884,1.030930616522348,1.0146008512025237,0.7766613796376229,0.9489192720931796,-0.00759694474681075,1.005973816955633,0.4659503102302551,0.4463617205619812,0.3441820272377559,0.48368728160858154,0.4522721639701298,0.9254294804164341,0.7013060876301357,0.9563811336244855,0.9019486563546317,0.7698185103280204,0.9510099291801453,-0.006365580018609762,0.9616508909634182
147,6.25e-06,0.5091639064363009,0.5009354481133081,0.46194169412071867,0.5128826695531072,0.5070192347229656,1.0236195580994722,1.093123595347114,1.0308863506278074,1.0140361160238278,0.7769920992594893,0.94923320725461,-0.007532224862746174,1.0047244125918982,0.4659377634525299,0.4463428258895874,0.344134475503649,0.4836760035582951,0.452259681054524,0.9254220042909894,0.7012994033949715,0.9563749262264797,0.9019404820033482,0.7697745987347194,0.9510245748928615,-0.006358601418989045,0.9616662008421761
148,6.25e-06,0.5092918996742549,0.5004992731796798,0.45959260011415143,0.5125429632873701,0.5076975337798573,1.024335395539045,1.0947480088798924,1.031398864202602,1.0149248450826633,0.7768997645536815,0.9493456819212504,-0.007399080830248987,1.0046926915370924,0.4659256083624704,0.4463289422648294,0.34411153197288513,0.48366536838667734,0.4522464871406555,0.9254119907106672,0.7013097831181118,0.9563641122409275,0.9019292593002319,0.7697306786264692,0.9510245748928615,-0.006355150868850095,0.9616614239556449
149,6.25e-06,0.5092366454818587,0.5016663774916653,0.46498826857230874,0.5134212851402274,0.5065269062321307,1.0241635734462395,1.09382500461719,1.0315108099047245,1.0144942122059972,0.7767486762402306,0.9491593479743934,-0.007332945101848182,1.0049425682164557,0.46591311267444063,0.44631156751087736,0.3440717245851244,0.48365506529808044,0.45223223311560495,0.9254035609109061,0.7013065729822431,0.956356304032462,0.9019205825669425,0.7697014042309352,0.9510392206055778,-0.006345402515892472,0.9616721527917045
150,6.25e-06,0.5099358878652072,0.5012487704425486,0.4599900800969377,0.5139487360418605,0.5075879250192911,1.024325487708899,1.088755991754322,1.0316248416168166,1.0148785689886692,0.7763172280037641,0.9491089744196753,-0.007321331524602493,1.0064123317759524,0.46590044242995127,0.4462977647781372,0.34404959423201426,0.48364483032907757,0.4522180301802499,0.9253921508789062,0.7013095617294312,0.9563442979540143,0.9019087467874799,0.7697160499436515,0.9510392206055778,-0.006338738836348057,0.9616650683539254
151,3.125e-06,0.509271356550413,0.5005727548264749,0.45987206283924337,0.5127075933763081,0.5074818038476533,1.0238595997682913,1.090180573680739,1.0312629330786935,1.0142455721780452,0.7768309353500285,0.949216424625346,-0.007318898593874327,1.0048113756160277,0.4658939412661961,0.4462912508419582,0.3440431611878531,0.48363863144602093,0.452211001089641,0.9253865991319928,0.7013152412005833,0.9563384056091309,0.9019039954457965,0.7697014127458844,0.9510392206055778,-0.006337208274219718,0.9616577625274658
152,3.125e-06,0.5090874377361518,0.5015059494081059,0.46537313713700235,0.5127085923721286,0.5069234170671981,1.024098702686845,1.092098503709755,1.030938687687096,1.014991937602903,0.7765892009764406,0.9493255451649687,-0.007514997177468341,1.0046687154848029,0.46588799357414246,0.4462829530239105,0.3440250243459429,0.483633211680821,0.4522044232913426,0.9253834400858197,0.7013199414525714,0.9563349996294294,0.9019005043166024,0.7697160584586007,0.9510392206055778,-0.006334612744727305,0.9616585288728986
153,3.125e-06,0.5099985937063839,0.50150427345856,0.4609174957595235,0.5141540992217252,0.5074790545567084,1.0237549202782767,1.0898802835881496,1.0312733852857208,1.0140325105684693,0.7763827012797472,0.9491979538082039,-0.007392705941770209,1.0053416972153015,0.46588197350502014,0.44627659235681805,0.34401630078043255,0.4836277110236032,0.45219819460596355,0.9253781267574855,0.7013248630932399,0.9563293201582772,0.9018954379217965,0.7697014212608337,0.9510392206055778,-0.006332707923970052,0.961654143674033
154,3.125e-06,0.5093642182980082,0.5005571189686022,0.45907185981655757,0.5131064022252697,0.5072984319128748,1.0242880581588667,1.0948649730306372,1.031397446875565,1.0148261310012903,0.7763373767847411,0.9493574386856461,-0.007031504243623734,1.0051996835487902,0.46587558729307993,0.4462675622531346,0.3439949367727552,0.4836219378880092,0.4521919446332114,0.9253754360335213,0.7013243521962848,0.9563266464642116,0.9018919553075518,0.7697160584586007,0.9510392206055778,-0.006330351079148906,0.9616578476769584
155,3.125e-06,0.5092549209892597,0.5007506463995238,0.4601376509123195,0.5133948235162636,0.5067522947872473,1.0239480406702084,1.0918228471212001,1.0312487143342213,1.0143845811966927,0.7770156068064528,0.9489897764833902,-0.007212850429724255,1.0048808250070778,0.4658699035644531,0.44625820006643024,0.3439695068768093,0.4836172248635973,0.4521855754511697,0.9253740055220467,0.7013278944151742,0.9563260248729161,0.9018900735037667,0.7696721298354012,0.9510392206055778,-0.006326591462961265,0.961668244429997
156,3.125e-06,0.5091950456362411,0.5012322403471469,0.46274938065457577,0.5135042458482724,0.5064340956352701,1.0241268391006126,1.0911809900023055,1.031607630829047,1.0144110542044418,0.7767117374442628,0.9493842961784515,-0.007360702972807643,1.0047379868554263,0.46586338537079947,0.4462485909461975,0.3439455883843558,0.4836115113326481,0.4521789848804474,0.9253707698413304,0.7013269577707563,0.9563232745443072,0.9018870081220355,0.7696428554398673,0.9510392206055778,-0.00632211918543492,0.9616728935922895
157,3.125e-06,0.5083089002235938,0.4980635079004431,0.4506182254764647,0.5118879292692456,0.5066529918009968,1.0244659815332673,1.0866222905306955,1.0316373634753444,1.0152225667735704,0.7762399993978033,0.9491056183699272,-0.007390415621897577,1.0041287539253099,0.4658570672784533,0.4462414298738752,0.34393381220953806,0.4836059297834124,0.45217233896255493,0.9253658992903573,0.7013316750526428,0.9563169309071132,0.9018827165876117,0.7696428554398673,0.9510245748928615,-0.00631919177249074,0.9616713949612209
158,3.125e-06,0.509688939031307,0.502104598134222,0.4655875168698785,0.513663608205056,0.5071842845317589,1.024247720982561,1.0982140152501987,1.0309849218777736,1.0150448047864515,0.7765102856475392,0.9490653337482544,-0.006920315899408847,1.0057872340304388,0.4658501829419817,0.4462354694093977,0.34393164941242765,0.48359901138714384,0.45216536947659086,0.9253584316798619,0.7013357196535382,0.956308799130576,0.9018754448209491,0.7696574926376343,0.9510245748928615,-0.00631879609344261,0.9616612877164569
159,3.125e-06,0.5086505686052628,0.5009105656614562,0.46411580062498514,0.5122583370848429,0.5065274109031015,1.023741145654025,1.0902123836389397,1.031098402285051,1.014168368537061,0.7766882374051041,0.9490569384660833,-0.00737291884632887,1.0041571293375275,0.46584443960871014,0.4462256601878575,0.3439041078090668,0.48359433668000357,0.4521588981151581,0.9253566009657723,0.7013338889394488,0.956306917326791,0.9018733756882804,0.7696575011525836,0.9510245748928615,-0.00631462676184518,0.9616678016526359
160,3.125e-06,0.5100194305654556,0.5015716215188358,0.4617494932517478,0.5136367181631705,0.5080111779680755,1.0247554046278786,1.0968595339100726,1.0316853460078965,1.0154221981412865,0.7761191370483551,0.9490703676397594,-0.007235840703534793,1.006053067236391,0.4658391220229013,0.4462207981518337,0.3438998545919146,0.4835899557386126,0.4521528056689671,0.9253516793251038,0.701339840888977,0.9563017742974418,0.9018686754362923,0.7696867840630668,0.9510245748928615,-0.006314511610461133,0.9616608449390956
161,3.125e-06,0.5096677891791813,0.501251898663995,0.46171563586026537,0.5131427930125321,0.5077912261164989,1.0245681490827327,1.0917737913082883,1.03175874569449,1.0151371913144238,0.7760502922797411,0.9492046707297861,-0.00742757271322447,1.0057913260281666,0.4658327613558088,0.4462148802621024,0.34389518414224896,0.4835841144834246,0.45214591707502094,0.9253446630069188,0.7013427530016217,0.9562944173812866,0.9018616420882088,0.7697014212608337,0.9510245748928615,-0.006312227275754724,0.9616533858435494
162,3.125e-06,0.5089271780593665,0.5000510150905273,0.4583087639203147,0.5126338525729123,0.5069077572667532,1.024139715138302,1.0873993130384563,1.031600269792755,1.014570709777623,0.7763978009704926,0.9491929154608473,-0.007629670247557648,1.0047091568547888,0.4658265156405313,0.4462112103189741,0.3439019279820578,0.4835785925388336,0.4521384154047285,0.9253373060907636,0.7013566664287022,0.9562852042061942,0.9018551196370806,0.7696867755481175,0.9510538492883954,-0.006311058732015746,0.9616329669952393
163,3.125e-06,0.5085895377675265,0.5010163402838153,0.465345417971008,0.5118055040568983,0.506814972168961,1.0240223584758643,1.0954016296300775,1.031245401866364,1.0144197345695554,0.7764683227873557,0.949268467812067,-0.007295635457570758,1.0040603071619045,0.4658200144767761,0.4462013372353145,0.34387624689510893,0.4835731898035322,0.4521316034453256,0.9253336787223816,0.701351957661765,0.9562816960471017,0.9018515007836478,0.7696867755481175,0.9510538492883954,-0.006308224983513355,0.9616391573633466
164,3.125e-06,0.510130125409325,0.5026564034082557,0.46709006432686107,0.5136495265848382,0.5080453922854774,1.0239096674257464,1.0920041105531144,1.0308073271682063,1.0147419198622658,0.7764246693587706,0.9492382428246893,-0.007377148367449283,1.0061201828293964,0.46581403272492544,0.4461949510233743,0.34386809383119854,0.4835675869669233,0.4521250767367227,0.9253285356930324,0.7013602427073887,0.9562761443001884,0.9018470900399345,0.7696867755481175,0.9510538492883954,-0.006306415623320001,0.9616329499653408
165,3.125e-06,0.509651161177123,0.4998174600276468,0.4533716524434712,0.5139480007653107,0.5072303862066313,1.0239518140440285,1.0897206786773905,1.0313786286545972,1.0143326827946286,0.7761896409502532,0.9491761317023606,-0.007317329490346538,1.005495497005998,0.4658078593867166,0.4461844818932669,0.34383779764175415,0.48356268235615324,0.452118592602866,0.925326577254704,0.7013586248670306,0.9562742624964032,0.9018442630767822,0.7697014212608337,0.9510538492883954,-0.006300930066832474,0.961645381791251
166,3.125e-06,0.5100642873944226,0.5022988414923106,0.46500272941296367,0.5140454043380065,0.5075852904665245,1.0241666488994163,1.094422690207935,1.0312882632520708,1.014703116902802,0.7764616004027773,0.9492013162060146,-0.007384229015560866,1.005948495877076,0.46580166476113455,0.4461739148412432,0.3438073865004948,0.48355757764407564,0.4521122021334512,0.9253242611885071,0.7013555424554008,0.9562723381178719,0.9018418533461434,0.769701429775783,0.9510538492883954,-0.00629594675930483,0.9616599593843732
167,3.125e-06,0.5086666116852426,0.5008328253039933,0.46433675994155227,0.5116110009470782,0.5071998684148695,1.0244161182956335,1.093083390381418,1.0316629307854803,1.0148802628226605,0.7765656825034849,0.9492298523340845,-0.007337927937455651,1.004577479451605,0.4657949762684958,0.4461666260446821,0.3437975432191576,0.4835508848939623,0.45210556047303335,0.9253181219100952,0.7013544525418963,0.9562659348760333,0.9018357992172241,0.7696721383503505,0.9510538492883954,-0.006294030430061477,0.961654041494642
168,3.125e-06,0.508485176275769,0.4988802129405618,0.4548060240284089,0.5114553882656986,0.5073043437139596,1.0238218073410312,1.0844847308447956,1.0314370417558287,1.0141845026262832,0.7767067084358829,0.94920970013492,-0.0072971481006808055,1.0040350460542267,0.4657887433256422,0.44615759594099863,0.34377566405705046,0.4835454097815922,0.4520991700036185,0.9253150480134147,0.7013564109802246,0.95626300573349,0.9018326316561017,0.7696721383503505,0.9510538492883954,-0.006291477807930538,0.9616599678993225
169,3.125e-06,0.5086915566105752,0.49972746070689933,0.45781159835843266,0.5122070016307948,0.5068721072037771,1.0244609554242428,1.0929330410679,1.0316440650456025,1.01499534584105,0.776068766362473,0.9492181039015208,-0.007274943505949353,1.0043255911688895,0.46578229325158255,0.44615105645997183,0.34376863496644156,0.48353919812611174,0.4520923580442156,0.9253093940871102,0.7013631463050842,0.9562567217009408,0.901826764856066,0.769701429775783,0.9510392035756793,-0.006291302386671305,0.9616546034812927
170,3.125e-06,0.5084501934918269,0.4997636824769969,0.45926854287546476,0.5117401886584511,0.5067995584627573,1.0240549210457086,1.091134331498583,1.030470426913963,1.0154035471673508,0.7766244482579014,0.9492399266482743,-0.00733263009855847,1.003729569380917,0.46577656269073486,0.4461453173841749,0.3437621593475342,0.4835339103426252,0.4520863890647888,0.9253041233335223,0.701369047164917,0.956250820841108,0.9018225755010333,0.76971606697355,0.9510538492883954,-0.006291892446045365,0.9616480129105704
171,3.125e-06,0.5086311497293982,0.5000589896456986,0.45931387637373244,0.5126218546126601,0.5062842983437756,1.024323754840427,1.0903497727724203,1.0317707184456095,1.0146761648604885,0.7766479544314859,0.9490653331073443,-0.0072459571313397185,1.004460041973448,0.46577106629099163,0.4461369514465332,0.34374056117875235,0.4835293548447745,0.45208053077970234,0.9253015688487461,0.7013724190848214,0.9562482578413827,0.9018194079399109,0.7697306786264692,0.9510538492883954,-0.006288812096629824,0.9616539563451495
172,3.125e-06,0.5092892681276622,0.5008174498998014,0.46112627178598414,0.5126849135190356,0.5074991146784469,1.0240841668749612,1.0940543602993718,1.0312397203504031,1.0145960523724495,0.7765606478489916,0.9492097046212911,-0.007471982469325394,1.005157690626868,0.46576547622680664,0.4461304928575243,0.34372917669160025,0.4835248759814671,0.4520740381308964,0.9252969878060477,0.7013808148247855,0.9562427486692157,0.901815550667899,0.76971606697355,0.9510684950011117,-0.006287453496562583,0.9616479362760272
173,3.125e-06,0.5090251712083694,0.4981925831168234,0.44832205598438574,0.5125302813386404,0.5075434091697885,1.024150777461281,1.0920418124899642,1.031041399186169,1.0149971883356785,0.7762332915710414,0.9492684658893364,-0.00738846844760105,1.0049709359987906,0.46575855357306345,0.4461259799344199,0.34373525636536734,0.4835178128310612,0.4520666854722159,0.9252887538501194,0.701393187046051,0.9562334844044277,0.9018070868083409,0.7697306956563678,0.9510684950011117,-0.006288287362882069,0.9616288542747498
174,3.125e-06,0.5093427476856077,0.501161475274359,0.46189085856133466,0.5135153945262653,0.5067519568139568,1.0241722536892752,1.0912945812565207,1.0313871064310616,1.0147198557670583,0.7765505729854504,0.949048539552088,-0.007150793716090188,1.0051984558090818,0.4657516692365919,0.44611784390040804,0.34372267552784513,0.48351038353783743,0.45206040143966675,0.9252840961728778,0.7013933147702899,0.9562282562255859,0.9018028889383588,0.7697160499436515,0.9510684950011117,-0.006287910044193268,0.9616229023252215
175,3.125e-06,0.5088537378123157,0.4981249179433568,0.44914314408700284,0.5119345064841963,0.5077634171162638,1.0245243222726899,1.0917106010153301,1.03195670828475,1.0148522986916475,0.776673128314343,0.9493255434558749,-0.007402848493340256,1.0048340837038667,0.46574645808764864,0.44611004420689176,0.34370286975588116,0.4835056449685778,0.4520553691046579,0.9252816694123405,0.7013973423412868,0.9562255655016217,0.9017998916762215,0.7697014127458844,0.9510684950011117,-0.006285972627145904,0.9616274578230721
176,1.5625e-06,0.5095427189798644,0.5005109940378469,0.4579792697034124,0.5133693729128156,0.5074348457642109,1.0241632179242186,1.0951398062937943,1.0312939461414106,1.0146666111789846,0.7763843764968243,0.9492332005708326,-0.007295182742167949,1.005581388672498,0.4657437631062099,0.4461063657488142,0.3436939801488604,0.4835035375186375,0.4520526017461504,0.92528007711683,0.7013993774141584,0.9562245522226606,0.9017985718590873,0.7697160499436515,0.9510684950011117,-0.006283655563103301,0.961628930909293
177,1.5625e-06,0.5090915626644539,0.49995248774290696,0.45621090507849144,0.5136326838931363,0.5063131985240756,1.024331396809005,1.0915296016078817,1.03157123186255,1.0148517000510395,0.7762383246079996,0.9491140135605397,-0.007293651423131388,1.00575973202617,0.4657404976231711,0.4461032322474888,0.3436912255627768,0.4835006594657898,0.45204877853393555,0.9252769180706569,0.7014016423906598,0.9562204650470189,0.9017954639026097,0.7697160499436515,0.9510831321988787,-0.006282243877649307,0.9616253120558602
178,1.5625e-06,0.5085941150258031,0.5002152123209518,0.4598218817864695,0.513033155853542,0.5057808431947897,1.024383346544921,1.0905640079190166,1.0316311750299676,1.0149294846313035,0.7764985399312138,0.949154306422486,-0.007242670380956261,1.004188729931743,0.4657373981816428,0.446099260023662,0.3436843625136784,0.48349763665880474,0.4520451767104013,0.9252746786390033,0.7014033113207135,0.9562181064060756,0.9017929775374276,0.7697014042309352,0.9510831321988787,-0.006280488068503993,0.9616251076970782
179,1.5625e-06,0.5102390573077243,0.5013527432833338,0.46030879679149805,0.5132411190533235,0.5089013998134895,1.024239555390383,1.091683946324811,1.0312467255899984,1.014984249641391,0.7767772134364842,0.949150950494816,-0.007194017213652424,1.0065559666399704,0.46573411992618013,0.44609583275658743,0.34367936849594116,0.4834945287023272,0.4520422731127058,0.9252717069217137,0.7014044948986599,0.9562148877552578,0.9017904571124485,0.7697014042309352,0.9510831236839294,-0.00627885532698461,0.9616233791623797
180,1.5625e-06,0.5090067916293665,0.5009733704011744,0.46364741388248654,0.511931156690952,0.507594370774837,1.024367917945186,1.093579785248834,1.0311151432856742,1.0153135668907909,0.7763894147221028,0.9492214709383002,-0.0075752475631317906,1.0050345018651017,0.4657310204846518,0.4460919499397278,0.3436718327658517,0.48349180817604065,0.4520389565399715,0.92526946749006,0.701406112739018,0.9562123503003802,0.9017883624349322,0.7697160414287022,0.9510831236839294,-0.0062771593885762355,0.9616244775908334
181,1.5625e-06,0.5088936761441257,0.4997866986595052,0.45593433583387033,0.5136700299417307,0.5058826673842672,1.0245301524187684,1.0853898345783193,1.0325133550856824,1.0145184448359872,0.7764179493241962,0.9491442330238823,-0.00715964790537364,1.00538700916678,0.4657281424318041,0.44608945505959646,0.34367021918296814,0.483489419732775,0.4520356399672372,0.925266580922263,0.701410140310015,0.9562092082841056,0.9017860463687352,0.7697306786264692,0.9510831236839294,-0.0062756227728511605,0.9616215229034424
182,1.5625e-06,0.5090191915471066,0.499769147426363,0.45592266292188693,0.5132105823547121,0.5065977331985282,1.0244646309219259,1.0933730100218113,1.0317353115775192,1.0148968004411267,0.7766832055584076,0.9492886014553564,-0.007186920028485079,1.0050700771094467,0.4657249322959355,0.4460852359022413,0.3436627856322697,0.48348616702216013,0.4520319998264313,0.9252642478261676,0.7014101317950657,0.9562070284570966,0.9017840198108128,0.7697306786264692,0.9510831236839294,-0.006273663070585046,0.961621173790523
183,1.5625e-06,0.5090344843959662,0.5015823615860829,0.4662955081652081,0.5123757630571364,0.5071179228932565,1.0237423836482957,1.0916972289131779,1.0308600869230045,1.0143594730223866,0.7766479513795328,0.94922145857789,-0.006996267757970311,1.0048806338937724,0.46572206701551166,0.44608178309031893,0.34365515623773846,0.4834839403629303,0.4520291941506522,0.9252621701785496,0.7014119454792568,0.9562042610985892,0.9017819506781442,0.7697160414287022,0.9510831236839294,-0.006272272739027228,0.961620032787323
184,1.5625e-06,0.5089746219832288,0.5002519054804713,0.45976332783760077,0.5121117296947678,0.5074778703225923,1.0246161655530035,1.0968722459968394,1.031406571757653,1.0154172767752936,0.7764599277493408,0.9491744525177443,-0.007504793178040727,1.0050257196868315,0.4657189335141863,0.44607679333005634,0.3436415706362043,0.48348149231501986,0.45202578391347614,0.9252606630325317,0.7014104298182896,0.9562034266335624,0.9017797197614398,0.7697160414287022,0.9510831236839294,-0.006270209859524455,0.9616241369928632
185,1.5625e-06,0.5094315533417039,0.5019285947130206,0.4661814178556158,0.5130044681044401,0.5073002351441264,1.0243062234754996,1.099236092778639,1.0316937056127353,1.0144209142410017,0.7762114575320613,0.9491660633394795,-0.007134436321954104,1.0052655559592045,0.4657159745693207,0.4460747880595071,0.34364311184201923,0.4834789846624647,0.4520221608025687,0.9252569249698094,0.7014147128377642,0.9561990414346967,0.9017759902136666,0.7697306871414185,0.9510831236839294,-0.006269826354192836,0.9616173931530544
186,1.5625e-06,0.5098982448157932,0.5019173761910801,0.46308584632595196,0.5144655788121807,0.5068913699722388,1.0244135531290213,1.0923008556800564,1.0318182206312572,1.0147459323871337,0.7766999920331327,0.949182849325892,-0.0072721602338906505,1.0061616940310352,0.46571270908628193,0.4460709648472922,0.34363717266491484,0.4834760384900229,0.45201834610530306,0.9252540724618095,0.7014159049306598,0.9561962229864938,0.9017729078020368,0.7697453328541347,0.9510831236839294,-0.0062687889273677555,0.9616150515420097
187,1.5625e-06,0.5089524587911028,0.4987235060119043,0.45137273438210007,0.5125084764458129,0.5073157128955668,1.0242238115238886,1.0862125498907906,1.032015998212118,1.014365677063244,0.7766261192022442,0.9492516778581154,-0.007382645173960628,1.0045741501674856,0.46570922647203716,0.4460687892777579,0.343640467950276,0.4834725558757782,0.45201469319207327,0.9252498320170811,0.7014184168406895,0.9561909692628043,0.9017696891512189,0.7697599700519017,0.9510831236839294,-0.006268557693277087,0.9616054551942008
188,1.5625e-06,0.5090892654898468,0.500978111640893,0.46238233499263287,0.5129050585592458,0.5068303418660005,1.0245306610267588,1.0915016850873378,1.0314467893279153,1.0153820611120674,0.7763591904671938,0.949221463461015,-0.007220006343768886,1.004643966525381,0.4657060631683895,0.44606553656714304,0.3436363637447357,0.4834695713860648,0.4520115256309509,0.9252471923828125,0.7014211245945522,0.9561876399176461,0.9017668281282697,0.7697746072496686,0.9510831236839294,-0.006267673868153777,0.9616043227059501
189,1.5625e-06,0.5097254157615697,0.5014328799123222,0.46283434741141793,0.5128092509901835,0.5082045904471821,1.0245839845383404,1.0916140589784855,1.0313364884148972,1.0155968920304357,0.7767218109344252,0.949229852761358,-0.007303780119311059,1.005669899464142,0.46570261887141634,0.4460632801055908,0.3436394844736372,0.48346620372363497,0.4520075959818704,0.9252426964896066,0.7014257567269462,0.9561829141208104,0.9017624088696071,0.7697746072496686,0.9510831236839294,-0.0062680719420313835,0.9615948115076337
190,1.5625e-06,0.5092968030947633,0.49936378466063625,0.45340230400233894,0.5127313639405929,0.5077254366123914,1.0245267481176412,1.089078899169664,1.0315685128774998,1.015332824165737,0.776349118441969,0.9492029925828339,-0.0072163187794261445,1.0051944345861474,0.4656993661608015,0.4460593121392386,0.34363230637141634,0.4834633043834141,0.45200396861348835,0.9252398695264544,0.7014265145574298,0.9561795507158551,0.9017599735941205,0.7697746072496686,0.9510831236839294,-0.006266224530658552,0.96159314257758
191,1.5625e-06,0.5080869040975068,0.49853715631696915,0.45365345899227394,0.5120499429492784,0.5059382713762723,1.0234713970668732,1.0834277780985013,1.0307980307663518,1.0141463334659278,0.7764414570847964,0.9493356158778536,-0.007370209363344017,1.0038661167552028,0.46569651791027616,0.4460561190332685,0.34362683977399555,0.48346102237701416,0.45200077976499287,0.9252378003937858,0.7014319556100028,0.9561777114868164,0.9017586026872907,0.7697746072496686,0.9510831236839294,-0.00626433507672378,0.9615913118634906
192,1.5625e-06,0.5086637633431587,0.49892348398993824,0.45326957782597893,0.5125867486366296,0.5065872788246143,1.0242841034990302,1.0914407076130022,1.0316588812099012,1.0146706172642315,0.7766529843859714,0.9491005840206292,-0.007205739276864196,1.005269918695695,0.46569371223449707,0.44605270453861784,0.3436200874192374,0.4834588851247515,0.4519974802221571,0.9252360548291888,0.7014354382242475,0.9561751995767865,0.9017566697938102,0.7697746072496686,0.9510831236839294,-0.0062634335564715525,0.9615901027406965
193,1.5625e-06,0.5087936322504718,0.49868089470323756,0.45197771278272453,0.5122048048807057,0.5072764563853474,1.0247842154012115,1.0922471556184967,1.031850456031725,1.0154692051475376,0.7762399959490962,0.9489780311638187,-0.007155434017346698,1.0048797397935811,0.46569002100399565,0.44604906865528654,0.3436161960874285,0.48345535567828585,0.45199377621923176,0.9252326147896903,0.7014382566724505,0.956170746258327,0.9017536044120789,0.7697746072496686,0.9510831236839294,-0.006262332533619234,0.9615832056318011
194,1.5625e-06,0.5085834744369685,0.4996910478082365,0.45807753409475044,0.5121019304225949,0.5067485419683315,1.0235498681534758,1.0869539261047374,1.0314079968976901,1.013578043524815,0.7769551733122443,0.949300359928846,-0.007293329129786661,1.0040155520087564,0.4656865554196494,0.44604411721229553,0.3436046370438167,0.48345233287130085,0.4519900253840855,0.9252305030822754,0.701438171522958,0.9561693327767509,0.9017514671598162,0.7697746072496686,0.9510831236839294,-0.0062606727172221455,0.9615856579371861
195,1.5625e-06,0.5084672946534399,0.5008776539023937,0.4646173265428343,0.5121763510943314,0.5062199964226666,1.0239989322329324,1.0910390093884466,1.031319636048504,1.0144435443209185,0.7766345163766263,0.9492432759226864,-0.007515413251849005,1.0043589648868387,0.465683319738933,0.4460415669849941,0.3436041644641331,0.4834495186805725,0.4519865299974169,0.9252273951257978,0.701442905834743,0.9561655606542315,0.9017490659441266,0.7697892444474357,0.9510831236839294,-0.00626026067350592,0.961579714502607
196,1.5625e-06,0.5086400426477881,0.5005624205469169,0.46201341504996946,0.5125471055049867,0.5062872730367195,1.0235206198216218,1.0938604489632648,1.030651220955485,1.014045099844642,0.7764263463459806,0.9491442283543939,-0.007145229072528913,1.0051924764224949,0.4656805268355778,0.4460363047463553,0.3435880286352975,0.48344709617750986,0.45198374560901095,0.9252266117504665,0.7014436296054295,0.9561658161027091,0.9017474225589207,0.7697892444474357,0.9510831236839294,-0.006259211339056492,0.9615836143493652
197,1.5625e-06,0.508805088366964,0.5011930029268944,0.46465188240431177,0.5126901285134398,0.5063918300060755,1.0238710856718463,1.0864825925336272,1.0305695586246035,1.0150857561683264,0.7763944518181586,0.9491492663049966,-0.007295319012710057,1.004367663838347,0.46567768284252714,0.4460298418998718,0.3435655151094709,0.4834449716976711,0.45198086755616323,0.9252269182886396,0.7014418159212384,0.9561660800661359,0.9017475162233625,0.7697745987347194,0.9510831236839294,-0.006256756505795887,0.9615950243813651
198,1.5625e-06,0.5089494179775943,0.5019226117709082,0.4680615173079573,0.5126589251919642,0.5066028125336154,1.023990914507884,1.0942007908745417,1.0314954842168493,1.0141462388553806,0.7765438653112862,0.9491492699673404,-0.007225503240169789,1.00533939186146,0.4656745067664555,0.44602406876427786,0.3435489407607487,0.4834420680999756,0.4519774445465633,0.9252258709498814,0.7014411773000445,0.9561652541160583,0.9017462645258222,0.7697745987347194,0.9510831236839294,-0.006254252312438828,0.9616010529654366
199,1.5625e-06,0.5079771040252582,0.49969291564933593,0.4605998172860114,0.5115644129739928,0.5059691355494554,1.0236509142322414,1.0926046410830157,1.0312566998306447,1.0137469437997646,0.7766748125041624,0.9491492626426529,-0.006991967473024597,1.0042526699369891,0.4656716670308794,0.4460188703877585,0.34353301354816984,0.483439849955695,0.4519744302545275,0.9252256751060486,0.7014409559113639,0.9561653903552464,0.9017458387783596,0.7697599615369525,0.9510831236839294,-0.006251942233315536,0.9616081970078605
200,1.5625e-06,0.5087633795360998,0.49945321482264315,0.45623104290295674,0.5121180979154443,0.5071598043731098,1.024342905449611,1.0948285776959648,1.0313410068925564,1.0149953429722138,0.7763894211922434,0.9492348882093591,-0.007130924097028181,1.004158935971707,0.46566844412258696,0.446012692792075,0.3435132588659014,0.48343728695596966,0.45197135635784697,0.9252252152987889,0.7014382481575012,0.9561655180794852,0.9017450128282819,0.7697745987347194,0.9510831236839294,-0.006249256032918181,0.9616168907710484
201,1e-06,0.508903412683402,0.5008699983068448,0.4629109836332748,0.5124291469973903,0.5069107368733415,1.0235852623254411,1.0929000073070105,1.0306571894160796,1.0142029521407925,0.7770273584130478,0.9491156971399686,-0.007212075608922192,1.0047976583074558,0.46566649419920786,0.44600947414125713,0.34350440757615225,0.4834354988166264,0.45196943623679026,0.9252244234085083,0.7014379756791251,0.956164266381945,0.9017440932137626,0.7697892444474357,0.9510831236839294,-0.006247864237853459,0.9616199561527797
202,1e-06,0.5084501155144242,0.4999354950629682,0.45954159218045426,0.5123400808113145,0.5061904239123501,1.023702637024922,1.0862045728482774,1.030927919663958,1.0143939471220396,0.7764313807257981,0.9490720530808796,-0.007547067941337656,1.0045267927359753,0.46566453150340487,0.4460072474820273,0.34350018416132244,0.4834340810775757,0.4519671755177634,0.925223001411983,0.7014403002602714,0.9561626400266375,0.9017428074564252,0.7697746072496686,0.9510831236839294,-0.006246140293244805,0.9616195048604693
203,1e-06,0.5083805474634361,0.49957790384827305,0.4575300602594279,0.512675364629098,0.5057806757799003,1.023797327777513,1.0934999493287882,1.0310750882929554,1.014196090922866,0.7769417361729706,0.9491324901153537,-0.0072267275943558645,1.0043847803207648,0.4656625134604318,0.44600536142076763,0.3434986174106598,0.4834322971957071,0.4519649658884321,0.9252211110932487,0.7014437999044146,0.9561608007975987,0.9017410108021328,0.7697746072496686,0.9510831236839294,-0.006245655007660389,0.9616170951298305
204,1e-06,0.5087679321193354,0.500606144506139,0.4617473847183642,0.5126285957972697,0.5064745649153675,1.0242896885732717,1.0942634938011033,1.031362123142678,1.0148848831134762,0.7766714529141486,0.9493725480510831,-0.007118278726672156,1.0042474960829133,0.4656604400702885,0.44600355199405123,0.3434979830469404,0.4834301088537489,0.45196299042020527,0.9252191696848188,0.7014474613325936,0.9561581356184823,0.9017387458256313,0.7697746072496686,0.9510831236839294,-0.006246052283261504,0.9616121649742126
205,1e-06,0.5098312072917491,0.5009452274257076,0.4600421742665359,0.5127007303882487,0.5086213975030828,1.0243369882923483,1.0929415442060948,1.031081066336683,1.0153061495459634,0.7761594188927505,0.94913583716184,-0.007280205765093404,1.0063267985308286,0.4656590053013393,0.44600241099085125,0.3434972550187792,0.48342923181397573,0.4519610788140978,0.9252178839274815,0.701450765132904,0.9561571819441659,0.9017372982842582,0.7697746072496686,0.9510684779712132,-0.006245706296925034,0.9616081714630127
206,1e-06,0.5084883465073503,0.498723490141748,0.45364755392074585,0.5117628627475322,0.5070418220755386,1.0238748857197368,1.0925173689265526,1.0305313241219314,1.0149303762594126,0.7769215850725091,0.9492097007758301,-0.007286729732660898,1.0040820384111029,0.46565716181482586,0.4460005462169647,0.34349563292094637,0.48342736278261456,0.45195905225617544,0.9252161724226815,0.7014533707073757,0.9561550191470555,0.901736319065094,0.7697599615369525,0.9510684779712132,-0.006244913940983159,0.9616065195628575
207,1e-06,0.508032763913785,0.4979952580948335,0.4504320179720262,0.5125657355883032,0.5054199278385164,1.0245065315222655,1.0892470467719308,1.0324612002585158,1.0143936827923783,0.7761124100553275,0.9491946007798894,-0.00716173841965638,1.0043471987834662,0.46565534813063486,0.4459977277687618,0.34348816531045095,0.4834259365286146,0.4519570469856262,0.9252153549875531,0.7014538475445339,0.9561541761670794,0.9017349566732135,0.7697599615369525,0.9510684779712132,-0.00624376575329474,0.9616086908749172
208,1e-06,0.5085382332755429,0.5001675594908973,0.46075420817899143,0.5120797380995763,0.5065894895068694,1.0243017176634461,1.0898779894960153,1.0315740969751166,1.0148432140037822,0.7767218124909213,0.9493137910557721,-0.007278271780479976,1.0040462438228859,0.46565352593149456,0.44599581190517973,0.34348600251334055,0.48342419947896687,0.4519550119127546,0.9252140011106219,0.7014559762818473,0.9561528308050973,0.9017340455736432,0.7697892359324864,0.9510684779712132,-0.006242996214755944,0.96160717521395
209,1e-06,0.5082668763243474,0.49900267460501263,0.45561303168581013,0.5119669705980323,0.5063218960564257,1.0237866994117506,1.0938748925146053,1.0313230065339904,1.0139140571866716,0.7768393313646683,0.9493473630285971,-0.007315446576413532,1.003856225253006,0.46565161858286175,0.44599449634552,0.3434870285647256,0.483422543321337,0.45195274693625315,0.9252119404929025,0.7014588032449994,0.9561504210744586,0.9017320105007717,0.7697892359324864,0.9510684779712132,-0.0062431456920291695,0.9616017767361232
210,1e-06,0.5085309797290406,0.4987215377768064,0.45364516341741185,0.5116251508394877,0.5072663996504077,1.0242117244771243,1.0886191788906325,1.031129397676959,1.0151471632050661,0.7764498512987839,0.9491895563896656,-0.007077741814816358,1.0044016122085524,0.46564980915614534,0.44599248681749615,0.34348352892058237,0.4834210106304714,0.4519508481025696,0.9252103992870876,0.7014601315770831,0.9561484200613839,0.9017307843480792,0.7697892359324864,0.9510684779712132,-0.006242886119123016,0.9615998864173889
211,1e-06,0.5084478755181592,0.49962931395309496,0.4581672318367487,0.5121217315098108,0.5064499881471418,1.0243928989446047,1.0880188928526973,1.0317096858835195,1.0149551931553111,0.7763659157206081,0.9491643822321327,-0.007165670564423921,1.0041535003516104,0.465647782598223,0.4459895747048514,0.34347626992634367,0.4834194779396057,0.4519485660961696,0.9252094200679234,0.7014599187033517,0.9561472875731332,0.9017295667103359,0.7698038816452026,0.9510684779712132,-0.006241554128272193,0.9616008826664516
212,1e-06,0.5082898746071507,0.5000909532697397,0.46102381869578324,0.5121980998617408,0.5059570981427088,1.0240232437253913,1.0915103694810295,1.0317023274108683,1.0140944404963401,0.7768913735137252,0.9493121161133707,-0.00708460826296798,1.0040547297175457,0.4656459263392857,0.4459858536720276,0.3434646214757647,0.48341780475207735,0.45194668003490995,0.9252093178885323,0.7014591693878174,0.9561476196561541,0.901729336806706,0.7698038816452026,0.9510684779712132,-0.006239678976791245,0.9616063662937709
213,1e-06,0.509184569974954,0.5003861041937007,0.45876693557728515,0.5130889157393134,0.5069608138545134,1.0244889262390333,1.0961748451314948,1.031546659885891,1.0150417019267357,0.7768258961481249,0.9493322630021368,-0.007397832395198921,1.0051055675705336,0.4656440700803484,0.44598316720553804,0.343458354473114,0.48341610601970125,0.45194480248859953,0.9252082450049264,0.7014592119625637,0.9561465127127511,0.9017280765942165,0.7698038816452026,0.9510684779712132,-0.0062388355976768905,0.9616069538252694
214,1e-06,0.5083375082251602,0.5002161585179831,0.4614790941713043,0.5122463383005633,0.5059905259565274,1.0240492355622088,1.092498259060943,1.0314906445821614,1.014326010828316,0.7763356927475195,0.9493759142333156,-0.007120866488228531,1.0044022768934262,0.46564226916858126,0.445980429649353,0.34345155528613497,0.4834146669932774,0.45194255454199656,0.9252075297491891,0.7014599783079964,0.9561463849885123,0.9017271740095956,0.7698038816452026,0.9510684779712132,-0.006238054683698075,0.9616082736424038
215,1e-06,0.5084378113822331,0.49915936416805673,0.4553410914148115,0.5124874427510235,0.5061580643736883,1.023985142226837,1.0925308714386628,1.0318092953774236,1.0138762019196963,0.7763709471400311,0.9492516747756427,-0.007371074274941493,1.0042377671887797,0.46564061301095144,0.44597757714135305,0.3434428061757769,0.4834134578704834,0.45194092818668913,0.9252069847924369,0.7014602167265755,0.9561459336962018,0.9017262203352792,0.7698038816452026,0.9510538407734462,-0.006236841835613761,0.9616115093231201
216,1e-06,0.5084261581553475,0.5004480345946242,0.4623913878944063,0.5122684414149917,0.5061184014348695,1.0238492232191825,1.0907041374622586,1.0315108903847288,1.0139593515589003,0.7767772148403826,0.9491324784874122,-0.007306854051220218,1.004220424007283,0.4656388631888798,0.4459748608725412,0.34343581965991427,0.4834120273590088,0.45193892291613985,0.9252062014171055,0.7014610682215009,0.9561451758657183,0.9017256328037807,0.7698038816452026,0.9510538407734462,-0.006235053164086172,0.9616133059774127
217,1e-06,0.5081242438743374,0.49920144434531893,0.4570790904870231,0.5120029008150467,0.5059472376178364,1.0245010490546884,1.096197075832824,1.031582829131875,1.015029317741814,0.7765925482365637,0.9492852546225068,-0.007202100795557788,1.0036610472037495,0.465637023959841,0.44597251074654715,0.3434302125658308,0.4834108352661133,0.45193674308913095,0.9252049667494637,0.701461672782898,0.956143455845969,0.9017243129866463,0.7698038816452026,0.9510538407734462,-0.006233681259410722,0.9616149493626186
218,1e-06,0.5087711936195752,0.5002476019671314,0.4600002778931514,0.512485576420641,0.5066825115735629,1.02364130762987,1.0921950648823457,1.0308231816069626,1.0141742349403429,0.7765472177902492,0.9494531282509405,-0.007160090208668748,1.0048557516555572,0.4656353252274649,0.4459694879395621,0.34342155286243986,0.4834093025752476,0.4519350230693817,0.9252043110983712,0.7014608808926174,0.9561426384108407,0.9017236999103001,0.7697745987347194,0.9510538407734462,-0.006232057964163167,0.9616193175315857
219,1e-06,0.5089486853257241,0.5007403950415327,0.46167050662922116,0.5128215602649155,0.5066516881286945,1.0238777041374203,1.0911564042613375,1.030728458015356,1.0147842022924622,0.7767738588821931,0.9491945939740338,-0.00739410360874508,1.00498550596203,0.4656337925365993,0.4459673592022487,0.3434157116072519,0.48340847662517,0.4519332391875131,0.9252033063343593,0.701461945261274,0.9561414974076408,0.9017223715782166,0.7697745987347194,0.9510538407734462,-0.006230902725032398,0.9616203393254962
220,1e-06,0.5083885590693186,0.5003513102646187,0.46187655713945186,0.5123885819317436,0.5059390011593066,1.0240088309682582,1.0926976722445294,1.0312514527907326,1.014476441110151,0.776817515515329,0.9491643812860273,-0.007363929560611142,1.0042359723046201,0.46563179578099934,0.44596526452473234,0.3434132124696459,0.4834066927433014,0.45193082094192505,0.9252013564109802,0.701463554586683,0.9561398710523333,0.9017204812594822,0.7697892359324864,0.9510538407734462,-0.006230423027383429,0.9616171717643738
221,1e-06,0.5084501217556684,0.4994745429088321,0.4573780936014939,0.5120904607249112,0.506512275916518,1.0239518186219583,1.095949344111905,1.0308729037222835,1.014630920051979,0.7765690448402565,0.9494363447671296,-0.007423879178617621,1.0040955783706778,0.4656298671449934,0.4459601640701294,0.34339490958622526,0.4834049642086029,0.4519289561680385,0.9252023100852966,0.7014604721750531,0.9561412504741124,0.901721009186336,0.7697745987347194,0.9510538407734462,-0.0062278528431696555,0.9616277643612453
222,1e-06,0.5085687203493963,0.5001347553284425,0.45974058485067754,0.5127856657252333,0.505979328401505,1.0242473555416922,1.0883555186142753,1.0314892077226243,1.0148683719859632,0.7763172190310219,0.9492348927262497,-0.006947632077881085,1.0050012455863093,0.4656280151435307,0.44595554896763395,0.3433771899768284,0.48340397647448946,0.4519270105021341,0.9252029657363892,0.7014576537268502,0.9561425873211452,0.9017217329570225,0.7697453413690839,0.9510538407734462,-0.006225530989468098,0.9616378375462123
223,1e-06,0.5088180817827712,0.4997551725634659,0.45703133411182845,0.5127008104714991,0.5066616742719581,1.0243283273376567,1.092468771394924,1.0316965637363291,1.0146886615098836,0.7764632820899952,0.9491526266885182,-0.007298649298728153,1.00450767087619,0.46562619720186504,0.44595291359083994,0.34337161268506733,0.4834021542753492,0.45192502651895794,0.9252019609723773,0.7014588713645935,0.9561415570122855,0.901720472744533,0.7697453413690839,0.9510538407734462,-0.006224748811551503,0.9616383910179138
224,1e-06,0.5083188438378904,0.4978920590615065,0.45020379888297224,0.5113940473342637,0.5071808982066356,1.0240736705366917,1.0886471003553406,1.0309298254560948,1.0150650609046206,0.7767150946537531,0.9492818906376805,-0.007005489845779241,1.0045252447548245,0.46562440054757254,0.445950129202434,0.3433632893221719,0.48340083020074026,0.4519234725407192,0.9252014245305743,0.7014587266104562,0.9561409439359393,0.9017200299671718,0.7697453413690839,0.9510538407734462,-0.006223538291773626,0.9616407241140094
225,1e-06,0.5089910402703273,0.501105425620897,0.4635124583611779,0.5127676024353938,0.5067303947192611,1.0241669297706635,1.09058689677404,1.0312939819713403,1.014825843568344,0.776753706255755,0.9491744512054044,-0.007505753040609378,1.004276962873573,0.4656226336956024,0.445946855204446,0.3433533012866974,0.4833994337490627,0.4519215524196625,0.9252012201717922,0.7014587947300502,0.9561412760189602,0.9017199107578823,0.7697453413690839,0.9510538407734462,-0.006222061214170286,0.9616448283195496
226,1e-06,0.5082604899140303,0.49923903903653544,0.4576531612317622,0.5112301622728659,0.5069777599311278,1.0238893140723506,1.0909658766867134,1.0312465252292748,1.0142961915675885,0.7764851080412994,0.9492416025367811,-0.007320554544066718,1.0040419725534309,0.4656206284250532,0.4459444454738072,0.3433484307357243,0.48339790957314627,0.45191932576043264,0.9251997726304191,0.7014603614807129,0.9561396666935512,0.9017182503427777,0.7697453413690839,0.9510538407734462,-0.0062216151771800855,0.9616444025720868
227,1e-06,0.5103231663589165,0.5007913236244483,0.45502080263630035,0.5152012755549754,0.5072884050260369,1.0244899789187094,1.0886301733686932,1.032287928365892,1.0145538386111985,0.7762383262255347,0.9490300632719498,-0.007417006272425864,1.006451718268856,0.46561887860298157,0.44594172494752066,0.34334192105701994,0.48339630024773733,0.4519172821726118,0.9251989551952907,0.7014610937663487,0.956138585294996,0.901716913495745,0.7697306956563678,0.9510538407734462,-0.006220803662602391,0.9616452710969108
228,1e-06,0.508745082329312,0.4990180006896418,0.4541849855789452,0.5119419257059746,0.5073667658150531,1.0235742528012515,1.0883256210709498,1.0301897343890947,1.0148004037993295,0.7769031232891483,0.9492080344704561,-0.007648524422440783,1.0048973532255283,0.4656170223440443,0.4459393961088998,0.34333766783986774,0.483394375869206,0.4519155536379133,0.9251977801322937,0.7014618175370353,0.9561373676572528,0.9017156873430524,0.7697453413690839,0.9510538407734462,-0.006219981038676841,0.9616447346551078
229,1e-06,0.5090748558762253,0.4997290512780562,0.4560082664992708,0.5127591142517691,0.5071594230926043,1.0243823415062334,1.087297578439063,1.0317024204649194,1.014965046355496,0.7761090502211575,0.9491509498233863,-0.007407028756890765,1.005213280244174,0.46561539598873686,0.4459360156740461,0.34332583631787983,0.4833933711051941,0.45191381658826557,0.9251976013183594,0.7014603785106114,0.9561378359794617,0.9017151764460972,0.7697306956563678,0.9510538407734462,-0.006218684637652976,0.9616496648107257
230,1e-06,0.5093157305451338,0.501082509252516,0.46167104932752806,0.5134121593120339,0.506807375643965,1.0242291648022894,1.0944161364437675,1.0317735248996365,1.014345180054414,0.7766412332676889,0.9492097116407833,-0.007751574466807059,1.0052116799220268,0.4656140761716025,0.4459330567291805,0.343315703528268,0.48339242594582693,0.45191229241234915,0.9251975161688668,0.7014600804873875,0.9561377508299691,0.9017147762434823,0.7697306956563678,0.9510538407734462,-0.006217416309352432,0.9616546886307853
231,1e-06,0.5092688738628345,0.5014423970619472,0.46442118905107,0.5127417682472156,0.5072909039042268,1.0240530458036228,1.0953316799628692,1.0311218998521277,1.0146080800892447,0.7766815244205414,0.9491811739867367,-0.007188576619349195,1.0052770199192163,0.4656125945704324,0.4459299785750253,0.34330494914736065,0.483391672372818,0.4519105340753283,0.9251976779529026,0.7014591353280204,0.9561386108398438,0.9017143675259182,0.7697306956563678,0.9510538407734462,-0.006216462368943861,0.961659278188433
232,1e-06,0.5074100209027147,0.49561378817587587,0.44140103793547086,0.5111371797747448,0.5058832525199826,1.02418407954989,1.083171242972978,1.0317205026768685,1.0146812940950096,0.776552251101883,0.9493490523456978,-0.007169716157919464,1.0034328840417368,0.4656108149460384,0.44592657685279846,0.34329496536936077,0.4833899438381195,0.45190865652901785,0.9251974650791713,0.7014591864177159,0.9561386448996407,0.9017140439578465,0.7697306956563678,0.9510538407734462,-0.0062151251227727956,0.9616633483341762
233,1e-06,0.5089151794582041,0.5007695706148241,0.4629647926800811,0.511839968146145,0.5075220751017714,1.0242910803249416,1.0928023532910403,1.0315373369930831,1.0147609288303046,0.7765757635319716,0.9492298481223892,-0.007235682261864528,1.0045551353396969,0.46560895442962646,0.44592260462897165,0.34328105619975496,0.4833886538233076,0.4519068513597761,0.9251976268632072,0.7014571343149457,0.9561395474842617,0.9017139332635062,0.7697306956563678,0.9510538407734462,-0.006213028383042131,0.9616708925792149
234,1e-06,0.5088032224791147,0.499405779749445,0.4556190375938699,0.5123409832433378,0.5070382349471587,1.0242139607347467,1.0914006818579944,1.0317495515635853,1.014438756050602,0.7764162685525643,0.9491660659336397,-0.0072781168577951295,1.0048750416474408,0.46560708965573994,0.445919007062912,0.3432697355747223,0.4833871935095106,0.4519048844064985,0.9251971670559475,0.7014560529163906,0.9561393346105304,0.9017130221639361,0.7697306956563678,0.9510538407734462,-0.006211099281374898,0.9616759419441223
235,1e-06,0.5084589002258156,0.4977322804335747,0.4476179015435015,0.5126247445986446,0.5063210578680161,1.0239045597990537,1.0855072878350738,1.031567860125763,1.0141879663184186,0.7767671453482788,0.9492583949322952,-0.0070962642829272,1.0040406227966363,0.4656049736908504,0.44591607792036875,0.3432629832199642,0.4833852861608778,0.45190273012433735,0.9251958642687116,0.7014547756740025,0.9561380062784467,0.901712145124163,0.7697306956563678,0.9510538407734462,-0.006210143145705972,0.9616769637380328
236,1e-06,0.5092279819024873,0.4995970709685234,0.45528468060847493,0.5123195196046502,0.5079345836495353,1.0245999790007068,1.0978825086822157,1.0316727749213646,1.0150845426507198,0.7765908696318186,0.9492735004217516,-0.007207919288420915,1.0050751540640104,0.46560284069606234,0.44591584375926424,0.34327118737357004,0.48338283811296734,0.4519006013870239,0.9251921091760907,0.701459527015686,0.956133348601205,0.9017082112176078,0.7697306956563678,0.9510538407734462,-0.006211234522717339,0.9616650938987732
237,1e-06,0.5086228289759226,0.5000126980477825,0.4596668483810552,0.5120803145677446,0.5067972156004117,1.0240250452933284,1.0915643577080048,1.031384883663072,1.014413749414777,0.7767234880131938,0.9492416061991249,-0.007289222264695766,1.004532941139727,0.46560072898864746,0.44591279540743145,0.34326440947396414,0.48338096908160616,0.45189804264477323,0.9251907042094639,0.7014591182981219,0.9561315774917603,0.9017071638788495,0.7697306956563678,0.9510538407734462,-0.006210112145968846,0.9616658091545105
238,1e-06,0.5090880202929667,0.49881159477946824,0.4510039192892867,0.5128857772654286,0.5072263679135719,1.0242625406260863,1.0912129998023976,1.0317179007647408,1.0145754856875293,0.7763743077371893,0.9490552607464046,-0.0072971655495075675,1.005326222470035,0.4655985449041639,0.4459099897316524,0.34325863633837017,0.48337894678115845,0.4518959139074598,0.9251890097345624,0.7014600038528442,0.9561298148972648,0.9017055800982884,0.7697306956563678,0.9510538407734462,-0.006209452037832567,0.9616654515266418
239,1e-06,0.5089036122353578,0.4986711535707719,0.4519016634667158,0.5118931259671908,0.5078141827096221,1.0246209592863162,1.0904181279161924,1.0319333601718186,1.0151153479059476,0.777015600214234,0.9493137959083776,-0.0074880196223168025,1.0050199909876751,0.4655965140887669,0.4459072692053659,0.34325203725269865,0.48337737577302115,0.4518939426967076,0.9251878687313625,0.7014617834772382,0.956128580229623,0.9017048052379063,0.7697453328541347,0.9510538407734462,-0.00620878062077931,0.9616654855864388
240,1e-06,0.5087532496305838,0.5015742492810067,0.46692319808711896,0.5125966245128263,0.5063042591854785,1.0236468263241307,1.0938320271613595,1.0306739199790231,1.0142802034838043,0.7766059838803805,0.9491895601740875,-0.007289185859901946,1.0044691666418994,0.4655944917883192,0.4459042762007032,0.34324516143117634,0.483375472681863,0.4518917373248509,0.9251868043627057,0.7014622262545994,0.9561273455619812,0.9017036131450108,0.7697453328541347,0.9510538407734462,-0.00620792673102447,0.9616667032241821
241,1e-06,0.508556129745624,0.5004566184874992,0.4627088397146187,0.5116132805119157,0.5070273321345106,1.0238759032714324,1.0903480110935109,1.030550083531762,1.0149860690327346,0.7764229897774004,0.9491307997300694,-0.007321311832351741,1.0044419230159831,0.4655926653317043,0.44590143646512714,0.3432371360915048,0.4833740847451346,0.45188982997621807,0.9251859954425267,0.7014621070453099,0.9561265792165484,0.9017022252082825,0.7697453328541347,0.9510538407734462,-0.006206800628985677,0.9616692577089582
242,1e-06,0.5095501879789984,0.5010514591696076,0.46128313822497236,0.5129099925450649,0.5077994422490207,1.024100001292905,1.0878044683629284,1.0315848407047075,1.0144913639707316,0.7762181828770343,0.9492180970651458,-0.007072841240492727,1.0053706450213302,0.46559074946812223,0.4458993375301361,0.3432343602180481,0.4833722071988242,0.451887845993042,0.9251841306686401,0.7014641506331307,0.9561250550406319,0.9017007350921631,0.7697599700519017,0.9510538407734462,-0.006206428366047996,0.9616673077855792
243,1e-06,0.50850891126954,0.49865253281117217,0.45254913627094207,0.5123888384484049,0.5064942483955692,1.0243564986352487,1.0928387198763143,1.0320704779866654,1.0143599115880526,0.7766832032999623,0.9491509413389566,-0.007261092549011577,1.004381600795986,0.4655889442988804,0.44589682136263165,0.34322766746793476,0.4833709682737078,0.45188596844673157,0.9251830237252372,0.7014648829187665,0.9561238799776349,0.901699423789978,0.7697599700519017,0.9510684779712132,-0.006205177333738122,0.9616682955196926
244,1e-06,0.5083179120155584,0.4986362252947128,0.4534464800168598,0.5120374935898974,0.5064272795252109,1.0241079387210665,1.090619231759739,1.0310467260651752,1.0149519813713879,0.7763340130135516,0.9491240850669326,-0.0069843075193819545,1.00469479720164,0.46558683259146555,0.44589364528656006,0.34322026797703337,0.4833689544882093,0.4518837205001286,0.9251817890575954,0.7014648233141217,0.9561225686754499,0.9016981380326408,0.7697599700519017,0.9510684779712132,-0.006204197183251381,0.9616697260311672
245,1e-06,0.5089577279271557,0.5002397742566852,0.45827178340414765,0.513519477078198,0.506085553629485,1.0242473237098209,1.0902335149809694,1.0321078848912053,1.0141870920864424,0.7762433587131412,0.9491425607671996,-0.007175048714840076,1.0049667216787812,0.46558492950030733,0.44589149951934814,0.34321681942258564,0.4833673621926989,0.45188147681100027,0.9251801712172372,0.7014672671045575,0.9561205591474261,0.901696400982993,0.7697599700519017,0.9510684779712132,-0.006203544126557452,0.9616686701774597
246,1e-06,0.508214583609938,0.4982447262855291,0.45129664021763993,0.5124373154126249,0.5058890983225808,1.0243809651364073,1.0901200780792841,1.0319857290019394,1.0145848721525208,0.776386056627546,0.9490065736094317,-0.006999836203866794,1.0046995039542883,0.46558304343904766,0.4458882212638855,0.3432068484170096,0.48336598702839445,0.4518795311450958,0.9251798221043178,0.7014667987823486,0.9561205421175275,0.9016958560262408,0.7697746157646179,0.9510684779712132,-0.006202082548822675,0.9616731831005642
247,1e-06,0.5086435799835526,0.500095249137937,0.46008915972599784,0.5120285683208041,0.5068770806818697,1.024356756708406,1.0888298708417143,1.0316220662011528,1.014942365094325,0.776258466064289,0.9492181063736028,-0.0071925665497497545,1.0041196707939406,0.46558086361203876,0.4458850111280169,0.3431992956570217,0.48336400730269297,0.4518770958696093,0.9251784682273865,0.7014666199684143,0.9561186603137425,0.9016947405678886,0.7697599700519017,0.9510684779712132,-0.006201190873980522,0.9616748690605164
248,1e-06,0.5085534421499118,0.49921204521298346,0.455781696060042,0.5119796275970451,0.5068862772238175,1.0244745032273375,1.0893526062621133,1.0314599332965708,1.015326684093817,0.7766311538567374,0.949223134069643,-0.007315457686476688,1.0048748386925572,0.4655787306172507,0.4458831931863512,0.3431986910956247,0.48336197648729595,0.451874920300075,0.9251762884003776,0.7014693702970233,0.9561166678156171,0.9016925437109811,0.7697599700519017,0.9510684779712132,-0.006200440161462341,0.9616707989147731
249,1e-06,0.5092674647150318,0.5014209349034568,0.46380508950106986,0.5132239014749581,0.5068265145031293,1.0243363691426153,1.0902621579731786,1.032221991131993,1.0142531974219202,0.7765421866455019,0.9491643754873164,-0.007451020081930961,1.0052129424540006,0.46557654227529255,0.4458804173128946,0.34319301162447247,0.48335996695927214,0.4518727404730661,0.9251747982842582,0.7014695916857038,0.9561150584902082,0.901691164289202,0.7697599700519017,0.9510684779712132,-0.006198812342647996,0.9616709351539612
250,1e-06,0.509228951645337,0.49860258836106525,0.4492206568526904,0.5131050798444948,0.5073530232057899,1.0242978814499109,1.0900174108640512,1.0314209926329816,1.0149841113573945,0.7762551054671307,0.9492986772039641,-0.007172183203284428,1.0051480099230745,0.46557473284857614,0.44587601934160503,0.343177501644407,0.483358553477696,0.4518707607473646,0.9251752580915179,0.7014667647225517,0.9561162676130023,0.9016914537974766,0.7697599700519017,0.9510684779712132,-0.0061964248307049274,0.9616803271429879
251,1e-06,0.5088633416984488,0.49951132517012337,0.4562638325228547,0.512072592393838,0.5074075221771225,1.0243389653781103,1.0883196100966477,1.031105739210913,1.0154396692606589,0.7765707199352555,0.9492382443506658,-0.007148612029297317,1.004662690624114,0.4655731362955911,0.4458724430629185,0.34316469516072956,0.48335746782166616,0.4518692067691258,0.9251756497791835,0.7014650191579547,0.9561168040548053,0.901691198348999,0.7697599700519017,0.9510684779712132,-0.006195193821830409,0.9616866282054356
252,1e-06,0.5086746666898986,0.49880009648498363,0.45236845029908085,0.5127926874758949,0.5064334992988868,1.0242073980283566,1.0881901873848832,1.031579958312156,1.0147021188530871,0.7764666435417004,0.9491878863609088,-0.007119790161161073,1.004454485587566,0.46557133964129854,0.4458703909601484,0.3431611444268908,0.4833557776042393,0.45186751229422434,0.9251742618424552,0.701464831829071,0.9561156971114022,0.9016901424952916,0.7697599700519017,0.9510684779712132,-0.0061948950003300396,0.9616855553218296
253,1e-06,0.5089437748857235,0.4987429882157966,0.45064651209210593,0.5133221644471379,0.5065086720481752,1.024041120235699,1.0882042668992535,1.0315600361997386,1.0143833417985235,0.77647671004289,0.9490082488570284,-0.007171923357609963,1.0048684947501678,0.46556960684912546,0.4458674320152828,0.3431530169078282,0.48335444927215576,0.4518653324672154,0.925173819065094,0.7014648573739188,0.9561150074005127,0.9016895123890468,0.7697599700519017,0.9510684779712132,-0.006194120073424918,0.9616876585142953
254,1e-06,0.5077942047464622,0.49837225515355343,0.4537434628299121,0.5120327354576181,0.5053572779091211,1.0244195928222024,1.0957455634155215,1.0314459342927245,1.015015757730907,0.77640619845007,0.9492902896127149,-0.0071146335191471545,1.003251960933117,0.4655676100935255,0.44586558852876934,0.3431509179728372,0.4833528016294752,0.4518633101667677,0.9251718010221209,0.7014650532177517,0.9561125721250262,0.9016872644424438,0.7697599700519017,0.9510684779712132,-0.006194062730563539,0.9616851210594177
255,1e-06,0.5088551724744466,0.49740212340874973,0.44502119473536933,0.5122320013844656,0.5076062427504637,1.0244157424781242,1.0874107496224485,1.0316700787649238,1.0150617079068256,0.7764045196927272,0.949244960814455,-0.007379841909224537,1.0048488414537828,0.4655657027448927,0.4458627871104649,0.3431447914668492,0.4833508048738752,0.45186144539288114,0.9251707707132611,0.701465734413692,0.9561120697430202,0.9016864810671125,0.7697599700519017,0.9510684779712132,-0.006192995368369988,0.9616857767105103
256,1e-06,0.5084126322805362,0.4993534154667344,0.4574482402493877,0.5115325846735539,0.5069915406898053,1.0239948192377673,1.091493197697221,1.0304129818312278,1.0153263317153078,0.7764767166961478,0.9493809415326019,-0.0069411139415707715,1.0042693565518075,0.4655636123248509,0.4458616248198918,0.34314760140010286,0.483348731483732,0.45185903140476774,0.9251683354377747,0.7014698471341815,0.9561090554509845,0.9016839521271842,0.7697453328541347,0.9510684779712132,-0.006192856335214206,0.9616792031696865
257,1e-06,0.5074454669884029,0.4990697993233579,0.4589378034922018,0.5116492851965866,0.5048586482337604,1.023757427274662,1.0901855578254078,1.0311592582916518,1.014141157841719,0.7770004898721722,0.9492483175051133,-0.007189876592916681,1.0034405778019597,0.4655620540891375,0.445858827659062,0.34313857555389404,0.48334789276123047,0.45185717940330505,0.9251676968165806,0.7014691999980381,0.9561086893081665,0.9016832879611424,0.769759978566851,0.9510684779712132,-0.0061917163298598355,0.9616830093520028
258,1e-06,0.508515301601617,0.4993282299864555,0.45746391096056516,0.511078900272762,0.5076532991678362,1.0244130130553941,1.0948278617687976,1.0315795387906779,1.0148992107516366,0.7765304309187702,0.9492399306158134,-0.007242626989931745,1.0040301202934214,0.4655603553567614,0.44585566435541424,0.34312974555151804,0.4833463856152126,0.4518550080912454,0.9251668453216553,0.7014687231608799,0.9561082465308053,0.9016823853765216,0.769759978566851,0.9510684779712132,-0.006190759129822254,0.9616859555244446
259,1e-06,0.5092255413623815,0.5004748927588593,0.45981435344210664,0.5124128619890853,0.5076852929604341,1.024055261430042,1.0920569336969792,1.0311743298433893,1.0146691920936748,0.7767302127172565,0.9490955463141828,-0.007365472033463468,1.0050720533406619,0.46555844800812857,0.4458532759121486,0.34312487500054495,0.4833446911403111,0.45185319014957975,0.9251657128334045,0.7014697108949933,0.95610682453428,0.9016810485294887,0.769759978566851,0.9510684779712132,-0.006190286749707801,0.9616848656109401
260,1e-06,0.5089767845667025,0.4997749891546037,0.45728145760264205,0.5120783467751799,0.5075983678873417,1.0241913123736306,1.0940367062154088,1.0314029819588142,1.0146514544777545,0.7763239515786041,0.9491408784695912,-0.007144442845290432,1.0054885830198015,0.4655562809535435,0.4458524669919695,0.34312988604818073,0.48334251982825144,0.4518507548740932,0.9251629029001508,0.7014737214360919,0.9561037421226501,0.9016783578055245,0.769759978566851,0.9510684779712132,-0.006190761591174773,0.9616765124457223
261,1e-06,0.5082852640215458,0.49984833663753897,0.460069407027499,0.5119057290381916,0.5062719543835962,1.0239847137326163,1.092581393257264,1.0307870254843772,1.0148961700296866,0.7764347338761908,0.9493037237000356,-0.007264673541535095,1.0048238916758445,0.4655540755816868,0.44585017221314566,0.34312641620635986,0.4833408168384007,0.45184826850891113,0.9251610551561628,0.7014751604625157,0.9561018603188651,0.9016767314502171,0.769759978566851,0.9510684779712132,-0.0061905002886695525,0.9616740431104388
262,1e-06,0.5083176125426568,0.5003559350723251,0.4623473948139566,0.5121810719164835,0.5059863822739733,1.0235197904838762,1.0864788302689166,1.0312794490893316,1.0136617548149547,0.7763910899086605,0.9492483174745938,-0.00746596625234018,1.004546622435252,0.4655519596167973,0.44584780079977854,0.3431228654725211,0.48333862849644255,0.45184636967522757,0.9251592585018703,0.7014762929507664,0.9561002084187099,0.9016749944005694,0.769759978566851,0.9510684779712132,-0.006190137671572822,0.9616724508149284
263,1e-06,0.5090374678632753,0.5003824216917852,0.46043266159903373,0.5119368595095457,0.5077581895478127,1.024330882921136,1.0920953169518475,1.0317640297240742,1.0146391645066262,0.7764095591693063,0.9493154743300055,-0.007336345355322559,1.0041986000092287,0.46554994583129883,0.44584454383168903,0.3431148273604257,0.4833367679800306,0.4518439897469112,0.9251581430435181,0.7014763866152082,0.9560986586979457,0.9016734702246529,0.769759978566851,0.9510831236839294,-0.006189275932099138,0.9616744007383075
264,1e-06,0.5096054808091214,0.5004331792737665,0.4571015813749873,0.5136224919566728,0.5073386825968288,1.0242573760804676,1.0967754532725642,1.0314639777448686,1.0146334500295715,0.776861149075699,0.9492147421141007,-0.007291226807306485,1.0053463134165002,0.4655483194759914,0.4458425300461905,0.3431095268045153,0.4833358270781381,0.45184233358928133,0.9251568487712315,0.7014786005020142,0.9560976539339338,0.9016721844673157,0.769759978566851,0.9510831236839294,-0.006189126255256789,0.9616736769676208
265,1e-06,0.5080791188702484,0.49938760301850726,0.4586359195628657,0.5115923234821892,0.5062141411437538,1.0242217343951028,1.0943485185297952,1.0309467946817736,1.0151591389470997,0.7762232153036017,0.9492768599202067,-0.007271578705917779,1.0038386776211685,0.4655465568814959,0.44584060992513386,0.3431071809359959,0.4833341453756605,0.45184026871408733,0.9251551968710763,0.7014803290367126,0.9560953038079398,0.9016710775239127,0.769759978566851,0.9510831236839294,-0.006188962342483657,0.9616705434662955
266,1e-06,0.5086926398860816,0.49832155993823446,0.4506505228468411,0.5119771916806484,0.5073428585232678,1.0241014024140709,1.0883942873613444,1.0316088183745322,1.0144509301695894,0.7763927707718509,0.9491224037459491,-0.007015520130716649,1.0043324638011208,0.4655445728983198,0.44583851950509207,0.34310448595455717,0.48333224654197693,0.45183829750333515,0.9251535705157689,0.7014815977641514,0.9560935412134443,0.9016692978995187,0.7697453328541347,0.9510831236839294,-0.006188189876931054,0.9616671545164925
267,1e-06,0.5107695377306394,0.5039288838948583,0.47160908581352334,0.5137687020587481,0.509075700443217,1.0242603137074406,1.090209875879566,1.0314199790793446,1.0149023581088292,0.7761694915588856,0.9491593455633505,-0.007236908496339857,1.0070829450687384,0.4655426868370601,0.44583613531930105,0.3430999645165035,0.4833306670188904,0.45183601549693514,0.9251523358481271,0.7014818361827305,0.9560921703066144,0.9016682761056083,0.7697453328541347,0.9510831236839294,-0.006186845246702433,0.961666430745806
268,1e-06,0.508371207861185,0.49792453204126647,0.4500358413258273,0.5115561981995901,0.5071308536066865,1.0243367211548902,1.0917759249897658,1.0319783445571669,1.0144469436473622,0.7764632842568819,0.9492718283176667,-0.007101637752859243,1.0040407163695195,0.4655407496861049,0.4458335212298802,0.3430938124656677,0.48332891293934416,0.4518342614173889,0.9251510671206883,0.7014813508306231,0.9560910378183637,0.9016662580626351,0.7697306956563678,0.9510831236839294,-0.006185611776475396,0.9616675632340568
269,1e-06,0.5087645953426713,0.49903110333485173,0.4535103805450922,0.5125888089491536,0.5067820517270918,1.0242717736388742,1.0920629399407538,1.0316780479333978,1.0146060531345686,0.7764985348649716,0.9492399313788016,-0.007088244225042054,1.0048374187866969,0.46553899134908405,0.44583124773842947,0.34308943152427673,0.4833275079727173,0.4518319240638188,0.9251495855195182,0.7014823641095843,0.9560897094862801,0.9016651340893337,0.7697306871414185,0.9510831236839294,-0.006184819753148726,0.9616672566958836
270,1e-06,0.5078216377613304,0.49786161323479977,0.45174184415624863,0.5112973033344203,0.5062152819638367,1.0240063379192987,1.0920989879021203,1.0318978811555561,1.0138451232094674,0.7766227659297734,0.949260073628599,-0.007297237055219759,1.0037283341639236,0.46553719895226614,0.44582790987832205,0.3430795839854649,0.4833260348864964,0.45182994859559195,0.9251493641308376,0.7014836243220738,0.9560895477022443,0.9016649127006531,0.7697453328541347,0.9510831236839294,-0.006183205172419548,0.9616707989147731
271,1e-06,0.5091614564046211,0.5002751307217695,0.4578657749977346,0.5134606304012441,0.5065721592503942,1.0245754581137432,1.0940297792584115,1.0318675317705686,1.0149682769394508,0.7761997087637827,0.949206347594918,-0.007159811372573536,1.0054391250815442,0.46553553002221243,0.44582605361938477,0.34307707633290974,0.4833245064531054,0.4518278922353472,0.9251480443137032,0.7014856508799961,0.9560878617422921,0.9016634566443307,0.7697453328541347,0.9510831236839294,-0.006183006867234196,0.9616695131574359
272,1e-06,0.5085190210169056,0.5003306612380028,0.46237024663352866,0.5114184311885316,0.5071579646404987,1.024369667874076,1.0886405096015013,1.0319672450003596,1.0146299303951352,0.7764028437126617,0.9491073020103951,-0.007263173070234088,1.0047478606257754,0.4655336397034781,0.4458248359816415,0.34307749356542316,0.48332296098981586,0.45182614241327557,0.9251458815165928,0.7014893548829215,0.9560856137956891,0.9016614726611546,0.7697453328541347,0.9510831236839294,-0.006182793993502855,0.9616651790482658
273,1e-06,0.5091825715102603,0.49969830961027206,0.45508011722344954,0.5131585521235322,0.5070099898685997,1.0243062366904567,1.0885658202510702,1.0314397322966755,1.015030743217566,0.7767520372951818,0.9493406612447025,-0.007263125890853523,1.004974919072311,0.46553162591797964,0.44582206862313406,0.34307185241154264,0.4833208535398756,0.45182420100484577,0.9251446213041034,0.7014890994344439,0.9560842769486564,0.9016602890832084,0.7697453328541347,0.9510831236839294,-0.006181369203009776,0.961665792124612
274,1e-06,0.5090688286044935,0.5011974393985726,0.46338048002015486,0.5131156063055419,0.5065451113309728,1.024054546815215,1.0964773107783585,1.0311754843057026,1.0145196906737772,0.7763189045637007,0.9491425471249691,-0.007142518740242726,1.0055024183779206,0.4655294801507677,0.4458200080054147,0.3430693192141397,0.4833192229270935,0.45182175295693533,0.9251423137528556,0.7014893633978707,0.9560816373143878,0.9016583476747785,0.7697306871414185,0.9510831236839294,-0.006179965034659419,0.9616631524903434
275,1e-06,0.5092344493879395,0.4994393561781216,0.45360325659108786,0.5131083091618889,0.5072151516348169,1.0242096603496589,1.091900210806607,1.0316330828974325,1.0145299792045577,0.7763659069309831,0.9493221843541737,-0.007157477537810009,1.005456681228331,0.4655275855745588,0.44581799847739084,0.3430669733456203,0.483317494392395,0.4518194964953831,0.9251405341284615,0.7014912962913513,0.9560794149126325,0.9016566872596741,0.7697160414287022,0.9510831236839294,-0.006178855496857848,0.9616599423544747
276,1e-06,0.5086351914461978,0.49935894035646017,0.45678377665743364,0.5115126277841303,0.5074862105627885,1.0243409190553918,1.089788657301704,1.0310734456096986,1.0154268228574344,0.7759462028238264,0.9492080249788819,-0.006986125444834103,1.0052641008795071,0.4655254866395678,0.44581503527505056,0.3430601102965219,0.48331562536103384,0.45181733795574736,0.9251394697598049,0.7014923776899066,0.9560779162815639,0.9016555718013218,0.7697160414287022,0.9510977608816964,-0.006177370769104787,0.9616610833576748
277,1e-06,0.5085687166717928,0.49886544313543096,0.4543774689824778,0.5115339055283522,0.5074099502957788,1.02421983226531,1.0896009483584,1.0316450757914424,1.014615559175084,0.7761694907653778,0.9491140200917194,-0.007229989983954005,1.0044233784941727,0.4655239922659738,0.4458120550428118,0.3430500328540802,0.4833147014890398,0.45181564348084585,0.9251392483711243,0.701493867806026,0.9560778226171222,0.9016558868544442,0.769701429775783,0.9510977608816964,-0.006176268947975976,0.9616660475730896
278,1e-06,0.5093427650054418,0.49968949328064616,0.4551351499508664,0.5125736433057009,0.5079187943699783,1.024486325852882,1.091294405586098,1.032089877909901,1.0146558801760384,0.7760838769181716,0.9490435001365478,-0.007143569848937957,1.0059957263778554,0.4655220253126962,0.44580977303641184,0.3430456987449101,0.4833131602832249,0.4518135275159563,0.9251376645905631,0.7014964733804975,0.9560760770525251,0.9016540816852024,0.769701429775783,0.9510977608816964,-0.006176103372126818,0.9616656644003732
279,1e-06,0.5093499183105433,0.5013701274525613,0.46342215102205997,0.5130821835121862,0.5071486491639371,1.0237643193173152,1.09270266539246,1.0307305804046067,1.0145003158986354,0.7761577327191616,0.9491425483152308,-0.00734329418814753,1.0044437033423264,0.4655204159872873,0.44580615418297903,0.3430329816681998,0.4833121044295175,0.4518116925443922,0.9251378604343959,0.7014970268521991,0.9560770903314862,0.9016539113862174,0.769686792578016,0.9511124065944127,-0.006174162761973483,0.9616727232933044
280,1e-06,0.5079027359844536,0.5001921247227401,0.4631585132080777,0.5118565659186075,0.5054404330113211,1.0236757891762884,1.0927885911187574,1.0309710061006894,1.0140769245437762,0.7763340024232742,0.9492785395015769,-0.007040451872118411,1.0043149143991505,0.4655186917100634,0.4458038806915283,0.3430284176553999,0.4833104525293623,0.4518098703452519,0.9251366768564496,0.7014962094170707,0.956075404371534,0.9016525660242353,0.769701429775783,0.9511270437921796,-0.006173634901642799,0.9616730553763253
281,1e-06,0.5083897669560715,0.4992630164927235,0.4566834500613606,0.5118769977834978,0.5066260455268746,1.023956724758705,1.0865182310144412,1.0314315355745756,1.014396331155233,0.7764045187161022,0.9491442303992026,-0.007196628255437573,1.0049288070818367,0.4655167758464813,0.4458019094807761,0.34302576524870737,0.48330873250961304,0.4518079331942967,0.9251348376274109,0.7014977931976318,0.9560735992022923,0.9016509226390294,0.769686792578016,0.9511416809899467,-0.006173257649477039,0.9616712161472866
282,1e-06,0.508267107097784,0.49862770622532243,0.45336445662466246,0.5122276104631878,0.5061366583406163,1.0242923661127985,1.084965223296752,1.031735869047279,1.0148264770927762,0.7763424094859844,0.9492315324342867,-0.007261147804623131,1.0051510819580636,0.46551493235996794,0.4457999127251761,0.3430221165929522,0.4833074595246996,0.45180583000183105,0.9251331090927124,0.7014991215297154,0.9560719728469849,0.9016490493501935,0.769701429775783,0.9511416809899467,-0.0061724732097770485,0.9616697345461164
283,1e-06,0.5086024601033451,0.5005984387517403,0.4618308822802257,0.5130151857550914,0.5057488397580199,1.0242520900365943,1.093468622311652,1.0313294341609347,1.0148675199416863,0.7765673663575895,0.94926678606381,-0.007088376697631151,1.0046632505964757,0.4655128802571978,0.4457979542868478,0.3430210181644985,0.48330552663121906,0.4518033266067505,0.925131116594587,0.7015001603535244,0.9560693076678685,0.9016471930912563,0.769686792578016,0.9511416809899467,-0.006171719503722021,0.961666635104588
284,1e-06,0.5082653573214916,0.49861295175625614,0.45328801864242163,0.5122317425178005,0.5061315509428199,1.0242492816293172,1.091082297894995,1.0311711894751694,1.0150997075617039,0.7765488927936895,0.9492567189827493,-0.007231917405854844,1.0042898050651023,0.46551128370421274,0.4457962598119463,0.34301851051194326,0.4833040492875235,0.4518017257962908,0.9251296435083661,0.7014990704400199,0.9560674599238804,0.9016459499086652,0.7696721468652997,0.9511270352772304,-0.006171187252870628,0.9616643616131374
285,1e-06,0.5089639345926928,0.499434966676002,0.45480284224518497,0.5127720726921933,0.5069611860859778,1.023891912505252,1.0892591799337072,1.0316593648223955,1.0139456140158791,0.7766395557921664,0.9492483210148595,-0.00712502202422287,1.0052367710664343,0.4655091464519501,0.4457947611808777,0.34301993250846863,0.48330208233424593,0.4517991117068699,0.9251272337777274,0.7015013013567243,0.9560648117746625,0.9016433528491429,0.7696721468652997,0.9511270352772304,-0.006171022275728839,0.9616583926337106
286,1e-06,0.5084072865709792,0.49880078772184977,0.45397006711530125,0.5120901712929354,0.5065389330638597,1.0241618258063145,1.0941988389673931,1.0315350123814173,1.0144540527449226,0.7766042939223696,0.9491459094617407,-0.007074953403316259,1.0050777347955835,0.4655074434620993,0.4457912359918867,0.34300839049475534,0.4833006390503475,0.4517973448548998,0.9251271145684379,0.7014995047024318,0.9560649394989014,0.9016432762145996,0.7696721468652997,0.9511270352772304,-0.00616971290271197,0.9616634164537702
287,1e-06,0.5089740748290703,0.5016031137076757,0.46639589792145136,0.5125684977432305,0.5067989250298836,1.0238954050383444,1.0964316669880154,1.0310271089649543,1.0143458739464795,0.7762097835357654,0.9492063450007577,-0.0072692521994182895,1.0049120737110964,0.4655059107712337,0.4457885878426688,0.34299970524651663,0.4832998088427952,0.45179579513413565,0.9251266547611782,0.7014979890414647,0.956064794744764,0.9016425098691668,0.7696575096675328,0.9511270352772304,-0.006168766545930079,0.961666328566415
288,1e-06,0.5090089112871192,0.5002512403835838,0.4597121036425042,0.5120523922637494,0.5076086926142863,1.024560184522708,1.0883388473507811,1.0315711136298855,1.015423079850548,0.7764196317744023,0.9491593475166005,-0.007325956005654576,1.005160314085785,0.46550374371664865,0.44578759159360615,0.3430046694619315,0.4832972415855953,0.45179339817592074,0.9251238022531781,0.7015005605561393,0.9560615420341492,0.9016404492514474,0.7696721468652997,0.9511270352772304,-0.00616996715377484,0.9616571749959674
289,1e-06,0.5081621180329028,0.4989063150139265,0.45541416721287836,0.5119936963075011,0.506088751237086,1.0248150713493809,1.0908597150766965,1.0320322289261767,1.01539624207336,0.7763994911726596,0.9491375143626868,-0.007036421159010512,1.0048053136435888,0.4655015766620636,0.4457853010722569,0.3430010037762778,0.4832956450326102,0.45179090755326407,0.9251221077782767,0.7015021358217511,0.9560592259679522,0.901638959135328,0.7696721468652997,0.9511123895645142,-0.006169541140219995,0.96165531873703
290,1e-06,0.5093012921210747,0.49844681951124364,0.44845365626471384,0.5128340799412969,0.5077967978842247,1.0235352290329784,1.082974771048189,1.0305562059023536,1.0145329459776833,0.7763239396454674,0.949191238168442,-0.007340605775799452,1.0048065789833596,0.46549971614565167,0.44578239747456144,0.3429936553750719,0.4832939973899296,0.451788923570088,0.9251212051936558,0.701502765927996,0.9560587661606925,0.9016380395208087,0.7696721468652997,0.9511123895645142,-0.006168608886322805,0.9616560935974121
291,1e-06,0.5076907047752961,0.49923443070937595,0.45952743630621656,0.5111645221618647,0.5058222374455842,1.0233988982252873,1.086521423357423,1.0309132314375347,1.0137804536653432,0.7764599253688174,0.9491442315589448,-0.007091522968101901,1.0043695316031476,0.4654977023601532,0.4457791362489973,0.342985349042075,0.4832919112273625,0.4517870417663029,0.9251204047884259,0.7015015142304557,0.956058178629194,0.901636404650552,0.769672155380249,0.9511123895645142,-0.006168010445045573,0.9616577710424151
292,1e-06,0.5090342710034028,0.49965703133369677,0.4555828036769988,0.5129268849988626,0.5069233993353505,1.0239735912556411,1.0927480659421382,1.0312979698059075,1.0143565707980702,0.7766899252267477,0.9491576615261287,-0.007170940914343426,1.0044805493283993,0.4654955395630428,0.44577585799353464,0.3429757569517408,0.48329038279397146,0.4517850024359567,0.9251196214130947,0.7015025019645691,0.956056901386806,0.9016357660293579,0.769672155380249,0.9511123895645142,-0.006166831124573946,0.961661330291203
293,1e-06,0.5089389648397215,0.4995114255946414,0.4544556003561767,0.5135603123027364,0.5061337897183037,1.0243752928068255,1.0903337786762883,1.0318611237982023,1.0146909266084632,0.7765035663149141,0.9491224035323124,-0.007304932919859741,1.0049186930312173,0.4654934959752219,0.44577315875462126,0.34297106521470205,0.4832882114819118,0.45178274171692984,0.9251181312969753,0.7015033534594944,0.9560558710779462,0.9016345909663609,0.769672155380249,0.9511123895645142,-0.006165424428348031,0.9616617390087673
294,1e-06,0.509542984255631,0.5010490833766876,0.4603121548631651,0.5138426432686467,0.5068844012034837,1.0240730192804117,1.0935712424352482,1.0311772188222292,1.0146520204319445,0.7765203548954868,0.949229851265901,-0.00739318926003702,1.0053835331142345,0.46549158862658907,0.4457709278379168,0.34296741655894686,0.4832866149289267,0.4517803873334612,0.9251162580081395,0.7015031405857631,0.9560537082808358,0.901632581438337,0.769672155380249,0.9511123895645142,-0.006164798446531806,0.9616604191916329
295,1e-06,0.5094503343441031,0.501548379705432,0.46321112102138895,0.5138678884298693,0.5065740185918042,1.024314925997793,1.0854538887571323,1.0317969262996698,1.014794995524733,0.7764280358156789,0.9492113784955089,-0.007133668370132897,1.0060167998090745,0.46548961315836224,0.4457672025476183,0.34295463987759184,0.4832852525370462,0.4517787439482553,0.9251160110746112,0.7014993344034467,0.9560537934303284,0.9016318150929042,0.769672155380249,0.9511123895645142,-0.006162981502711773,0.9616674951144627
296,1e-06,0.50883193865716,0.4999826797081517,0.45848637335555587,0.5124138976388629,0.5069281470452097,1.0239087577300747,1.0971787075964659,1.0311831569158902,1.0141917558065514,0.776414595624452,0.949389337913476,-0.007137319921905483,1.0052926066406433,0.46548764194761005,0.4457638944898333,0.34294635483196806,0.4832832132066999,0.4517766833305359,0.9251153894833156,0.7015007478850228,0.9560533506529671,0.9016311849866595,0.769672155380249,0.9511123895645142,-0.00616195032905255,0.9616687893867493
297,1e-06,0.5084816609903658,0.49917196894815136,0.45548524346280816,0.5122797186565106,0.5064501739805684,1.0239544736380706,1.0929010938633665,1.0312264236925324,1.0143844590575282,0.7762081024894577,0.9492248116672436,-0.007129654696967531,1.0042361143730387,0.46548608796937124,0.44576151030404226,0.3429397131715502,0.48328217012541635,0.45177494628088816,0.9251144868986947,0.7015019484928676,0.9560527035168239,0.9016302824020386,0.7696721468652997,0.9511123895645142,-0.006161974609962532,0.9616688234465463
298,1e-06,0.5095214467444178,0.500534144597852,0.4593911861311272,0.5122085551512406,0.5085054062539592,1.0241291562655128,1.0920761445211986,1.0309025530197409,1.0150905856094907,0.7762265733981584,0.9490435025781103,-0.00698739143362182,1.006417237912699,0.4654843977519444,0.4457584023475647,0.3429304446492876,0.48328064594949993,0.4517732432910374,0.9251139163970947,0.7015024508748736,0.9560521245002747,0.9016295075416565,0.7696428554398673,0.9511123895645142,-0.006160758834864412,0.9616720761571612
299,1e-06,0.5089239016961148,0.4987623182187859,0.4508615119971194,0.5132752640150903,0.5065079232514729,1.0242684257988801,1.09316666454031,1.0314508732684868,1.014789443045351,0.776280288719484,0.9491862045210933,-0.006939280363533186,1.0051726415959372,0.4654827458517892,0.44575596707207815,0.3429246629987444,0.48327940702438354,0.45177105920655386,0.925112886088235,0.7015021783964974,0.9560510856764657,0.9016285964420864,0.7696428554398673,0.9511270352772304,-0.006160280866814511,0.9616723145757403
300,1e-06,0.5088267158497558,0.5000018270822653,0.45816762349389484,0.5128284799887838,0.5065135240737927,1.023976876194881,1.0903832927704835,1.0315242997207095,1.0142160054054006,0.7763071534759377,0.9492701440668082,-0.007358254983075081,1.0049390932015743,0.4654810386044638,0.4457532252584185,0.342916624886649,0.4832780659198761,0.45176948819841656,0.9251120686531067,0.7015017781938825,0.9560507791382926,0.9016275916780744,0.7696428554398673,0.9511270352772304,-0.0061589752856109825,0.9616739579609462
