epoch,learning_rate,train_total_nll,train_selection_score,train_market_nll,train_sector_nll,train_idio_nll,train_mse,train_market_mse,train_sector_mse,train_idio_mse,train_coverage_68,train_coverage_95,train_standardized_residual_mean,train_standardized_residual_std,val_total_nll,val_selection_score,val_market_nll,val_sector_nll,val_idio_nll,val_mse,val_market_mse,val_sector_mse,val_idio_mse,val_coverage_68,val_coverage_95,val_standardized_residual_mean,val_standardized_residual_std
1,0.0002,0.5734076334924487,0.580222971620781,0.599452990216303,0.5827410406379268,0.5632061200790385,1.1006130898764375,1.1600533305344167,1.1116069528262678,1.0876377538546187,0.7514495713544805,0.9399201970967613,0.007590883309438752,1.0718294495321645,0.5031654451574598,0.4805405225072588,0.3632541596889496,0.5229567417076656,0.48803773522377014,0.9716817055429731,0.7310020072119576,1.005539391721998,0.9458461659295219,0.7527078219822475,0.9448331339018685,0.009061690419912338,1.003666843686785
2,0.0002,0.5671321129194158,0.5736337643633388,0.5915743231902043,0.5764202621583995,0.5570292041807385,1.0924800315935164,1.1575787533506856,1.102717508706156,1.0800724812475206,0.75443807931057,0.941057917174943,0.008298070556989279,1.0652510634449064,0.4996061154774257,0.47712998730795725,0.36170500942638945,0.5182312173502786,0.48557789836611065,0.9668019073350089,0.7296702691486904,0.9996040548597064,0.9419039402689252,0.7545521174158368,0.9455796309879848,0.009737942101699966,0.9992254717009408
3,0.0002,0.5623054654934055,0.5686960569022478,0.5882401780315303,0.5696204468422945,0.5541259496197852,1.0872095253296434,1.1621445435095785,1.0955146113023588,1.076406578984186,0.7560216940163408,0.941815225484882,0.008720449515237913,1.0596816776510323,0.49698799422809053,0.474638112953731,0.36074221985680716,0.5146715981619698,0.483846196106502,0.9631257823535374,0.7284242936543056,0.9951417701584953,0.9389328019959586,0.75639637027468,0.9459455609321594,0.010117915059838976,0.9958483321326119
4,0.0002,0.5603826785820983,0.5639019507816272,0.5716738214347405,0.5672523634728392,0.5531366367116208,1.083421952326878,1.1505357544935528,1.0918634486597292,1.072743424002827,0.757819399052675,0.942342504738346,0.008964665348179683,1.0574930183191398,0.49487493293625967,0.47257999011448454,0.3596264932836805,0.5118861326149532,0.4823720668043409,0.9602709838322231,0.7271766066551208,0.9916855096817017,0.936625463621957,0.7572892393384661,0.9462090304919651,0.010534742980131082,0.9932438135147095
5,0.0002,0.5560942214048687,0.5603507444527879,0.572707511866601,0.5615941778235479,0.5500404664103687,1.0781703370040774,1.15078475773817,1.0854675033191572,1.068452869951564,0.759502096749999,0.9430343462078878,0.00945661778079775,1.0532164856091875,0.4932540399687631,0.47099616697856356,0.35871000800813946,0.509781288249152,0.4812116835798536,0.9580283164978027,0.7260170153209141,0.9890630415507725,0.9347275495529175,0.7580357193946838,0.9467359610966274,0.010677632609648364,0.9913467594555446
6,0.0002,0.5529343127818347,0.5564807389982958,0.5655622521864679,0.558669742415933,0.5467780256876094,1.0759484960269876,1.1501630192760255,1.0840239115682604,1.0653993836686988,0.7595516345144541,0.9433492822255949,0.009405298896598304,1.0501320965535823,0.49196814213480267,0.46975100891930716,0.358024320432118,0.50812885590962,0.48027234418051584,0.9562436171940395,0.7251346962792533,0.9869520153318133,0.9332389320646014,0.7592359270368304,0.9469994136265346,0.010863290567483221,0.9898311240332467
7,0.0002,0.5524255124157464,0.5563357910206688,0.5673051738314415,0.5578411054238074,0.5465139898492141,1.0743507258131642,1.1496934868230475,1.0816519522885664,1.064537923141743,0.7609990101470474,0.9436093916844113,0.009568367193363047,1.0494420806974318,0.4909763293606894,0.46882992131369455,0.35771550025258747,0.5068426089627402,0.47955177085740225,0.9548110110419137,0.7243026920727321,0.985313389982496,0.931992633002145,0.7598360691751752,0.9472482289586749,0.01084265485405922,0.9885820405823844
8,0.0002,0.5507786434467458,0.5539858669959334,0.5623518776327484,0.5558200951723942,0.5453514324866047,1.0727181539494348,1.1475125696616628,1.0798009293052355,1.0631419754774585,0.7614926610582272,0.9437332539319091,0.00973614078734816,1.047921044596195,0.4900512525013515,0.467855019228799,0.3567622346537454,0.5056942275592259,0.47885146737098694,0.9535806093897138,0.7232104880469186,0.9839300768715995,0.9309103403772626,0.760392257145473,0.9472628576414925,0.01090243791363069,0.98749669109072
9,0.0002,0.548462166827367,0.5496467889416752,0.5490172242738721,0.5538579893318049,0.5430477903909575,1.0709170002713437,1.144118172699094,1.0776572257714598,1.0617366004363304,0.7619863224878738,0.9439561987206283,0.009619260304826084,1.0452700132173394,0.48924954874174936,0.46705365606716703,0.3560664440904345,0.5047940228666578,0.4781445137092045,0.9524426886013576,0.7221772415297372,0.9827413133212498,0.9298196009227208,0.7608460358210972,0.9474531497274127,0.010710283182561398,0.9866453579493931
10,0.0002,0.5472873968493919,0.5494977536873115,0.5535184030139119,0.5524197168370807,0.54194735496416,1.069453724641383,1.144016267992134,1.0770244361642753,1.0593975829357594,0.7630532703654418,0.944120743277262,0.009173524351886042,1.0439073298984904,0.4885337310177939,0.46640228799411226,0.35571231160845074,0.5040574499538967,0.4774370406355177,0.9513945324080331,0.721362122467586,0.9817448343549456,0.9287116612706866,0.7613729749407087,0.9476141503879002,0.010407505689987115,0.9858451911381313
11,0.0002,0.545852348441635,0.5463021484440362,0.543514783293636,0.5503219576442943,0.541460665959123,1.0684546685772076,1.1437309737856556,1.0751006277072,1.0592996057020414,0.7632638282281801,0.944274691491917,0.009124294788357025,1.0428998840221892,0.4877797322613852,0.4656039135796683,0.3546870137963976,0.5033383667469025,0.4766577311924526,0.9504230959074838,0.72044118813106,0.980770902974265,0.927740752696991,0.7612997804369245,0.9476141589028495,0.010431055910885334,0.9853033934320722
12,0.0002,0.5454691855635955,0.5474446596677279,0.5506697824306251,0.5504058087058666,0.5403592836773209,1.0672971355033705,1.143249661647109,1.0742892962948285,1.0577736672233133,0.7637875565823773,0.9444339280506758,0.009367406558239389,1.0423906187205718,0.48713950174195425,0.464968068259103,0.35414889454841614,0.5026235410145351,0.4760884259428297,0.9495633329663958,0.7199128184999738,0.9798529744148254,0.9269284605979919,0.7618559428623745,0.9476727247238159,0.01047852954694203,0.9845239690371922
13,0.0002,0.5440963592905003,0.544848879800252,0.5417188563767601,0.5501176845171744,0.5381542057908681,1.065894418385501,1.1398966804235224,1.0736864782704962,1.0556354427813712,0.7640812830286803,0.94451002018296,0.009174884924704297,1.0409615389154334,0.48648507254464285,0.4642928923879351,0.3534217391695295,0.5019345368657794,0.47547089627810885,0.9487252746309552,0.7192299962043762,0.9790101902825492,0.9260900276047843,0.7621926239558628,0.9477166363171169,0.010537496767938137,0.9839168531554086
14,0.0002,0.5436226322852915,0.5440982299370825,0.5416326914776742,0.547891258035424,0.5394201793029896,1.0655729245702061,1.1430012130505705,1.0726253061891566,1.0559396016166716,0.7639132013400696,0.9445896420167449,0.009055863077768877,1.041251307812756,0.4857643927846636,0.46354218891688753,0.3525120828832899,0.5012430335794177,0.47472754546574186,0.9478636043412345,0.7185077156339373,0.9781721404620579,0.9251999855041504,0.762470713683537,0.947804433958871,0.010504764770822865,0.9834169319697789
15,0.0002,0.5429197371617177,0.5415992920487492,0.5304585352049476,0.5481553389713434,0.5380997062855261,1.0645933670735142,1.1385513901774844,1.0713520529973977,1.0553692532949557,0.7645802615271732,0.9448585877274411,0.0090821655738558,1.0401732374125408,0.48509783829961506,0.46284105096544537,0.3516198013510023,0.5006178745201656,0.4740271823746817,0.9470593248094831,0.7177895392690387,0.9774480291775295,0.9243131109646389,0.7624560679708209,0.9479361857686724,0.010426034086516925,0.9829235247203282
16,0.0002,0.5416982759672825,0.5399910693418253,0.5279871706568867,0.5461877790001747,0.5376657637723767,1.0633043775157034,1.1410129958722506,1.0702290814178927,1.053789355210594,0.7652136970068144,0.9450532097270923,0.008829469148271164,1.0390285962475871,0.48451994572366985,0.4622545668057033,0.35094863176345825,0.5000854177134377,0.47340703862054007,0.9463251999446324,0.7171247771808079,0.9767920204571315,0.9234983665602547,0.7626902886799404,0.9480679290635246,0.01030936704150268,0.9824337959289551
17,0.0002,0.5388239312030403,0.5360990298868705,0.5184052287406428,0.544596982304624,0.5337316239774388,1.06204333159966,1.1387842665217853,1.0687344072319274,1.052794189113446,0.765017299734446,0.9451169125209032,0.008853642138986043,1.0365397657372792,0.4838476606777736,0.46149972081184387,0.34969942910330637,0.49954868640218464,0.4726182648113796,0.9455655132021222,0.7163357394082206,0.9761114461081368,0.9226604870387486,0.7630854759897504,0.9481118151119777,0.010222521078373705,0.9822302886417934
18,0.0002,0.5383952813603977,0.5343907828338713,0.5125035441249882,0.5429697740547604,0.5346839127833948,1.061378650837696,1.132263011116629,1.0683595907733174,1.0520350117330866,0.7652756253320722,0.94519476245946,0.00856791601777157,1.0362212473292385,0.48329495957919527,0.4609635855470385,0.3491175728184836,0.4991067349910736,0.47195574215480257,0.9448294043540955,0.7158527800015041,0.9754364235060555,0.9218554752213615,0.76333429983684,0.948053274835859,0.010068790321903569,0.981902710029057
19,0.0002,0.5384066286630008,0.5340741951273894,0.5092136842523853,0.5444777547444644,0.5333085997774996,1.0615549584819508,1.1361568084100229,1.0688806562506052,1.0517425190997136,0.7654313389121424,0.9451133804390769,0.009073478540157345,1.0364215287786527,0.48272059644971577,0.46040343386786325,0.3485785850456783,0.4985697439738682,0.4713427594729832,0.9440614836556571,0.715342138494764,0.9747112052781242,0.9210362264088222,0.7633489370346069,0.9480679120336261,0.009820360956447465,0.981435307434627
20,0.0002,0.5379620601824664,0.5338878194769845,0.5104294422826957,0.5437467821662129,0.5330951055738004,1.060216598618822,1.138196742669737,1.0676396525813256,1.0501941667977244,0.7654171722744583,0.9452832259812743,0.008462516662071137,1.0364360241264636,0.4821670183113643,0.45978327308382305,0.34750524163246155,0.49817671520369394,0.470646185534341,0.9433465940611703,0.7145218764032636,0.9740946037428719,0.9202261396816799,0.7633489370346069,0.9482289297240121,0.009607884234615735,0.9813965048108783
21,0.0002,0.5356362758941157,0.5294075394024157,0.49730730835193565,0.5409048711906171,0.5316454483345915,1.0594316655664398,1.1324116132803628,1.066488461531759,1.0499424292985904,0.7658772177137817,0.9453186201071392,0.008428019563945415,1.0342494331690277,0.48167883498328073,0.45932877915246145,0.34717329485075815,0.4977088229996817,0.4701323594365801,0.9426572152546474,0.7141368048531669,0.9734272105353219,0.9195046850613185,0.7636563096727643,0.9483167614255633,0.009463522051061903,0.9809753894805908
22,0.0002,0.5351285378288335,0.5332090042760677,0.5197962875695596,0.5400966531961465,0.5306714081596955,1.0587732436781758,1.1408784507868808,1.065907244738925,1.0489024268056146,0.7656277397549995,0.9456441902625387,0.008029934566812785,1.0339811602220366,0.48100196037973675,0.45848272102219717,0.3454707988670894,0.49716006006513325,0.46936167989458355,0.9419587254524231,0.7132506285394941,0.9727698819977897,0.9187713946614947,0.7635392376354763,0.9481996468135289,0.009553117145385061,0.9813112105642047
23,0.0002,0.534539343936985,0.5285851704514613,0.4982913606596585,0.5392039162817994,0.5310830870996085,1.0588898872660097,1.1357604961619143,1.0657061335208027,1.0495113548367845,0.7659621413051277,0.9453770158680722,0.008565932441918965,1.0345186785112763,0.48038354090281893,0.4577890293938773,0.34442844561168123,0.4965685180255345,0.4687302027429853,0.941282604421888,0.7127210668155125,0.9721140520913261,0.9180703929492405,0.7634367687361581,0.9482728498322623,0.009499970956572465,0.9812675373894828
24,0.0002,0.5341898641326398,0.5260794835674782,0.4869220303607772,0.5385423247002294,0.5314130257157719,1.0579974370844223,1.1290647972936059,1.0647834888099015,1.0488424202717772,0.765898457650423,0.9456176412343593,0.008210957007099664,1.0339812690736923,0.4797301249844687,0.45698039872305735,0.34283222045217243,0.49603393248149324,0.4679898662226541,0.9405866776193891,0.7118511285100665,0.9714623263904026,0.9173349738121033,0.763495317527226,0.9481996382985797,0.009431986803455012,0.9816302742276873
25,0.0002,0.5330527138529889,0.5259896942041915,0.4912995967875284,0.5374027789121567,0.5300945625457002,1.0575532828931609,1.1342274086963018,1.0651593836847666,1.0473911625851313,0.7658453703376967,0.9456318039477225,0.007888814201704149,1.0344034752457192,0.4791706843035562,0.45637279748916626,0.34197320682661875,0.49551824586732046,0.4673967659473419,0.9399215834481376,0.711319523198264,0.9708271878106254,0.9166356240000043,0.7634075113705227,0.9482728328023639,0.009278822291110243,0.981577319758279
26,0.0001,0.532781021439315,0.5234578240580386,0.4780255451886897,0.5381827956589248,0.5292043467823776,1.0576539503453681,1.1324762556273682,1.06517086367445,1.0476429353388206,0.7659869306292073,0.9455380236787276,0.007839476462519947,1.0337289461430768,0.47887614369392395,0.45604313697133747,0.3414349343095507,0.49528043610709055,0.46705310685294016,0.9395915951047625,0.711060779435294,0.9705372367586408,0.9162633419036865,0.7634806973593575,0.9483021242277963,0.009174976630934648,0.9816249438694545
27,0.0001,0.5312382475916785,0.52084901509128,0.4705672101255886,0.5369294992634495,0.5275693949466773,1.0575795398167642,1.1303426120259346,1.0654941079942073,1.0472395913187902,0.7656861270239593,0.945575183588173,0.00780018242211742,1.0326041715632757,0.4786029500620706,0.45571830442973543,0.3407951848847525,0.49509709221976145,0.4667023633207594,0.9392721227237156,0.7107709135328021,0.9702518667493548,0.9159091114997864,0.7633196796689715,0.9482874700001308,0.009090957764003958,0.9818261180605207
28,0.0001,0.5305190094406387,0.5225702690807987,0.4831389411198276,0.5357864146224885,0.5268308817214472,1.0567407414711172,1.1397432940622567,1.063468055601578,1.047246556409423,0.766308953359329,0.9455451068528201,0.007844407622050544,1.0327237310502186,0.4782919500555311,0.45533956800188335,0.340031304529735,0.49487784079142977,0.46631454144205364,0.9389386177062988,0.7103590965270996,0.9699616943086896,0.9155346836362567,0.7631732906614032,0.9482728328023639,0.009007414669862815,0.9821281603404454
29,0.0001,0.5310365751956645,0.5227248059435915,0.48136168596105067,0.5366687985349203,0.5270602170416168,1.0569540502184864,1.134088729113678,1.0648075614307484,1.0465295757400752,0.7653092436062215,0.9455645755375648,0.007693307392331342,1.0333341004973287,0.47799923164503916,0.4549814292362758,0.33930483886173796,0.49466939909117563,0.4659525752067566,0.9386245693479266,0.7099438905715942,0.9696911658559527,0.9151807682854789,0.7630561930792672,0.948272841317313,0.008899722514407975,0.9824399352073669
30,0.0001,0.5305622592367356,0.521268322219478,0.4754753675386189,0.5364247426044857,0.5265362181022755,1.0568470837808723,1.1292638857494608,1.0642778042259566,1.0470024290692144,0.7654649542591344,0.94567781423017,0.007577093744814332,1.0334768454834249,0.47774274008614676,0.45472706641469685,0.3390113541058132,0.4944593140057155,0.46565047757966177,0.9383101803915841,0.7098223056112017,0.9694114242281232,0.9148251754896981,0.7630708302770343,0.9484192132949829,0.008763620230768408,0.9824401480810983
31,0.0001,0.5298554108905844,0.5199042361489001,0.47224717730775884,0.534827219043882,0.5268039259148879,1.0563376963749744,1.1349877189830775,1.0639163709240094,1.0461373600648405,0.765424256027549,0.9453734814380866,0.0073389113875416585,1.0328833488792712,0.47748910955020357,0.45445674657821655,0.33858134491103037,0.4942895174026489,0.4653190204075405,0.9380301833152771,0.7096632293292454,0.9691691739218575,0.9145038213048663,0.7629244753292629,0.94828747851508,0.00877018432532038,0.9827406576701573
32,0.0001,0.5292640070109771,0.5206173458616603,0.47855281997100124,0.5342062560854509,0.526012139775852,1.0551090235975196,1.1343940948063274,1.0622541941119348,1.0453211063317074,0.7656348179111079,0.9454743318215487,0.007308105176191071,1.0330229968684979,0.47721233112471445,0.45419558456965853,0.33832092796053204,0.4940753621714456,0.46497906531606403,0.9377217973981585,0.7095174789428711,0.9688972149576459,0.9141532267842974,0.7628952009337289,0.948272841317313,0.008697517083159514,0.9828655975205558
33,0.0001,0.5276935717510135,0.5177068689740547,0.4694402420192684,0.5331005125321122,0.5242285423193889,1.0559011627646053,1.1372428423510457,1.0634139571650505,1.0456770784585976,0.7659639278039763,0.9456265121296298,0.007425102521602569,1.0317786113030833,0.47690063289233614,0.4538516529968807,0.3378099799156189,0.4937919420855386,0.46464558584349497,0.9374165279524667,0.7092736874307904,0.9686257413455418,0.9138120242527553,0.7629976613180978,0.9482435584068298,0.008591662161052227,0.9830313835825238
34,0.0001,0.5293943501458063,0.5166825609984298,0.45717875998018886,0.5344401145232284,0.5267558246931384,1.0556993424988925,1.128520043875421,1.06312387464372,1.0458472760316815,0.765477334848302,0.9454584072167591,0.007055792707750846,1.0338312630967328,0.47664538451603483,0.4536066821643284,0.3375908136367798,0.49355379172733854,0.4643720345837729,0.9371103048324585,0.7092112558228629,0.9683418614523751,0.9134750281061444,0.7629537582397461,0.9482728242874146,0.00846213341823646,0.9829757128443036
35,0.0001,0.5269413180950842,0.5152132759143131,0.45876795548847155,0.5330658653138846,0.5230891418437731,1.0549101893861939,1.1342737245611159,1.0625381439168327,1.0446367283093885,0.7654331054355541,0.9456725019863086,0.007203877867836278,1.0312496021639252,0.4763698237282889,0.45330757754189627,0.3371489431176867,0.493318042584828,0.46406249914850506,0.9368053759847369,0.709065854549408,0.9680434550557818,0.9131586040769305,0.7629098381314959,0.9482874700001308,0.008369821922055312,0.9830519046102252
36,0.0001,0.5274713765719229,0.5160331076631274,0.46218306824958977,0.532303999966695,0.5248149635659253,1.0553242312337152,1.1370050601552644,1.062056781727111,1.0458686852287873,0.7659480002720293,0.9456707356558963,0.007130392102843288,1.032043330680983,0.476090920822961,0.45301603845187594,0.3367492173399244,0.4930914597851889,0.463734894990921,0.9364909274237496,0.7088787385395595,0.9677381941250393,0.9128307274409703,0.7629244582993644,0.9482874614851815,0.008291542130921568,0.9832304886409214
37,0.0001,0.5257307286366731,0.5106349535652321,0.4400188614083057,0.5316782435789278,0.5226401730575757,1.0554093398149762,1.1284170543188927,1.0633785223163146,1.0450068432707047,0.7657639796323411,0.9457768933295689,0.007203240596794328,1.031146699778788,0.4757824497563498,0.45265925356319975,0.33614921995571684,0.49281783614839825,0.46340159858976093,0.936218397957938,0.7087149620056152,0.9674807616642543,0.9125393629074097,0.7627634491239276,0.9482582126344953,0.008205103820988111,0.9834186179297311
38,0.0001,0.5251832642686476,0.5121380117733415,0.4500112416161374,0.5313703989056208,0.5215018857381052,1.0551418179251089,1.1321789952014114,1.0631348490393362,1.044580864121447,0.7653959484532661,0.9457928210866818,0.006650983431329775,1.0299540535540306,0.47547709941864014,0.4523512210164751,0.33583687458719524,0.4925061421734946,0.46310252802712576,0.9358903680528913,0.708599933556148,0.9671381541660854,0.9122191667556763,0.7626756344522748,0.9482289126941136,0.008156356800879751,0.9834478752953666
39,0.0001,0.524256308337385,0.5119369755676484,0.45328556326872843,0.5300816985252286,0.5207967135112349,1.0548127385904773,1.135900390128863,1.0622305085191968,1.044692215376523,0.765236705043029,0.9455256404840683,0.007077988712855901,1.0303828273666142,0.4751625486782619,0.4519343376159668,0.3348829916545323,0.4922872143132346,0.46271371841430664,0.9355827484812055,0.7081963334764753,0.9668521370206561,0.9118931378637042,0.7624268191201347,0.948126460824694,0.008144523416246687,0.9842444743428912
40,0.0001,0.5234726634594279,0.508991570229538,0.44093880655633005,0.5294742537908662,0.5202222507642014,1.0550395727672257,1.1383097602815417,1.0627550006363113,1.0445483469409809,0.7645006431030442,0.9456742722732083,0.007091876349944161,1.0305788312418938,0.4749044861112322,0.4516703486442566,0.33459859660693575,0.4920243961470468,0.46246145027024405,0.9353240643228803,0.7082097785813468,0.9666028022766113,0.9116155930927822,0.762265818459647,0.9480386461530413,0.008072496524878911,0.9841792583465576
41,0.0001,0.5243209631650176,0.511059683815441,0.4493427042760401,0.5292439614993073,0.5218971724035414,1.0539253448963937,1.140152370743152,1.0615097207117261,1.0434668279633417,0.7653304812268701,0.9458582887634096,0.006958418414680236,1.0299521737721438,0.47469463518687655,0.45151024205344065,0.3346660052027021,0.4917999505996704,0.4622568999017988,0.9350773010935102,0.7083297201565334,0.966355732509068,0.9113571473530361,0.7624999965940203,0.9480825662612915,0.007983318263930934,0.9839026927947998
42,0.0001,0.5227217180016102,0.5065814641380207,0.4322362217189683,0.5279817277524385,0.5204777956105411,1.0543519817232379,1.1356550437080108,1.061438931302,1.0445549800404972,0.7649040557986906,0.9457538905043378,0.006926878717191682,1.0302519302270379,0.4743834521089281,0.4510554245540074,0.33341129762785776,0.491666636296681,0.4617994725704193,0.9348013826778957,0.7079002431460789,0.9661144699369159,0.9110515628542218,0.761812048298972,0.9479508059365409,0.007960060478321143,0.985012343951634
43,0.0001,0.521719220774404,0.5050453488658199,0.4269255971866753,0.5284036050535059,0.5181947175515901,1.0544799196031758,1.1268332681331645,1.0626306682744673,1.0439173674750701,0.7643732384482527,0.9454902606079917,0.006954468257475948,1.0298444701733618,0.4740931732313974,0.45066586562565397,0.33238387533596586,0.49158064808164326,0.46132925152778625,0.934485639844622,0.7073159047535488,0.9658533249582563,0.91068982226508,0.7609191962650844,0.9476580960409982,0.007872478238173894,0.9863779544830322
44,0.0001,0.5233026513587573,0.5090106401292942,0.4443826873400246,0.5268165620030806,0.5224194062508831,1.0543165574894682,1.1371099392079818,1.062362923405972,1.0435103579463023,0.7640706639449402,0.9457999034566102,0.00655018700903942,1.0324163835111722,0.473901058946337,0.4505737934793745,0.3327519638197763,0.4913558619362967,0.46115156156676157,0.9342062473297119,0.7075684666633606,0.9655693088259015,0.9103977169309344,0.7612558347838265,0.9477459192276001,0.007740524597465992,0.9858413168362209
45,0.0001,0.5218751438874781,0.5065329765154102,0.43589055388602965,0.5268494715513053,0.5197670265461263,1.0535933190400832,1.1347083755267742,1.060943154470379,1.0435394766648525,0.765185392198856,0.9457521286129115,0.006365720816439091,1.0302050801399136,0.4737097791263035,0.45046040415763855,0.33298627393586294,0.49115041324070524,0.460959792137146,0.9339462007795062,0.7077070219176156,0.9653141924313137,0.9101194483893258,0.761285126209259,0.9477751851081848,0.0076611413221274105,0.9855967164039612
46,0.0001,0.5224693348069354,0.5067187270086261,0.4352086465775613,0.5266138765532714,0.5212335286755466,1.0539470074695314,1.1325952715315306,1.0613452646453125,1.0439270160292138,0.764771347295511,0.9457255863718773,0.006724852624038185,1.031077910421735,0.47344052365847994,0.45021189962114605,0.332785678761346,0.4909191685063498,0.4606505419526781,0.933652230671474,0.7076106837817601,0.9650488410677228,0.9097901497568402,0.7612558432987758,0.9477019906044006,0.00762139234159674,0.9857439398765564
47,0.0001,0.5226511926311322,0.5067508207484316,0.43517672444637956,0.52624994625739,0.5219682904108113,1.054692925019838,1.137538104461324,1.0621113669724318,1.0445129596665943,0.7645979421690742,0.9453876290331643,0.006513468722656522,1.0316071363635406,0.47309826953070505,0.449794556413378,0.33194259660584585,0.49067765048571993,0.4602240324020386,0.9332933000155857,0.7071530137743268,0.964715702193124,0.9094093016215733,0.7609484791755676,0.9474970868655613,0.00754407633628164,0.9865747009004865
48,0.0001,0.5204344873356291,0.5024604477949292,0.4206402435762073,0.5253684301345463,0.5188272505017532,1.0537609823703509,1.139555965509533,1.0609811103736395,1.0436810862355406,0.7646935038224337,0.9459096046634062,0.006195605724144786,1.0296976673107692,0.47285066332135883,0.449575275182724,0.3318580005850111,0.49041666303362164,0.45998445578983854,0.9329788599695478,0.7070878318377903,0.9644003084727696,0.909087095941816,0.7611241255487714,0.9474970868655613,0.007437423669866153,0.9863136581012181
49,0.0001,0.5183329425241519,0.49953198027623646,0.41393856701822584,0.5235026484879043,0.516643113402888,1.0532367997920906,1.1310559176009085,1.0606230553651719,1.043256415107478,0.7648438973100007,0.9457521280339134,0.006285135770448786,1.028520208786966,0.47254055738449097,0.44918809618268696,0.3310126875128065,0.4902296279157911,0.45956912636756897,0.9326872229576111,0.7067549824714661,0.964147823197501,0.9087579420634678,0.7605679205485752,0.9472775203841073,0.007389760177050318,0.98721672807421
50,0.0001,0.5193205486743822,0.5022039618674833,0.42437607603206934,0.5239349363368714,0.5178709111854443,1.053102561286251,1.1310037321099962,1.0613015350366501,1.0423068336969572,0.7646439476587035,0.9455468791983801,0.006213225687402152,1.029674405287358,0.4722633957862854,0.44886510712759836,0.3303948683398111,0.4900477187974112,0.4592075603348868,0.93241628578731,0.7065491591181073,0.9639039295060294,0.9084570237568447,0.7602751765932355,0.9471311313765389,0.007304094731807709,0.9879620160375323
51,5e-05,0.5199037466381153,0.5033985890701405,0.4279137362484281,0.5247683003665432,0.5181056132718028,1.0538060431601355,1.1366092719326648,1.0615959893158173,1.0432557663400304,0.7639008119694297,0.9455380335216965,0.006008619927499379,1.03157281251579,0.47214673246656147,0.4487749551023756,0.3304770163127354,0.48987413729940144,0.45914154393332346,0.932296804019383,0.7066780924797058,0.9637704917362758,0.9083443794931684,0.7603629742349897,0.9471750514847892,0.007278270886412689,0.9875712820461818
52,5e-05,0.5173490477039309,0.498117745951968,0.41089758981387164,0.5223215301327621,0.5159248514749266,1.0520812289752126,1.1290299018138303,1.0607448981957248,1.0408527137006995,0.764235212490228,0.9456371169635815,0.0061508708282163255,1.0290518136392461,0.4720468350819179,0.4487187734672001,0.3306736009461539,0.48971084186009,0.45909543122564045,0.9322042805807931,0.7068887182644435,0.9636668477739606,0.9082523499216352,0.7605825407164437,0.947262874671391,0.007213362093482699,0.9870663114956447
53,5e-05,0.5186081981086371,0.5021217204529854,0.4269633178638884,0.5232383436083601,0.5170329386520179,1.052846959135176,1.1263805171057655,1.060275644594698,1.042967014999822,0.7645006349970699,0.9458034358922688,0.005813272481938021,1.029364017042931,0.47185818212372915,0.4484634058816092,0.33006531851632254,0.4895876816340855,0.4588549520288195,0.9320552604539054,0.7066630721092224,0.9635276368686131,0.9080962198121207,0.7603483540671212,0.947145768574306,0.007189243765813964,0.9877687862941197
54,5e-05,0.5169034023189699,0.4961341539075165,0.4025778401496278,0.521666218477909,0.5159515667399135,1.0520374733116327,1.1330629014608606,1.059300253729658,1.0420737356606908,0.7641467547583953,0.9458264362406743,0.006164186670310711,1.028739922379907,0.47170511313847135,0.44828214815684725,0.3297162822314671,0.48947966950280325,0.45866348913737703,0.931923644883292,0.7065439735140119,0.96340354851314,0.9079562425613403,0.7600409814289638,0.947057945387704,0.007150148307638509,0.9881805181503296
55,5e-05,0.517223504785583,0.49909947338904553,0.41593560450989303,0.5228266955965992,0.5149966786342637,1.0536739111139655,1.139022865555316,1.0619003160927531,1.0426024794256887,0.763377065762789,0.9453540073493591,0.0060062386197049554,1.030394357536139,0.4715744342122759,0.44816917181015015,0.32970212612833294,0.4893271156719753,0.45855063625744413,0.9317924635750907,0.7065632343292236,0.9632706812449864,0.907821638243539,0.7600848845073155,0.9470579709325518,0.0071056486506547245,0.9880237834794181
56,5e-05,0.5179576843381893,0.4976356768054828,0.4054093583171842,0.5232685182426533,0.5163984716067235,1.0526709154175864,1.133084393486871,1.061247054493498,1.0414143364878519,0.7644599371514832,0.9457662764331553,0.005934633139703831,1.0302825751204268,0.47147674219948904,0.4481070808001927,0.3298189767769405,0.48920333811214994,0.4584720858505794,0.9316854902676174,0.7066698500088283,0.9631537624767849,0.907717866556985,0.7601727162088666,0.947087219783238,0.007073031073170049,0.9877959574971881
57,5e-05,0.5185049315497352,0.5009095074354605,0.42110017956879353,0.5230624219628842,0.5171941832407577,1.053375190100796,1.1310242702686908,1.0618945591782982,1.0422677145220431,0.7637362526483428,0.9458565208568357,0.005835414625386644,1.0310900675819425,0.4713172955172403,0.44793037857328144,0.32955356580870493,0.48905788149152485,0.45830238291195463,0.9315402848379952,0.7065609182630267,0.9630070839609418,0.9075732486588615,0.7600409643990653,0.9471018654959542,0.007050170297069209,0.9880246945789882
58,5e-05,0.517869502386401,0.4981439982275029,0.40907917835554175,0.5225927527055055,0.51677258845863,1.0531557686445974,1.1348115545443695,1.0608670810590355,1.0427225837820746,0.763738024382738,0.9459131406695536,0.005756277114522824,1.0292604941004235,0.4711981202874865,0.44785465938704355,0.3297672186579023,0.48884046503475737,0.4582699068955013,0.9314445427485875,0.7067828859601702,0.9628900800432477,0.9074876052992684,0.760348345552172,0.9472335917609078,0.0070183297087039265,0.9873010686465672
59,5e-05,0.5149137223982773,0.4948030151165439,0.40378697627438637,0.5199305465655011,0.5136011160841776,1.0530037674721164,1.1359813489337516,1.0613725629936215,1.0418690796227823,0.7637008668857849,0.9455822596856214,0.006019516860341469,1.0279402887248632,0.47103826488767353,0.44766496760504587,0.329427284853799,0.4887025058269501,0.4580942136900766,0.9313011084284101,0.7066619566508702,0.9627523337091718,0.9073380742754255,0.7602898052760533,0.9472043258803231,0.006987280611480985,0.9876514673233032
60,5e-05,0.5170355073452253,0.498497088953925,0.414803436236065,0.5214639279048506,0.5160147629103272,1.0527733223411242,1.1354112068640498,1.060209740964516,1.042582467576329,0.7644369391512369,0.9459626789486736,0.005902878621204103,1.029191981568828,0.4709201625415257,0.4475324792521341,0.32918224590165274,0.4886328620570047,0.4579319783619472,0.9311790551458087,0.706604608467647,0.9626464758600507,0.9071977479117257,0.7600556015968323,0.9471604057720729,0.006938392296433449,0.9879261936460223
61,5e-05,0.515423776070234,0.49381960033405425,0.39679884157885875,0.5200967067843569,0.5147049055186981,1.0520009638101298,1.1311347642204792,1.0608324910007936,1.0405317636933509,0.7639185012319701,0.9458759783797822,0.006017622122258607,1.0279594138063615,0.47077259847096037,0.4473474494048527,0.32875727329935345,0.4885608085564205,0.45771860650607515,0.9310403891972133,0.7064710770334516,0.9625198500497001,0.9070464542933873,0.7598067777497428,0.947057945387704,0.006902395215417657,0.9885644146374294
62,5e-05,0.5148309787832848,0.49213148078529884,0.3903781634549868,0.519563545794083,0.5142468711490961,1.0527690359855175,1.1302856608654317,1.0597494761170534,1.043204553340875,0.7634708454527858,0.9459750719863018,0.005840538647975743,1.0289776008706832,0.4706287256308964,0.44719839096069336,0.32857309920447214,0.488429640020643,0.4575631618499756,0.930909276008606,0.7064100674220494,0.962388847555433,0.9069128547395978,0.7598360521452767,0.9470140593392509,0.006867413142962115,0.9887968472072056
63,5e-05,0.5158384727646838,0.4986463395634408,0.4204148349411991,0.5205303676309807,0.514327286129955,1.0522831250575189,1.1405252588805288,1.0602751857708161,1.0413496223450736,0.7643997758643021,0.946003377630591,0.006014989613350812,1.0295950616943599,0.4704652556351253,0.4470046503203256,0.3281794956752232,0.4883335828781128,0.45733986156327383,0.9307476026671273,0.7061728324208941,0.9622380563191005,0.9067426323890686,0.7595726251602173,0.9468823160443988,0.00683670344629458,0.98948221547263
64,5e-05,0.514532781329209,0.4933317271330134,0.397663378033584,0.5195534399600525,0.5134077337839381,1.0522710865919358,1.1271530797336144,1.0601695348813736,1.0418763211207074,0.7628515507167439,0.9455185695654369,0.005944672619890777,1.0304811861922918,0.47035799281937735,0.4469167249543326,0.32814317515918184,0.4882557434695108,0.45720069323267254,0.9306141904422215,0.7061442903109959,0.9621178933552333,0.9065929566110883,0.7594847849437169,0.9468676958765302,0.006777987283255372,0.9896791321890694
65,5e-05,0.5159750164873974,0.4946665937876097,0.3987677654284628,0.5207797311089584,0.5150772226512979,1.0527519839426278,1.135135371300316,1.0608642175914271,1.0418934681836296,0.763097505439505,0.9455451099729769,0.005655850673192902,1.0313822773425436,0.47025065762656076,0.446821996143886,0.3280865635190691,0.4881633605275835,0.457076724086489,0.9304920605250767,0.7061075227601188,0.9620004722050258,0.906462984425681,0.7593530586787632,0.9468091385705131,0.006703036704233715,0.9897957869938442
66,5e-05,0.5157143261004189,0.49469634789231653,0.401024988211623,0.5195792937240148,0.5156723091683385,1.0527340119681485,1.1319686881413797,1.0608768925046639,1.0419498995967769,0.7628745496176541,0.9454495628589048,0.005577340689414878,1.0311613023699262,0.4701223543712071,0.44670626521110535,0.32809336270604816,0.4879697688988277,0.45700903449739727,0.9304047652653286,0.7062168376786369,0.9619034613881793,0.9063790270260402,0.759616494178772,0.9469555020332336,0.006655432416924408,0.9893189753804889
67,5e-05,0.5154772461007494,0.4957047441619445,0.40503049673612096,0.5215392972222548,0.5130966321172679,1.0526001314440099,1.1321111941298985,1.0614222319654947,1.0411277097170892,0.7636300942026726,0.9459626804283356,0.005342856110478221,1.0300469641677765,0.4699693705354418,0.446525514125824,0.32773159231458393,0.487875976732799,0.45680402857916697,0.9302603687558856,0.7060738716806684,0.961766677243369,0.9062267882483346,0.7593384044510978,0.9467944843428475,0.006635926131691251,0.9898908649172101
68,5e-05,0.5140713247105165,0.49597742063125533,0.4131926073618856,0.5194364323592868,0.5120689223504877,1.0514378868690775,1.1277066034622214,1.0598107501422143,1.040522714434478,0.7630780395854182,0.9457485862056179,0.005405950334367402,1.0297863424564142,0.46986461111477446,0.44641181400844027,0.32756294522966656,0.4877873403685434,0.45668516414506094,0.9301467452730451,0.7060761707169669,0.9616497669901166,0.9061124239649091,0.759294501372746,0.9468091470854623,0.006607371914599623,0.9900115558079311
69,5e-05,0.5146733578063318,0.4945642746627106,0.4035796627153015,0.5196668942651425,0.5133829542063277,1.0521601005560375,1.1262585928938031,1.0599887677932263,1.0418613546935533,0.7629081685351348,0.9454990976640358,0.0056553333676060795,1.030927422300134,0.46976097566740854,0.44631968651499065,0.32747402787208557,0.48772733977862764,0.45653736165591646,0.9300038303647723,0.705978947026389,0.9615119184766497,0.9059630036354065,0.7591774037906102,0.9467798726899284,0.006551280218575682,0.9903919100761414
70,5e-05,0.5144265000555107,0.4922827173424488,0.39275374013027886,0.5192967005439919,0.5136120466850155,1.0513940249915001,1.1302430614290273,1.0595662247729314,1.0405937138597063,0.7634301477358654,0.9458193636172151,0.005431181601541699,1.0302588597414497,0.46970599464007784,0.446298497063773,0.32756213205201284,0.4877052051680429,0.45644492762429373,0.9298891169684274,0.7059675795691354,0.9614035742623466,0.9058378764561245,0.7593237672533307,0.9467359355517796,0.006505592726171017,0.9905267187527248
71,5e-05,0.5136772408655252,0.49373204262270776,0.4027932942942935,0.51929088896246,0.5117597636569209,1.0511191801579656,1.1314565320305738,1.0592856454128712,1.0402748870386411,0.7632426006756663,0.9457238220357921,0.005610032097978953,1.029613455308172,0.46957653760910034,0.4461576001984732,0.327335740838732,0.4876101996217455,0.45628443360328674,0.9297800745282855,0.7059729099273682,0.9612920710018703,0.9057285104479108,0.7591920580182757,0.9466773867607117,0.006466099194117955,0.9908325842448643
72,5e-05,0.5126835165542328,0.49258381507876625,0.40166172000825306,0.5176555424912582,0.5114122932013858,1.0514120845233692,1.1304316341201486,1.0598396221753783,1.0403503943827752,0.7630178754354128,0.9455167926200583,0.005259502795210769,1.0288707680208131,0.46944588848522734,0.4460463523864746,0.3273857533931732,0.4874051255839212,0.45622206160000395,0.9296979222978864,0.7061040997505188,0.9612020424434117,0.9056469372340611,0.7594555190631321,0.9467798471450806,0.006387383011834962,0.9902325017111642
73,5e-05,0.5115679174066555,0.4877346222360779,0.38088718909092745,0.5165479137198834,0.5109440602937133,1.0514940738163314,1.1346430424027873,1.0595595861729326,1.0406567372956665,0.7636212452449994,0.9459750793846118,0.005216809008742948,1.0268926480880507,0.46930978127888273,0.44590163230895996,0.32719559754644123,0.48727790798459736,0.45607857193265644,0.9295881305422101,0.7061188050678798,0.9610915865216937,0.9055335436548505,0.75952867099217,0.9467652354921613,0.006341597664036921,0.9902841874531337
74,5e-05,0.5133546750351216,0.49029124641958854,0.38724783209292746,0.5178388599055044,0.5130741031055378,1.05224792396321,1.133317480908171,1.0600268091308833,1.0417668212766076,0.7628851763892033,0.9456689688429856,0.005320918391832124,1.029752899232711,0.46923449635505676,0.4458650691168649,0.32736495562962126,0.487162960427148,0.4560352861881256,0.9295029555048261,0.7062570367540631,0.9609981264386859,0.9054489987237113,0.7597043088504246,0.9468969532421657,0.0062927975585418084,0.9897484268460955
75,5e-05,0.5117070767053449,0.49161478391352437,0.40252251565231223,0.5149706664982192,0.5120831115530171,1.050248372348913,1.1358686962194593,1.0573352483627414,1.040307666440944,0.7628055547162512,0.9457220493685665,0.005110596504270492,1.0295604781337642,0.4691034810883658,0.4457159297806876,0.3270759582519531,0.4870912730693817,0.45585028188569204,0.9293660521507263,0.7061116525105068,0.9608652932303292,0.9053091491971698,0.75932377576828,0.9467652099473136,0.006255889910140208,0.9903662034443447
76,2.5e-05,0.5122040933972105,0.4882371081446418,0.38012929554250646,0.5178402018945923,0.5109704785326398,1.0522462118012932,1.13496803729134,1.0602521780241005,1.04148277230219,0.7625719884312996,0.945881291492141,0.005113311983942503,1.0294690853315498,0.46904525586536955,0.44564662660871235,0.32691996012415203,0.48707099897520884,0.4557571027960096,0.92929607629776,0.7060314672333854,0.9607983742441449,0.9052356481552124,0.7591774037906102,0.9467505727495465,0.006241442236517157,0.9906896948814392
77,2.5e-05,0.513322506186387,0.49239349712633274,0.3994212694832009,0.5168837815185399,0.5135578190193135,1.052131691206743,1.134436499184682,1.05985699491892,1.0416630212834765,0.7630373447956552,0.9458087403518216,0.005072319626816208,1.0294045617113354,0.4689991644450596,0.4456179312297276,0.326997378042766,0.4869947688920157,0.4557368499892099,0.929258040019444,0.7061086893081665,0.9607551693916321,0.9051994000162397,0.7593384214809963,0.9467944928577968,0.006223789416253567,0.9903253316879272
78,2.5e-05,0.5101035473093237,0.49005387746766654,0.3998915040357912,0.5145566173971374,0.5093241944482889,1.0509445398354362,1.138488912736797,1.058644363446552,1.040326680805126,0.763389453943266,0.9461325434369778,0.005154490561103393,1.0269270399359196,0.4689551762172154,0.44559162855148315,0.3270411363669804,0.4869557023048401,0.45568513018744333,0.9292101349149432,0.7061441029821124,0.9607064468520028,0.9051490000316075,0.7593091215406146,0.9468237672533307,0.006225983346147197,0.9903443455696106
79,2.5e-05,0.5100143151031078,0.48625307628674824,0.37942607856028415,0.5152668951011901,0.5091146771417588,1.0508998238712275,1.136762310476864,1.05907120559258,1.0398662865515729,0.7624587428872159,0.9457981332662102,0.005019244397912502,1.0282357549641625,0.4689040184020996,0.4455349658216749,0.3268835927758898,0.48697822860309053,0.45556373255593435,0.9291154571941921,0.7060148630823407,0.9606176785060337,0.905049877507346,0.7590017829622541,0.9467944843428475,0.006227405409195593,0.9910221866198948
80,2.5e-05,0.5126792420841717,0.49406878464426535,0.4097111570597081,0.5174464828506137,0.5113443183178394,1.051243315177934,1.1380074868894434,1.0585862940475868,1.0410082921811972,0.7629665668693929,0.9460830063158541,0.004959151487047616,1.0296564852940477,0.46883811695235117,0.44544675946235657,0.3266306391784123,0.48697833503995624,0.45543824774878366,0.9290291666984558,0.7059046796389988,0.960534427847181,0.9049617648124695,0.7586943762642997,0.9466042178017753,0.006223969494125673,0.9916127324104309
81,2.5e-05,0.512176778450954,0.4908818709354946,0.3958845392906917,0.5161798473184197,0.5120501306754347,1.0522182946969416,1.1359582405378545,1.059252708169234,1.0423925211155536,0.7617633826528056,0.9455097099606308,0.005271476165467397,1.0313320895883114,0.4687648117542267,0.4453784738268171,0.32662978768348694,0.48686156954084125,0.45540578024727957,0.9289828198296683,0.7059617723737445,0.9604787656239101,0.9049208845411029,0.7588553939546857,0.9466188549995422,0.006204458751848766,0.991268915789468
82,2.5e-05,0.5129114229230063,0.4918690529374001,0.3978140245111839,0.5170420200613725,0.512617460502783,1.0515021642542375,1.1339529708984795,1.059791772254917,1.0404641659145284,0.7628550883312194,0.9459803666993855,0.004866739566289883,1.0301052544223768,0.4687276440007346,0.44536915847233366,0.3267812303134373,0.48678416439465116,0.4554027829851423,0.928947022983006,0.7060459426471165,0.9604399715151105,0.904884934425354,0.7589432341711861,0.9467359610966274,0.006178211154682296,0.9908342616898673
83,2.5e-05,0.5117384109121365,0.4889904050909373,0.3870401391452927,0.5164618495343122,0.5111714831829328,1.0515080716117162,1.1305187683908346,1.0598163025738159,1.0405661231816554,0.7633469836556197,0.9457945913092484,0.0052362956333839115,1.0288005365401556,0.46868106722831726,0.44532688174928936,0.32675211344446453,0.48674279877117704,0.45535023723329815,0.9288967081478664,0.706067042691367,0.9603895800454276,0.9048310688563755,0.7589724830218724,0.9466920409883771,0.006162076190646205,0.9908512660435268
84,2.5e-05,0.5116285250531746,0.49054394843317145,0.396584943660645,0.5154969310091434,0.5115949865681895,1.051259469001665,1.1319852851238754,1.0599164418188611,1.0399115462915614,0.7627117792722411,0.9458848241851321,0.004947219560142955,1.0295621732474016,0.4685875177383423,0.4452036576611655,0.3264621538775308,0.4866875537804195,0.4552248077733176,0.9288131509508405,0.7059826680592128,0.9603094032832554,0.9047449912343707,0.7586943762642997,0.9465603147234235,0.006150202692619392,0.9912429622241429
85,2.5e-05,0.510011770180992,0.48690203300245505,0.3843850593469108,0.513808452047275,0.5104026214470428,1.0509176827480649,1.1350817070480816,1.0593382955819803,1.0396917625433422,0.7624410569699983,0.945893670279981,0.004556480165886609,1.0289640189246494,0.46853239621434895,0.44515155468668255,0.32641589641571045,0.48663878440856934,0.45516322340284077,0.9287576590265546,0.7059570125171116,0.9602538858141217,0.9046881369182042,0.7587090304919651,0.9465017403875079,0.006129488149391753,0.9913423487118312
86,2.5e-05,0.5096058586900838,0.4868722990179345,0.3839952076246979,0.5152682379748585,0.5081304267523292,1.0503622986018433,1.1291371874724345,1.0583231545305227,1.0397757454878307,0.7625649148106768,0.9456477390066457,0.004804881982187677,1.0288820313686817,0.46848091908863615,0.4451115131378174,0.32644172651427134,0.4865705370903015,0.45512631961277555,0.928705632686615,0.7059799007007054,0.9602028131484985,0.9046326960836139,0.7587968536785671,0.9465310403278896,0.00611343134992889,0.9911981565611703
87,2.5e-05,0.5108783898389603,0.48887196857094184,0.39041495659321757,0.5152862764215443,0.510486115073746,1.0508637222417676,1.1342246690056355,1.0589549540830057,1.0399940100735223,0.7625118383059164,0.9456353478668448,0.005034410064769592,1.0299848967864587,0.4684214379106249,0.44504110727991375,0.3262870694909777,0.4865470230579376,0.4550338387489319,0.9286354099001203,0.705929662500109,0.960134642464774,0.9045594930648804,0.7587529250553676,0.9465017574174064,0.006100184350673642,0.9915484871183123
88,2.5e-05,0.5094533827230213,0.4883946989976067,0.3936842841614406,0.5141406889645009,0.5086249651229516,1.0504197745598527,1.137510175358844,1.057896624432341,1.0400396869495245,0.762775473638412,0.9456937425019479,0.005283490542015936,1.028248019785863,0.468410108770643,0.44507496271814617,0.3265801668167114,0.4864726790360042,0.4550752214023045,0.9286287597247532,0.7061083146503994,0.9601209504263741,0.9045541456767491,0.7589871457644871,0.9466042178017753,0.006076206785759756,0.9908568944249835
89,2.5e-05,0.5098952124457197,0.48632626348872215,0.3808953070955796,0.5146000245520699,0.5094905877460741,1.0511432242149028,1.1258991594193628,1.059765996221459,1.0400285464457673,0.7628763261448674,0.9460051483678226,0.004991067780563241,1.027431135041226,0.46836939454078674,0.4450518148286002,0.32664635351725985,0.4864184047494616,0.45504445263317655,0.9285896165030343,0.7061687452452523,0.9600793123245239,0.904513784817287,0.7589871202196393,0.9466335007122585,0.006067282254142421,0.9906761050224304
90,2.5e-05,0.5085639610074368,0.4840910601989038,0.3735697287131308,0.514443857343018,0.5071839072610389,1.0502558576694,1.1265050970536596,1.0579553149676748,1.0400147527472368,0.7630886513351816,0.9460193040045416,0.004970635141080665,1.0271195700795215,0.46833257164273945,0.44502580165863037,0.32665775077683584,0.48639021600995747,0.4549970328807831,0.9285484978130886,0.7061983517238072,0.9600369759968349,0.9044716698782784,0.7590310318129403,0.9466481379100254,0.006057947341884885,0.9906436630657741
91,2.5e-05,0.510035455838063,0.4873112082417051,0.3855017623384129,0.5147214356912385,0.5095003960393791,1.0509894303354261,1.1331878881871347,1.0584354941676388,1.040803441020906,0.7632691293102435,0.9457627382396815,0.0050991182122530326,1.0288112878284774,0.4682482438428061,0.44492400544030325,0.3264652022293636,0.48632064035960604,0.454902069909232,0.9284861598696027,0.7061512385095868,0.9599751659802028,0.9044079780578613,0.7588261365890503,0.9465749519211906,0.006038824428937265,0.9908577970096043
92,2.5e-05,0.5099101733723912,0.4862848018480518,0.381761098544918,0.5135248424842174,0.510567159136115,1.0508588984793608,1.1347952605709153,1.0582956161231398,1.040624283354667,0.7626498440633384,0.9457963555166674,0.004991305351942874,1.0286308317266795,0.46820780634880066,0.44490116834640503,0.3265350716454642,0.48626392654010225,0.45487392374447416,0.9284524321556091,0.7061951756477356,0.9599430220467704,0.9043703419821603,0.7589725085667202,0.9466042263167245,0.005999054826263871,0.9906289407185146
93,2.5e-05,0.5096944720115909,0.4872949038462837,0.38747653717359076,0.51380373202204,0.5096590695063359,1.0511284304900357,1.1337534833198872,1.0586929480835225,1.0408096303826593,0.7625206807659435,0.9457857439277368,0.004830259063227843,1.0276214269709085,0.4681608123438699,0.44485423394611906,0.3264394700527191,0.4862635093075888,0.4547819197177887,0.9283909967967442,0.706162052495139,0.9598893778664725,0.9042996849332537,0.7588261195591518,0.9465895891189575,0.005977667468999114,0.990937352180481
94,2.5e-05,0.5099520864064669,0.4877408614560069,0.3873382681971682,0.5153788715134552,0.5086125428780824,1.0511924909760484,1.1361438959145378,1.0594225476641175,1.0401303298526112,0.763465545946884,0.9462086366950919,0.004873781587534745,1.0269485941720664,0.46805297902652193,0.4446949447904314,0.3259566255978176,0.4862543727670397,0.45458802580833435,0.9282705443246024,0.7059352908815656,0.9597800033433097,0.9041722927774701,0.758430906704494,0.9464724659919739,0.005969474291695016,0.9919614280973162
95,2.5e-05,0.5091045105129207,0.48243664894242966,0.3635499430101624,0.514042105021119,0.5090186673116504,1.0508879740947141,1.1288851731800094,1.0588514043779162,1.0403246969000688,0.7617138298022316,0.9454707911190829,0.005052677962724954,1.0299151385081373,0.46797861797469004,0.444618569953101,0.3258867561817169,0.4861658087798527,0.4545276846204485,0.9282128725733075,0.7059215562684196,0.9597181166921344,0.9041173117501395,0.7584016493388585,0.9464285799435207,0.00595480263499277,0.9918962121009827
96,2.5e-05,0.5089033634612449,0.48397498579843584,0.3730293256941835,0.513342033832445,0.5089936744053816,1.051364439986425,1.133862837288615,1.0593426154229812,1.040636410278304,0.761965088502047,0.9457857450214001,0.0050436072565750376,1.028763264691064,0.46794730850628447,0.444610663822719,0.3259841501712799,0.48612899439675467,0.4544978014060429,0.9281699912888663,0.7059539471353803,0.9596734132085528,0.9040735278810773,0.7584016408239093,0.9464724745069232,0.00593678280711174,0.991759615285056
97,2.5e-05,0.5112082908684925,0.49012603919955117,0.3963627214214317,0.5149005742827043,0.5113440203267822,1.050214811717248,1.1401247184982959,1.057857526101361,1.0395752339509778,0.7619208580921356,0.945651268354314,0.004748305863224843,1.0317123287507668,0.467879729611533,0.4445440343448094,0.32594225662095205,0.4860418907233647,0.4544486999511719,0.9281186546598162,0.7059553521020072,0.959618593965258,0.9040241837501526,0.7584748182977948,0.9465017489024571,0.005910964283560004,0.9916189653532845
98,2.5e-05,0.506973192489797,0.4818490058971751,0.3697696757747621,0.5116954764609587,0.5068243909576939,1.0505983856518206,1.1310568746848808,1.0586758773518588,1.0398386862878857,0.7624463657398708,0.9460175406656198,0.0046343559374619646,1.0259019072739035,0.46781940119607107,0.44448243720190866,0.32586200748171124,0.4859940324510847,0.4543767273426056,0.9280590840748378,0.7058965223176139,0.9595610754830497,0.903962254524231,0.7583431090627398,0.9465017403875079,0.005891752030168261,0.9917887704713004
99,2.5e-05,0.5089729859323291,0.48485210893351005,0.3760103558245956,0.5146829682109295,0.5076951383579376,1.0511596159747145,1.130674727852127,1.0590309571139052,1.0406376634233396,0.7622110383033238,0.9461201656784679,0.0045927859352362784,1.02864679715084,0.46778744884899687,0.4444698861667088,0.3259280366556985,0.48596599272319246,0.45433757986341206,0.9280051418713161,0.7058695639882769,0.9595091598374503,0.9039054598127093,0.7584162865366254,0.946516386100224,0.005868943607700723,0.9917764919144767
100,2.5e-05,0.5078491037173717,0.48364967172105955,0.3764851905498,0.511647420787065,0.5084297004031672,1.050253475928268,1.127734068465503,1.0580859726593421,1.0398380028770475,0.762894022934384,0.9459573696641361,0.004543114010761283,1.0269337592739964,0.4677502725805555,0.4444512895175389,0.3259940360273634,0.4859235201563154,0.45430237906319754,0.9279604554176331,0.70588390316282,0.9594644222940717,0.90385901927948,0.7584748182977948,0.9465163775852748,0.005850705783814192,0.9916738612311227
101,1.25e-05,0.5069587139007663,0.4819905634866942,0.3718449003266696,0.5104759528195607,0.5079453210861569,1.0501643898547564,1.1359748336603626,1.0580067630722532,1.039462039423066,0.7619668608154404,0.9458175968043043,0.004773460345918738,1.0277320606542548,0.46773822392736164,0.44445188130651203,0.32605092014585224,0.48590913840702604,0.4542904113020216,0.9279448134558541,0.7059118918010167,0.9594486270632062,0.9038426620619637,0.7585187384060451,0.9465310147830418,0.0058448790306491515,0.9915953619139535
102,1.25e-05,0.5107136861864966,0.48706009950241524,0.38228771975088044,0.5144503731310721,0.5112578725724753,1.051895992214205,1.1312281390299233,1.0600342933898736,1.041112869865368,0.7618023067053369,0.9455822653469368,0.004971376637321547,1.0311421027263306,0.46770613959857393,0.44441678694316317,0.32600183146340506,0.4858785058770861,0.4542571221079145,0.9279154879706246,0.7059041602270943,0.9594164575849261,0.9038147415433612,0.7584162865366254,0.9465456519808088,0.005840843676456383,0.9916165130478996
103,1.25e-05,0.507550395795994,0.48201649348541525,0.3692229259548095,0.51129220565203,0.5084193509717407,1.0509293025336393,1.1332651292447844,1.0587899185037588,1.0403241161005727,0.7627330131615682,0.9459715248183566,0.004528535922001133,1.0267256689406188,0.467660801751273,0.4443557688168117,0.32583569628851755,0.48586900319371906,0.4541803683553423,0.9278672592980521,0.7058323877198356,0.9593720521245684,0.9037637710571289,0.7582113742828369,0.9465017574174064,0.005835767037102154,0.9919907195227486
104,1.25e-05,0.5070361743987217,0.4807832461720985,0.3644664597009493,0.511212659023674,0.5076120530536093,1.0506108169998276,1.128318054542243,1.0585254130656823,1.0401059320599597,0.762198647227856,0.9458724510264409,0.004887863173146008,1.0280793844785037,0.46762274844305857,0.44430757420403616,0.3257058135100773,0.48586790902273996,0.45410819138799396,0.9278190732002258,0.7057640126773289,0.9593266674450466,0.9037133966173444,0.7581089053835187,0.9464432001113892,0.005830590945801565,0.9923828329358783
105,1.25e-05,0.5080485908456319,0.4840230401695836,0.3779197385744732,0.5115430342527061,0.5088918683854425,1.0504629603605686,1.139121854749166,1.0582188017228071,1.0397520264096989,0.7620287883365341,0.9458653689460116,0.004899061698349936,1.0282839330157523,0.46762739760535105,0.44433691246168955,0.3258618244103023,0.4858525608267103,0.4541275458676474,0.9278181024960109,0.7058421117918832,0.9593235765184674,0.9037118809563773,0.7581820998873029,0.9464871287345886,0.0058220372801380494,0.9920897143227714
106,1.25e-05,0.507284833268095,0.48309577778745716,0.3748545951445683,0.5121482725858817,0.5068357079593928,1.0502181357457325,1.1326431761029856,1.058035955838236,1.0396528908579785,0.7622092691100872,0.9459272961132731,0.0047055500559760105,1.027365067361563,0.4676396591322763,0.444381194455283,0.3260598395551954,0.48584772859300884,0.45415113227708,0.9278128913470677,0.7059047307286944,0.9593189869608197,0.9037041323525565,0.7583284803799221,0.9465456604957581,0.00581281552357333,0.9918062261172703
107,1.25e-05,0.5072305649921048,0.48231153541555677,0.37039812829162516,0.5126264044483224,0.5063956739351805,1.0510749636761767,1.1318597973390199,1.0593818638431531,1.040075399460049,0.7625949870748772,0.945911366008001,0.004850365862318682,1.027539747120301,0.4676573361669268,0.44443202018737793,0.3262792612825121,0.4858397841453552,0.4541875720024109,0.9278165357453483,0.7059910382543292,0.9593196766717094,0.9037067890167236,0.7585187554359436,0.9466042263167245,0.005806853396019765,0.9914428165980748
108,1.25e-05,0.506896230428848,0.48329264993482324,0.3781301508352555,0.5112059171368352,0.5068788572993075,1.0504661753122317,1.1339400340207384,1.0583524225341006,1.0397975517811804,0.7629665627842392,0.9459874554704604,0.0048980097079330915,1.025537600082381,0.46760039244379314,0.44435406582696096,0.3260679713317326,0.48582494258880615,0.45409334131649565,0.9277535166059222,0.7058685932840619,0.9592615451131549,0.903641905103411,0.7582991974694389,0.9465017403875079,0.005798983786787305,0.991926908493042
109,1.25e-05,0.5077355178188647,0.4828723510470959,0.37138659974657645,0.5129512458058608,0.5070646405541698,1.0515722020921743,1.1367539523166383,1.06011032061003,1.0401946563561157,0.7623490446719104,0.9458724486139486,0.00488909841924745,1.0286059366711011,0.4675809826169695,0.44433735949652536,0.3260288195950644,0.48583701252937317,0.4540435884680067,0.9277126874242511,0.7058199048042297,0.9592234492301941,0.9035980105400085,0.7581674626895359,0.9464432001113892,0.005792152535702501,0.9922180090631757
110,1.25e-05,0.5081499649811871,0.48199782093923543,0.36685088040438846,0.5116233833886068,0.5093864578365701,1.050625478423613,1.1295362644046303,1.0589403872932541,1.0396800350962752,0.7629400333133313,0.945971526265852,0.0047752093458402435,1.0276315252457962,0.467572991337095,0.44433943714414326,0.3260715050356729,0.4858310648373195,0.4540319187300546,0.9276955212865557,0.7058310849325997,0.9592062320028033,0.9035806570734296,0.7582406571933201,0.9464432001113892,0.005788710766604969,0.9921824165752956
111,1.25e-05,0.506669602295031,0.48329659789816726,0.37884950377268206,0.5112336292436686,0.5063662618414749,1.0498549829478916,1.136073050985321,1.05737003537686,1.039466087778259,0.7620429395021006,0.9457627396550103,0.0046196729417224865,1.026957041884009,0.4675335671220507,0.4442897439002991,0.32596070000103544,0.48580885359219145,0.4539771888937269,0.9276608909879412,0.705788927418845,0.959173824105944,0.9035435318946838,0.7581674456596375,0.9464139427457537,0.0057787168105798105,0.9923860686165946
112,1.25e-05,0.5075839831259079,0.4843956136536225,0.38091409788605207,0.5119787365021219,0.5074113994531225,1.0498022466045551,1.141296328014769,1.0582518179675275,1.038302822075724,0.7626445394107861,0.9461360869057681,0.004694633310885886,1.0269565169256698,0.46749861325536457,0.4442535383360727,0.3259082777159555,0.4857838920184544,0.45393307719911846,0.9276228972843715,0.7057376418794904,0.9591393641063145,0.903502345085144,0.758138188294002,0.9463846598352704,0.005762741834457431,0.9925398826599121
113,1.25e-05,0.5066500851352731,0.4809394647029047,0.36716410877958094,0.510608675878111,0.5073409827091343,1.051647873164124,1.1335807884955367,1.0599087952795507,1.0406556499371062,0.7619031583754616,0.9459874551809613,0.004651932752916375,1.0269418579143765,0.4674788074834006,0.4442432607923235,0.3259395658969879,0.4857636647565024,0.45391168338911875,0.927598808492933,0.7057376163346427,0.9591160586902073,0.9034766469682965,0.7580942681857518,0.9463993055479867,0.005751998363328832,0.9925340243748256
114,1.25e-05,0.5067123170646538,0.4820356165243366,0.372317636537346,0.511003965149039,0.5069003346251978,1.0502822839499677,1.134766548759411,1.058221950057514,1.0395267149659664,0.7620889510068775,0.9458458960152805,0.004332252815808082,1.0284352735513234,0.4674512914248875,0.4442152338368552,0.3259076774120331,0.4857374940599714,0.4538831668240683,0.9275721311569214,0.7057280029569354,0.959089321749551,0.9034495268549237,0.7580649852752686,0.9463992970330375,0.00574455110888396,0.9925462944167001
115,1.25e-05,0.5036658375602893,0.4768347081723756,0.357259950233162,0.5085959135360224,0.503615850573672,1.0507740998551194,1.1305121754995244,1.0591276179631208,1.039762673510517,0.7627630958799021,0.9462917925085303,0.0045710250345012,1.023290409954316,0.4674324095249176,0.44419690540858675,0.32586441721235004,0.48574462958744596,0.4538389614650181,0.9275395699909755,0.7056976471628461,0.9590605327061245,0.9034129636628287,0.757918621812548,0.9463553769247872,0.005733531899750233,0.9927501508167812
116,1.25e-05,0.5054921359065025,0.48011986014653846,0.3674735215246774,0.5097484351555464,0.5058364328409103,1.049633484335764,1.136111853287404,1.056814272019005,1.0395700820574423,0.7613829591437667,0.9457291193222009,0.00420859108286464,1.0278293944923413,0.46739869884082247,0.4441600186484201,0.3257874463285719,0.48573622533253263,0.45378134506089346,0.927493759563991,0.7056346876280648,0.9590191415378025,0.9033641048840114,0.7578161614281791,0.9463261025292533,0.005725976345794541,0.9930668643542698
117,1.25e-05,0.507710223077634,0.48093192305876253,0.3626405021273247,0.5116349804967529,0.5086210924293695,1.0509057529089711,1.13292578041264,1.0590113755888508,1.0400659878126557,0.7623260470898294,0.9458335119521238,0.004278418340605611,1.0287744972233637,0.46736620153699604,0.44412178652627127,0.3257149245057787,0.48571255803108215,0.4537417207445417,0.92746844461986,0.705631034714835,0.9589944311550685,0.9033366782324654,0.7577429924692426,0.9462821994509015,0.005714758365814175,0.9931326678821019
118,1.25e-05,0.5073346832573125,0.4844580646694768,0.3836406758040013,0.510460612938588,0.5083320475853397,1.0503165193074984,1.1354864598349887,1.058521916463577,1.039272130661505,0.762221653752242,0.9459219801059235,0.004720408785575574,1.0284025978540254,0.4673511002744947,0.4441175503390176,0.3257753380707332,0.48568004795483183,0.4537414865834372,0.9274568131991795,0.7056697181292942,0.9589826038905552,0.9033236077853611,0.7578747017042977,0.9462968196187701,0.005702666605689696,0.9929094740322658
119,1.25e-05,0.5062248672077737,0.47886360367117736,0.35801373530708,0.5102191100201604,0.5071709764788618,1.0498323044903008,1.1274935234191286,1.0577502969272448,1.03932579153625,0.762448138793095,0.9459962981556533,0.004431632137568381,1.026979620271416,0.46733691011156353,0.4441137654440744,0.3258403880255563,0.48564237356185913,0.45374831557273865,0.9274514317512512,0.7057358622550964,0.9589741144861493,0.9033188223838806,0.7579332675252642,0.9463700226375035,0.005696148012897798,0.9926450678280422
120,1.25e-05,0.5080461210002786,0.48489376145057655,0.3822219072324935,0.5118172427350871,0.5084691618303319,1.0505932884092788,1.138267258470662,1.0579113484844285,1.0403526201804008,0.7622269519071481,0.9458689034081638,0.0045836218537263175,1.0284315183622028,0.46730642659323557,0.44408332450049265,0.325810113123485,0.48561252866472515,0.45371675917080473,0.9274295142718724,0.7057427508490426,0.9589535083089556,0.9032945122037616,0.7579186132975987,0.9463114738464355,0.005692592289830957,0.9926343304770333
121,1.25e-05,0.5051391999655908,0.47936350763390917,0.3651712584900843,0.5092302176415824,0.5057137922152145,1.050461821213839,1.1369196821790222,1.0580666451858174,1.039974875535054,0.7622110381746575,0.9459980672845568,0.004612394371344515,1.0262319607407868,0.4672808860029493,0.444060070174081,0.3257902307169778,0.4855929272515433,0.4536851942539215,0.9274041908127921,0.7057334014347622,0.9589280571256366,0.9032694441931588,0.7579186132975987,0.9462529080254691,0.005688096529671124,0.9926982266562325
122,1.25e-05,0.5062485350928175,0.48036273385921296,0.36504776631891567,0.5109602356207931,0.5062435427776106,1.0506902375030827,1.135787581310231,1.0585826824178455,1.039961118023909,0.7626215338835637,0.9460458404234275,0.004601614050828755,1.026393830969214,0.4672431605202811,0.44401695472853525,0.32571824533598764,0.48556095361709595,0.45364274297441753,0.9273715274674552,0.7057015980992999,0.9588955981390817,0.9032367893627712,0.7578893644469125,0.9462529080254691,0.005679919916604247,0.992776734488351
123,1.25e-05,0.5077215468825614,0.48258173102246577,0.37088818778170807,0.5120142998562848,0.5079897948682983,1.050211207003318,1.1348492592910915,1.058273994079874,1.0393272065756067,0.7622977327927344,0.9458954418535434,0.004556681173996818,1.0283654743571315,0.46721283878598896,0.44398127283368793,0.32563069462776184,0.48555842467716764,0.45358640381268095,0.9273278968674796,0.7056486351149422,0.958852733884539,0.9031929544040135,0.7578454443386623,0.9462382878576007,0.005675436396683965,0.993055888584682
124,1.25e-05,0.5037967396696001,0.4768845053923432,0.35754662063787,0.5081733728638869,0.504294976567939,1.0510697407266996,1.13638271573937,1.0588852027526625,1.0404102507630877,0.7620464744467511,0.9460688530272944,0.004744867719327895,1.0244124462587796,0.46718541639191763,0.443950423172542,0.3255677478654044,0.48554701464516775,0.45354448897497995,0.9272911463465009,0.7056006789207458,0.9588157194001334,0.9031565615109035,0.7578161699431283,0.9462090049471173,0.005663826995130096,0.9932308963366917
125,1.25e-05,0.5066950230487797,0.4800916021730986,0.36316427709087445,0.5100319580136282,0.508142517006082,1.0502708207190647,1.1332051096513216,1.0581240626971784,1.0396529928903224,0.7615775913080524,0.9457574317214685,0.004455254303470932,1.0295767250153676,0.46715681893484934,0.44391789606639315,0.32551802481923786,0.48551893660000395,0.453516070331846,0.9272689734186444,0.7055919681276593,0.9587938700403486,0.9031330261911664,0.7577722413199288,0.9462090049471173,0.005649937050683158,0.9932352730206081
126,6.25e-06,0.5057310777230322,0.4813418366654268,0.3732788239983179,0.509614561708052,0.5062626038315614,1.0498236095461406,1.1352062604907263,1.057337538396997,1.039463833802723,0.7618695460521268,0.9458476812596329,0.0044833437772844684,1.0274064832292116,0.46714488097599577,0.44390547275543213,0.32550198691231863,0.4855086888585772,0.4535024506705148,0.92725727387837,0.7055850965636117,0.9587820768356323,0.9031208498137338,0.7577868785176959,0.9462090049471173,0.005641671629356486,0.9932308878217425
127,6.25e-06,0.5053553113053441,0.4800986385609225,0.3681960363228515,0.5093732520463463,0.5059093237566549,1.049975817099302,1.1364327469067643,1.0566358751563594,1.0404337414907754,0.7620801102195118,0.9458299756564775,0.004718512366538394,1.027131385695143,0.4671260118484497,0.4438825377396175,0.32544131364141193,0.48550911460603985,0.4534657427242824,0.9272308434758868,0.7055407166481018,0.9587583882468087,0.9030934572219849,0.7577283467565264,0.9461651018687657,0.005636206029781273,0.9934304526873997
128,6.25e-06,0.5070657347320416,0.4828273468704656,0.3738062303579632,0.5124703148571916,0.5061031262004819,1.0499226028251443,1.1380023045020045,1.0577972879682562,1.0391121718346976,0.7616235959291844,0.9456601101388432,0.004559576285337548,1.0300808697536836,0.46711473379816326,0.4438726561410086,0.3254283496311733,0.4855061982359205,0.4534462647778647,0.9272158827100482,0.7055278079850333,0.958745002746582,0.9030760526657104,0.7577283467565264,0.9461504561560494,0.0056315468225095954,0.9934989043644497
129,6.25e-06,0.5070864863480611,0.48266482961158524,0.37427059224471493,0.5111532057225865,0.5074469947004344,1.0501719155442824,1.1354538348321972,1.0584375297321993,1.039063705795852,0.7618023021698512,0.9457715854281936,0.0047853489382721735,1.0293521929996694,0.46710711291858126,0.4438695566994803,0.32543852073805674,0.4855041078158787,0.4534326621464321,0.9272027696881976,0.7055258240018573,0.958732715674809,0.9030620881489345,0.7576990723609924,0.9461504561560494,0.005625702108123473,0.9935187016214643
130,6.25e-06,0.5068361457463412,0.48080856711299624,0.36593306897719746,0.5105561480062817,0.5078128910167631,1.0496673225648843,1.1275324747810733,1.058153622612333,1.0385857539696752,0.7618695372706545,0.9458565215966667,0.004607814448069895,1.0287587449026956,0.46710316623960224,0.4438723198005131,0.32547628028052195,0.4854942730494908,0.45343310066631864,0.9271981120109558,0.7055456553186689,0.9587276152202061,0.9030570813587734,0.7577429924692426,0.946165110383715,0.005621328284697873,0.9934110386031014
131,6.25e-06,0.505489317456002,0.4819812551100577,0.37695037470240883,0.5100610760405974,0.5052021093871615,1.0502471883941584,1.1416692075958397,1.058197300271993,1.039249673349048,0.7613918005744638,0.9459998436831039,0.004525693308064967,1.027496575858872,0.4671033876282828,0.4438838064670563,0.32556634715625216,0.48546609708241056,0.45345828362873625,0.927207180431911,0.7056076100894383,0.9587329966681344,0.9030677165303912,0.7577722498348781,0.9462090049471173,0.005614777960415397,0.9930950403213501
132,6.25e-06,0.5075826458009719,0.48279242768393166,0.37384847615515293,0.5106788547503517,0.5089443153905276,1.0498435710869927,1.1369178832317133,1.0573164061861815,1.039468581394704,0.7615192047789234,0.9456406535487271,0.004728511579526228,1.0308413403907855,0.46709022351673674,0.44387103404317585,0.3255602078778403,0.4854479048933302,0.45345006244523184,0.9271975670542035,0.7056111778531756,0.9587233151708331,0.90305814572743,0.7577722583498273,0.9462236421448844,0.0056080818841499945,0.9930494427680969
133,6.25e-06,0.5071595948062841,0.483693704885595,0.37946650615847566,0.5111384696723703,0.5074372083447266,1.0501838653588127,1.1326961655650214,1.058672894224629,1.0389443758173498,0.7620995634643052,0.9458848264689582,0.004357250792834319,1.0285681913301743,0.4670754628522055,0.4438559753554208,0.3255284471171243,0.4854475089481899,0.45342173320906504,0.9271748576845441,0.7055784974779401,0.9587028792926243,0.9030336567333767,0.7577576041221619,0.9461797220366341,0.005603189646665539,0.993177090372358
134,6.25e-06,0.5073737582514496,0.4839776562023214,0.3807093412954616,0.5107245728317236,0.5082449461727997,1.0506860749887506,1.1362765108773467,1.0586038747479707,1.0399151162334346,0.761881921784143,0.9457132039492154,0.004483575628858303,1.0298072789980153,0.46706501500947134,0.44384933369500296,0.3255405979497092,0.48543489830834524,0.4534124604293278,0.9271632518087115,0.705580336706979,0.9586918098585946,0.9030207054955619,0.7577429754393441,0.9462090134620667,0.005597841393734727,0.9931296791349139
135,6.25e-06,0.5052357172715104,0.47977424536404967,0.36660344527981054,0.5096289332306713,0.5054635727045282,1.0496509811457466,1.1356269208663101,1.057218175994597,1.0392180847208112,0.7613369629181082,0.9456955063555348,0.004445142689927095,1.02932816020103,0.4670663859163012,0.44386179958071026,0.32560552443776813,0.4854316754000528,0.4534161559173039,0.9271565590585981,0.7056012068475995,0.9586852448327201,0.9030132208551679,0.7578161784580776,0.9462090134620667,0.0055930522669638905,0.993044742516109
136,6.25e-06,0.5087651266513872,0.4822852477085507,0.36698485988896407,0.5110569401361205,0.5111993475019514,1.0512312465401128,1.127460425181834,1.0583632710297817,1.0415584649257381,0.7619438623326956,0.9454424861502918,0.0043374278851022316,1.0302869082140524,0.4670624945844923,0.4438659804207938,0.3256510538714273,0.48542086141450064,0.45341778227261137,0.9271475672721863,0.7056088617869786,0.9586754952158246,0.9030044504574367,0.7578454528536115,0.9462090134620667,0.0055890689337892195,0.9929521765027728
137,6.25e-06,0.5053509422816653,0.4814235129937956,0.37527846728732506,0.5092826295368619,0.5057549856993165,1.049690816605728,1.1361618517735683,1.0578009879595514,1.0386983251738922,0.7624693711062605,0.9460511603229315,0.004270246270511257,1.0263936191523841,0.46705274071012226,0.44385911737169537,0.3256407848426274,0.48542595761162893,0.4533932166440146,0.9271254028592791,0.7055786422320774,0.9586548549788338,0.9029805064201355,0.7577868955475944,0.9461943677493504,0.0055864315613039905,0.9930983526366097
138,6.25e-06,0.5063043711832647,0.4816180959593201,0.3717652710945749,0.5106852257084473,0.5064080740333697,1.0495463860916308,1.1322977193548303,1.0582117793435222,1.038122705620685,0.7618288467268781,0.9458529755545512,0.0044927173736417254,1.029016716957607,0.46703862718173433,0.4438418575695583,0.3256001004150936,0.4854208401271275,0.4533713715417044,0.9271105187279838,0.7055677941867283,0.958640592438834,0.9029650517872402,0.7577576041221619,0.9461797220366341,0.005585358078990664,0.993191693510328
139,6.25e-06,0.5046811051710965,0.47987879995262694,0.36879813896278013,0.5097584407585605,0.5041331346300056,1.0497862427413496,1.1308182224156853,1.0576715698386294,1.0392000903584027,0.7618323776507082,0.9457627413598383,0.0042750137296183105,1.026400074917628,0.46702246155057636,0.44382229447364807,0.3255560781274523,0.4854145816394261,0.45334596719060627,0.9270904234477452,0.7055389966283526,0.9586210932050433,0.9029444881847927,0.7577136925288609,0.9461358189582825,0.005579192058316299,0.9932845660618373
140,6.25e-06,0.5065093857818723,0.48134605243150697,0.3692770475834303,0.51106330248966,0.5065299387371868,1.0500920464782797,1.140594739690061,1.0579918225391838,1.0391755155531446,0.7615528239215701,0.9458759803097762,0.004286682711063778,1.0284723227434525,0.4670179443699973,0.44382419330733164,0.32558502895491465,0.48541019218308584,0.45334028771945406,0.9270805375916618,0.7055469495909554,0.958611079624721,0.9029341765812465,0.7577283552714756,0.9461211732455662,0.005576621474964278,0.9932598386492048
141,6.25e-06,0.5088468401160552,0.4868875421257966,0.389787689132814,0.5121564849029022,0.5095058537082806,1.0508701569700782,1.1379972568281393,1.0589315227347968,1.0399043272458985,0.7621384927599866,0.9458193633598826,0.0041307303164892116,1.029368508396056,0.4670075263295855,0.44381822858537945,0.32560281668390545,0.4853955464703696,0.4533329904079437,0.9270682079451424,0.7055542979921613,0.9585985200745719,0.902920799595969,0.7577722413199288,0.946165110383715,0.005572263151407242,0.9932175619261605
142,6.25e-06,0.5053691495063173,0.47837050856607255,0.35831793840357373,0.5100746834625506,0.5055652523098672,1.0500109981216743,1.12941545656547,1.0574105620963214,1.039964579146293,0.7609052223832429,0.9458512129232939,0.0044972653877939,1.0285096367950768,0.4669926507132394,0.4438044173376901,0.32558796235493254,0.4853861502238682,0.45331250769751413,0.927048351083483,0.7055302943502154,0.9585803747177124,0.9029003807476589,0.7577137095587594,0.9461211732455662,0.00556630634569696,0.9933044484683445
143,6.25e-06,0.5039992112117526,0.4769989086432645,0.3567998345581442,0.5088372160728339,0.5040677515674268,1.050731327941594,1.1324521768948739,1.0583314117842344,1.0404073219973529,0.7619845579587892,0.9461679365335126,0.004392568449727503,1.0251655613353172,0.466980299779347,0.443793066910335,0.32557826808520723,0.4853756172316415,0.45329866664750235,0.9270323855536324,0.7055176496505737,0.9585646561213902,0.9028842960085187,0.7576990723609924,0.946106561592647,0.005563280012990747,0.9933359367506844
144,6.25e-06,0.5055473255454948,0.4795637848051702,0.36402828183228175,0.5100726584003734,0.5057392876918935,1.0507319515869544,1.1273370124299142,1.0590822481813138,1.0398282563435473,0.7614059617116653,0.945681355061302,0.004235471430809086,1.0283676508755795,0.46695312006132944,0.4437589815684727,0.32550679785864695,0.4853568119662149,0.45326401931898935,0.9270074793270656,0.7054792898041862,0.9585403885160174,0.9028591939381191,0.757684418133327,0.946106561592647,0.005557581715817962,0.9934658237865993
145,6.25e-06,0.5076976338078766,0.4850520628629603,0.3833257115601335,0.5126232445979851,0.5069176299599011,1.0504972856236483,1.1337174455732253,1.0587970948643899,1.0394234273862144,0.761943866964681,0.9457910577799267,0.0042997859703619145,1.0298738421714442,0.46694477115358624,0.4437550391469683,0.3255236744880676,0.48534626194408964,0.4532571903296879,0.926995507308415,0.7054815122059414,0.9585292083876473,0.9028456721987043,0.7576990638460431,0.946106561592647,0.005556417562599693,0.9934275490897042
146,6.25e-06,0.504911970719092,0.47947896004559476,0.36560841836738894,0.5100852110163302,0.504382192718616,1.0492052349668546,1.132079925462483,1.0571542341388758,1.0384933897050341,0.7615298236374975,0.9460263801984895,0.0046583727049639805,1.0270535753536276,0.46693681819098337,0.44375029632023405,0.3255337519305093,0.4853366996560778,0.4532506253038134,0.9269852553095136,0.7054854205676487,0.958519458770752,0.9028344239507403,0.7576990723609924,0.946106561592647,0.0055520374860082355,0.9933863026755196
147,6.25e-06,0.5051635576304525,0.4796706284308395,0.3657619565870076,0.5101303281297699,0.5048435421904808,1.0493942976834256,1.1330275164381336,1.057558804091028,1.038442090338652,0.7618960894189908,0.9455645648260986,0.004544707528313977,1.0269452275872166,0.466934221131461,0.4437550774642399,0.32557779124804903,0.48532767806734356,0.45325224314417156,0.9269796865327018,0.705501811844962,0.958513651575361,0.9028284634862628,0.7577137180737087,0.946106561592647,0.005546833188938243,0.9933102301188877
148,6.25e-06,0.5038819325272611,0.4772162542623632,0.3589498021444371,0.5082388730449285,0.5043561633252094,1.0498069055454833,1.1319058530084904,1.057800190486074,1.0390770582012787,0.7619951685827228,0.9459591463521823,0.00463196803015017,1.0260494184442552,0.46692345823560444,0.44374596646853853,0.3255667047841208,0.4853249788284302,0.4532337657042912,0.9269607407706124,0.7054792727742877,0.958494748388018,0.9028092282158988,0.7576844266482762,0.946106561592647,0.005542403818773372,0.9933999861989703
149,6.25e-06,0.505428137325044,0.4812402001793682,0.37310987246145894,0.5101908997014865,0.505075880404234,1.0502991774760255,1.1323458618945323,1.059213020836284,1.0386504025569943,0.761704991588191,0.945614110921694,0.004117582974672977,1.0276006415156629,0.46690922549792696,0.44373034153665813,0.3255424499511719,0.48531337295259747,0.45321724244526457,0.9269488539014544,0.7054760541234698,0.9584836108343942,0.9027966005461556,0.757655143737793,0.946106561592647,0.005538310256919691,0.9934174588748387
150,6.25e-06,0.5039502661805891,0.4776041034229112,0.3605372835447257,0.5084618421998207,0.5042190709695646,1.0502464949473522,1.1332169488128687,1.0575375038420773,1.0401900136914692,0.761887236215331,0.9460653108773331,0.0045513697006250645,1.0260805695750426,0.4669029116630554,0.4437279530933925,0.3255520462989807,0.48531157204083036,0.45320586221558706,0.9269358686038426,0.7054698296955654,0.9584705318723407,0.9027834619794574,0.757655143737793,0.946106561592647,0.005534217160727296,0.9934294904981341
151,3.125e-06,0.505687564498852,0.48040442478315803,0.3675337277485497,0.5105180124688393,0.5054621968601307,1.050388374073854,1.1358009701603757,1.0587147646058397,1.0392146922418766,0.7617686828342053,0.9460051517774785,0.004558499835640659,1.0278106823008704,0.46689856478146147,0.44372508355549406,0.3255611062049866,0.4853017202445439,0.4532066796507154,0.9269333396639142,0.7054792727742877,0.9584671003477914,0.9027815972055707,0.7576990638460431,0.946106561592647,0.005532816252005952,0.9933712141854423
152,3.125e-06,0.5041404390296483,0.4765364288061423,0.35329965281280645,0.5094190326756036,0.5038899065222022,1.0499873450815003,1.1277133642630004,1.0590583459145946,1.0383257914155608,0.7616501431882028,0.9456530380622156,0.004329441582177918,1.0271651866432145,0.4668960954461779,0.4437253304890224,0.32558414340019226,0.4852891138621739,0.4532131680420467,0.9269342422485352,0.7054944378989083,0.9584675175803048,0.9027816653251648,0.7577283552714756,0.9461504476411002,0.005530579813889095,0.9932531544140407
153,3.125e-06,0.5041743571926823,0.4774846777810448,0.3594730464400823,0.5081921422153438,0.5049799590000126,1.0503557480417325,1.1293916395401478,1.0581964631371412,1.039880630780862,0.7624481258943026,0.9460847715847697,0.004445466991962289,1.0255423741796115,0.46688787426267353,0.443716436624527,0.32557518993105206,0.4852775250162397,0.4532087445259094,0.9269314067704337,0.7054994787488665,0.9584651078496661,0.902779085295541,0.7577576126371112,0.9461650933538165,0.0055291242232280114,0.9932186944144112
154,3.125e-06,0.5064523994954805,0.4805544682019991,0.3669331775715849,0.5095060165997652,0.5080494047240572,1.0496493882574522,1.1292966132027615,1.0571607954426192,1.0394831903226558,0.7625348283610213,0.9462581751993779,0.0044555279505248116,1.0272195542817237,0.4668842852115631,0.4437145505632673,0.32557931542396545,0.48527477043015615,0.4532042826925005,0.9269255484853473,0.705497682094574,0.9584587897573199,0.9027732610702515,0.7577722498348781,0.9461504476411002,0.005527422430792025,0.9932218194007874
155,3.125e-06,0.505517056245001,0.47948720269568595,0.3640983475425471,0.5097153842352689,0.5060327672276442,1.0498616794155406,1.1289408606448434,1.0577306071616994,1.0393567758512317,0.7623154267194268,0.9461750088353061,0.004610249043894149,1.0264611242593331,0.46687991278512136,0.4437102973461151,0.325566828250885,0.4852789214679173,0.4531915528433664,0.9269151772771563,0.7054863742419651,0.9584491678646633,0.9027623704501561,0.7577429754393441,0.9461065530776978,0.005526968544082982,0.9933037757873535
156,3.125e-06,0.5041721733080909,0.475606913156144,0.3502261628348057,0.5075943635980695,0.5058816420150588,1.0500510748952256,1.1319082415689343,1.0580549177709169,1.0393183522139506,0.7621225652923728,0.9459768380593816,0.003752141650132855,1.0258577922454604,0.4668843703610556,0.44372083459581646,0.32560187578201294,0.4852848393576486,0.4531934218747275,0.9269120693206787,0.7054933565003532,0.9584466133798871,0.9027580874306815,0.7577429924692426,0.946121198790414,0.00552506053021976,0.9932804107666016
157,3.125e-06,0.5055362102281578,0.48117269635908166,0.37254549459193886,0.5100599487472468,0.5054453897977995,1.0500087303145151,1.1316070077358809,1.0587607922582323,1.0385368556765306,0.7617226831667242,0.9456866561433656,0.004425751799250125,1.0286821814015692,0.46688573701041086,0.44372633951050894,0.325629038470132,0.4852821145738874,0.4531982200486319,0.9269119245665414,0.7055075764656067,0.9584460003035409,0.902758138520377,0.7577576041221619,0.9461504731859479,0.005523436569741794,0.9932186007499695
158,3.125e-06,0.5058525439796098,0.4829604940130076,0.3828170024666732,0.5082760679676799,0.5075301772764549,1.0501836096346218,1.1430294498905773,1.0578594150507186,1.0394127882305377,0.7619880862127943,0.946074156682683,0.004213462938181151,1.0272172652767981,0.4668876145567213,0.44373237660952974,0.32565816385405405,0.48527909176690237,0.4532039591244289,0.9269127590315682,0.7055238740784782,0.9584460854530334,0.9027589133807591,0.7577868870326451,0.9461504731859479,0.005520912619041545,0.9931382707187107
159,3.125e-06,0.5050651497185971,0.4794699180885321,0.36695582572022967,0.5082927444980907,0.5064412388554536,1.0501304612697553,1.1305431848722602,1.0579924801202703,1.0395879008869062,0.761908470780156,0.9458742154268593,0.004179095522954424,1.0275876216803508,0.4668905053819929,0.4437411001750401,0.3256926877158029,0.4852812588214874,0.4532064412321363,0.9269099916730609,0.7055309585162571,0.9584437097821917,0.9027558735438755,0.757801524230412,0.9461504731859479,0.005518415277557713,0.9931005750383649
160,3.125e-06,0.5051611255486463,0.4801659102994432,0.3689782815049033,0.5095585935899392,0.5053031464010332,1.049623632939262,1.135096784192552,1.0576955423249597,1.0387025249371062,0.7615581284132894,0.9455362662906204,0.0039852333611457395,1.0282066051727106,0.466884651354381,0.4437350971358163,0.32567899567740305,0.4852823572499411,0.4531937369278499,0.926900463444846,0.7055210811751229,0.958435092653547,0.90274521282741,0.7577283552714756,0.9461504731859479,0.005517076035695416,0.9931633813040597
161,3.125e-06,0.504550990515378,0.47842041618169096,0.36299504602656646,0.508376210461548,0.5054443241516706,1.051276650096813,1.133900955311363,1.0598351457475395,1.039964171788915,0.7614590527878796,0.9458229000736943,0.004708670645387299,1.0269358071583512,0.46687313488551546,0.44371933170727323,0.32563542893954683,0.4852800028664725,0.4531741568020412,0.9268882189478193,0.7055011136191232,0.958424048764365,0.9027319976261684,0.7577283552714756,0.9461504731859479,0.0055149452361677375,0.9932583740779332
162,3.125e-06,0.5038056535394013,0.47698828232204726,0.3585656115285654,0.5076969324641786,0.5047556004264325,1.0499752803036668,1.1329639316312827,1.0584720402103596,1.0387124157054837,0.7618907846056058,0.9460228388526924,0.004364982786393864,1.0259314353119922,0.46686882206371855,0.44371636850493296,0.32563590151923044,0.4852772993700845,0.45316837089402334,0.9268830503736224,0.7055019991738456,0.9584193996020726,0.9027259945869446,0.7577137095587594,0.9461504731859479,0.005511985027364322,0.9932620184762138
163,3.125e-06,0.5059955722244766,0.4812517564359769,0.37063343471536364,0.5108705880316412,0.5056325621818506,1.0492167990077719,1.1268622852053696,1.057904065459468,1.0379412098955092,0.7614112686802101,0.9456565811771737,0.00441622453730672,1.029019080363797,0.46686043058122906,0.44370770028659273,0.3256207491670336,0.485274681023189,0.4531540061746325,0.926872900554112,0.7054885370390755,0.9584092838423592,0.9027165515082223,0.7577283552714756,0.9461211817605155,0.005510764063469001,0.9933286649840218
164,3.125e-06,0.5061774663808084,0.48132556052833264,0.37065054951522136,0.5106685379197388,0.5062039152262214,1.0508460012951608,1.134661340546235,1.058663544304874,1.0402345827188095,0.761195409542409,0.9455221056680839,0.004616237877271527,1.0296987396797102,0.46685874462127686,0.4437097651617868,0.3256436969552721,0.4852686268942697,0.45315566658973694,0.9268706015178135,0.7054976565497262,0.9584067719323295,0.9027137075151715,0.7576990638460431,0.9461358274732318,0.005509217269718647,0.9932689326150077
165,3.125e-06,0.5062684633573582,0.4802868112608091,0.36474903954793103,0.5108037212058395,0.5064504600767824,1.050718666731314,1.1292004746098938,1.0591640704011376,1.0396573286216064,0.7610467757911085,0.9456088057866434,0.004043359327779885,1.0293328313652528,0.4668505276952471,0.44370007514953613,0.3256234739507948,0.4852640671389444,0.4531445418085371,0.9268613031932286,0.7054869617734637,0.9583970989499774,0.9027042729513985,0.7576990638460431,0.9461211817605155,0.005506785786045449,0.9933081609862191
166,3.125e-06,0.505289296008932,0.4802071603001998,0.3684977928625849,0.5098303480529167,0.5053080560642517,1.0492466145506179,1.1369180587324914,1.0576085550554752,1.0379624084337813,0.7620730178779482,0.9458759856494259,0.004597074071878212,1.0270689816585568,0.46684731755937847,0.4436992236546108,0.3256391244275229,0.48525467089244295,0.45314683658736093,0.9268601025853839,0.7054969923836845,0.9583950638771057,0.9027036939348493,0.7576990638460431,0.9461504646709987,0.005502305791846344,0.9932293551308768
167,3.125e-06,0.5049530068926082,0.47894985287882996,0.3624273227377962,0.5103364976688906,0.5043204338468221,1.0500277220334353,1.135052107728885,1.0576020049456962,1.0396193072272195,0.7618854686304227,0.9461396254852406,0.00427043772540299,1.0273658703033564,0.466844379901886,0.4436979421547481,0.32564958930015564,0.4852477822984968,0.45314708777836393,0.9268572841371808,0.7055043237549918,0.9583926115717206,0.9026997344834464,0.7577283552714756,0.9461504646709987,0.005500250629016331,0.9931792957442147
168,3.125e-06,0.5069519696818515,0.48331661227260225,0.3779436998346723,0.5113329141608329,0.5068713720592369,1.0497991787184269,1.1354999924053453,1.0582152565491887,1.0385266329492033,0.7624145123486382,0.9458689081688154,0.004009062228538397,1.0274927632524333,0.4668330252170563,0.4436833049569811,0.325615257024765,0.4852412853922163,0.45313202483313425,0.9268467170851571,0.7054923602512905,0.9583823169980731,0.90268988268716,0.7577137095587594,0.9461504646709987,0.00549859952713762,0.9932318840708051
169,3.125e-06,0.503939453550628,0.47684182975334666,0.3572677540187249,0.5077893701168376,0.5049786451566689,1.0498433558283402,1.1323066938907729,1.0575087439093922,1.0394292187832268,0.761958012758431,0.9459396762521088,0.004236093617239901,1.0259438298936154,0.4668232074805668,0.4436714393751962,0.32558296833719524,0.485242166689464,0.45311251282691956,0.9268343618937901,0.7054738913263593,0.9583705748830523,0.9026760969843183,0.7576551607676915,0.9461212073053632,0.005497442159269538,0.9933457374572754
170,3.125e-06,0.5058614558550839,0.4802110082576935,0.3659788445723874,0.5104979017394591,0.5058876220368078,1.0498940404916672,1.133372910204155,1.0590990190562595,1.0379063859863404,0.7616625183090543,0.9456795717147769,0.004640428307659711,1.0285803181251447,0.46681444559778484,0.4436615918363844,0.3255673476627895,0.48523508650915964,0.4531018819127764,0.9268274988446917,0.7054715497153146,0.958364725112915,0.9026692339352199,0.7576698064804077,0.9461212073053632,0.0054946548438497955,0.9933616263525826
171,3.125e-06,0.5034043161822729,0.4785299629568089,0.36881845600850766,0.5068890320180367,0.504405836639569,1.0499470330095266,1.1356095388909642,1.0577388009829451,1.039299853061639,0.7616271301340041,0.9458777618549736,0.004563667259470062,1.025880674156574,0.4668115888323103,0.4436614896569933,0.3255780552114759,0.48523282579013277,0.4530982417719705,0.9268237011773246,0.7054759008543832,0.9583618130002703,0.9026642782347543,0.757684418133327,0.9461358189582825,0.005490561215473073,0.9933459162712097
172,3.125e-06,0.5043104780859002,0.4777439476281839,0.3598578758839331,0.5087076600860146,0.5047284227349085,1.0501430803418352,1.1292840163256115,1.058214372258153,1.0394335806337616,0.7623455012352867,0.9461183837472718,0.004524532381869366,1.0257475388352446,0.46680848939078196,0.44366019112723215,0.3255805586065565,0.48523346866880146,0.4530911445617676,0.9268173064504351,0.7054728439876011,0.9583563123430524,0.9026567425046649,0.757684418133327,0.9461212073053632,0.005487459645207439,0.9933656624385289
173,3.125e-06,0.5052160106506852,0.48070478677363637,0.3728269400045927,0.5084294523024521,0.5064155497199705,1.0497991508943483,1.1334410457114432,1.0574758516667793,1.039334482298757,0.7614537344323707,0.9459025221648116,0.004384219971731962,1.0274882958955656,0.46679491656167166,0.44364293984004427,0.32554728218487333,0.48522059832300457,0.4530772737094334,0.9268085019929069,0.7054656403405326,0.9583473886762347,0.9026478784424918,0.7576697809355599,0.9461212073053632,0.005485008537237134,0.9933879630906242
174,3.125e-06,0.5059420836821029,0.4791768245837268,0.36094039457428473,0.5098674767607942,0.5068499938385331,1.0493261400133742,1.129847561804848,1.056823996614908,1.0391441629309945,0.7617403743914251,0.9459113735671437,0.004390479710819557,1.0290115723980484,0.46679292406354633,0.44364344222205027,0.32556078263691496,0.48521627698625835,0.453077107667923,0.9268064669200352,0.7054763947214399,0.9583456345966884,0.9026456049510411,0.7576551692826408,0.9461212073053632,0.005482416733035019,0.9933441621916634
175,3.125e-06,0.5053193305900016,0.4790499339988923,0.3624437756301645,0.509703988891901,0.5056972434503995,1.049838724614991,1.1285627534823102,1.0578768346609455,1.0391769156993818,0.7620730210624382,0.9458830533192342,0.004501273677017413,1.0280880668455372,0.4667884281703404,0.44364014693668913,0.3255593648978642,0.48521444627216886,0.4530700828347887,0.9267989567347935,0.7054715071405683,0.9583383628300258,0.9026370474270412,0.7576697809355599,0.9461212073053632,0.005480384986315455,0.9933586716651917
176,1.5625e-06,0.507645806234332,0.4838319262394182,0.3794894191987825,0.5103249592647254,0.5092385024942068,1.0496898518982798,1.132010091013736,1.0578358482169385,1.0387998623778483,0.7613599529088798,0.9456123443339493,0.004586710967525591,1.0310447971948211,0.4667831233569554,0.4436339906283787,0.32554743119648527,0.48521119356155396,0.45306300265448435,0.9267934049878802,0.7054648399353027,0.9583329813820975,0.9026315127100263,0.7576405235699245,0.946106561592647,0.005479199745293174,0.9933821388653347
177,1.5625e-06,0.5039200476389348,0.47822335984857417,0.3632659376214404,0.5090581069620506,0.503470379937615,1.0500311783308347,1.132771080754862,1.0584574283552504,1.0388470758828225,0.7618890039610722,0.9460759217907658,0.004296889636063465,1.0255978898428224,0.46677999411310467,0.4436308571270534,0.32554513216018677,0.4852075917380197,0.45306009905678885,0.9267902544566563,0.7054638011114938,0.9583297031266349,0.9026282855442592,0.7576405235699245,0.946106561592647,0.0054777611845305985,0.9933766807828631
178,1.5625e-06,0.5050643460852227,0.4771002336283085,0.35421212690621534,0.5085533537931591,0.5066037526725115,1.0491193647456696,1.1287564013175428,1.0566793035573079,1.038904873602981,0.7622464264462075,0.9460936104743081,0.0045042092048930464,1.0263759431746349,0.4667793129171644,0.4436315383229937,0.3255501857825688,0.48520825590406147,0.45305790645735605,0.9267866866929191,0.705461357321058,0.9583266632897514,0.9026245474815369,0.7576405235699245,0.946106561592647,0.005476737062313727,0.9933883207184928
179,1.5625e-06,0.504762527351436,0.47904779218816784,0.3656024805320898,0.5083907492503049,0.5057730409369492,1.0500575226509952,1.131665881877967,1.0589161859096479,1.0384787504118453,0.7625153715135725,0.9460723865566161,0.004381709827421283,1.026528007715249,0.4667784103325435,0.4436330199241638,0.32556154472487314,0.4852076087679182,0.453056309904371,0.9267834510122027,0.7054605313709804,0.9583236830575126,0.9026211074420384,0.7576551692826408,0.946106561592647,0.005475187341549567,0.9933867624827794
180,1.5625e-06,0.5063316839421947,0.48148241870736536,0.37212559918551846,0.5095812992282771,0.507555459746141,1.0500434724241092,1.1276789007480248,1.0584802518840488,1.0390187263874768,0.7614944318919585,0.9458441354748499,0.004543663036601926,1.0292439518332546,0.46677935123443604,0.44363742215292795,0.3255800860268729,0.48520879660333904,0.4530566377299173,0.9267812541552952,0.7054612466267177,0.9583219630377633,0.9026185699871608,0.7576698064804077,0.946106561592647,0.0054744514636695385,0.993375131062099
181,1.5625e-06,0.5064011384716436,0.4807914860880317,0.3662234437317701,0.5115215453790191,0.5059534108001865,1.0501057617868916,1.133900785922232,1.0578693824398537,1.039548974389716,0.7611954040097598,0.9457857444424019,0.0043149967314760895,1.0293324733513853,0.4667770266532898,0.4436359277793339,0.32558235951832365,0.4852064720221928,0.45305404918534414,0.9267778481755938,0.7054601567132133,0.9583178673471723,0.9026151384626117,0.7576698064804077,0.946106561592647,0.0054734146355518275,0.9933780687195914
182,1.5625e-06,0.5041951967520901,0.4795840655348459,0.37104768138348704,0.5076296209517004,0.5051990417905324,1.0491996301359185,1.1368633685276692,1.0577544516251014,1.0377226282118206,0.7616182861299818,0.9459520664912459,0.004098046186902292,1.0266170501065652,0.46677341631480623,0.44363169159208027,0.3255717286041805,0.4852063868727003,0.45304711375917706,0.9267729435648236,0.7054542047636849,0.9583138908658709,0.9026105999946594,0.7576698064804077,0.94609192439488,0.005472463356064898,0.9934150917189462
183,1.5625e-06,0.5060908173105875,0.4824266225919811,0.37799065603929405,0.5094650330829157,0.5069865557514392,1.0493587962499002,1.1377850509436145,1.0566927714085361,1.039077440404403,0.761749224474928,0.9459874518678051,0.004475579370884752,1.0289475652120337,0.46676754099982126,0.44362419843673706,0.32555457949638367,0.4852026275226048,0.45303987179483685,0.9267672981534686,0.7054469926016671,0.9583075046539307,0.9026043840817043,0.7576698064804077,0.94609192439488,0.005471517331898212,0.9934409771646772
184,1.5625e-06,0.5039176704815382,0.47914244920513915,0.36920829399559735,0.5080153645532426,0.5043103370676797,1.0499319591460456,1.1345843599734278,1.0583968210143138,1.0386452661999097,0.7613953452655835,0.9455734226939103,0.004445227595821176,1.0270734678650315,0.46676331758499146,0.4436195577893938,0.3255485381398882,0.48519822529384066,0.453035797391619,0.9267636282103402,0.7054440038544791,0.9583038432257516,0.9026005523545402,0.7576698064804077,0.9460772786821637,0.005470305348613432,0.9934444853237697
185,1.5625e-06,0.5054370230973507,0.4816872129489201,0.3759999121853421,0.5096531039273745,0.5055355526149048,1.0493151447094908,1.131933063928076,1.0573946464660036,1.0384815285737232,0.7616802176718962,0.9458016691758577,0.004231887053310292,1.0282836583454547,0.4667562416621617,0.4436099869864328,0.3255252497536795,0.4851941466331482,0.4530261754989624,0.926757982798985,0.7054331132343837,0.9582986320768084,0.9025944726807731,0.7576551607676915,0.9460772786821637,0.005469270250094789,0.9934857828276498
186,1.5625e-06,0.504562490416165,0.47779052883499196,0.3592839727064628,0.5087173009201827,0.5052502590195913,1.0495757215163286,1.1374658957984212,1.0572149466001466,1.0390067239484462,0.7620146281643295,0.9457167302410602,0.004198507594042174,1.0272523115855967,0.46675263132367817,0.44360560178756714,0.3255200513771602,0.4851886417184557,0.4530242511204311,0.9267564841679165,0.7054363829748971,0.9582970823560443,0.9025929995945522,0.757684418133327,0.9460772786821637,0.0054683151787945205,0.9934673053877694
187,1.5625e-06,0.5050848340319095,0.4791295712243784,0.36412133053709095,0.5092238609011085,0.5056445695423656,1.0509068230905858,1.1374380844255685,1.058436384409489,1.0404929090884332,0.7606982022314798,0.9453469329889054,0.004238050754437866,1.0292493695191158,0.4667507367474692,0.4436046779155731,0.32552643758910044,0.48518346888678415,0.4530255113329206,0.9267559477261135,0.7054429054260254,0.958296035017286,0.9025930421692985,0.7576990553310939,0.9460626329694476,0.005467445190463748,0.9934285368238177
188,1.5625e-06,0.5050571779592321,0.4800134758272495,0.36982418274274725,0.5083102141916591,0.5063117504505872,1.049160893582294,1.1283478282042214,1.0571016287456252,1.0385804618299168,0.7625525201968869,0.9460989252914948,0.004437788459736225,1.0257317773471055,0.4667461429323469,0.44359941141945974,0.3255200343472617,0.4851770613874708,0.45302284189632963,0.926753044128418,0.705443297113691,0.9582924246788025,0.9025903514453343,0.7576990553310939,0.9460626329694476,0.0054657853740666595,0.9934182933398655
189,1.5625e-06,0.505280292008416,0.48080220419654185,0.37073871623614124,0.5107043252657764,0.504340955729235,1.0501021178940857,1.1320169751732914,1.0587672287235372,1.0387066011163781,0.762129645764474,0.9458158226895834,0.004294547099314521,1.026823425543868,0.4667454021317618,0.4436002884592329,0.3255288302898407,0.4851755201816559,0.4530224927834102,0.9267515625272479,0.7054479207311358,0.9582910963467189,0.902588563305991,0.7576990553310939,0.9460479957716805,0.0054643553282533374,0.9933978744915554
190,1.5625e-06,0.5047119933723825,0.4802151993359351,0.37238492448781546,0.5079386776611732,0.5058962034008275,1.0491315294971868,1.1291607775304746,1.0562831041816756,1.039312201452075,0.7611582517881234,0.9457397402394352,0.004794431187758293,1.0287243508031674,0.46674240486962454,0.4435976232801165,0.3255301330770765,0.4851709306240082,0.4530203768185207,0.926749084677015,0.7054493001529148,0.9582882693835667,0.9025854894093105,0.7577136925288609,0.9460479957716805,0.0054628727957606316,0.9933817386627197
191,1.5625e-06,0.5058282818333625,0.47957606476123954,0.36339442641813563,0.5098791550573503,0.5065252732986125,1.049995473250787,1.1279113096478046,1.0579927950631074,1.0394007149607314,0.7621703454435547,0.9461696998724343,0.004093233351326807,1.027942958228085,0.46673737679209026,0.44359184162957327,0.3255194510732378,0.48516673701150076,0.4530153146811894,0.9267458149365017,0.7054473417145866,0.9582859873771667,0.9025827561106,0.7577283382415771,0.9460333585739136,0.005461246307407107,0.9933796950748989
192,1.5625e-06,0.5061862417252978,0.48116548300690093,0.3716825331248146,0.508861126027362,0.5079946791681803,1.0503779047576403,1.1286224496087962,1.0582712886144325,1.0398765685297127,0.7618005444279119,0.9459998454522649,0.00415355728698429,1.028194263312087,0.46673591222081867,0.4435908283506121,0.32551958731242586,0.4851659493786948,0.45301312633923124,0.9267440353121076,0.7054501005581447,0.9582838075501579,0.9025806529181344,0.7577429754393441,0.9460333585739136,0.00546011355306421,0.9933741859027317
193,1.5625e-06,0.5041242602285796,0.479128861887289,0.36786820617676813,0.5085906164104463,0.5041997270106755,1.0487790649412003,1.1355209883907584,1.0564797617458872,1.0381870678934095,0.7620040094987547,0.9459237543814772,0.0043331310811416885,1.0262231002031503,0.4667313609804426,0.443585319178445,0.3255085604531424,0.48516289251191275,0.45300724250929697,0.926739684173039,0.7054457494190761,0.9582800439425877,0.902575603553227,0.7577283382415771,0.9460333585739136,0.005458660490278687,0.9933950730732509
194,1.5625e-06,0.5064681843365455,0.4821882897206917,0.3742761038569457,0.51065119375619,0.5066915520673434,1.0503305364028221,1.1366989346240188,1.0584356967526645,1.039346381257948,0.761843001044768,0.945849437843576,0.00461334105394077,1.0290457942456217,0.4667292024408068,0.44358370133808683,0.32550824114254545,0.4851612022944859,0.45300481574875967,0.9267364740371704,0.7054435695920672,0.9582772595541817,0.9025723423276629,0.7577283382415771,0.9460333585739136,0.0054571958524840215,0.9933943833623614
195,1.5625e-06,0.5044047386017093,0.4763910046668549,0.35294700376548704,0.5082208211204521,0.5056373179441391,1.0496905361454485,1.1332609470766812,1.0568125939536468,1.0397828926090542,0.7619739429280363,0.9460281510643874,0.004597759603573481,1.0265242403671668,0.4667256346770695,0.4435797163418361,0.3255012163094112,0.4851585626602173,0.45300058807645527,0.9267324038914272,0.7054416963032314,0.958272669996534,0.9025685702051435,0.7577283382415771,0.9460333585739136,0.005456589827580112,0.9933976786477225
196,1.5625e-06,0.5041294399301104,0.4782257840817385,0.36262949303202674,0.5090363401209929,0.5039390341629547,1.0498524066633748,1.1359527109766805,1.0584067217221598,1.0384280718601657,0.7618005325584494,0.9456264992630038,0.004231471052927081,1.0263490577163532,0.4667252557618277,0.44358075516564505,0.3255086498601096,0.48515845622335163,0.4529992938041687,0.9267305306025914,0.7054435951369149,0.9582711202757699,0.9025663903781346,0.7577136925288609,0.9460333585739136,0.005455724961523499,0.9933918288775853
197,1.5625e-06,0.5049589854990284,0.4805923379953655,0.3724409409522753,0.5090178449573353,0.5053174138969817,1.0498295252347598,1.1305344086110238,1.0581479863868297,1.03882103254521,0.7624198116937072,0.9461891655978549,0.004607370925420886,1.0264250400319848,0.46671957203320097,0.44357304913657053,0.3254900021212442,0.4851554376738412,0.4529910981655121,0.9267247148922512,0.7054352930613926,0.9582660283361163,0.9025601744651794,0.7577136925288609,0.9460187469209943,0.005454934734318938,0.9934246454920087
198,1.5625e-06,0.5054127429699936,0.47969574131839543,0.36466133884012025,0.5105414068415818,0.5049758809550801,1.0496818493072626,1.1332986080768748,1.0582961165705567,1.0382804525779894,0.7614731948824747,0.9458069768842335,0.0041522403985600675,1.028730201547492,0.4667166939803532,0.443570362670081,0.32548617465155466,0.48515441162245615,0.45298637662615093,0.9267201934541974,0.705431342124939,0.9582608682768685,0.9025556189673287,0.7576844351632255,0.9460187469209943,0.005454438605478832,0.99344231401171
199,1.5625e-06,0.5042803021166946,0.48124564626830624,0.37880192696244025,0.5083113407612619,0.5044319740322173,1.0506485151202372,1.1320176621867848,1.0593349504522291,1.0392496811011902,0.7622924216747027,0.9460812362862868,0.004266572015734939,1.026411912084848,0.46671177233968464,0.44356437240328106,0.3254729424204145,0.485151469707489,0.4529800500188555,0.9267152207238334,0.7054251858166286,0.958256082875388,0.9025510549545288,0.7576990723609924,0.9460187469209943,0.005454073061368295,0.9934672713279724
200,1.5625e-06,0.5065122099741047,0.4817495036948647,0.37295193437042584,0.5095807898385551,0.5078957089526037,1.0498955258793015,1.1369088897174973,1.0573526270249312,1.0395379273619962,0.7613847270825073,0.9456866626731782,0.0044416008236693874,1.029826824625183,0.4667081577437265,0.4435598977974483,0.325462635074343,0.48515012860298157,0.4529743194580078,0.926710307598114,0.7054188506943839,0.9582514337130955,0.9025462780679975,0.7576990723609924,0.9460187469209943,0.005453260815037149,0.9934890355382647
201,1e-06,0.5036851641974832,0.4794943701300953,0.371050383696605,0.5087343909678688,0.5030569782851518,1.0493126841924414,1.1321541009178306,1.0567051649286627,1.0391586625569587,0.7622358122839519,0.9458459011619309,0.004386422443791673,1.0257625223106779,0.46670726793152945,0.44356019156319754,0.3254680335521698,0.4851488769054413,0.45297380856105257,0.9267094731330872,0.7054215669631958,0.9582506843975612,0.9025449497359139,0.7576990723609924,0.9460187469209943,0.005452681199780532,0.9934771146093097
202,1e-06,0.5033855519131333,0.47705699817849956,0.360496443571172,0.5074872575897303,0.5040468989966435,1.04897746171941,1.1358900864704582,1.0574376255643734,1.0376204799717976,0.7622835828173309,0.946275863303922,0.004183108350427905,1.025352297251249,0.46670673148972647,0.44356071949005127,0.3254715417112623,0.4851497496877398,0.45297173517090933,0.9267078467777797,0.7054224610328674,0.9582490835871015,0.9025430934769767,0.7576844266482762,0.9460187469209943,0.00545218779838511,0.9934821554592678
203,1e-06,0.5034036779493752,0.4776074106765321,0.3632515999541306,0.5075666833361354,0.5039124714318186,1.0501626043530714,1.128128421158644,1.0580184682278908,1.0397079041759452,0.7607636681390465,0.9458742090257128,0.00432128156849454,1.0274602935819837,0.4667051817689623,0.44355954442705425,0.32547093289239065,0.48514956661633085,0.4529685505798885,0.9267053859574454,0.7054207750729152,0.9582463332584926,0.9025408710752215,0.7576697809355599,0.9460187469209943,0.0054516007325478965,0.9934948767934527
204,1e-06,0.5031905400707988,0.4760896063339884,0.3560393666069506,0.5074793964190156,0.503806753233839,1.0502257385385145,1.1352230022870973,1.0577807482422459,1.0398374128457475,0.7615829038414129,0.9460352339811474,0.0042744831893747875,1.0264729752581763,0.4667064206940787,0.4435627545629229,0.3254819767815726,0.4851513079234532,0.45296897632735117,0.9267045089176723,0.7054230059896197,0.9582457542419434,0.9025393213544574,0.7576990553310939,0.9460187469209943,0.005451052449643612,0.9934894272259304
205,1e-06,0.5067180383224714,0.48031855607380175,0.36330641829446403,0.5109616499364023,0.5072548052811713,1.050632915108254,1.1406310695412991,1.0590902703939356,1.0391755591066734,0.761234335460601,0.9456955039108758,0.0038956184255492486,1.0296516123167965,0.46670577781541006,0.4435631547655378,0.3254883161612919,0.48514955810138155,0.4529690018721989,0.9267036659376962,0.7054263949394226,0.9582443152155194,0.9025387593678066,0.7577137010438102,0.9460187469209943,0.005450484010257891,0.9934732913970947
206,1e-06,0.5048089959591836,0.47771222951344006,0.3579906233246109,0.5088024657929323,0.5057095368360096,1.049974565240929,1.1304014806675384,1.0581936135654892,1.0390744319942533,0.7617563060085257,0.9463342586466896,0.0045351596605444815,1.0258502393430204,0.4667047985962459,0.44356298446655273,0.3254918668951307,0.48514855333736967,0.452967779976981,0.9267016904694694,0.705426037311554,0.9582428932189941,0.9025362644876752,0.7576990553310939,0.9460479957716805,0.00544978358915874,0.9934718097959246
207,1e-06,0.5058685880188548,0.48201621762495456,0.37593305422947076,0.5100455109775871,0.5060228335490693,1.0500459393744719,1.1395815415312907,1.057758780730073,1.0393485624727146,0.7611865505809341,0.9455344886054108,0.004268270303307758,1.029994241816896,0.4667018396513803,0.4435597913605826,0.32548534870147705,0.4851471355983189,0.45296381626810345,0.9266980290412903,0.7054213200296674,0.9582390359469822,0.9025332416806903,0.7576990553310939,0.9460333841187614,0.0054490783784006324,0.9934902276311602
208,1e-06,0.5066504980574668,0.4810658283511562,0.3680920293057087,0.5103574457582885,0.5075623155347863,1.0492003841523667,1.1243843709978618,1.0571599599160957,1.0387344684590536,0.7617315332180605,0.9458618309133707,0.004238388469946333,1.0300951171294457,0.4666984592165266,0.44355567012514385,0.3254778342587607,0.48514456834111896,0.4529593927519662,0.9266953894070217,0.7054200257573809,0.9582364474024091,0.9025307212557111,0.7576844436781747,0.9460187469209943,0.005448981055191585,0.9935023188591003
209,1e-06,0.5037793162476354,0.47869726204897867,0.3677050436887623,0.5076395828564362,0.5044548513756787,1.0489219440297057,1.1380869512035598,1.057205027750358,1.0376666787824822,0.7620181675801326,0.9460812365757859,0.00441839186931044,1.0260308406125258,0.46669636028153555,0.44355352435793194,0.3254753734384264,0.48514245663370403,0.45295736619404386,0.926693720476968,0.7054208772523063,0.958234429359436,0.9025285925183978,0.7576698064804077,0.9460479957716805,0.005448635268424239,0.9935018079621452
210,1e-06,0.5038209809719133,0.47792002270817435,0.3627362546972886,0.508346501727781,0.5039983912860131,1.0494966040542817,1.1352722763822198,1.0576480791109417,1.0384859669806825,0.7614625785972258,0.9458246758932431,0.004293233869271629,1.027007788114141,0.46669435501098633,0.44355152760233196,0.32547092863491606,0.48514207771846224,0.45295429655483793,0.9266913703509739,0.7054182631628854,0.9582323261669704,0.9025253568376813,0.7576698064804077,0.9460479957716805,0.00544779674549188,0.9935135585921151
211,1e-06,0.5033308965607842,0.47698316478240316,0.36054808496463897,0.507235875852804,0.5041853428465961,1.0504339239884246,1.1322823891238272,1.0583625107408534,1.039777210835695,0.761183010939965,0.9457786708539457,0.004279297893877954,1.0275746621251813,0.46669226459094454,0.4435492583683559,0.3254670075007847,0.4851411495889936,0.452951009784426,0.9266890713146755,0.7054162536348615,0.9582298398017883,0.9025233813694545,0.7576698064804077,0.9460479957716805,0.005446844601205417,0.9935219458171299
212,1e-06,0.5047345245875221,0.4768509906623663,0.353013279385909,0.5094519427545767,0.5050745186809585,1.050795364527849,1.1352644380015164,1.058512525370619,1.0402625898573763,0.7612679489740988,0.9459697636667613,0.004448127045627348,1.0282934547692972,0.466690685067858,0.4435480237007141,0.3254660538264683,0.4851408771106175,0.4529478507382529,0.9266860314777919,0.7054131031036377,0.958227242742266,0.9025200179644993,0.7576698064804077,0.9460479957716805,0.005445815423237426,0.9935343776430402
213,1e-06,0.504275685346133,0.4774399110097468,0.357916304334009,0.5091382871913189,0.5042916696038171,1.0495504419738,1.1276623457750627,1.0573208364549997,1.039176513359988,0.7614820359915061,0.9456972704021209,0.004439874827867817,1.0276475612434,0.46669319697788786,0.4435539075306484,0.3254860171249935,0.48514303139277865,0.4529505584921156,0.9266861592020307,0.7054182120731899,0.9582271150180272,0.9025202223232814,0.7576698064804077,0.9460479957716805,0.005444695773933615,0.9935121025357928
214,1e-06,0.5048149870140644,0.47813233342353423,0.3586810275759494,0.5102291590962871,0.5042717888492928,1.0500853342811802,1.1291171968530078,1.058163022068598,1.0393730905077874,0.7618182346554492,0.9458865949545303,0.004225461138889829,1.0273223334367507,0.46669276697295053,0.4435542566435678,0.325490619455065,0.48514228633471895,0.4529498985835484,0.9266845498766217,0.7054186293057033,0.9582258122307914,0.9025189195360456,0.7576698064804077,0.9460479957716805,0.005444041519824948,0.9935095650809151
215,1e-06,0.5025071005884274,0.47533344501942093,0.35402783833512474,0.5076940691574033,0.5022694451932449,1.0489696215695454,1.1337910829141085,1.0575157561883757,1.0375962673298937,0.7623419690247941,0.9461378600554922,0.004352506543662956,1.0243279753475014,0.4666916217122759,0.4435534562383379,0.3254909259932382,0.48514147315706524,0.45294841698237825,0.9266829916409084,0.7054186122758048,0.9582245009286063,0.902516952582768,0.7576844436781747,0.9460479957716805,0.0054434847884944505,0.9935101100376674
216,1e-06,0.5046704133909198,0.4796183071970232,0.36851218207681496,0.5087603841738899,0.5051189146360963,1.0503672315375714,1.1337787441736418,1.0585131841418682,1.0394406843944555,0.761910241260055,0.9460706191968737,0.0045849432297004715,1.0271635667028391,0.46669200914246695,0.44355532101222445,0.325497567653656,0.4851430356502533,0.4529475484575544,0.9266817569732666,0.7054201194218227,0.9582229171480451,0.9025154369218009,0.7576844436781747,0.9460479957716805,0.005442943889647722,0.9935088413102287
217,1e-06,0.5036111058123486,0.47856111241493493,0.366443041042579,0.5086708206520554,0.5031236138172684,1.049404720904952,1.1341807580740466,1.0581969672515465,1.03778665923326,0.7615050479520415,0.9458830567932232,0.004126706615460286,1.0265712878926663,0.4666894291128431,0.4435522811753409,0.3254922500678471,0.4851408302783966,0.45294470872197834,0.9266795941761562,0.7054190976279122,0.9582206521715436,0.9025134103638786,0.7576990553310939,0.9460479957716805,0.00544247283999409,0.9935113106455121
218,1e-06,0.502876583396327,0.4770432737989163,0.36120863856332597,0.5082945175834817,0.5021809294168459,1.048664205986554,1.1344999359288346,1.0572342863612991,1.037232997477923,0.7615280560204227,0.9457892906131837,0.004117664341129769,1.0264876308919801,0.4666879687990461,0.44355159997940063,0.3254950600011008,0.48513890164239065,0.4529437891074589,0.9266782999038696,0.7054195148604256,0.9582196303776332,0.9025119883673531,0.7576990553310939,0.9460479957716805,0.005441642299826656,0.9935022933142525
219,1e-06,0.5042192435431854,0.47471665737761465,0.34416790958745247,0.5087550842819893,0.5050184546260659,1.050217393084082,1.1276895779889142,1.058939184295893,1.038913271070749,0.7622641123955918,0.9462103980718531,0.004486943093262697,1.02545824780441,0.4666861891746521,0.4435503397669111,0.32549579654421124,0.4851376073701041,0.45294120056288584,0.9266755836350578,0.7054162195750645,0.9582176804542542,0.9025090421949115,0.7576990553310939,0.9460479957716805,0.00544070139793413,0.9935071468353271
220,1e-06,0.5027585297871202,0.4774289047531482,0.3634558055957973,0.5084479028510841,0.5017125990927316,1.050199015939551,1.1313080254337045,1.0583054444883813,1.0393888334036516,0.7614431129683048,0.9460511538896185,0.004158602027786435,1.0246020279507089,0.4666869725499834,0.4435532050473349,0.32550900748797823,0.4851371135030474,0.452942818403244,0.9266755495752607,0.7054218394415719,0.958217305796487,0.9025095105171204,0.7577137180737087,0.9460479957716805,0.00544038341779794,0.9934843352862767
221,1e-06,0.502837172518919,0.4751401273096438,0.35285249788312095,0.5068371679836907,0.5038367826682584,1.0502669981409907,1.1281592982624649,1.0578704642657646,1.0400669741038688,0.7613387226543745,0.9457450457283181,0.004456196799929592,1.0265298489294243,0.46668672987392973,0.4435541842664991,0.3255180333341871,0.4851341886179788,0.4529449003083365,0.9266757454190936,0.7054267355373928,0.9582168800490243,0.9025091188294547,0.7577283297266278,0.9460626329694476,0.005439372999327523,0.9934506160872323
222,1e-06,0.5030711289360532,0.4786134077224999,0.3695011359417818,0.5076740881236128,0.5029204180449071,1.0498832807435388,1.1333587436951371,1.0578448771465423,1.039139621108529,0.7619739327634018,0.9456282729917259,0.004370326235592848,1.025665930973409,0.466685631445476,0.4435535286154066,0.32551869324275423,0.48513406089373995,0.4529425118650709,0.9266739317349025,0.70542630978993,0.9582157901355198,0.9025067601885114,0.7577137180737087,0.9460772701672145,0.0054385604869042125,0.9934556569371905
223,1e-06,0.504466376864968,0.47864126079930397,0.3636739806780221,0.509093506813564,0.5045323458897765,1.0497282918118427,1.1312084273589473,1.0577288716146898,1.0390116209219549,0.7614625802377206,0.9459202234576473,0.004260837810372364,1.0276099973862325,0.4666857974869864,0.4435551847730364,0.3255253178732736,0.48513501456805636,0.45294204354286194,0.92667270558221,0.7054290175437927,0.9582148790359497,0.9025055425507682,0.7577137180737087,0.9460772701672145,0.005438008944370917,0.9934522254126412
