epoch,learning_rate,train_total_nll,train_selection_score,train_market_nll,train_sector_nll,train_idio_nll,train_mse,train_market_mse,train_sector_mse,train_idio_mse,train_coverage_68,train_coverage_95,train_standardized_residual_mean,train_standardized_residual_std,val_total_nll,val_selection_score,val_market_nll,val_sector_nll,val_idio_nll,val_mse,val_market_mse,val_sector_mse,val_idio_mse,val_coverage_68,val_coverage_95,val_standardized_residual_mean,val_standardized_residual_std
1,0.0002,0.5641260220341602,0.5735130573136954,0.6136182258816419,0.5640433430366496,0.5625590884374218,1.0823572739172884,1.1664937166330207,1.0828749596370653,1.0790352165790564,0.7533512992304652,0.9413344681537645,0.06541062126587552,1.06334816652631,0.5035053193569183,0.48689740896224976,0.40260662351335796,0.5163194877760751,0.49405442816870554,0.9760818311146328,0.7907083971159798,1.0005441904067993,0.9577985065323966,0.7524736438478742,0.9439842104911804,0.06357943266630173,1.0049950225012643
2,0.0002,0.5571532748139826,0.5646890698490055,0.5969332039691947,0.5570412382246956,0.5559393589580847,1.07398184940135,1.1503380457071908,1.0749330706188633,1.0704855127818025,0.7560910872477967,0.9421822635320536,0.06029445745710892,1.0564336199914255,0.49939740555627005,0.48214828968048096,0.3952232130936214,0.5121174837861743,0.49014965551240103,0.9700986572674343,0.7737492748669216,0.9949511374746051,0.9517910735947746,0.7539519923073905,0.944877062525068,0.059142758803708215,1.0003731761659895
3,0.0002,0.5529307916081385,0.5595339368199057,0.587581754768438,0.5530280106597476,0.5516785533990972,1.0687181066685436,1.1410214465151551,1.070111556994384,1.0649145027032219,0.7582735226695133,0.9429897605548806,0.05584743896120643,1.051140475291444,0.4962505485330309,0.47879705258778166,0.3908012126173292,0.5091599566595895,0.48685609868594576,0.965391252722059,0.7636980329241071,0.9909014786992755,0.9466042688914708,0.7554156695093427,0.9456674371446881,0.05542594886251858,0.9968541009085519
4,0.0002,0.549200065369125,0.5553594328352445,0.5817012019909411,0.5491209435450743,0.54819572057348,1.0639667432245936,1.1326849564978605,1.0660335438958328,1.0596091536088779,0.760679241485371,0.9435320262474337,0.05293310236775198,1.0474253161040197,0.4937956375735147,0.47623172402381897,0.3875323704310826,0.5069265493324825,0.484206531729017,0.9617221270288739,0.7567708492279053,0.9877603735242572,0.9425155690738133,0.7565719911030361,0.9462382878576007,0.05268748902848789,0.9941789337566921
5,0.0002,0.5460251052747064,0.5520394561050247,0.5774634551892083,0.5462302683380037,0.5447720694529723,1.0601088014310651,1.1294584001752577,1.06254032649447,1.0553655189791522,0.7617503049980355,0.943931574035289,0.05044965262305901,1.0451207674898615,0.4916978180408478,0.47411900758743286,0.3851161003112793,0.5050562492438725,0.48189225792884827,0.9586044124194554,0.7517827238355365,0.9851008483341762,0.939002241407122,0.7578015412603106,0.9465602891785758,0.05041686285819326,0.9919624669211251
6,0.0002,0.5432493227662274,0.5490114235963446,0.5729738091177289,0.5438214791657311,0.5416863958956459,1.056855151852277,1.1262256615722235,1.0596925490218678,1.0517052266760112,0.7630849623155179,0.9443730884982694,0.048754658424130966,1.0412120645130467,0.4899512231349945,0.4723091551235744,0.38285249045916964,0.5034844705036708,0.4799879917076656,0.9559681415557861,0.7469402211053031,0.9828141757420131,0.9360897200448173,0.7588407482419696,0.946882324559348,0.04828815587929317,0.9900828344481332
7,0.0002,0.5418868615147522,0.5469309163288892,0.5681654901395867,0.5421424267448283,0.5407553232149533,1.0542023900955442,1.1197271477059103,1.0573573697852405,1.0488634034419022,0.7637094635873102,0.9445359330878036,0.04643398524665918,1.0402311594194469,0.488408910376685,0.4708052788461958,0.38132771849632263,0.5021175273827144,0.47826989207948956,0.9536778160503933,0.7438819919313703,0.9808389374188015,0.9335098351751056,0.7597628831863403,0.9472043429102216,0.04639137749161039,0.9884750928197589
8,0.0002,0.5398273923674182,0.544786373621613,0.5654752798954523,0.5402567339321923,0.5385431519729079,1.0517118961092025,1.1201796704417795,1.0553106023785521,1.04583071197416,0.7647906117297659,0.9450127183017643,0.04440527582322703,1.0386408207908508,0.48701898966516766,0.46952020270483835,0.3802643460886819,0.500941800219672,0.4766547126429422,0.951616610799517,0.7417415976524353,0.9790864586830139,0.9311428155217852,0.7603776284626552,0.9475263442311969,0.04480159655213356,0.9870462843350002
9,0.0002,0.5381292327208453,0.5431557792428208,0.5640781982947299,0.5386105426384495,0.536782877328026,1.049735566804303,1.118940381959836,1.0532180228357857,1.04394618517548,0.7654570889851403,0.9451369546769646,0.04307872551186721,1.036320171781033,0.48591151407786776,0.46842830521719797,0.3790893384388515,0.4999765029975346,0.47540728534970966,0.9499106577464512,0.7390498093196324,0.9776463678904942,0.9292035273143223,0.7609484791755676,0.9475117070334298,0.043157020317656655,0.9858478137425014
10,0.0002,0.5366408478218778,0.541934063205094,0.5639907765925632,0.5371246529858478,0.53524528139381,1.047694491229177,1.1171561505204888,1.0517084809126027,1.0413649847613684,0.7663032116489538,0.9454408102138068,0.04176784178201077,1.035621905412298,0.48496271882738384,0.4674969826425825,0.37811717816761564,0.49913746544293,0.4743493582521166,0.9483851279531207,0.736525399344308,0.9763296927724566,0.927501950945173,0.7610070194516864,0.9476141589028495,0.04150083767516272,0.9846450345856803
11,0.0002,0.5359310692112322,0.5413099700099556,0.5634629725036533,0.5366702444176153,0.5342741518587072,1.046014770689953,1.1151971310392381,1.0500556336142624,1.0396678566749562,0.7667883670580308,0.9454945309065698,0.03993323326484704,1.0338151114937957,0.48408444012914387,0.4666017123631069,0.37710428663662504,0.49830215743609835,0.47343256218092783,0.947122974055154,0.7342714071273804,0.9751299960272652,0.9262108036449977,0.7614900384630475,0.9476727076939174,0.040373723421777995,0.9837874940463475
12,0.0002,0.534642014726882,0.539305236970713,0.5584457955235893,0.5353445747358886,0.5331459207163672,1.0448708906579005,1.1083214217067314,1.0487450216589251,1.0388814603372898,0.7674179286817618,0.9456137218844017,0.03905533663489791,1.0323304443315426,0.4832467479365213,0.4658003917762211,0.37637136237961905,0.4975465621267046,0.47250936712537495,0.9458246656826564,0.732769216809954,0.9740286980356488,0.9247226204190936,0.7619145257132394,0.9477166448320661,0.0391015713768346,0.9828769820077079
13,0.0002,0.5334044636913403,0.5385732650604238,0.5596116293837825,0.534351508310985,0.5315839186944048,1.043102517014458,1.1115571992005437,1.0474133470457636,1.0365098438016342,0.76752536341403,0.9457933596324384,0.038132164337378066,1.0318821021610813,0.4824300025190626,0.4650595486164093,0.37584531732967924,0.4968331328460148,0.47157964961869375,0.944588337625776,0.7316589185169765,0.972957296030862,0.9233171428952899,0.7622365355491638,0.9477898223059518,0.03789919668010303,0.9820432833262852
14,0.0002,0.531858721727966,0.5371721328617179,0.5586290504159649,0.5329938925844672,0.5298312204468879,1.0413484861468634,1.111108043898208,1.0460059395583543,1.0343657681957856,0.7683714854979723,0.946055249318183,0.0363638569194112,1.0306520504153087,0.48166575602122713,0.46436276606151033,0.37534392305782865,0.4961562880447933,0.4707194481577192,0.9434520517076764,0.7307129331997463,0.9719579645565578,0.9220373119626727,0.7624853764261518,0.9478922826903207,0.036730805678027015,0.981356109891619
15,0.0002,0.5307085823384055,0.5352111702171644,0.5528979389501485,0.5321414741075655,0.5285361303894933,1.0401644997882404,1.1098781918722487,1.0450313517025538,1.0329739647648972,0.7687357825251402,0.9461274449177052,0.035490248918808004,1.0295129574938304,0.4809991845062801,0.4637897184916905,0.37508600098746164,0.49556887575558256,0.46996027656963896,0.9423745785440717,0.7297394786562238,0.9710304737091064,0.9208071061543056,0.7628805722509112,0.9479947515896389,0.035481498177562444,0.9806063600948879
16,0.0002,0.5303372603712848,0.5352440990061255,0.5549940554471854,0.5314472118708273,0.5284055821784508,1.0393894219850188,1.1093351265374538,1.0440395074933233,1.0324077559201092,0.7693737209362064,0.946093865467595,0.034163643767665244,1.0290187268274231,0.4803848479475294,0.4631622093064444,0.3743948425565447,0.4949621387890407,0.46934052876063753,0.941430389881134,0.7281135065214974,0.9701801538467407,0.9197909746851239,0.7630269527435303,0.9482142925262451,0.034277167703424184,0.980000376701355
17,0.0002,0.529955394379127,0.5338042079639386,0.548858328410069,0.5312417825551382,0.5280388343108353,1.0384039548623885,1.1067176018381388,1.0429432966497942,1.031587158235842,0.7692965057588392,0.9462986752673167,0.03353149623548563,1.0285787279033318,0.47986882499286104,0.46254713194710867,0.3734047455447061,0.4944014293806894,0.46888488956860136,0.9407551969800677,0.7263780661991665,0.9693179130554199,0.9193379027502877,0.7634221485682896,0.9482728328023639,0.03386245880808149,0.9796051297869001
18,0.0002,0.5286959182648432,0.5333767868406761,0.5520424179950251,0.5299209911458259,0.5266926544663605,1.036890455349494,1.104462741950934,1.0411094964252516,1.0304188836982051,0.769917654978942,0.9465253065930106,0.032639912115500574,1.0274334588663674,0.4792795351573399,0.46201658248901367,0.37306717889649527,0.49386628184999737,0.4682332788194929,0.9398820655686515,0.7259560823440552,0.9684946111270359,0.9184007729802813,0.7637002382959638,0.9483606474740165,0.03322416118213108,0.9790705016681126
19,0.0002,0.528120814762052,0.5325202594277069,0.5500708331343949,0.5292654433619103,0.5262445316092516,1.0368723506446502,1.1081948279418887,1.0413638746439342,1.0300033968714526,0.7701829036443097,0.9465118774803736,0.03208862839927597,1.0265127740880495,0.4787749946117401,0.4614803450448172,0.37239138569150654,0.49336593065943035,0.46773031779697966,0.9390538845743451,0.7246243613106864,0.9677055988992963,0.9175503253936768,0.7641247000013079,0.9485070279666356,0.03237602540424892,0.978522070816585
20,0.0002,0.5269111844129704,0.5313513323672295,0.5490261115938715,0.5281027006114134,0.5249825060764338,1.0356620721675407,1.10571823615144,1.0400699252540249,1.0289190081651554,0.7703491088615219,0.9465068570174624,0.03129608576752043,1.0257165816217217,0.478219883782523,0.46097551924841745,0.3720569780894688,0.4928529177393232,0.4671255222388676,0.9382146341460091,0.7242097088268825,0.9669815472194127,0.9165822097233364,0.764051514012473,0.948638779776437,0.03179306749786649,0.9780891707965306
21,0.0002,0.5264531291117134,0.5302986846144726,0.5458984654253712,0.5272079960419713,0.5250499464582921,1.0345059270988168,1.1057148388698048,1.0387966797648487,1.0278412830933388,0.7708863308658004,0.9466831193053289,0.030476102717049113,1.0247094610136591,0.477644750050136,0.4604498658861433,0.3717118075915745,0.4923065517629896,0.4665140467030661,0.9373684440340314,0.7238113369260516,0.9661857656070164,0.9156697647912162,0.7642710634640285,0.9487704890114921,0.031221143369163786,0.9776092001370021
22,0.0002,0.5254860155196661,0.5293081898873608,0.5441969414429975,0.5268214657803529,0.5235268852372568,1.033425194327183,1.106041025364637,1.0379915307316485,1.0264382479560723,0.771114634509216,0.9468493234238378,0.030151955348463835,1.024971333425349,0.47709588067872183,0.4599232333047049,0.37123588153294157,0.49179926088878084,0.4659213934625898,0.9366333740098136,0.7237171019826617,0.965511006968362,0.914853002343859,0.7642857091767448,0.9489607810974121,0.0307173313839095,0.9773685165813991
23,0.0002,0.5248275488019906,0.5291215619916374,0.5462080653026296,0.525986031392142,0.5229563718262051,1.0326283898526927,1.1068404850688764,1.0370605780537532,1.0257224285840623,0.7713597469066146,0.946767053754282,0.029307264628635574,1.0239761228507687,0.4765875041484833,0.45940089225769043,0.37064302393368315,0.49130190696035114,0.4654044338635036,0.9359201448304313,0.7231885109628949,0.9648058414459229,0.9141249316079276,0.7644759927477155,0.949048604284014,0.030268222093582153,0.9771262407302856
24,0.0002,0.5242770086998703,0.5283944122130848,0.544772396988583,0.525393496720045,0.5224772421171039,1.0322490044575254,1.1030331692571098,1.0370157834693705,1.025122895066212,0.7714302552948838,0.9468560284122832,0.029055113292356913,1.022664520841834,0.47608085189546856,0.45885000058582853,0.36990457347461153,0.49079384974070955,0.4649070841925485,0.9352519852774483,0.7222063115664891,0.9641123158591134,0.9134930116789681,0.7647540995052883,0.949077878679548,0.029912233352661133,0.9767581224441528
25,0.0002,0.5236275510426612,0.5263708878863609,0.5368579446781128,0.5247753841475347,0.5220386602911532,1.031354485141639,1.1037254885899612,1.036002808177526,1.0242936771708273,0.7719070314140242,0.9469869802441282,0.02837863983657961,1.022534922703803,0.4755720921925136,0.4582995687212263,0.3691969173295157,0.4902655141694205,0.46442472083227976,0.9344494683401925,0.7208565899303981,0.9633492827415466,0.912669164793832,0.7649150916508266,0.9491071445601327,0.029144253581762314,0.9761748143604824
26,0.0001,0.5232843077310951,0.5269598829947675,0.5412100066726048,0.5246325950102506,0.5213385890888912,1.0310472538089117,1.1021035550743021,1.035502887602287,1.0242231923131166,0.771962427018669,0.9469534109265024,0.027905183995435377,1.022580980644187,0.47534187350954327,0.4580634832382202,0.3689039817878178,0.4900659365313394,0.4641656918185098,0.9341332827295575,0.7206160596438816,0.9630253400121417,0.9123576028006417,0.765017569065094,0.9491510561534336,0.02908968340073313,0.9760799833706447
27,0.0001,0.522526745331086,0.5260417809928312,0.5399413479485392,0.5235580851558045,0.5209149001380815,1.030185348091526,1.1002568344366714,1.0349226909238012,1.023112272154168,0.7723804553593969,0.9469685164769979,0.027780906973941717,1.0218363032546094,0.475077497107642,0.4578272189412798,0.36875902329172405,0.489828884601593,0.4638698399066925,0.9337642533438546,0.7207262686320713,0.9626842396599906,0.9119455899511065,0.7650029063224792,0.9492535250527518,0.02896028943359852,0.9759260756628854
28,0.0001,0.5223535646613414,0.5253360687740265,0.5370160172642406,0.5233368668352343,0.5208813958880966,1.0299418035129737,1.1035702760501573,1.034565072149969,1.022864374483297,0.7720329439218876,0.9472270551181975,0.027717423649610645,1.0217993399819776,0.47482992495809284,0.4576107348714556,0.36864321146692547,0.48961188963481356,0.4635871137891497,0.933411180973053,0.7204823408808027,0.9623619828905378,0.9115587643214634,0.765061480658395,0.9492827994482858,0.028767571917601993,0.9757108773503985
29,0.0001,0.5221867824113497,0.5258523551122506,0.5402292108389273,0.5233743856548958,0.5203977035853536,1.029589453722597,1.1001023921488007,1.0344605821252053,1.0223677474232862,0.7723351172221604,0.9472018636255709,0.027477635226140436,1.021390739734882,0.47460523673466276,0.4574137883526938,0.3685244492122105,0.4894247225352696,0.4633217453956604,0.9330981884683881,0.7204714332308088,0.9620714017323085,0.9112128189631871,0.7652663843972343,0.9492681622505188,0.0286411637706416,0.9755934136254447
30,0.0001,0.5214488045014422,0.5238481382803617,0.5330381942326389,0.5224356054954509,0.5200756401418724,1.0292976748253588,1.1012352302144017,1.0337554674483054,1.0224416922497492,0.7725449643315746,0.9471632537631822,0.027036353810301696,1.0212778086791696,0.4743797949382237,0.45717417342322214,0.3682125508785248,0.48921060136386324,0.4630878099373409,0.93279082434518,0.7202078785215106,0.9617662940706525,0.9109014698437282,0.7654713136809213,0.9491949762616839,0.02851502544113568,0.9755017587116787
31,0.0001,0.5214601968778931,0.5245658639633405,0.5365189453057613,0.5226826752019551,0.5197357939440839,1.029026396507736,1.1032977925772796,1.0334151056688137,1.022162004610971,0.7727833660028558,0.9471347161396552,0.027153429072169055,1.0215032796522805,0.47413395983832224,0.456941476890019,0.3680071405002049,0.48899224400520325,0.4628130282674517,0.9324919240815299,0.7201511945043292,0.9614836318152291,0.9105785829680306,0.7655151997293744,0.9491803305489677,0.0284271775079625,0.9754402807780674
32,0.0001,0.5210092228861631,0.5232650979445399,0.5317557938454155,0.5220792142782099,0.5195810842745987,1.0286600301647821,1.0988420675915447,1.033051924283115,1.0219288458899847,0.7725248222648945,0.9473747864052753,0.02676456961714025,1.0197383211138795,0.47390294075012207,0.45670853342328754,0.36775824427604675,0.4887680070740836,0.4625762232712337,0.9321462001119342,0.7196041686194283,0.9611766678946358,0.910200263772692,0.7656030484608242,0.9492535250527518,0.028028872928449085,0.9752108880451748
33,0.0001,0.5209523872174303,0.5236263021834374,0.5340154614133585,0.5219119486903998,0.519557383508482,1.0283675744969358,1.1024080396492055,1.032881854255567,1.0213853770869852,0.7728001468925065,0.9471800372164737,0.026433058051584135,1.0209622325130565,0.4736921616962978,0.45647972396441866,0.3674479637827192,0.48856193252972197,0.4623638689517975,0.9318150452205113,0.718725153378078,0.9608871425901141,0.9098452159336635,0.7657640320914132,0.949297445161002,0.0276002080312797,0.9748504332133702
34,0.0001,0.5204367679446036,0.5228638208589979,0.5322869521071224,0.5213144044661241,0.5191640779261582,1.028487460282419,1.099868195794267,1.0330945130378482,1.0215010134549978,0.7728437956210839,0.9473411991116455,0.026174351953530826,1.0200348180254728,0.47349293742861065,0.4562328202383859,0.3669950706618173,0.48836539898599896,0.46217034118516104,0.9315681202071053,0.718383184501103,0.9606099469321114,0.909632819039481,0.7656908631324768,0.949326719556536,0.027511734515428543,0.9748758503368923
35,0.0001,0.5198995410114207,0.5217607706647864,0.5289449863139629,0.5206122734854298,0.5188854358102258,1.0276076718897802,1.101366873405191,1.0322442421593303,1.0205129156403216,0.7729260572945224,0.947263983445966,0.026507788262898898,1.0203520490521354,0.473282699074064,0.456000770841326,0.3666453148637499,0.4881783425807953,0.46194176588739666,0.9313268661499023,0.7183219024113247,0.9603691271373204,0.9093848381723676,0.7657055003302438,0.9494291799409049,0.027434407866426876,0.974961153098515
36,0.0001,0.5195178799731757,0.5214801399877482,0.5285151218733175,0.5207817093934148,0.5179541744883098,1.0276955018211986,1.1011761473925739,1.0324838152923037,1.0204578313959358,0.772998244989486,0.947339536621213,0.026109854536702313,1.0196765547096576,0.47304839321545195,0.45574713604790823,0.3662936048848288,0.48795924867902485,0.46169592653002056,0.9310288003512791,0.7180737257003784,0.960091199193682,0.9090654679707119,0.7658225979123797,0.9494584287915911,0.02720547653734684,0.9749251348631722
37,0.0001,0.5188007909428811,0.5202931132123706,0.5253129753313245,0.5200756573243686,0.5173089346608564,1.0275634451517983,1.100474832855123,1.0321994104937169,1.0204970924230459,0.7731124023810082,0.9472522300692381,0.02568092300946201,1.0193478894795263,0.47282361132758005,0.4555177560874394,0.3660212457180023,0.4877562863486154,0.4614512154034206,0.9307149052619934,0.718060416834695,0.9597900935581752,0.9087281482560294,0.7659396869795663,0.9495316232953753,0.027018429711461067,0.974870000566755
38,0.0001,0.5189582477822038,0.5204784991005049,0.5255125685954057,0.5203327900223164,0.5173652798959798,1.0270122432183804,1.1000431797410426,1.0316688164771062,1.0199214357079693,0.7729713907012314,0.9474939768032361,0.025493695094983088,1.0193708429443977,0.47259343947683063,0.45528118525232586,0.3657382088048117,0.48754467708723886,0.46120395830699373,0.9304176824433463,0.7178738968712943,0.9595171128000531,0.908402511051723,0.7660128814833504,0.9494730659893581,0.026804405663694655,0.9747827563967023
39,0.0001,0.5184917198775428,0.5201788463320295,0.5262648018427036,0.5195429304350478,0.5171813543063827,1.0265096713198922,1.0997858715252697,1.031089206078818,1.0194877648255913,0.7732802869659537,0.9474503244123151,0.02541998972571696,1.0193963698466741,0.4724012187549046,0.4550468240465437,0.3653147263186319,0.4873611032962799,0.46101105213165283,0.9301608630589077,0.7174562130655561,0.9592340503420148,0.9081777249063764,0.7660860419273376,0.9493706141199384,0.026671681287033216,0.9747745479856219
40,0.0001,0.5187527610897957,0.5197986898151228,0.5237072269030247,0.5192754933972025,0.5180649588917441,1.0268257084224874,1.0972818685261578,1.0312162770165338,1.020086755889291,0.7731745187832157,0.9475661647118365,0.02507390313067927,1.0198088573054418,0.4722102071557726,0.4548056891986302,0.3648412695952824,0.48718780279159546,0.4608117512294224,0.9299578666687012,0.7172615272658212,0.9589991399220058,0.9080068724496024,0.765983590057918,0.949326719556536,0.026679914178592817,0.9749643802642822
41,0.0001,0.5178592692139328,0.519686405407241,0.5262328101559535,0.5190397926128894,0.5163998043482205,1.0264012977763195,1.1006976596770748,1.030996307188953,1.019329825915011,0.7729428365361184,0.9474973356302616,0.02537134783204189,1.0180086154420134,0.4719864172594888,0.4545842238834926,0.36460534589631216,0.4869875652449472,0.4605645409652165,0.9297510300363813,0.7177735992840358,0.9588094268526349,0.9077584743499756,0.7659104296139309,0.9493559939520699,0.026643613885555948,0.9753086226327079
42,0.0001,0.5177019836959995,0.5190467739251718,0.5237937883816801,0.5186387554413834,0.5165620977855375,1.0260926473464222,1.1006738621945633,1.0305305679700218,1.019168855041586,0.772910950431687,0.9475426619259198,0.024698459226170748,1.0192154572672925,0.4717323992933546,0.4543453369821821,0.36441467489515034,0.4867486868585859,0.46029354844774517,0.9293880462646484,0.717489208493914,0.958510526588985,0.9073286482266018,0.7661153248378209,0.9493706226348877,0.026148307536329542,0.9749949404171535
43,0.0001,0.5170013375057664,0.5176972334224996,0.5195049537918962,0.5181024085541475,0.5158167548870589,1.0256224047875198,1.100210377575493,1.030251411798363,1.0185069003840075,0.7733575068738481,0.9475661565631216,0.024606732168047474,1.0179636424709697,0.47153280462537495,0.4541351922920772,0.3641354441642761,0.4865720910685403,0.4600735306739807,0.9291352118764605,0.7173715233802795,0.9582822493144444,0.907047016280038,0.7660860674721854,0.9493998885154724,0.02596755192748138,0.9749535577637809
44,0.0001,0.5166090014526554,0.5172831564149794,0.5188441155082558,0.5178562558680025,0.5152873089846989,1.025747286681328,1.0997948794259942,1.0302331512913117,1.0187932918209694,0.7736630542303926,0.9476887240998267,0.024209722851751648,1.0177858453253508,0.4713495799473354,0.45390950781958445,0.3637061757700784,0.486410060099193,0.4598773845604488,0.9289077605519976,0.7171109063284737,0.9580471430506025,0.906827986240387,0.766247068132673,0.9493706141199384,0.025832131505012512,0.9750650184495109
45,0.0001,0.5156531152179531,0.5167907395548412,0.5201311674535549,0.5170872220001768,0.5140696113163303,1.0250553056269625,1.1023205430826284,1.0297023159872858,1.0178326579832262,0.7735556094266791,0.9476182105537567,0.024187117956170533,1.016187553276359,0.47118276357650757,0.45365177733557566,0.36306606445993694,0.48623899476868765,0.4597301823752267,0.9286904079573495,0.7163317203521729,0.957771795136588,0.9066870297704425,0.7661446077483041,0.9493120568139213,0.02569346289549555,0.9751382895878383
46,0.0001,0.5155268218415978,0.5164956490442928,0.5194063009937421,0.5166855049145509,0.5142387591046794,1.0253081355592988,1.098282000924524,1.029854831363504,1.018329131346877,0.7733508035944965,0.9477105492271036,0.023998165957122293,1.016805106044365,0.47100357924188885,0.45338959779058186,0.36243604336466106,0.48607276167188374,0.45955332262175425,0.9285278746059963,0.716031653540475,0.9575806941304889,0.9065580112593514,0.7661153248378209,0.9491949847766331,0.025690172665885518,0.9754588859421867
47,0.0001,0.515174361539998,0.5150488193256088,0.5136095016843774,0.5160332065451407,0.5143677031328541,1.0252449244520203,1.0993711965485713,1.0301894620938357,1.017829337427693,0.773355827872349,0.9476685729383263,0.024053775002017306,1.0178953613065416,0.4708155265876225,0.4531437499182565,0.36192395431654795,0.48590407626969473,0.45935640590531485,0.928346974509103,0.7159991008894784,0.9573893972805568,0.9063830120222909,0.7658811467034476,0.9489754012652806,0.025628724534596716,0.9758413093430656
48,0.0001,0.5151494665140991,0.51484672832782,0.5127419272081949,0.515922867574267,0.5144563219331193,1.0249727075672492,1.1004274775294602,1.0289343306179604,1.018495911948814,0.7730385329072682,0.947547700303796,0.023906985387450234,1.0177722744494906,0.4706064079489027,0.45289317199162077,0.36147407974515644,0.48571547865867615,0.4591353067329952,0.9281011308942523,0.7155164395059858,0.9571542484419686,0.9061347842216492,0.7659396869795663,0.9489461438996452,0.025369723460503986,0.9758089355060032
49,0.0001,0.5144299387138316,0.5140745531151494,0.5117563951094823,0.5151928191727024,0.5137561935982946,1.0248932199360954,1.0972995253873983,1.0295679823166886,1.0178049280285775,0.7733978010786537,0.9475628126906664,0.02382210886541752,1.0174514895149578,0.4703975362437112,0.4526546469756535,0.3610882120473044,0.4855273791721889,0.45891102296965464,0.9278604643685477,0.715329144682203,0.9569440058299473,0.9058611989021301,0.7657640320914132,0.9488876036235264,0.025145560769098147,0.9758556485176086
50,0.0001,0.5148780056286395,0.5136553100360337,0.5074587213156837,0.5158127648550855,0.5141905812013473,1.0249789038866652,1.0985635202845365,1.0295194191805717,1.0179854775781334,0.7734666280849005,0.9474855900970534,0.023325177568597057,1.017880215378706,0.4702028291566031,0.45243856736591886,0.36076670033591135,0.48534633432115826,0.45870682171412874,0.9276217477662223,0.7151499220303127,0.95672721522195,0.9055987596511841,0.7657786863190787,0.9489900384630475,0.024866402681384767,0.9759054013660976
51,5e-05,0.5137320532746273,0.5126307297992022,0.5072939723150216,0.5143414972320436,0.5133372708369205,1.0248396515052745,1.0975041432192676,1.0291223080721015,1.0181350321630545,0.7733138546050052,0.9477860854029716,0.022950295494326676,1.0163309507289424,0.47009765250342234,0.45231108580316814,0.3605355407510485,0.485249114888055,0.45859805175236296,0.927532570702689,0.715185284614563,0.9566319159099034,0.9055115836007255,0.7656323058264596,0.9489607640675136,0.024848968854972293,0.9760673727308001
52,5e-05,0.5137129419440803,0.5130861921152944,0.5096770583881334,0.5144133153049627,0.5131470661436786,1.0243663415503514,1.0993960918796655,1.0288121299565418,1.0174194265193226,0.7732114555343749,0.9476803225001127,0.02315608692902421,1.0169314634964763,0.4699814191886357,0.45217416116169523,0.3603037212576185,0.48513893144471304,0.4584798003946032,0.9274370244571141,0.7152225460324969,0.9565377320562091,0.9054102727345058,0.7655884368079049,0.9489607896123614,0.024817504787019322,0.97622492483684
53,5e-05,0.5132280497507016,0.5127833937444994,0.5102473273987778,0.5138364425544182,0.5127189718358528,1.0241321134555053,1.0983844020704825,1.0290352671926473,1.0167538969564365,0.7733054579494553,0.9476534565228776,0.023151285008847316,1.0162841142047936,0.4698980620929173,0.45205638664109365,0.3600250610283443,0.48506911737578257,0.458389367376055,0.9273846234594073,0.715298456805093,0.956476594720568,0.9053620866366795,0.7653249417032514,0.9488875865936279,0.024813648845468248,0.9765581999506269
54,5e-05,0.513541919462997,0.5134724956625739,0.5126550229952022,0.5140374390760325,0.5130758827396741,1.024030204314912,1.1007453705857975,1.028812734975732,1.0166904240831374,0.7732500596896111,0.9477625825865356,0.02302122577124538,1.01697947001738,0.4698034482342856,0.45192967993872507,0.3597549412931715,0.48498033199991497,0.45829506857054575,0.9272927471569606,0.7150856171335492,0.9563800181661334,0.9052789466721671,0.7653103130204337,0.9488583377429417,0.024705596534269198,0.9766176683562142
55,5e-05,0.5126859856396532,0.5114297900392774,0.5051209122110377,0.5135916432721518,0.512032570957344,1.0238223392659436,1.0994656908774583,1.0284406011432974,1.0166825836765663,0.7732886715052498,0.947752514315213,0.022998433100909408,1.0163148886963336,0.46970957943371366,0.4517941347190312,0.3594330336366381,0.48489509735788616,0.45819992678506033,0.9272207617759705,0.7149584123066494,0.9562989813940865,0.9052177327019828,0.7651785867554801,0.948843675000327,0.024669431149959564,0.976861868585859
56,5e-05,0.5128536721223205,0.5117251157638542,0.5065604745883913,0.5131893627349376,0.5127277598280938,1.024344702531177,1.096468157726743,1.028664106902744,1.0176212584978486,0.7731140737221049,0.9476887152796822,0.022865557467066137,1.0171322313505018,0.46961831620761324,0.4516634004456656,0.35912582703999113,0.4848113570894514,0.45810848474502563,0.9271278125899178,0.7146880796977452,0.9561960526875087,0.9051405702318464,0.7651200379644122,0.9487851517541068,0.024584312524114336,0.9769649675914219
57,5e-05,0.5124099210965224,0.5102950164860356,0.500785360474252,0.5128787074007258,0.5123286028733574,1.0240558010153569,1.0959987953816446,1.028635244307247,1.0170783595555388,0.7731342305602382,0.9477138945339767,0.022674072713148148,1.0164425160661454,0.4695121135030474,0.45153659156390596,0.358898788690567,0.4847172924450466,0.4579939331327166,0.9270323600087848,0.7145260146686009,0.9561067649296352,0.9050411241395133,0.7651346581322807,0.9488436835152763,0.024498536916715757,0.9770077892712185
58,5e-05,0.5122145225131323,0.5110906408312866,0.5052676524678927,0.5131946595522054,0.5114659029462065,1.024030006731466,1.100865155931503,1.0284090477322776,1.0170896468379835,0.7730620392029308,0.9476030953285698,0.022607594042734127,1.0165197467779539,0.4694233068398067,0.45142241035188946,0.35865969743047443,0.4846442426953997,0.45789449555533274,0.9269490582602364,0.7144954374858311,0.9560264859880719,0.9049532668931144,0.7651346666472298,0.9487851347242083,0.024420599320105145,0.9771569286073957
59,5e-05,0.5122092673550248,0.5103640877095724,0.501769990095162,0.5129006656389388,0.511865816144411,1.0242792983208933,1.100734215239287,1.028709012974975,1.0173010434240057,0.7729411685826897,0.9477709852239137,0.022640988782918033,1.0165058092404438,0.46930645193372456,0.45128447243145536,0.3584248125553131,0.4845340464796339,0.4577749158654894,0.9268507872309003,0.7144780329295567,0.9559431842395237,0.9048375317028591,0.7650468519755772,0.9488144176346915,0.024277912452816963,0.977317750453949
60,5e-05,0.5113609223504952,0.5095647694633609,0.5006113042296718,0.5125922094963785,0.5104879734763962,1.0239299020581654,1.0993323127733885,1.0286238256992588,1.0167223229142135,0.7728706647723501,0.9477911264665665,0.022610916787089902,1.0161501578166432,0.46923002174922396,0.45116741742406574,0.3581202285630362,0.48447159358433317,0.45769193342753817,0.9268103667667934,0.7145224213600159,0.9558872665677752,0.9048098070280892,0.7649151086807251,0.9487851432391575,0.024280580825039318,0.9776796528271267
61,5e-05,0.5124473723612012,0.5109943709065837,0.5047678756549062,0.5124776940954934,0.5126731039558504,1.024133743045883,1.096403908222929,1.0289121319316195,1.0169465350176943,0.7730586812304523,0.9474117258421532,0.022113291710744866,1.0175130125564364,0.46913629344531466,0.4510284832545689,0.3577874941485269,0.4843786060810089,0.45760554926736013,0.9267282911709377,0.7142674837793622,0.955795977796827,0.9047425559588841,0.7647248421396527,0.9487412231309074,0.024199956229754856,0.9777896915163312
62,5e-05,0.5116998512532488,0.5099002403353522,0.500996504122028,0.5128697422578649,0.5108868726173914,1.0240273792744903,1.0993158214530514,1.0290717429768044,1.0164735334626358,0.772912634194233,0.9476182092414168,0.022159822506441926,1.0169050950791612,0.4690427226679666,0.4509003758430481,0.35751126067978994,0.4842859464032309,0.4575172279562269,0.9266316975866046,0.7141525234494891,0.9556929298809597,0.9046532682010106,0.7646809050015041,0.9486094798360553,0.02407903437103544,0.9779692121914455
63,5e-05,0.5112739599062367,0.5091190814086858,0.4992099793001254,0.511960337116849,0.5109896988546427,1.0239628926949567,1.0965777372801175,1.0284838771673575,1.017021319528024,0.7725668000491289,0.947755876560426,0.022379080668145184,1.0166025358899338,0.46897014124052866,0.45078555175236296,0.35720268743378775,0.48422584363392424,0.45744029538972036,0.92658702816282,0.7143406612532479,0.9556420700890678,0.9046071001461574,0.7645199128559658,0.9485216566494533,0.024065198642866954,0.9784535595348903
64,5e-05,0.510783105585066,0.5089527325207798,0.5006957864126547,0.5112139821907098,0.5106885779593703,1.0236483009058088,1.1028794049606283,1.0278799386129462,1.0167756435874786,0.7728505079952558,0.9477021494585615,0.022053406277697207,1.0161833095355213,0.46885403990745544,0.45064649411610197,0.3569598751408713,0.4841157240527017,0.4573221930435726,0.9264443261282784,0.7140400920595441,0.9555127790996006,0.9044564196041652,0.7646955592291695,0.9485948426382882,0.023850388026663234,0.9783590010234288
65,5e-05,0.5101780592021854,0.5072164664314883,0.4941113611947434,0.5106334749149531,0.5102581565220174,1.0237225717113865,1.101190670599891,1.0285601213047948,1.0163026799681976,0.7731644441943503,0.9477155730776828,0.021642156892360265,1.0158106845522683,0.4687367422240121,0.4505236404282706,0.35680357473237173,0.484007682119097,0.4571969636848995,0.9263337084225246,0.7140965035983494,0.9554266248430524,0.9043159910610744,0.7645930988448006,0.9485802054405212,0.02369203045964241,0.9784539086478097
66,5e-05,0.5106664294471389,0.5079322834840141,0.49578296878798095,0.5111348057672176,0.5106943001883859,1.0236078024642992,1.0983795000233532,1.0280230769241887,1.0167001828253728,0.7727380366857639,0.9477357235677536,0.022183097582319976,1.0168083400770267,0.4685923159122467,0.45036800844328745,0.35660300084522795,0.4838606630052839,0.4570568544524057,0.9261796815054757,0.7137604015214103,0.955288256917681,0.9041522485869271,0.7646223732403347,0.94862414257867,0.02348345305238451,0.9782473615237645
67,5e-05,0.510048103955118,0.5054777998894957,0.4857985221051706,0.5102335186231703,0.5106710586496579,1.0237143270431026,1.0979685420814198,1.0281447306450855,1.0168087160166142,0.77270781926723,0.9477038250723925,0.02169555721301881,1.0156336463663558,0.46847530347960337,0.45022404193878174,0.35634531719344004,0.4837420327322824,0.45694642833300997,0.9260543073926654,0.7133759685925075,0.9551737563950675,0.904024566922869,0.7647248165948051,0.9486973285675049,0.023270939077649797,0.9781351685523987
68,5e-05,0.5106592093500429,0.5060995779645424,0.48643164209262324,0.5108772768647135,0.5112487076187036,1.0241326901830896,1.0959953484752516,1.02856230528246,1.0173074560658601,0.7725466484298354,0.9478011893359319,0.021668457297853366,1.0171315196350301,0.46840737547193256,0.4501019929136549,0.35597439323152813,0.4836917093821934,0.4568708411284855,0.9260291372026715,0.7133348754474095,0.9551375934055873,0.9040105172566005,0.7644906384604317,0.9486094883510044,0.023292079301817075,0.9785945841244289
69,5e-05,0.5097906854112394,0.5065895645238776,0.4929578432320206,0.5097763176093758,0.5103660630252016,1.0235306904124286,1.0983182877012234,1.0283516660080894,1.016216685756072,0.7727128521210709,0.9476266086437247,0.02151764601972612,1.016555084305669,0.46833094102995737,0.4499773212841579,0.35562861391476225,0.4836298738207136,0.4567888379096985,0.9259740284511021,0.7131911856787545,0.9550725647381374,0.9039680702345712,0.7643881610461644,0.948565593787602,0.023242789985878125,0.9788866553987775
70,5e-05,0.509919578639654,0.5066945331864521,0.49239335503263226,0.5104443662238621,0.5099789370528502,1.0234940121006613,1.0998474421161784,1.0278972262794155,1.0165458114343733,0.7726087622073633,0.9478364455596154,0.021273365047799888,1.0167797349137766,0.4682396011693137,0.4498415333884103,0.355294189282826,0.48354709999901907,0.4566970467567444,0.9258846470287868,0.7129871589796883,0.9549811397280011,0.9038847855159214,0.7642857091767448,0.9485216651644025,0.023129569366574287,0.9789770330701556
71,5e-05,0.5089253769034431,0.504688830648516,0.48627063622855554,0.509264635966487,0.5093412787042638,1.0234814137907071,1.0960649729873728,1.027837438761608,1.0167059173537594,0.7728118944705235,0.9476769640088021,0.02142602392208619,1.0156054171426931,0.4681453364236014,0.44970680134637014,0.3549677389008658,0.48347129566328867,0.4565919978278024,0.9258157525743756,0.7128586428506034,0.9549098014831543,0.9038198590278625,0.7643442664827619,0.9484484706606183,0.023042130150965283,0.9791836738586426
72,5e-05,0.5099617043215375,0.5070143903577504,0.49365353654484473,0.5107177970840329,0.5097492549337611,1.0237585068420454,1.0984182741723791,1.0283945477808432,1.0166337610023546,0.7723149765288592,0.9475258796934097,0.021136178126242976,1.0175143974717311,0.46805050117628916,0.44957136682101656,0.354650331395013,0.48338528190340313,0.4564955064228603,0.925740224974496,0.7127837283270699,0.954841673374176,0.9037368467875889,0.7643003463745117,0.9484338334628514,0.022916738742164204,0.9794093455587115
73,5e-05,0.5083724975097625,0.5053727612456357,0.49276778486467177,0.5081985228438898,0.5090664395813569,1.0237377219729953,1.0999516977204218,1.0282768715483923,1.0166579434887544,0.772377078068055,0.9477709740232457,0.021013145043652485,1.0153096525777747,0.46798031670706614,0.44943626863615854,0.35421824029513765,0.48333430715969633,0.4564181864261627,0.9257296579224723,0.712875749383654,0.9548273427145821,0.9037273696490696,0.764051514012473,0.9483460102762494,0.022914114009056772,0.9800243292536054
74,5e-05,0.509716355001017,0.5070089354187907,0.4950849743940497,0.5100791564795889,0.5098411604739188,1.0236599829889113,1.097301092260139,1.028347639505276,1.0165178230708523,0.7722041756143585,0.9476114952191901,0.021179576067247272,1.0176494659916047,0.46792915889195036,0.4493380103792463,0.35388300674302237,0.48331677487918306,0.4563433825969696,0.9257418513298035,0.713219267981393,0.9548329966408866,0.9037349053791591,0.7637294956615993,0.9482289212090629,0.02299275355679648,0.9807619707924979
75,5e-05,0.5086166913608252,0.5042293327805695,0.4854400652955266,0.5086975807235354,0.5093084083907249,1.0233928706788797,1.0981208795898094,1.0281369215515535,1.0161582274859342,0.7718281285065721,0.9477206092276331,0.020991588703795878,1.0168696054726214,0.46782281143324717,0.4492344685963222,0.35377275943756104,0.4832283513886588,0.4562190558229174,0.9256177459444318,0.7131110004016331,0.9547316346849714,0.9035874605178833,0.7636124236243111,0.9482142840112958,0.02277680592877524,0.9807282601084027
76,2.5e-05,0.5087084135396384,0.5048028176952739,0.4884026493558625,0.5084709166198649,0.5096227132352389,1.0232340502726744,1.099243707920549,1.0280260823045213,1.015908391489106,0.7716719934223739,0.9474956500670633,0.021258727500965763,1.0178826465645754,0.4677748041493552,0.4491695931979588,0.35362906966890606,0.4831873731953757,0.4561669741358076,0.9255806037357875,0.7130542652947562,0.954695097037724,0.9035501735551017,0.7636123980794635,0.9481996468135289,0.022721451574138234,0.9808495811053685
77,2.5e-05,0.5091190821869338,0.5044051129208793,0.4844994208810272,0.5089379055067874,0.5101209062981837,1.0238482225447878,1.1008390851711776,1.0282303070448267,1.0168996785337718,0.7719557154380048,0.9474587247912479,0.02091611568809807,1.0178655747627516,0.4677189460822514,0.4490998387336731,0.35349377564021517,0.4831376884664808,0.45610746315547396,0.9255320344652448,0.7129595279693604,0.9546524712017604,0.903497406414577,0.7634953004973275,0.9481850266456604,0.022644768335989544,0.9808991125651768
78,2.5e-05,0.5086105489999407,0.5052960217762043,0.4911553117170495,0.5086204114780631,0.5091824791276388,1.023056304033634,1.0981788867812736,1.0275038058978743,1.0161046957395898,0.771781126383446,0.9476702485826769,0.020661832317442876,1.0181160989444926,0.467674229826246,0.44903941239629475,0.3533586859703064,0.483099741595132,0.45605928131512236,0.9254863517624992,0.7128534146717617,0.9546065756252834,0.9034539886883327,0.7634806718145098,0.9481557352202279,0.022579820294465338,0.9809444376400539
79,2.5e-05,0.5084181597949418,0.5036992999723613,0.48342556321370683,0.5085669831624107,0.5091022883722615,1.0234091517501651,1.0957837007440059,1.0277739265181136,1.0166319411837377,0.7718096535082543,0.947589674791921,0.02121958502220668,1.0179723532335367,0.46762009603636606,0.448975818497794,0.3532508909702301,0.4830493416104998,0.4560032784938812,0.9254183002880642,0.7127207432474408,0.9545420067650932,0.9033845152173724,0.7635099462100438,0.9481850011008126,0.022469569529805864,0.9809110675539289
80,2.5e-05,0.5075276392853938,0.5029431053814495,0.48308086567699027,0.5078294918406516,0.5080406080437391,1.0234792148279521,1.0995221006766502,1.0277610137043889,1.0166626029666486,0.7718465960581243,0.9476584985020584,0.020850794335481024,1.0167080529579675,0.46756554927144733,0.4488947221211025,0.35305597526686533,0.4829952248505184,0.4559530573231833,0.9253861308097839,0.7126835669789996,0.9545097691672189,0.9033519625663757,0.7634074943406242,0.9481411150523594,0.02243285865655967,0.9810851471764701
81,2.5e-05,0.5076305325740554,0.5035287938664891,0.486682644439122,0.5070222342130287,0.5089371196898935,1.0233993132909138,1.0991285621234836,1.0278622474477526,1.0164121911883415,0.7718902387743538,0.9478280559845967,0.02060242766048044,1.0164392600899408,0.46751715881483896,0.4488195095743452,0.35286385672433035,0.482949435710907,0.4559067189693451,0.9253590703010559,0.7126325283731733,0.9544812781470162,0.9033282143729073,0.7632903967584882,0.9481557267052787,0.022396684225116457,0.981235180582319
82,2.5e-05,0.5073665033165639,0.5026196641795035,0.48212451832268827,0.5076121241693551,0.5079623267581019,1.023656171129962,1.0979762482936115,1.0282363829646914,1.0165986910698905,0.7719489966547313,0.9475628030464945,0.020332085274835154,1.0168080347901542,0.4674792119434902,0.4487503170967102,0.3526557854243687,0.4829168575150626,0.4558690828936441,0.9253473452159336,0.7126671416418893,0.9544655765805926,0.9033183029719761,0.7631732906614032,0.9481118236269269,0.02237805165350437,0.9815189668110439
83,2.5e-05,0.5080853328299535,0.5027667387778247,0.48033260487313767,0.5078574195313441,0.5092383451908598,1.0240894327149046,1.09861370397725,1.028381956459862,1.0173127736669287,0.7714436665230755,0.9475711979624313,0.020552300845682468,1.0177305170162727,0.4674344871725355,0.44868115867887226,0.3524795387472425,0.48287555149623324,0.4558249158518655,0.9253134472029549,0.7126541648592267,0.9544307248932975,0.9032853756632123,0.7630562101091657,0.9480971779142108,0.022322367876768112,0.9817269614764622
84,2.5e-05,0.5079515856531908,0.5037641370229335,0.48543201024509125,0.508407978937068,0.5082458040070912,1.0234605270474615,1.1004076449613478,1.0280666451422422,1.0162896818829021,0.7714487174139594,0.9475577772731849,0.020683079689008666,1.018041885454595,0.46737419281687054,0.44861508693013874,0.35238461409296307,0.4828188717365265,0.45576242889676777,0.9252485803195408,0.7124901328768048,0.9543706859861102,0.9032186184610639,0.7629830241203308,0.9481118321418762,0.022204042811478888,0.9816227384975978
85,2.5e-05,0.5081030766108191,0.5044057556316905,0.4884584029240909,0.5082787906763435,0.5085822337722388,1.0230805243642527,1.0976536704586886,1.0277716844007412,1.015903658947454,0.7713496663359208,0.947462077850082,0.02060588627206748,1.018279908225894,0.467337680714471,0.4485589691570827,0.35223421454429626,0.4827921305383955,0.4557201308863504,0.9252203532627651,0.7124725835663932,0.9543401684079852,0.9031924264771598,0.7629537326948983,0.9481118321418762,0.02214939865682806,0.9817690423556736
86,2.5e-05,0.5069485999838365,0.5015213479766221,0.47862299817437337,0.5067217669545597,0.5081195374726639,1.0231856538647575,1.0965409225155254,1.0278057542997205,1.016120514501014,0.7715528007964872,0.9475527339206252,0.02021330064930369,1.0165274914142357,0.46729392664773123,0.4484943832669939,0.35207469548497883,0.4827545668397631,0.45567385639463154,0.9251879709107536,0.7124506831169128,0.9543090888432094,0.9031578642981393,0.7629244753292629,0.9481264693396432,0.022085418392504965,0.9819156186921256
87,2.5e-05,0.5062434298224285,0.5002933735122329,0.47488136427773614,0.5062869354449232,0.5072454141306987,1.0232756891680326,1.1008733533555524,1.0278946314783384,1.016069922640088,0.7717525857690049,0.9476064564140406,0.020329066738677036,1.0159095558397475,0.46723913294928415,0.44841516869408743,0.35189150486673626,0.4826995772974832,0.4556236224515097,0.9251420242445809,0.712272218295506,0.9542613880974906,0.9031182442392621,0.7628659180232457,0.9481118321418762,0.0220098506127085,0.9819319333348956
88,2.5e-05,0.5076015907803744,0.5030055989745453,0.4833388639241076,0.5076711203614932,0.5083408447118887,1.0233244284628844,1.0993895443414823,1.027858761110125,1.016254508885981,0.7716703196397148,0.9476031010357221,0.020303468624796553,1.0178809333812013,0.4671874386923654,0.4483432854924883,0.3517312066895621,0.48265030554362703,0.45557299682072233,0.9250944086483547,0.7121829645974296,0.9542113542556763,0.903074426310403,0.7628805467060634,0.9481118321418762,0.021925559267401695,0.9819774883134025
89,2.5e-05,0.5066611656639677,0.5011114458273571,0.4776964063407578,0.5064290626746107,0.507858757873834,1.023357050026983,1.1006997253610364,1.0279091415927768,1.0162267644955938,0.7709618677741371,0.947577921109998,0.02014431885943862,1.0173425905166134,0.46712550946644377,0.44825899600982666,0.351548969745636,0.4825907434735979,0.4555127109800066,0.9250424419130597,0.7120423742703029,0.9541649562971932,0.9030193260737828,0.7628366606576102,0.9480972034590585,0.021813033946922848,0.9819850666182381
90,2.5e-05,0.5072813440119982,0.501820026363279,0.47865098620217944,0.5071733116462667,0.5083438673967956,1.0234318767763442,1.0976419164410507,1.027812125251895,1.016578276555354,0.7715057943701072,0.9476887094199322,0.020075840137315237,1.0169387581527873,0.4670780769416264,0.4481857589312962,0.3513640676225935,0.4825444221496582,0.4554690974099295,0.9249989475522723,0.7119241952896118,0.9541191714150565,0.9029807022639683,0.7628073862620762,0.9480972034590585,0.021726272201963832,0.9820619140352521
91,2.5e-05,0.507526306146484,0.5037043647038527,0.4878798766863755,0.5070806418970433,0.5086268779258513,1.023344275619333,1.0961000633374032,1.0277952000353805,1.0164679753676598,0.7712758028745285,0.9475493858669943,0.01999487612097006,1.018389723512129,0.467035778931209,0.44812121987342834,0.3511959101472582,0.4825105496815273,0.45542252489498686,0.924969630581992,0.7119297981262207,0.9540898374148777,0.9029506615230015,0.7627780948366437,0.948053274835859,0.021690857463649342,0.9822643824986049
92,2.5e-05,0.5051900014716176,0.4984571577888602,0.46951355124765093,0.5054184588419127,0.5061507130731269,1.023184382909393,1.0984215605765566,1.027391871304861,1.016468815295683,0.7715242604872415,0.9476249192045458,0.019978600926125013,1.0152418687291105,0.4670101489339556,0.4480664091450827,0.3510071337223053,0.48249466930116924,0.45539213929857525,0.924961541380201,0.7119764855929783,0.9540750469480243,0.9029472640582493,0.762587811265673,0.9480240174702236,0.02167866112930434,0.9825890915734428
93,2.5e-05,0.5066324325628422,0.5005336119099513,0.4744769955560359,0.5066858887123072,0.5076508446955644,1.0236116938266275,1.0943881864738172,1.0280298297367398,1.0168341669862966,0.7710575565764431,0.9476568285343406,0.01982725296442288,1.0173708885923387,0.466958829334804,0.44799896648951937,0.3508676588535309,0.48244604894093107,0.45534139445849825,0.9249154499598912,0.711848965712956,0.9540333151817322,0.9029002274785723,0.762558536870139,0.948053274835859,0.021578707599214146,0.9825995649610247
94,2.5e-05,0.505463270257817,0.4988860372726696,0.4708776038180115,0.5054333632686965,0.5066460931050857,1.0232808677221163,1.1021007252423138,1.0277133794302094,1.0162211930025435,0.7709971250965237,0.9476031014935151,0.019840072466587935,1.016869574495297,0.4669083442006792,0.44793046372277395,0.3507163439478193,0.48240128585270475,0.45528848682131084,0.9248715128217425,0.7117624538285392,0.9539964880262103,0.902850764138358,0.7625439167022705,0.9480825662612915,0.02148074789771012,0.9826351659638541
95,2.5e-05,0.5061010398806148,0.5015310072251851,0.4822402196057442,0.5059187798334035,0.5070785401542555,1.0234301272747277,1.0938614980416363,1.0282277886341367,1.0162848990450624,0.7714638294956346,0.9475863210921769,0.01971564760943803,1.0166912918144535,0.466874965599605,0.44786847489220755,0.35052289281572613,0.48237703101975576,0.4552512892654964,0.9248623166765485,0.7118129219327655,0.9539866873196193,0.9028396606445312,0.7624853508813041,0.9480093802724566,0.02146970108151436,0.9829563839094979
96,2.5e-05,0.5061160268016919,0.49949430683851853,0.47106313247651366,0.5063075749799647,0.5070929553224317,1.0235604124684488,1.0961628383816173,1.0281640130070864,1.016536988482009,0.7711868229671679,0.9475896749750382,0.019836342152011622,1.0177066750973234,0.46683857270649504,0.4478048426764352,0.35034005982535227,0.4823440398488726,0.45521603737558636,0.9248422299112592,0.7117514184543065,0.9539662258965629,0.9028208000319344,0.7624121734074184,0.9479654516492572,0.021425447559782436,0.983168729713985
97,2.5e-05,0.5059066622365882,0.500430291698825,0.47765236491737034,0.5053662739530076,0.5073889132133216,1.02352258997945,1.0999146944672038,1.0280187089078192,1.0164799547720371,0.7708527515072489,0.9473831691133995,0.019789108994125525,1.018154898852003,0.466804312808173,0.44774170007024494,0.3501461318561009,0.48231647270066397,0.4551807684557779,0.9248372571808952,0.7118041345051357,0.9539588604654584,0.9028164148330688,0.7621779952730451,0.9479508144514901,0.021413151174783707,0.9834925191743034
98,2.5e-05,0.5057862481885365,0.49875191121118473,0.46886570314474735,0.5056890638071149,0.5071140918375221,1.0239835396462444,1.095133019482485,1.0284520701390318,1.0171432464597656,0.7705388158269864,0.9475846268003926,0.01987011974588746,1.0179688282276629,0.4667613761765616,0.4476685992309025,0.3499428374426706,0.4822751837117331,0.4551414038453783,0.9248116527284894,0.7117085797446114,0.9539272018841335,0.9027989080974034,0.7620462604931423,0.9479068943432399,0.021356635860034397,0.9836900659969875
99,2.5e-05,0.5058566317366626,0.49922617990666635,0.4710325024949546,0.5057871966745325,0.5070868893519341,1.0232056687565505,1.0962177049301858,1.0276177425416262,1.0163601483678548,0.7712657356713896,0.9474620775143672,0.019616364750818478,1.018322923887832,0.46671973381723675,0.44760507345199585,0.34978040201323374,0.4822388121059963,0.45509859919548035,0.9247726372310093,0.7116433296884809,0.9538900426455906,0.902759850025177,0.7620169775826591,0.9478337168693542,0.021291805431246758,0.9838310820715768
100,2.5e-05,0.5049688138842156,0.498352895592398,0.46986587715649447,0.5052368227970399,0.5058709632202838,1.0233159898124593,1.098790138090078,1.0276337713689847,1.0164825248217741,0.7705169923477642,0.9474822327349653,0.019645877564931552,1.0173694771555712,0.46667939850262236,0.4475374392100743,0.3495877129690988,0.48220615301813397,0.4550560883113316,0.9247434224401202,0.7115539567811149,0.9538597634860447,0.9027330790247236,0.7618998885154724,0.9478483540671212,0.02124588005244732,0.9839894856725421
101,1.25e-05,0.5048680302429004,0.499008684053338,0.47425366908357625,0.5046548263207498,0.5061017694194928,1.023462640402931,1.102061850409354,1.0278454802308519,1.0164598232651147,0.7707083708679621,0.9475594459590824,0.019414210063536472,1.0168512388796789,0.466663943869727,0.4475100977080209,0.34950446656772066,0.4821958669594356,0.4550375895840781,0.9247374875204903,0.7115671123777118,0.9538537604468209,0.9027277912412371,0.761797411101205,0.9478337168693542,0.021237236580678394,0.9841177037784031
102,1.25e-05,0.5056971965602771,0.4995267787958742,0.47331939653683736,0.5056040903512357,0.5068695101747742,1.0236254976275514,1.0994751357568329,1.028292211214213,1.0164304505356507,0.7707855981615831,0.947438579581056,0.019865009807340163,1.0179221869369561,0.46663748792239595,0.4474747266088213,0.34942821519715445,0.4821725232260568,0.4550093965870993,0.9247105887957981,0.7114751764706203,0.9538279175758362,0.9027012416294643,0.7619145257132394,0.9478337338992527,0.021188225064958845,0.984096816607884
103,1.25e-05,0.5045981202074277,0.49842114649671077,0.471689491914714,0.5049764992820869,0.5053166384521168,1.0236182333686934,1.0987855074226216,1.0281935347023832,1.0165373934456707,0.7705236933076315,0.9474335491992972,0.019495235790374092,1.0175588487419054,0.4666112576212202,0.44744132246289936,0.34936242018427166,0.4821484216621944,0.4549820635999952,0.9246872578348432,0.7114363142422268,0.9538081118038723,0.9026744706290108,0.7619145171982902,0.947848345552172,0.02114998549222946,0.9841089844703674
104,1.25e-05,0.5053904060669209,0.4993147524088026,0.4734624207202923,0.5053437887035268,0.5065012110909376,1.0231706235143874,1.0956500351459506,1.0275702348929823,1.0163551626972096,0.7706529679996688,0.9475208378973461,0.01960133917484751,1.0175177442435417,0.4665901575769697,0.4474092423915863,0.34928023389407564,0.48213002937180655,0.45496058464050293,0.9246726376669747,0.7114144308226449,0.9537956118583679,0.9026583092553275,0.7618705970900399,0.9478337338992527,0.021120149908321246,0.9841824514525277
105,1.25e-05,0.5049446344497689,0.4988605885461728,0.4735638251136159,0.5043362248755697,0.50659899066426,1.023183361664834,1.098097909522313,1.0279792312835951,1.015890370499337,0.7706882198590592,0.9476265964664317,0.019478802021289567,1.01745236402161,0.4665706285408565,0.4473770729133061,0.34918870670454843,0.48211540494646343,0.454938748053142,0.9246610573359898,0.7113958767482212,0.9537846616336277,0.9026463031768799,0.7618413312094552,0.9478337338992527,0.021095641755631993,0.9842805181230817
106,1.25e-05,0.5040060543916315,0.4963051625935163,0.4631469913372552,0.5043175696746789,0.5050565561025007,1.0235192732388583,1.1002682550589489,1.0279202204878612,1.0165599780209664,0.770891356578071,0.9476383554587533,0.019400747800965953,1.0164793161813626,0.46655241932187763,0.44734753029687063,0.34910779765674044,0.4821008699280875,0.4549184569290706,0.9246478080749512,0.7113934414727348,0.9537717785154071,0.9026330624307904,0.7617974025862557,0.9478190881865365,0.021067014762333462,0.9843784655843463
107,1.25e-05,0.5055247147878011,0.49934781424766067,0.4736651371395777,0.5049068636608564,0.5072044908420525,1.0233568921799667,1.0959121247041061,1.0277566136425114,1.016538685856266,0.7706831841363824,0.9473496051366916,0.01946579347971657,1.0183775085580087,0.46653400148664204,0.4473134236676352,0.3490020419870104,0.4820866031306131,0.45489900027002605,0.924635819026402,0.7113652995654515,0.9537581631115505,0.9026228785514832,0.7617681281907218,0.9478044509887695,0.021048915971602713,0.9844883595194135
108,1.25e-05,0.5043701261541383,0.49725306610907277,0.46627153101421537,0.504978325662403,0.5050319440231773,1.0235807150983836,1.0973403876217218,1.0282206109897087,1.0164821160126514,0.7705639935858238,0.9476316412228898,0.019442648840977544,1.0170988303480915,0.4665086439677647,0.4472785932677133,0.34892317226954866,0.4820645408970969,0.45487227610179354,0.9246100187301636,0.7113151805741447,0.9537339976855687,0.9025956221989223,0.7616803220340184,0.9478044509887695,0.02098995340721948,0.9845006380762372
109,1.25e-05,0.5044828352412992,0.4974406210508215,0.46778064297824046,0.504138749468589,0.5060503438870478,1.0232729098763884,1.0965648677736077,1.0277848195492518,1.0163177195659858,0.7707100490454338,0.9474201099846953,0.01940127176981795,1.0169860996225828,0.46650307519095285,0.4472502384866987,0.3487927828516279,0.4820635233606611,0.45486634969711304,0.9246170435632978,0.7113506538527352,0.9537353685923985,0.9026077219418117,0.761577878679548,0.9477459107126508,0.020994820232902254,0.984764541898455
110,1.25e-05,0.504902594497249,0.4984802771579041,0.4714580388540374,0.5045633926430667,0.5063565335576496,1.023161026556188,1.0994282095663008,1.027968641067247,1.01581111298545,0.7706025998163882,0.9474872640933493,0.019271943536985244,1.0182721418291865,0.46648924691336496,0.44722422531672884,0.3487102602209364,0.4820543910775866,0.45484986901283264,0.924606374331883,0.7113515223775592,0.9537232092448643,0.9025977253913879,0.7614461183547974,0.9477312649999347,0.020970765235168592,0.9848793745040894
111,1.25e-05,0.5045344917760772,0.4976330815189262,0.4682052592039719,0.5045401844621864,0.5057397576337952,1.023572162884782,1.0974876742087079,1.0283220911782884,1.0163584066792384,0.7704011312949615,0.9474083570962799,0.019322947967612494,1.017513776582385,0.46646150946617126,0.4471916811806815,0.34865527919360567,0.4820285567215511,0.4548210714544569,0.9245800971984863,0.7113101056643895,0.9537009341376168,0.902568553175245,0.7614607640675136,0.9477019906044006,0.02091603832585471,0.9848818182945251
112,1.25e-05,0.5044681146489127,0.4974528178153011,0.4678139771733965,0.5042132945226756,0.5059445546000539,1.0232963203407226,1.0971594541975003,1.0281506168250236,1.0159799760876103,0.770357508569025,0.9474419368210659,0.019303059240701075,1.0171663099475476,0.46644026041030884,0.4471596394266401,0.34857236061777386,0.4820115012781961,0.4547980385167258,0.9245662263461522,0.7112952385629926,0.9536890046937125,0.9025517787252154,0.7614607810974121,0.9476873363767352,0.020889644644090107,0.9849833505494254
113,1.25e-05,0.5036580640721553,0.4964232486880137,0.4664000360036714,0.5028790312733824,0.5056790761073553,1.0234945652976868,1.0980546882808118,1.027873779832554,1.0166300333162728,0.7704515147380077,0.9475057333539952,0.019433044996331944,1.016466881761292,0.4664210251399449,0.4471232124737331,0.3484598142760141,0.4819954420839037,0.45477840304374695,0.9245561020714896,0.7112571682248797,0.95368002142225,0.9025417736598423,0.7614461268697467,0.9476873448916844,0.020865263683455332,0.9851069876125881
114,1.25e-05,0.504290197332639,0.49691465538218277,0.46577870784755615,0.5039984946731904,0.50586554044891,1.0235763944483267,1.1002753304629465,1.0283587413205284,1.0162378422919751,0.7698488181454062,0.9475594502012973,0.01945061705857744,1.017488896602615,0.4663862500871931,0.44708930594580515,0.3484277980668204,0.48196243814059664,0.45474172489983694,0.9245130675179618,0.7111479299409049,0.9536438669477191,0.902494524206434,0.761533967086247,0.9477459107126508,0.020783702975937297,0.9849691050393241
115,1.25e-05,0.5041726298412786,0.49713534760707107,0.4675781575460283,0.5037510016455262,0.5058140292023612,1.0233396695506187,1.0986128449745198,1.0278116538472135,1.0163585510366218,0.7704934884021054,0.9474721539344045,0.01924817993782968,1.017620764691831,0.46635833382606506,0.4470589927264622,0.34838288596698214,0.48193857073783875,0.45471042820385527,0.9244838867868695,0.7110921229634967,0.9536199910300118,0.9024608305522374,0.7615485787391663,0.9477459107126508,0.020723476207682064,0.9849393963813782
116,1.25e-05,0.5042738382381716,0.497511764916773,0.4692214545963119,0.5037633201981958,0.5059526655927903,1.0232101257373538,1.0936706277326749,1.0278994560668973,1.0161721140863464,0.7700804990801637,0.9473160233976166,0.019005981649244007,1.01783878542006,0.46633014508656095,0.4470314638955252,0.3483555444649288,0.4819131536143167,0.4546792379447392,0.9244526284081596,0.7110393132482257,0.9535935095378331,0.902425195489611,0.761607153075082,0.9477312649999347,0.020662390760013034,0.984888127871922
117,1.25e-05,0.504132073504218,0.49684126662158135,0.4663329417132989,0.5035871445400191,0.5059369752117748,1.0232622607573447,1.0989818101166091,1.027652108724216,1.0163481668271106,0.7705723885017606,0.9474704716673156,0.019237982840704052,1.0175536167176027,0.466313225882394,0.4470029217856271,0.3482703609125955,0.48190233962876455,0.4546588829585484,0.9244448798043388,0.711055440562112,0.9535866720335824,0.90241653578622,0.761548604284014,0.9476580619812012,0.02065074896173818,0.9850172826222011
118,1.25e-05,0.5036880489166004,0.49669137803090885,0.4671664769473713,0.5034001133744679,0.5051934263581688,1.023495415052999,1.1003183238456264,1.0280867862933365,1.0163431692843674,0.7704766883767085,0.9474100324049157,0.01899258164461002,1.016957844823553,0.46629795006343294,0.44697282144001554,0.3481722686971937,0.4818917342594692,0.4546416274138859,0.9244386724063328,0.711065547806876,0.9535778420312064,0.9024118185043335,0.7614607555525643,0.9475995302200317,0.020642787484186038,0.9851668306759426
119,1.25e-05,0.5032250779565028,0.49474413432772196,0.45949504148697645,0.502364075540947,0.5055436122222124,1.0232873844355725,1.0974905799427705,1.0275721251201582,1.0165289213458393,0.7703709252296932,0.9474671212026418,0.018943348565676307,1.0169329608152051,0.4662780889442989,0.44693965571267263,0.34807812741824556,0.481875832591738,0.45462032301085337,0.9244265641484942,0.7110373037202018,0.9535658700125558,0.9024000678743634,0.7614022152764457,0.9475848759923663,0.02061173878610134,0.9852592349052429
120,1.25e-05,0.5033296732278708,0.49517897627503826,0.4610894115167707,0.5027043584732294,0.5053630289333146,1.0235476540225137,1.1001084928200053,1.0279164728725256,1.0166267989173767,0.7704515129678748,0.9475779170203807,0.01847690534317762,1.0168079808011032,0.46626674277441843,0.4469155158315386,0.347992194550378,0.4818715282848903,0.4546043702534267,0.9244227494512286,0.7110813515526908,0.9535608632223946,0.9023960743631635,0.7612851347242083,0.9475995217050824,0.020608358351247653,0.9854644536972046
121,1.25e-05,0.5041587398837178,0.4972876978726248,0.4684498251949404,0.5037270214578401,0.5057806893763516,1.0232404934645798,1.1031385177657718,1.0278698011233265,1.0159479908252214,0.7704162592467929,0.9473579898285853,0.018774440252645103,1.0181845377728198,0.46624955534935,0.4468825970377241,0.34788662620953154,0.4818592965602875,0.45458538617406574,0.924410206930978,0.7110587017876762,0.9535461068153381,0.9023861714771816,0.7611973030226571,0.9475995302200317,0.020588415807911327,0.9855918458529881
122,1.25e-05,0.5033146896334226,0.4947759380599382,0.45934750212197173,0.502389860363783,0.5057050106895318,1.023824457962331,1.1022405076258865,1.028110097996467,1.016924903536844,0.7703893936968313,0.9474637657632843,0.018765731779043025,1.0169406267416154,0.46622454268591745,0.44685133014406475,0.347824433020183,0.48183845622198923,0.4545574188232422,0.9243817244257245,0.7109812668391636,0.953520153250013,0.9023561733109611,0.7612411975860596,0.9475848845073155,0.0205259591873203,0.9855600084577288
123,1.25e-05,0.5034667619270846,0.49512423619940776,0.46052298203103065,0.5025506783343557,0.5058143028862587,1.0236284752961495,1.0982682516620028,1.0282798200403185,1.0164892931992862,0.7703709324323026,0.9475426658019004,0.018801825401443307,1.0168184458263336,0.46620012181145803,0.44681441358157564,0.3477337488106319,0.481814729315894,0.4545343135084425,0.9243642772947039,0.7109360609735761,0.9535037790025983,0.9023391859872001,0.7612265774181911,0.9475995217050824,0.02048452544425215,0.9856041329247611
124,1.25e-05,0.5034074644766523,0.4955992152827615,0.4623149230091986,0.5034042679219751,0.5047803005986622,1.0238998281729874,1.0991002690529617,1.028901912893812,1.0163910545206534,0.7700653895926488,0.9475292393749821,0.018771036259574398,1.017305748681197,0.46617833205631803,0.44678066458020893,0.34764633008411955,0.48179586018834797,0.4545114891869681,0.9243450164794922,0.7108771800994873,0.953482985496521,0.9023223008428302,0.7612119402204242,0.9475848759923663,0.02045089884528092,0.9856496453285217
125,1.25e-05,0.503966891469555,0.4959803056057697,0.4621563420744963,0.5037537920310201,0.5055737671214864,1.0233899529201216,1.09838477410357,1.0278449799852132,1.0164349078826884,0.7701493252623832,0.9473697450059655,0.01850492659530851,1.0183114347492068,0.4661554481301989,0.44674210037503925,0.34753906301089693,0.48177444509097506,0.45449017201151165,0.9243235417774746,0.7107555270195007,0.9534593394824437,0.9023073741367885,0.7611826658248901,0.9476288046155658,0.020409961364098957,0.9856517229761396
126,6.25e-06,0.5043118067783877,0.4968281862861489,0.46588991036857025,0.5033946534760841,0.5065095869626867,1.0232898269747077,1.0931259109249984,1.0278927225732095,1.0163590179244129,0.7702215179930695,0.9474956635566961,0.019049685812258164,1.0189726612718057,0.466144323348999,0.4467268671308245,0.3475037259714944,0.4817656874656677,0.45447760820388794,0.9243115612438747,0.7107259801455906,0.9534473504338946,0.9022954617227826,0.7611826743398394,0.9476141589028495,0.02038940946970667,0.9856559378760201
127,6.25e-06,0.5038758393012739,0.49550785508085016,0.45990789351680617,0.5038054726151888,0.505411779337276,1.023626608294337,1.0960362412901457,1.0282777021679583,1.0165615562774923,0.7703306375255478,0.9474889461162819,0.01860417422675897,1.0176052777997908,0.4661359701837812,0.44671108041490826,0.3474527384553637,0.4817601144313812,0.45446822898728506,0.9243059754371643,0.7107044202940804,0.9534407087734768,0.902290804045541,0.7611826743398394,0.9476288046155658,0.02037441810326917,0.9856994237218585
128,6.25e-06,0.5029640339669728,0.4940128206626855,0.4563443010822663,0.5024966987291484,0.5049853500682637,1.023710770113799,1.0957565148610429,1.0283600362032057,1.0166602305613965,0.7706009252402213,0.9475997462983139,0.018504383514553722,1.0168063092768895,0.46612329142434256,0.44669678807258606,0.3474327836717878,0.4817472313131605,0.4544553203242166,0.9242898906980243,0.7106571878705706,0.9534258757318769,0.9022752131734576,0.7612704975264413,0.9476288046155658,0.020337233852062906,0.9856555461883545
129,6.25e-06,0.5039488375644713,0.49609497163580185,0.4637457429904908,0.5028724472948788,0.5063652733137713,1.0233794221253012,1.1004022596069196,1.0279253975159683,1.0162659130887501,0.7700804987749684,0.9475493754598341,0.01858065917580572,1.018415333549609,0.46611710105623516,0.4466846968446459,0.3473913201263973,0.4817445618765695,0.45444717577525545,0.9242874213627407,0.7106708032744271,0.9534221121243068,0.9022733654294696,0.7612119487353733,0.9476288046155658,0.02033554283635957,0.9857434800692967
130,6.25e-06,0.5040171160126612,0.496208418257958,0.4640155212884064,0.5029750249352872,0.5063926356301451,1.0232136479659504,1.1020045859106857,1.0279128552093546,1.0158881766333436,0.7699915209124165,0.9473714255029216,0.01881173111811181,1.0185238190693424,0.466104120016098,0.4466672199113028,0.3473539352416992,0.481732223715101,0.4544343650341034,0.9242746404239109,0.7106267213821411,0.9534096802983966,0.9022614189556667,0.7612411975860596,0.9476288046155658,0.020312241411634853,0.9857288769313267
131,6.25e-06,0.5040455232567501,0.49696184042412017,0.46796761376089885,0.5029009697196792,0.506392753588134,1.0231189227873279,1.097745932711129,1.0277126372867649,1.0160374082605839,0.7700872124919999,0.9473697439683014,0.018618778601723698,1.018351915245232,0.4660964608192444,0.4466503347669329,0.34729552268981934,0.48172663365091595,0.45442637375422884,0.9242722647530692,0.7106170569147382,0.9534056953021458,0.9022603120122638,0.7612119402204242,0.9476141589028495,0.020303980048213686,0.9858055370194572
132,6.25e-06,0.5037895946916531,0.49637320271468566,0.4652800649724981,0.5032916052245019,0.5055712773381168,1.0233874675620842,1.1003713376450037,1.0279516640896071,1.0162570770740265,0.7702752428059693,0.9474234703376974,0.01863559719825548,1.0173187648950939,0.4660866984299251,0.4466320829732077,0.34723989878382,0.48171854870659964,0.4544160621506827,0.9242676070758274,0.7106094019753593,0.9534006374222892,0.9022566165242877,0.7611826487949916,0.9475995131901332,0.020292770117521286,0.9858688797269549
133,6.25e-06,0.5037647899883073,0.49661681799173235,0.46677557805899283,0.5031645885657727,0.5055979870858708,1.0237289501408462,1.1002520712839294,1.028094593006345,1.0168127901298964,0.7700402035630183,0.9475476989609366,0.01855129024077777,1.0184209321745223,0.4660762846469879,0.44661457198006765,0.34718900067465647,0.4817101572241102,0.45440558024815153,0.9242613571030753,0.7106049656867981,0.9533940894263131,0.9022500514984131,0.7611680371420724,0.9476141589028495,0.020281265622803142,0.9859294210161481
134,6.25e-06,0.5043544744566288,0.4973264411969241,0.4674955578077407,0.5042303780439995,0.5057070950514466,1.023226704648746,1.0989461035467207,1.027679498904922,1.0162501689780998,0.7700150292834074,0.9474419426197769,0.018730085714125537,1.019524871906255,0.46606409549713135,0.4465962988989694,0.3471445654119764,0.4816985939230238,0.45439356139728,0.9242525952202933,0.7105865478515625,0.9533862045833043,0.9022414088249207,0.7611241085188729,0.9475995217050824,0.020264560356736183,0.9859669293676104
135,6.25e-06,0.5028826119316216,0.4952812296454258,0.46293364882591254,0.5028271072654313,0.5042697827265438,1.023278697417201,1.098832038781976,1.0281978897784712,1.0158410811814906,0.7700821815608895,0.9473982905645707,0.01863280728009195,1.0173157241731439,0.46605479291507174,0.44658115080424715,0.34710241641317097,0.4816914030483791,0.45438321573393686,0.9242455022675651,0.7105818135397775,0.9533788987568447,0.9022339156695774,0.7610948511532375,0.9475848759923663,0.02025374078324863,0.9860230088233948
136,6.25e-06,0.5031817751057748,0.494729366811556,0.45882001410858847,0.5030632391991642,0.5047791381402316,1.0235721963036688,1.0970956573593758,1.0274586000628063,1.017235069902384,0.7701090396946049,0.9473395231010605,0.018579716514271465,1.0182799784513357,0.46604726144245695,0.4465649724006653,0.3470456727913448,0.48168722646577017,0.454374087708337,0.9242434501647949,0.710575887135097,0.9533751606941223,0.9022338134901864,0.7610802139554705,0.9475995217050824,0.02024752912776811,0.9860952837126595
137,6.25e-06,0.503388741049349,0.49406246988210567,0.4547524797232775,0.5029616323850488,0.5054371371003096,1.0232248851353245,1.096128264086343,1.0275842793098915,1.0164353255424754,0.7701140689776607,0.9473680628914742,0.018715773200300555,1.0186067907491587,0.4660345699105944,0.44654771259852816,0.3470079983983721,0.4816755567278181,0.4543611449854715,0.9242321678570339,0.7105396475110736,0.9533652322632926,0.902222386428288,0.7610948426382882,0.9476141674177987,0.020218364894390106,0.9860967397689819
138,6.25e-06,0.5031907656103662,0.4950966997080684,0.4611894706091512,0.5026217381952972,0.5051597547543336,1.0238238005411058,1.1018478624404422,1.0281365703938254,1.0169103370833508,0.7699428265423147,0.9475191603607845,0.018885590911438023,1.0176110229794941,0.46602482880864826,0.44653343302862986,0.3469720312527248,0.4816680337701525,0.4543499904019492,0.9242210388183594,0.7105041657175336,0.9533536604472569,0.9022122876984733,0.7610801969255719,0.947570264339447,0.020196617980088507,0.986107953957149
139,6.25e-06,0.5028902135991586,0.49500290052254753,0.46246136298438434,0.5018610668316659,0.5052669348621515,1.0234370287173966,1.0971173986800193,1.0278488433000923,1.016569493888771,0.7701677966899159,0.9476114918010026,0.018404520064767848,1.017032212192928,0.46601188608578276,0.44651967712811064,0.34695338351385935,0.4816557254110064,0.45433706045150757,0.9242016587938581,0.7104367528642926,0.9533351063728333,0.9021937080792019,0.7610948426382882,0.9475995217050824,0.020152817613312175,0.9860459651265826
140,6.25e-06,0.5026364336090703,0.4944941936794209,0.46013850474198903,0.5022982656803121,0.5043911594369139,1.0231131692147535,1.0975516008463995,1.0275300438441928,1.016215145984675,0.7700721083454029,0.9474906202041364,0.018693078854834184,1.0179563708874242,0.4659962739263262,0.4464992710522243,0.34691441910607473,0.48163920640945435,0.4543225722653525,0.924187958240509,0.7103943654469081,0.9533237133707319,0.9021790112767901,0.761065559727805,0.9475995217050824,0.02012656070291996,0.9860360281808036
141,6.25e-06,0.5027970205773101,0.4947524049376074,0.460634307164262,0.5026284555899322,0.5043710328131167,1.023233682664919,1.1017434908619796,1.028020554271284,1.0158300477605078,0.7699680144336366,0.9475006880481854,0.018638925109949408,1.0176701098604197,0.4659845062664577,0.4464825519493648,0.34687491399901255,0.4816288096564157,0.45431048955236164,0.9241769909858704,0.7103596244539533,0.9533132825578962,0.9021681376865932,0.7610362853322711,0.9475702473095485,0.020103418667401587,0.9860524705478123
142,6.25e-06,0.502277914890557,0.49428392715534675,0.4601072732509861,0.5023700342352917,0.5035914943514881,1.0232431886443956,1.095739972725686,1.027828786230307,1.0162413101042471,0.7699344430101632,0.9474687930015314,0.018755184444544014,1.0175498240859584,0.46597474813461304,0.4464666673115322,0.346831351518631,0.4816204181739262,0.45430056537900654,0.92416855267116,0.7103331685066223,0.9533042396817889,0.9021602187837873,0.7610509310449872,0.9475409643990653,0.02008121380848544,0.9860840099198478
143,6.25e-06,0.5030708678307072,0.4951907904314128,0.4621644884851488,0.5025315042861718,0.5049737739337143,1.0231952802743047,1.0978462133600477,1.0274619173222301,1.0164405411167505,0.7700200627781584,0.9474201056509218,0.018664232628296962,1.0180205838898788,0.4659631422587803,0.4464482494762966,0.3467826800686972,0.48161051528794424,0.4542880824634007,0.9241597056388855,0.7103238276072911,0.9532967805862427,0.9021511588777814,0.7609923652240208,0.947526352746146,0.020063863535012518,0.986129777772086
144,6.25e-06,0.5044358148980128,0.49643365279625945,0.4633951551689591,0.5034136169700212,0.5068260035756547,1.0238545298027004,1.097193923169872,1.0287345158278607,1.0165299684404412,0.7699931955801421,0.9473898792901652,0.01834338318405857,1.0182882319702835,0.4659517662865775,0.4464316155229296,0.3467414081096649,0.481601072209222,0.45427592737334116,0.9241514035633632,0.7103070787021092,0.9532875078065055,0.9021427631378174,0.7610070109367371,0.947526352746146,0.020046467227595195,0.9861656086785453
145,6.25e-06,0.5030311314771557,0.4957904176442243,0.4652473532689637,0.5027220237426006,0.5045997531091746,1.0234743178165453,1.0992701744581574,1.0279349739040038,1.0164874815904235,0.7698874357597558,0.9473495978120041,0.01829358042945968,1.0184568605298454,0.4659461762223925,0.4464203289576939,0.3467022734028952,0.481598504952022,0.45426868540900095,0.9241460646901812,0.7102957112448556,0.9532805340630668,0.9021400724138532,0.761021648134504,0.947526352746146,0.020033936947584152,0.9862097672053746
146,6.25e-06,0.5028617694264367,0.4960046661736351,0.4676718021806423,0.502006422447902,0.5048902802020541,1.022932657875651,1.0987288404963778,1.0272885741665005,1.0160503936802736,0.7702752365189458,0.9475023740996963,0.018748347863509176,1.0176310260297088,0.4659357709544046,0.4464032735143389,0.3466548366206033,0.4815900581223624,0.4542575478553772,0.9241386141095843,0.7102798393794468,0.9532730323927743,0.902133047580719,0.7610070194516864,0.947540989943913,0.020019182669264928,0.9862486294337681
147,6.25e-06,0.503461734398902,0.49657494638494754,0.46774519298605227,0.5029583726549417,0.505155707559278,1.0230556039766232,1.0988931827403556,1.027583681676428,1.015999424658979,0.7700183819454874,0.9474234650578184,0.01846420593441479,1.0182304312129296,0.46592686431748526,0.44639189754213604,0.3466294663293021,0.48158420409475056,0.45424638049943106,0.9241327387945992,0.710299585546766,0.9532673869814191,0.9021254011562893,0.7610509395599365,0.947540989943913,0.02001191595835345,0.9863058498927525
148,6.25e-06,0.5027892323438778,0.49376727964898837,0.4568220839797077,0.501348315570761,0.5057623373717451,1.0231943970085473,1.0958651939661639,1.0273746195903999,1.01659182750196,0.7700452353486756,0.9477105467245021,0.01824303936638621,1.017270518795869,0.465918379170554,0.4463796785899571,0.34659834844725473,0.4815788907664163,0.4542352003710611,0.9241260290145874,0.7102985892977033,0.9532608900751386,0.9021185977118356,0.7610216651644025,0.947540989943913,0.020001754962972233,0.9863487737519401
149,6.25e-06,0.5025551569077277,0.4948105277370564,0.4624992952368776,0.5018850929359869,0.5045603959608005,1.0231907307888017,1.100394096853058,1.0276255288370681,1.0161824604821583,0.7698152541076594,0.9473831710056104,0.018320913292578227,1.017310899401468,0.46591268266950336,0.4463643601962498,0.3465395782675062,0.4815757359777178,0.45422856296811787,0.9241243856293815,0.710291155747005,0.9532569135938372,0.9021192789077759,0.7610216651644025,0.9475263442311969,0.01999634051961558,0.9864357284137181
150,6.25e-06,0.5032557730057028,0.49628633939786504,0.4666950511157177,0.5031411321085048,0.5045891988295746,1.0234899410088125,1.102981666266094,1.0284205752339537,1.0159097445725296,0.7697732826409679,0.947445286950025,0.018157174360127218,1.0180077279950799,0.46589855211121695,0.4463473217827933,0.34650916712624685,0.481562077999115,0.4542148070675986,0.9241113662719727,0.7102687358856201,0.9532446435519627,0.9021064639091492,0.7610216566494533,0.9475116985184806,0.019972009850399836,0.9864366565431867
151,3.125e-06,0.5022856804327176,0.49449381688528654,0.46173941498527876,0.501845403506215,0.5040774501963146,1.023750746488205,1.1006417698696584,1.0280845525383155,1.0168541609416908,0.7697934183901051,0.9474503215434792,0.01829088400597305,1.017532131150632,0.46589412859507967,0.44633971793310984,0.34648771796907696,0.48155832290649414,0.45420999612127033,0.9241089991160801,0.710269604410444,0.9532418847084045,0.9021038327898298,0.7610070279666356,0.9475116985184806,0.019968229212931225,0.9864691155297416
152,3.125e-06,0.5025694137405751,0.4944228451037126,0.46034807102593533,0.5019467467994367,0.5045994952343942,1.0233845950943106,1.0968122427364648,1.0277453660964966,1.0165764760250808,0.770043565564075,0.9475208312746078,0.018238410497674624,1.0169315005777069,0.4658895177500589,0.4463318756648472,0.3464646978037698,0.4815546231610434,0.4542053980486734,0.9241065723555428,0.7102653299059186,0.9532395856721061,0.9021011590957642,0.7610070109367371,0.9475263442311969,0.019962836056947708,0.9864939195769173
153,3.125e-06,0.5023914034770687,0.49421650345241236,0.46017156748880317,0.5016257447794774,0.504564371068723,1.0237300672167335,1.0983658757230532,1.0285010034770643,1.016471185991841,0.7694391888712714,0.947359679145686,0.018544571436998846,1.0182881616227637,0.4658867248467037,0.4463245613234384,0.3464368539197104,0.4815534566129957,0.4542014939444406,0.9241055165018354,0.710267288344247,0.9532380529812404,0.902100818497794,0.7609923652240208,0.947540989943913,0.01995970814355782,0.9865402919905526
154,3.125e-06,0.5028442352079332,0.49377534441989446,0.4557234809237508,0.5022645130471212,0.5049946067794677,1.0235649347305298,1.0954484201612926,1.0282098320100592,1.0165238680744317,0.769455983250555,0.9473126662491653,0.018447009797927603,1.0186443070356992,0.46588187984057833,0.4463168808392116,0.34641548139708384,0.4815495567662375,0.4541965935911451,0.9241014463560921,0.7102595056806292,0.9532341701643807,0.902097054890224,0.7609923652240208,0.947540989943913,0.01995133315878255,0.9865615027291434
155,3.125e-06,0.5033056377693134,0.49500183693213884,0.46025049503314697,0.5026889862735883,0.5053574611026083,1.0238685389390312,1.0974739628819643,1.0290541300331697,1.0162294220448274,0.76954160628414,0.9472555898118495,0.01862217692197651,1.0193495843511817,0.46587832484926495,0.4463095835277012,0.34639109458242145,0.48154742802892414,0.45419207215309143,0.9241001691137042,0.7102621112551007,0.9532319562775748,0.9020962374550956,0.7609777535711016,0.947540989943913,0.019947588177663938,0.9866001350539071
156,3.125e-06,0.5025073235241254,0.4938960566742873,0.45751986108983533,0.5021889663114953,0.5043253107859548,1.0232945904326451,1.1000032052588475,1.028174658677423,1.01585755281673,0.7702366338896861,0.9476601724678348,0.01814801895755395,1.0172233058133007,0.4658708785261427,0.446300276688167,0.34637422221047537,0.48153990507125854,0.45418486424854826,0.9240931442805699,0.710242075579507,0.9532259106636047,0.9020884888512748,0.7609923652240208,0.947540989943913,0.019933620733874186,0.9865912454468864
157,3.125e-06,0.50253721592491,0.4951030712706336,0.46418299895644005,0.5018029621455588,0.5045499592424355,1.0232326916041767,1.0979889406342416,1.0278109106661049,1.0161626398471826,0.7699562638647057,0.9473865336475773,0.018347557028016402,1.0170032733291219,0.46586680838039946,0.4462942736489432,0.3463588058948517,0.4815370568207332,0.454179938350405,0.9240900448390416,0.710239086832319,0.9532227516174316,0.9020853979246957,0.7609923652240208,0.9475263442311969,0.019925922953656743,0.9866088032722473
158,3.125e-06,0.50292233024813,0.49428248609937403,0.45819875265290905,0.5022105469315465,0.5051248521909797,1.0235366072339762,1.0969693581995692,1.028016215401067,1.0166090215955461,0.770085535626868,0.9475896774471203,0.0181057887581972,1.0173563830253105,0.4658670255116054,0.44628891348838806,0.34632696424211773,0.4815396709101541,0.4541788867541722,0.92409234387534,0.7102405599185398,0.9532236201422555,0.9020903280803135,0.7609631163733346,0.9475263442311969,0.019929874688386917,0.9866700172424316
159,3.125e-06,0.5012604577444909,0.49242420541098714,0.45560635201331595,0.500450476889603,0.5035922971372414,1.0236777172782028,1.0992233701626337,1.0284212679357572,1.016415827315829,0.770219841890926,0.9475040590830235,0.018374656949381125,1.0169499319636144,0.4658635343824114,0.44628238677978516,0.3463059791496822,0.48153755920273916,0.45417465908186777,0.9240900874137878,0.7102370432444981,0.9532205207007272,0.902088327067239,0.7609484791755676,0.9475263442311969,0.01992386020720005,0.9866924200739179
160,3.125e-06,0.5023126523432461,0.4937750665700808,0.4583983550118106,0.5013433432676703,0.5047457090598525,1.0236138953835427,1.1004822335973252,1.027990782254791,1.0166749817496132,0.7695600646798328,0.9473160265411283,0.01854489432696465,1.017399146870595,0.46585833600589205,0.4462741017341614,0.3462835507733481,0.48153312717165264,0.45416941387312754,0.924086332321167,0.710227506501334,0.9532165271895272,0.902084733758654,0.7609630908284869,0.9475263442311969,0.019916712439485958,0.9867145078522819
161,3.125e-06,0.5027826115588194,0.494483484009627,0.45957857397844165,0.5023306089673235,0.5046748514976247,1.023796495326775,1.1002136219847953,1.028581969199642,1.0164639272264988,0.7698118902449113,0.9474335397382425,0.018218900220582136,1.01730684128042,0.46585226910454886,0.4462668980870928,0.3462708124092647,0.48152780532836914,0.45416280201503206,0.9240807976041522,0.7102127500942775,0.9532110265323094,0.9020793778555733,0.7609484791755676,0.9475263442311969,0.019903626292943954,0.9867060269628253
162,3.125e-06,0.5025962621995992,0.49392559897026767,0.45796629846004483,0.5016412011977653,0.505039092429894,1.0239455359322684,1.1008822641431277,1.0282842235814225,1.0170424995944858,0.769865611273389,0.9475023675685166,0.018275078755163928,1.0181751833533361,0.4658441160406385,0.44625664608819143,0.3462512918881008,0.48151977147374836,0.4541549342019217,0.9240751011031014,0.7101978148732867,0.953206649848393,0.9020729405539376,0.7609630908284869,0.9475263442311969,0.01989281363785267,0.9867029445511954
163,3.125e-06,0.502542569127012,0.4939617892136894,0.4582107849171146,0.5017539948850672,0.5048087647311577,1.023850272694308,1.1016105595638492,1.0281889325096494,1.0169195971974823,0.7698253237218412,0.9472858028050514,0.018241071481309178,1.0177067663507222,0.4658387771674565,0.44624813539641245,0.34622945955821444,0.481514756168638,0.45414954849651884,0.9240696259907314,0.7101744157927377,0.9532010895865304,0.902067950793675,0.7609630993434361,0.9475117070334298,0.019879465656621114,0.9867056012153625
164,3.125e-06,0.5022524940894313,0.4926034590402018,0.4521868316961202,0.5015696624701168,0.5046041658213978,1.0238601717653484,1.0987097157677563,1.0285788493405472,1.0166462905518043,0.7693367953246761,0.947267338061296,0.018370609745741867,1.0183572072709333,0.4658347410815103,0.4462395821298872,0.3462000106062208,0.48151180148124695,0.4541455251829965,0.9240682125091553,0.710175769669669,0.9531993780817304,0.9020673717771258,0.7609630993434361,0.9475117070334298,0.019875853987676755,0.9867520758083889
165,3.125e-06,0.5022065379164247,0.4941573721655686,0.46079043599195624,0.5013060919822209,0.5044874290411617,1.0234323652109243,1.0938882109939412,1.0276878995280112,1.016828323167468,0.7698051775960634,0.9474889415688718,0.018176604213962725,1.0175999572688472,0.46583050063678194,0.44623273611068726,0.34618140544210163,0.48150857431547983,0.4541404800755637,0.9240644659314837,0.7101689491953168,0.9531948566436768,0.9020632931164333,0.7609631078583854,0.9475117070334298,0.01986856199800968,0.9867727841649737
166,3.125e-06,0.5016040159260622,0.49281125322281855,0.4562439350931082,0.5007321449407723,0.5039879444374283,1.0235768681114537,1.0957089590373188,1.0281688092430006,1.01658042009464,0.7701073638366176,0.9474822308122349,0.0183815556319399,1.016977744320998,0.4658259281090328,0.44622581771441866,0.3461637156350272,0.48150491288730074,0.4541354051658085,0.9240604639053345,0.7101701583181109,0.9531912803649902,0.9020593081201825,0.7609777535711016,0.947526352746146,0.01986015454999038,0.9867973583085197
167,3.125e-06,0.501567806577414,0.493675055164468,0.46048855523665133,0.5011293558175907,0.5033755279234355,1.0236275641050208,1.098880581134292,1.027775137044806,1.0169715666490156,0.769810212555752,0.9475158060506498,0.018300827298860824,1.0168814284338807,0.46582006982394625,0.4462186523846218,0.346149069922311,0.4815000891685486,0.45412932123456684,0.9240553038460868,0.7101594294820514,0.9531864268439156,0.9020536031041827,0.7610070279666356,0.947526352746146,0.019845312727349147,0.9867952976908002
168,3.125e-06,0.5025857050664231,0.49360480738247714,0.45581712272004843,0.5021113614149724,0.5046189569291615,1.0236070690189212,1.097305658287228,1.0282180109697918,1.0165397676210555,0.7700318156360543,0.9474604077297666,0.018476383273212712,1.0184430107359879,0.46581667235919405,0.44621103150503977,0.3461221158504486,0.4814979774611337,0.45412541713033405,0.9240528089659554,0.7101532816886902,0.9531830038343158,0.9020520533834185,0.7609777535711016,0.9475117070334298,0.019838653770940646,0.9868259429931641
169,3.125e-06,0.5040590885780557,0.49669197087280575,0.4659989811918764,0.5033807014723161,0.5060060729415247,1.023387887754992,1.1007996118196877,1.0277137573840858,1.0164816950262356,0.7692830734416515,0.9473294521134997,0.018215137846668714,1.020187501045477,0.4658099242619106,0.4462029082434518,0.3461075041975294,0.48149182541029795,0.4541183497224535,0.9240461417606899,0.710135451384953,0.9531768901007516,0.902045224394117,0.7610070194516864,0.9475117070334298,0.019824127001421794,0.9868165084293911
170,3.125e-06,0.5029492876466213,0.49402783616530366,0.45602683973996017,0.50291845527479,0.5045441325145444,1.0240371784245852,1.0974169326206995,1.0286254248616638,1.0170030653079962,0.7698337162877741,0.947361356651728,0.018242799750869235,1.0180612885823814,0.4658086597919464,0.4461967945098877,0.34607917070388794,0.48149245977401733,0.45411571860313416,0.9240481427737645,0.7101464016096932,0.9531782354627337,0.9020474978855678,0.7609631078583854,0.9475117070334298,0.019826476329139302,0.9868807537215096
171,3.125e-06,0.5021603127290089,0.4926619428399277,0.45333722194096887,0.5010505339089749,0.504897424885388,1.0237146000708304,1.1002138208805812,1.0279260250585724,1.0169532925912923,0.7696389774450936,0.947421796829714,0.018404291524025822,1.0173853480138353,0.46580253754343304,0.44618781975337435,0.34605664014816284,0.48148752961839947,0.4541090854576656,0.924043093408857,0.7101352044514248,0.9531730924333844,0.9020431637763977,0.7609484706606183,0.9475117070334298,0.01981698828084128,0.9868978602545602
172,3.125e-06,0.5029407747879556,0.49488224198252984,0.4612873136325793,0.5022187667874514,0.5050512789855904,1.0233433823126497,1.1015301563467543,1.0278595677108198,1.0162209945035114,0.7692360567912284,0.9473563111628012,0.018520673619620443,1.019210955422778,0.4657964663846152,0.44618096947669983,0.34604595388684956,0.48148201193128315,0.4541025332042149,0.9240353788648333,0.7101184725761414,0.9531661101749965,0.9020355258669172,0.7610362768173218,0.9475117070334298,0.019800919773323194,0.9868844406945365
173,3.125e-06,0.502256770654025,0.4938298539967642,0.458259158175967,0.5019200236536085,0.5040599802366844,1.0237500552513388,1.1013786224481452,1.028053479077446,1.016858971643863,0.7698656162480727,0.9474318532899777,0.01822096644054299,1.0177923237978344,0.4657925409930093,0.4461749962397984,0.3460294689450945,0.4814796618052891,0.4540975604738508,0.9240328754697528,0.7101213165691921,0.9531634790556771,0.9020326648439679,0.7610070279666356,0.9475117070334298,0.019793564985905374,0.9869081463132586
174,3.125e-06,0.5024389667475584,0.49497454378828293,0.46381622319397287,0.501808493123931,0.5043568243995057,1.023167207890514,1.097776054725608,1.0279232209850688,1.0159243848527693,0.7698253159698802,0.9475191576140267,0.018409764597309718,1.018001855732048,0.4657881259918213,0.4461680395262582,0.3460092161382948,0.4814769072192056,0.4540924685341971,0.9240299122674125,0.710126519203186,0.9531610267502921,0.9020287309374128,0.7610070279666356,0.9474970613207135,0.0197869815996715,0.9869421890803746
175,3.125e-06,0.5026120008014742,0.4943674431052259,0.4596195863841194,0.5022319835299293,0.5044250832999357,1.0233715808641832,1.1025895118347144,1.0277179303501303,1.0163845874014354,0.7694073030109962,0.9474553641635701,0.018487542320693297,1.0187440095226152,0.4657832086086273,0.4461599120071956,0.34598743489810396,0.4814726284572056,0.4540869891643524,0.9240257740020752,0.7101203969546727,0.9531565478869847,0.9020244990076337,0.7610070194516864,0.9474970613207135,0.01977644381778581,0.986959091254643
176,1.5625e-06,0.5028881178534587,0.49379796018615113,0.45600304237952677,0.5019781752482354,0.5053608451692861,1.0234652047149964,1.0953543790474465,1.0281200737936096,1.016414063073279,0.769880724087533,0.9475393083177343,0.018115249536340198,1.01823774155628,0.46578121185302734,0.44615581205912996,0.34597422395433697,0.48147101061684744,0.45408484765461515,0.9240250928061349,0.7101190941674369,0.9531563690730503,0.9020239625658307,0.7609630908284869,0.9474970613207135,0.01977453487260001,0.9869789481163025
177,1.5625e-06,0.5025804186715752,0.492364989874977,0.4501999384369291,0.5012644600300562,0.5056425458916138,1.0235603318358468,1.1014154249133663,1.0282358162780327,1.0162895373729213,0.7697027659208666,0.9477088615275382,0.018109895493997347,1.0181176155515652,0.46577887875693186,0.446152001619339,0.34596387829099384,0.48146920119013104,0.45408207178115845,0.9240234238760812,0.7101160117558071,0.953154947076525,0.9020225405693054,0.7609630908284869,0.9474970613207135,0.019770983340484754,0.9869920100484576
178,1.5625e-06,0.5025260314169873,0.49355579872224126,0.45589557041343026,0.5019738673858622,0.5046324847572227,1.0236004019662532,1.096115998622398,1.0280344142586648,1.0167492050973197,0.7699344517997883,0.9476249270480654,0.018122206772527388,1.0177261785428096,0.465776937348502,0.446147620677948,0.34594803197043283,0.481467787708555,0.45408039007868084,0.9240228704043797,0.7101136531148639,0.9531533547810146,0.9020226086888995,0.7609630908284869,0.9474824241229466,0.019769846594759395,0.9870124885014125
179,1.5625e-06,0.5028479938255599,0.49515465616081167,0.4627863165817075,0.5024398120927982,0.5045915980462349,1.023606306274793,1.098239334009271,1.0280808610178787,1.0166439168342125,0.769482844405704,0.9474671189136769,0.018138617457878235,1.0185089837082582,0.4657748171261379,0.4461436314242227,0.3459353361810957,0.48146634868213106,0.4540779505457197,0.9240214739527021,0.7101059811455863,0.9531515836715698,0.9020218423434666,0.7609630908284869,0.9474824241229466,0.01976631528564862,0.9870212759290423
180,1.5625e-06,0.5023362907427003,0.4938015261187165,0.458882333770875,0.5009439067692861,0.5051769696317205,1.0233937522965826,1.0999771176517406,1.0280398945898748,1.0161948681671193,0.7696255442123198,0.9474385814427475,0.018205106350904665,1.0187526579642991,0.46577308007649015,0.44613973583493916,0.3459217846393585,0.48146529282842365,0.45407574091638836,0.9240204862185887,0.710101808820452,0.9531508599008832,0.9020208375794547,0.7609484536307198,0.9474824241229466,0.0197636785783938,0.987038254737854
181,1.5625e-06,0.5016900569246295,0.4919709238527496,0.45114826093987204,0.5011090934429179,0.5039557283253042,1.02350450196879,1.0981421680616466,1.028167578664976,1.0163533815163195,0.7697413772481927,0.9475359465608338,0.018112405363033504,1.017286804841838,0.4657707171780722,0.4461358530180795,0.34591031074523926,0.4814636622156416,0.454073177916663,0.924019592148917,0.7101031116076878,0.9531495145389012,0.902020343712398,0.7609338164329529,0.9474824241229466,0.019761603059513227,0.9870538285800389
182,1.5625e-06,0.5032159721796414,0.4938949800825583,0.4552148822723629,0.5022122289392195,0.5058196205941458,1.0231833453063652,1.0967437719236688,1.027723223596613,1.016191638803946,0.7697363405794103,0.9472438368623951,0.018357703247652624,1.01898688966045,0.46576760496412006,0.44613182118960787,0.3459022470882961,0.48146078842026846,0.454069937978472,0.924017207963126,0.7100990414619446,0.9531474709510803,0.9020180446760995,0.7609338249479022,0.9474824241229466,0.01975643342094762,0.9870570387159076
183,1.5625e-06,0.5020460705237089,0.4934495182386497,0.45752758370627516,0.5013556094335643,0.50422062609236,1.0235693460235948,1.0977279596980634,1.0279428286242351,1.016723991264396,0.7696288981562203,0.9474687952599767,0.01820322262534287,1.0175935495406374,0.4657651569162096,0.44612828748566763,0.3458943026406424,0.4814585191862924,0.45406720893723623,0.9240153006144932,0.7100969127246312,0.9531453422137669,0.9020157626696995,0.7609191792351859,0.9474677869251796,0.019751999527215958,0.9870651194027492
184,1.5625e-06,0.5018557755231735,0.49288992221332245,0.4552093453121625,0.5013405811890418,0.503925850299219,1.0232392506177035,1.0980089336435306,1.0278651874552491,1.0161211046266727,0.7694509539980188,0.9474251414956768,0.018152731125034616,1.0178853638710514,0.46576394353594097,0.4461249922003065,0.34588152170181274,0.4814579742295401,0.4540656805038452,0.9240148663520813,0.7100944519042969,0.9531448824065072,0.9020158222743443,0.7609191792351859,0.9474677869251796,0.019751404811229025,0.9870839544704982
185,1.5625e-06,0.5018674239279732,0.49322560719508607,0.45710490885845406,0.5011828369015129,0.5040439747262477,1.023313805773755,1.0994356593228705,1.027886049569233,1.016204354858252,0.769711158517319,0.9477004672219921,0.018091222517386926,1.0174815192688933,0.46576101439339773,0.4461207219532558,0.3458707162312099,0.4814553899424417,0.4540629770074572,0.9240126524652753,0.7100873844964164,0.9531427706990924,0.9020134466035026,0.7609045675822667,0.9474677869251796,0.019745990367872373,0.9870879224368504
186,1.5625e-06,0.5025693693041374,0.4935399130314848,0.45634764191802807,0.5013327790234434,0.5053466120195951,1.0234029205164052,1.0958969993464347,1.0279807758160389,1.0164087418098664,0.7695181072826454,0.9473177018192446,0.017927095387464783,1.0181855137874332,0.4657589154584067,0.44611668586730957,0.34585759895188467,0.48145401903561186,0.4540605161871229,0.9240115114620754,0.7100879975727626,0.9531420128686088,0.9020125951085772,0.7609045590673175,0.9474677869251796,0.019744229103837694,0.9871062551225934
187,1.5625e-06,0.5028544035985784,0.49521097284491344,0.46312129145027486,0.5023837318435059,0.5046494573247903,1.0237129854655425,1.0971960623753847,1.028910733709809,1.0160658752008762,0.7695449580306343,0.9474771859642181,0.018471658375749392,1.0189994864139078,0.4657571486064366,0.44611331820487976,0.345846951007843,0.4814529163496835,0.45405826398304533,0.9240108898707798,0.7100900752203805,0.953140812260764,0.9020116669791085,0.7609045590673175,0.9474677869251796,0.019742878952196667,0.9871256606919425
188,1.5625e-06,0.5024649693730301,0.49358951306868015,0.4567951473344978,0.5014740777241531,0.5049781250422635,1.0237481208624013,1.0955821270522739,1.0283856471562716,1.0167162572183917,0.769504678261567,0.9473143432974144,0.018218391120464326,1.0184707803049884,0.4657549900668008,0.4461090564727783,0.34583270975521635,0.4814513027667999,0.4540561820779528,0.9240094082696098,0.7100820967129299,0.9531387857028416,0.9020111731120518,0.7609338419778007,0.9474385380744934,0.019739869982004166,0.9871386970792498
189,1.5625e-06,0.5025205106168787,0.4953220817167455,0.46517084655673824,0.5020103078589218,0.504275819856084,1.023368534038327,1.1011641517518058,1.0279181871546028,1.016225730280234,0.7695785303086546,0.9473714236717498,0.018122066922020407,1.0189132801520782,0.46575349995068144,0.4461054120744978,0.34581937960215975,0.48145038740975515,0.4540544535432543,0.9240092550005231,0.7100810664040702,0.9531380193574088,0.9020109517233712,0.7609192047800336,0.9474385380744934,0.01973869332245418,0.9871607848576137
190,1.5625e-06,0.5022707000428204,0.49369436893106666,0.45737467183556485,0.5020403786616269,0.5039974603357525,1.0233456475027878,1.0957111593887126,1.0277897952705302,1.0164892140011024,0.7691672310057629,0.9472270486480568,0.01838119946996249,1.018887669809403,0.46575083477156504,0.4461021508489336,0.34581269536699566,0.48144822461264475,0.45405160955020357,0.9240072625023978,0.7100762554577419,0.9531365803309849,0.9020091380391803,0.7609338419778007,0.9474385380744934,0.019733091284121786,0.987162172794342
191,1.5625e-06,0.5019654579121091,0.49218500176272023,0.4510950089202926,0.5013898837828844,0.5042368477115983,1.023633357932857,1.1025056761164453,1.0285319907812966,1.0161055855670467,0.7696641611247201,0.947408359110569,0.01801687070152818,1.0178116946969957,0.46574822068214417,0.44609839575631277,0.3458045721054077,0.48144552537373136,0.45404901674815584,0.9240045462335859,0.7100689496312823,0.9531341450554984,0.9020063962255206,0.7609192047800336,0.9474385380744934,0.019726251917225972,0.9871630413191659
192,1.5625e-06,0.5016707623242965,0.4928668053316203,0.45557262060645903,0.501444307920326,0.5034337281814552,1.0235279461266868,1.1011806673962095,1.0277791473417481,1.0166882215801167,0.7696423321214628,0.9473328157626112,0.01816386839539896,1.017196903763462,0.46574555550302776,0.4460950493812561,0.34579689162118094,0.4814434306962149,0.45404650483812603,0.9240025963102069,0.7100643174988883,0.9531321695872715,0.9020046166011265,0.7609192047800336,0.9474385380744934,0.01972087818597044,0.9871674520628793
193,1.5625e-06,0.5022333915637691,0.4922930527148464,0.45091510145589747,0.501284038782486,0.5048933558993869,1.023735866568605,1.0994151004814698,1.0283977230939265,1.016551322651349,0.7694475915696886,0.9472371207038012,0.018132182229186288,1.0180034865737266,0.46574204308646067,0.44609046833855764,0.34578863212040495,0.4814398969922747,0.45404258370399475,0.923999547958374,0.7100582718849182,0.953128959451403,0.902001678943634,0.7609338164329529,0.9474238923617772,0.019714656685079848,0.9871648805482047
194,1.5625e-06,0.5023069902071877,0.4938430220300701,0.4587880386124497,0.5013299445830061,0.5047347501828252,1.0238012831392986,1.0997384432884467,1.0281745579019304,1.0168968238588851,0.7700217436413489,0.9475460229503516,0.01811316260029369,1.0172030419431708,0.46573867968150545,0.44608638116291593,0.34578137738364084,0.4814367805208479,0.4540390031678336,0.923995418207986,0.7100438475608826,0.9531247275216239,0.9019972596849714,0.7609192047800336,0.9474238923617772,0.019705693370529583,0.9871517079217094
195,1.5625e-06,0.5020997043121063,0.4943441923190799,0.4611961858063799,0.502180555937416,0.5033822335222716,1.0234962585212874,1.1000470704929803,1.028156299805922,1.0162846046536627,0.7695029936749936,0.947336170530539,0.018294467592179866,1.0183282248252365,0.4657354695456369,0.446081953389304,0.34577111686979023,0.48143388969557627,0.4540359250136784,0.9239935960088458,0.7100453121321542,0.9531235439436776,0.901995233127049,0.7609192047800336,0.9474238923617772,0.019702397286891937,0.9871623090335301
196,1.5625e-06,0.5017033881763892,0.4925862555160806,0.4546648549594088,0.5008043795595154,0.5041702847510072,1.0231162775374656,1.1002029441163532,1.0279223126627761,1.0157408002578963,0.7692176003487856,0.9474889455669303,0.018161319160936003,1.0180934720080874,0.46573216148785185,0.4460775000708444,0.3457610692296709,0.4814308796610151,0.45403278725487844,0.9239911181586129,0.7100359286580767,0.9531211512429374,0.9019932406289237,0.7609192047800336,0.9474238923617772,0.01969663825418268,0.987162002495357
197,1.5625e-06,0.5026310598368041,0.4930977460914432,0.4534970861151471,0.5016418306631,0.5052580228385349,1.0237832959041313,1.1022989595479618,1.0283527320553203,1.016596567032585,0.7695617508839413,0.9473412122655636,0.018256501827333686,1.0189301123450611,0.46572831698826384,0.44607214416776386,0.345750344651086,0.4814266264438629,0.45402921949114117,0.9239880527768817,0.7100259917122977,0.9531180092266628,0.9019902348518372,0.7609192047800336,0.9474238923617772,0.019689624863011495,0.9871601632663182
198,1.5625e-06,0.5027827229856285,0.4933099374213221,0.45365974220079575,0.502085437041579,0.5051175626772095,1.023852416111516,1.095269689881002,1.0283433403104498,1.0169810247738669,0.769377078054138,0.9472639899771457,0.018186901759449727,1.018817713458417,0.4657248854637146,0.44606721826962065,0.34573849609919954,0.48142360363687786,0.4540256857872009,0.9239855493818011,0.7100182175636292,0.9531160507883344,0.901987612247467,0.7609192047800336,0.9474238923617772,0.019684564854417528,0.9871642930167062
199,1.5625e-06,0.5021458198275861,0.4936081407256939,0.4585847844848008,0.5008402198202111,0.5049035386494716,1.0230286285563488,1.0961665325877732,1.0275942339875181,1.0160250727848341,0.7694979552971175,0.9473982868106684,0.018238735087196825,1.0181614428499206,0.46572236929621014,0.44606326307569233,0.34572804399899076,0.4814216750008719,0.4540227012974875,0.9239835653986249,0.7100144369261605,0.9531139305659703,0.9019858326230731,0.7609045590673175,0.9474238923617772,0.019681379731212343,0.9871752262115479
200,1.5625e-06,0.5017978335977272,0.4927193951252724,0.45490265341215236,0.5009561404013597,0.504202612778253,1.0237179242276682,1.0996994737533807,1.028279207696441,1.016624017977678,0.7693149617434891,0.9474671209584855,0.01805800407995216,1.017726302513146,0.46572047897747587,0.4460604786872864,0.3457199037075043,0.4814205637999943,0.45402070454188753,0.9239813089370728,0.7100115418434143,0.9531113590512957,0.9019837294306073,0.7609045590673175,0.9474238923617772,0.019676381988184794,0.9871814250946045
201,1e-06,0.5018024559638712,0.49223826985083297,0.4528900368422407,0.5004483016100042,0.5047870053429513,1.0232938051956224,1.0978764732007302,1.0280223237021544,1.0160792494699153,0.769484538331254,0.9473193823162006,0.018041899315230796,1.0176835094301504,0.4657193677765982,0.4460578305380685,0.3457111545971462,0.48141958883830477,0.45401935066495624,0.9239804915019444,0.710010690348489,0.9531101839882987,0.9019830482346671,0.7609045590673175,0.9474238923617772,0.01967426628938743,0.9871926392827716
202,1e-06,0.5016148402729953,0.49121794382303846,0.4473871257417457,0.5011466618110385,0.5038905905505296,1.0231765943555056,1.097977837903403,1.0279074880445669,1.0159524048040052,0.7698958265555558,0.9474469675080202,0.01790406778111436,1.0158809646544429,0.46571819271360126,0.44605555704661776,0.3457032399518149,0.4814189672470093,0.4540180393627712,0.9239798613956997,0.7100098303386143,0.95310868535723,0.9019823244639805,0.7609045590673175,0.9474092466490609,0.01967346854507923,0.9872046113014221
203,1e-06,0.5011223598864527,0.4915738541592834,0.45158968326438714,0.5004357422887517,0.5034601490160654,1.0233074213014282,1.098747965743831,1.0277946483338116,1.0163054387507167,0.7695953245963796,0.9475527326693244,0.01789841950378446,1.0168135305947668,0.4657165322984968,0.4460527130535671,0.34569587452071054,0.4814173025744302,0.4540163448878697,0.9239784479141235,0.7100039720535278,0.9531077146530151,0.9019812941551208,0.7609045590673175,0.9474092466490609,0.019669843571526662,0.9872070550918579
204,1e-06,0.5026387760441424,0.4941466233239562,0.45885421042709673,0.50177322371581,0.5049638727110468,1.0237882278604014,1.0979769081563993,1.0284026380508178,1.0167009437688486,0.7698102071843145,0.9474520032612165,0.018088739291901655,1.0180362395244076,0.4657145312854222,0.44604975410870146,0.34568810888699125,0.4814156251294272,0.4540143779345921,0.9239773409707206,0.7100006427083697,0.9531072633607047,0.9019804426601955,0.7609045590673175,0.9474092466490609,0.01966739392706326,0.9872120022773743
205,1e-06,0.5014431752794777,0.4922643380169983,0.45401032939667707,0.5006101721992141,0.5038572487560102,1.0234249578154642,1.0974761841544969,1.0278108378159836,1.0165708453241398,0.7692108823285003,0.9472975546558027,0.018218756642400517,1.0177040719644144,0.46571298582213266,0.44604665892464773,0.3456785338265555,0.48141432234219145,0.4540126153400966,0.9239761488778251,0.7099955677986145,0.9531058328492301,0.901979114328112,0.7609045590673175,0.9474092466490609,0.019664492724197253,0.9872184140341622
206,1e-06,0.5026008329877351,0.49407179987070443,0.4582149513519793,0.5021222607789135,0.5045588996186967,1.0237492448967418,1.0973716497238148,1.028354354687245,1.016689933268034,0.7695970076264569,0.9474704739562805,0.01822405359891367,1.0191229759761753,0.46571114659309387,0.44604447058268953,0.34567509804453167,0.48141244053840637,0.4540107675961086,0.9239739349910191,0.7099893774305072,0.9531031761850629,0.9019770111356463,0.7609191962650844,0.9474092466490609,0.01965763233602047,0.9872129729815892
207,1e-06,0.5018504420061692,0.4934108087605107,0.45817266202436857,0.5011461521501244,0.5040106490155214,1.023618499895761,1.0956019367002183,1.0281407926489132,1.0166968008035033,0.7694610218115483,0.9473731063355926,0.0180267511451635,1.0170679724771916,0.4657104696546282,0.4460423673902239,0.3456658976418631,0.48141217657497953,0.45401026947157724,0.9239734411239624,0.709986320563725,0.9531025886535645,0.9019773602485657,0.7609045590673175,0.9474092466490609,0.01965616483773504,0.9872244851929801
208,1e-06,0.502418495420914,0.49497690719027304,0.46361944264042276,0.5020698443535836,0.5040602832040724,1.022701590902306,1.097166849110472,1.0272961906817897,1.0156245391550762,0.7697984577751258,0.9474285013603664,0.01794653379726016,1.0187842143967527,0.46570873260498047,0.4460400002343314,0.34566044381686617,0.4814107971532004,0.4540083578654698,0.9239720020975385,0.7099809050559998,0.9531014391354152,0.9019760915211269,0.7608899218695504,0.9474092466490609,0.01965206302702427,0.9872230631964547
209,1e-06,0.5018938384297806,0.4929213105747166,0.45538920254140897,0.5012106102549352,0.5041271920577721,1.0233475891248545,1.09735627645599,1.0278789075410983,1.0163493814129008,0.7695332106662541,0.9475846320802715,0.01788822289115639,1.0180445499012425,0.46570696575301035,0.44603736060006277,0.34565405334745136,0.48140920060021536,0.4540064292294638,0.9239705460412162,0.709976851940155,0.9530994381223407,0.9019747972488403,0.7608899218695504,0.9474092466490609,0.019648414105176926,0.9872245788574219
210,1e-06,0.5015997513403846,0.49211882611024216,0.45268014941652557,0.5006686959337467,0.5041614574038304,1.02386576987143,1.0955724453108162,1.0286153667228257,1.0167257483043368,0.7697598599984715,0.9473747839331932,0.017914263176776114,1.017484876905657,0.46570573108536856,0.4460346613611494,0.3456441121441977,0.4814085534640721,0.4540051647594997,0.9239705375262669,0.70997896364757,0.9530990208898272,0.9019749164581299,0.7608752761568341,0.9474092466490609,0.019648192450404167,0.987243047782353
211,1e-06,0.5021255742691751,0.49399968205020783,0.46051285871773334,0.5010280209935389,0.5046103014069463,1.0238328874874163,1.1020654428939116,1.0281873921278617,1.0168706364223912,0.7696104418358556,0.9474520050923884,0.017948357320661978,1.0183077315092697,0.465704436813082,0.44603184291294645,0.34563532897404264,0.4814072677067348,0.4540038066250937,0.9239703842571804,0.7099801131657192,0.9530990038599286,0.9019746950694493,0.7608899133546012,0.9474092466490609,0.019646833251629556,0.9872585109301976
212,1e-06,0.5021609710047811,0.4923421070933403,0.4523847024988896,0.5003541435453138,0.5056269668153293,1.024024234755614,1.1019755222219965,1.0285400955480486,1.0169099840334117,0.7697279532323175,0.9475510550106847,0.01799325420174517,1.0180432520581708,0.46570253372192383,0.4460292160511017,0.3456289597920009,0.4814058073929378,0.45400173323495047,0.9239688175065177,0.709977286202567,0.9530974456242153,0.9019730516842434,0.7608899133546012,0.9473946009363446,0.01964297704398632,0.9872619765145438
213,1e-06,0.5029820181349273,0.4942146623311626,0.4574070434752209,0.5024414623754182,0.505041707618018,1.023487160038594,1.098598005218623,1.028373191433568,1.0160973938806692,0.7695113865461217,0.9474855818872994,0.017968153023088032,1.019192794134723,0.46570057954107014,0.4460269255297525,0.34562509400503977,0.481403831924711,0.45399995361055645,0.9239665610449654,0.709971581186567,0.9530959640230451,0.9019706334386554,0.7609192047800336,0.9473946009363446,0.019637179960097586,0.9872584513255528
214,1e-06,0.5015813338256041,0.4930358230609864,0.45724379636358736,0.5009744249425421,0.5036661547999228,1.0238017919609257,1.0995959326724059,1.028113575849665,1.016963463804994,0.7691739535734584,0.9474134000520857,0.01819678779960411,1.0184091879841735,0.46569840822901043,0.4460243156978062,0.34562102385929655,0.4814015414033617,0.453997756753649,0.9239646366664341,0.7099678431238446,0.9530942354883466,0.9019683344023568,0.7609338164329529,0.9473946009363446,0.01963302120566368,0.9872564928872245
215,1e-06,0.5025890142686905,0.49361578934753,0.4559903054346015,0.501991817356682,0.5047394078905865,1.0237690628459988,1.1019688450063245,1.028773403662141,1.016158016351816,0.7693116109125808,0.9472707021071615,0.01837290411350578,1.0188108312125335,0.46569698197501047,0.44602188893726896,0.3456139734813145,0.4814004344599588,0.45399621980530874,0.9239638532911029,0.7099671704428536,0.9530929923057556,0.9019679341997419,0.7609338164329529,0.9473946009363446,0.019631303314651762,0.9872649567467826
216,1e-06,0.502086163909998,0.4933478295101121,0.45625320530157487,0.5019355175193615,0.5037647381203637,1.0238188586659878,1.0994785113085617,1.0284906336422523,1.016624922698666,0.7692914747666898,0.947314347814305,0.018387749289480528,1.0181825757026672,0.46569531304495676,0.4460196665355137,0.34560930728912354,0.48139898266111103,0.45399440612111774,0.9239624057497297,0.7099659442901611,0.9530916043690273,0.9019660183361599,0.7609338164329529,0.9473946009363446,0.01962806949658053,0.9872685756002154
217,1e-06,0.5015464316742638,0.49237096727779445,0.4541812522314905,0.5006660540105133,0.5040055871986452,1.0236380785108528,1.100546059215368,1.02819188527431,1.0165205809988245,0.7694593471133031,0.9473025836947022,0.018097857676190838,1.01782100284887,0.46569327797208515,0.44601752502577646,0.3456059566565922,0.481397420167923,0.45399204322269987,0.9239601748330253,0.7099636452538627,0.9530896289008004,0.9019636256354195,0.7609338164329529,0.9473946009363446,0.019623929634690285,0.9872689417430333
218,1e-06,0.5017042811015784,0.4921244135039682,0.45255948315506644,0.5004925312473416,0.5045541343906264,1.0237426747435858,1.0987762107766108,1.027762981908967,1.0172214501952734,0.7693569401991532,0.9473412035980165,0.01805090807717822,1.0177286976249293,0.4656908895288195,0.446015545300075,0.34560513496398926,0.48139541489737375,0.4539893184389387,0.9239569391523089,0.7099548663411822,0.9530868445123944,0.901960585798536,0.7609338164329529,0.9474092466490609,0.019616969195859774,0.9872555306979588
219,1e-06,0.5027296713420323,0.4935712643421679,0.45478821972731254,0.5024819783656583,0.5045754259144167,1.0233680760012,1.0968795925058343,1.0282641874480358,1.0160217787507737,0.7696238680186176,0.9474201069937812,0.018120215103198063,1.0181836130310191,0.465688271181924,0.44601285457611084,0.3456025847366878,0.48139254110200064,0.4539868448461805,0.9239536353519985,0.7099432689802987,0.9530840601239886,0.9019576822008405,0.7609338164329529,0.947423883846828,0.0196092248495136,0.9872405103274754
220,1e-06,0.5022073688106664,0.494049303267958,0.4600436048695691,0.501472592079145,0.5043476078062258,1.0233634267778684,1.1002906402806654,1.0282691227614544,1.0158933220432163,0.7699310888526261,0.9474352258813119,0.017994324839304365,1.0174896109122469,0.4656869683946882,0.4460112282208034,0.3455994256905147,0.48139151079314096,0.4539852227483477,0.923952077116285,0.7099415404456002,0.9530822719846453,0.9019559621810913,0.7609484536307198,0.947423883846828,0.019605067957724844,0.9872427753039769
221,1e-06,0.5017201490604871,0.4924539933739353,0.45367151227170727,0.5010354614111319,0.5040065049819926,1.0235358480301138,1.1025764606454345,1.028085710449336,1.0163510220513488,0.7691034384098532,0.947300919098422,0.018000412513003616,1.0173903255052463,0.46568560174533297,0.4460097295897348,0.34559579832213266,0.481390974351338,0.45398349847112385,0.9239508169037955,0.7099420854023525,0.9530808585030692,0.9019538589886257,0.7609484536307198,0.947423883846828,0.019601805401699885,0.9872488464627948
222,1e-06,0.5014006279397487,0.4917811249014175,0.45132386403638036,0.5008760310415726,0.5035944428739337,1.023817415733064,1.1015719594066715,1.0287336927771384,1.0163091899063181,0.7698253127348099,0.9475393090196835,0.01777243215916893,1.0173228609824387,0.46568414994648527,0.4460076263972691,0.3455917877810342,0.481389514037541,0.4539816379547119,0.9239495396614075,0.7099429879869733,0.9530796408653259,0.901952828679766,0.7609484536307198,0.9474385295595441,0.01959884273154395,0.9872559819902692
223,1e-06,0.5024986701993166,0.49355794903686334,0.45584467137342105,0.5021162818653793,0.5044362366474169,1.0234567779061492,1.0949095146996635,1.0282037910045383,1.0163279761428168,0.7696087536479777,0.9474368954522757,0.0178888208488898,1.0189651944242986,0.4656828003270285,0.44600549765995573,0.3455861210823059,0.4813884624413082,0.45398013506616863,0.9239481006349836,0.7099367891039167,0.9530785083770752,0.9019513896533421,0.7609484536307198,0.9474385295595441,0.01959558336862496,0.9872555306979588
224,1e-06,0.501749029708287,0.4926656429973921,0.454406997544669,0.5013069978782109,0.5037691426380927,1.0236074328422546,1.0988701714714917,1.0277983209321393,1.0169074390096904,0.7697447388830151,0.9474939724694627,0.01819997199244046,1.0178244920858528,0.4656806673322405,0.4460031134741647,0.3455816166741507,0.4813866913318634,0.4539780872208731,0.9239463721002851,0.7099339621407645,0.9530770267759051,0.9019499250820705,0.7609484536307198,0.9474385295595441,0.01959176574434553,0.9872563311031887
225,1e-06,0.5017992150032758,0.49227508992582364,0.45183318355909935,0.5016462563461239,0.5036177289253982,1.0234122656274318,1.0955148982012877,1.0278327780018937,1.016588376109196,0.7696809472332108,0.9471833953110304,0.0178917930783352,1.018228583194266,0.4656799180167062,0.4460010017667498,0.3455734976700374,0.48138640182358877,0.4539769845349448,0.9239462443760463,0.7099348391805377,0.9530764392444065,0.9019496440887451,0.7609045590673175,0.9474385295595441,0.019591572561434338,0.9872698272977557
226,1e-06,0.5014746117091338,0.49252325497830884,0.4551445919156258,0.5007313316257807,0.5037622090583572,1.0234835670352043,1.1002843612533195,1.0282497190537967,1.016157402878716,0.7697648798509921,0.947357998251976,0.01799552776544134,1.0181970974755665,0.46567873869623455,0.4459983621324812,0.3455641652856554,0.4813854396343231,0.4539759797709329,0.9239459889275687,0.7099339876856122,0.9530756047793797,0.9019496611186436,0.7608899218695504,0.9474385295595441,0.019590551033616066,0.9872836896351406
227,1e-06,0.5025207106113678,0.49224216865992704,0.4497710019578948,0.5012402930323185,0.5055593928189627,1.023755548065037,1.1009285016604344,1.0280957817115726,1.0168428667007932,0.7692562107605257,0.9474755111438948,0.01792473866209899,1.0185015681335636,0.4656769761017391,0.44599572249821257,0.34555803877966745,0.4813836898122515,0.45397419588906424,0.9239439879144941,0.7099276610783168,0.9530743445668902,0.9019479496138436,0.7608899218695504,0.9474385295595441,0.01958659291267395,0.9872835448810032
228,1e-06,0.5016947959974614,0.4921296540432201,0.45261598274271975,0.500494018891379,0.5045314534041312,1.023324468748666,1.0974659389309314,1.0277122157204779,1.0164652901372113,0.7695651072999239,0.9474066743408786,0.01804638539354617,1.017479848110914,0.4656751794474466,0.4459939641611917,0.3455555864742824,0.48138242959976196,0.4539720756667001,0.9239419528416225,0.7099229182515826,0.953072760786329,0.9019455228533063,0.7608899218695504,0.9474385295595441,0.01958192592220647,0.9872789127486092
229,1e-06,0.5022880267437702,0.4934386571004216,0.4572497402712192,0.5008273755838734,0.5052500526781761,1.0232764816381843,1.100818623351367,1.027702292050695,1.01626594305893,0.7700435708744735,0.9473630274129536,0.01782516989794012,1.017722227667395,0.4656737744808197,0.44599160977772306,0.3455490214484079,0.48138135245868136,0.45397038544927326,0.9239408544131688,0.7099205851554871,0.9530711684908185,0.9019444159099034,0.7608899218695504,0.9474385295595441,0.01957973199231284,0.9872844219207764
230,1e-06,0.5011061685425895,0.4923871371969466,0.45612617545840806,0.500241953244407,0.5034697185524659,1.023460743888732,1.0999240623763202,1.0277335918749289,1.016638951367497,0.7695953231924811,0.9475309037576256,0.018131965129453587,1.0171409396409867,0.4656723950590406,0.4459893022264753,0.34554276296070646,0.4813801220485142,0.4539689975125449,0.9239403605461121,0.7099231311253139,0.9530707597732544,0.9019436580794198,0.7608899218695504,0.9474385295595441,0.019578625581094196,0.9872962832450867
231,1e-06,0.5020174002165191,0.4925652926571236,0.45291791365687445,0.5014014021744804,0.5042700136678376,1.023199899619015,1.0962321033736588,1.0280611535188058,1.0159042856965501,0.7690329288008027,0.9473093089175969,0.018451112343014598,1.018724377406785,0.46567047919545856,0.44598650080817087,0.345536117042814,0.48137830410684856,0.4539670561041151,0.9239388278552464,0.7099206107003349,0.9530695251056126,0.9019421594483512,0.7608899218695504,0.9474385295595441,0.019575511504496847,0.9873002256665911
232,1e-06,0.5007309473696209,0.49167347990483795,0.45411224610611406,0.4997313872887669,0.503284418531033,1.0234138837729854,1.1014600663812601,1.0282239984135353,1.016002257359803,0.76943583889491,0.9474822273635278,0.01806770069300518,1.0164187849025756,0.4656688017504556,0.44598404850278583,0.3455297521182469,0.48137692894254414,0.45396545955113005,0.9239377464566912,0.7099191972187587,0.9530686140060425,0.901941009930202,0.7608899218695504,0.9474385295595441,0.01957265394074576,0.9873066459383283
233,1e-06,0.5021966423246107,0.49331329281490033,0.455613197376346,0.5020339612587257,0.5039122081755126,1.0233279416882193,1.0962942207830109,1.028443794859658,1.0157799805608458,0.7692108770181019,0.9474234661565215,0.018281062495552815,1.0182043733623658,0.46566677945000784,0.4459810129233769,0.3455229784761156,0.4813748300075531,0.4539633350712912,0.923935958317348,0.7099129387310573,0.9530665108135769,0.9019393835748944,0.7608899218695504,0.9474385295595441,0.01956835256091186,0.987307642187391
234,1e-06,0.5019532139339145,0.49295280343498626,0.45515598980085215,0.5014085175438044,0.5040577949771988,1.0235774206980888,1.1014335654176204,1.0282002207381995,1.0163596333202434,0.769466061715401,0.9472807671739332,0.018272748677640834,1.0185403039500582,0.465665157352175,0.44597847972597393,0.3455154427460262,0.48137372732162476,0.4539617598056793,0.9239347066198077,0.7099098988941738,0.9530651484216962,0.9019383192062378,0.7608606389590672,0.9474385295595441,0.019565385101096972,0.9873156206948417
235,1e-06,0.5015752519239112,0.491199903773822,0.44866427800561365,0.49996384795177184,0.5049504050827612,1.0234456843616897,1.0956752524275812,1.0276037195799477,1.0168797115881627,0.7694576604819212,0.9475577691855092,0.018031808900080822,1.017915440899741,0.46566398228917805,0.44597638504845755,0.3455093971320561,0.4813728502818516,0.4539602909769331,0.9239336337362017,0.7099078638213021,0.9530640244483948,0.9019369397844587,0.7608606389590672,0.9474385295595441,0.019563271797129085,0.9873234799930027
236,1e-06,0.5018985020888505,0.49314766878112426,0.456983801498208,0.5008131158974497,0.5044811236449406,1.023252754472673,1.0981442238267605,1.0277842983672147,1.0162248236059959,0.7698572195620031,0.9474385786349506,0.017903173473962624,1.0180090872434489,0.4656630371298109,0.4459741881915501,0.3455011376312801,0.48137248839650837,0.4539590265069689,0.9239334889820644,0.7099090814590454,0.9530639478138515,0.9019371952329364,0.7608752846717834,0.9474385295595441,0.01956351287662983,0.9873377936226981
237,1e-06,0.501955826741515,0.49366264406131954,0.4591018789191766,0.5012011620489317,0.5041389301442147,1.0234881329402152,1.1000618279071814,1.0283981663596002,1.016025434563359,0.769120235963168,0.9474839009325503,0.01807768780574073,1.0183725057964257,0.4656609169074467,0.44597100360052927,0.34549361893108915,0.4813702957970755,0.45395706806864056,0.9239320840154376,0.7099049006189618,0.95306282384055,0.9019355263028827,0.7608606474740165,0.9474385295595441,0.019560301144208227,0.9873403225626264
238,1e-06,0.5021039288408989,0.4937378466587096,0.45890268189017125,0.5013146543893457,0.5043332821823546,1.0236041851673625,1.1008390776328532,1.0285072749966055,1.0161266011332342,0.7696658403093365,0.9473764640028759,0.018310184559998943,1.0178043587782781,0.4656589925289154,0.4459687215941293,0.34548949769565035,0.4813685587474278,0.45395507557051523,0.9239300319126674,0.7098989571843829,0.9530612060001918,0.9019339850970677,0.7608460017613002,0.9474385295595441,0.019555474764534404,0.9873368144035339
239,1e-06,0.5026149302034334,0.493323503307239,0.4549713875627249,0.5014192634402821,0.5053986260601635,1.0233819011657956,1.0962006795485693,1.02828818989972,1.0160481815636004,0.769539925329391,0.9473898981512355,0.01803344521620032,1.018407717156398,0.4656581538064139,0.44596644384520395,0.34548069323812214,0.4813680946826935,0.4539541985307421,0.9239299808229718,0.7098987357957023,0.9530603204454694,0.9019338914326259,0.7608460017613002,0.9474385295595441,0.019554662385157177,0.9873518177441188
240,1e-06,0.5023386663372432,0.49267093462633954,0.45312046864309863,0.5007570585530657,0.5055609980547544,1.0236697136531776,1.0980149389106801,1.0282337513570594,1.016627707087072,0.7695197874438866,0.9474251431742511,0.01811915755374915,1.0189475779403983,0.46565610596111845,0.4459634380681174,0.3454734810761043,0.48136610644204275,0.45395226989473614,0.9239285843712943,0.7098972201347351,0.9530589665685382,0.9019328100340707,0.7608460017613002,0.9474385295595441,0.01955157784479005,0.9873575568199158
241,1e-06,0.5021466748322576,0.4934301376953164,0.4568281136167031,0.5016167109676709,0.5041871920983363,1.0236126912354324,1.0955090230694198,1.0283872011802897,1.0164416969524428,0.7695298472612989,0.9474855814600259,0.017902198719710525,1.018304674093136,0.46565463287489756,0.44596090487071444,0.34546521306037903,0.4813654550484249,0.4539503880909511,0.9239277839660645,0.7098964708192008,0.9530582257679531,0.9019315923963275,0.7608606389590672,0.9474385295595441,0.019550395597304617,0.9873680387224469
242,1e-06,0.5009066757640653,0.4917191310961675,0.45389038766889284,0.4996342545769121,0.5037463841777671,1.0232289928200913,1.1022052802126407,1.0279144809847909,1.0159107020007483,0.7696775917633338,0.9473445638289405,0.018024303386234897,1.0175619274301524,0.4656536281108856,0.44595802256039213,0.3454545608588627,0.48136467167309355,0.4539492726325989,0.9239279883248466,0.7098974670682635,0.953058123588562,0.9019321628979274,0.7608606389590672,0.9474385295595441,0.019550308851259097,0.9873862947736468
243,1e-06,0.5016970538629121,0.49356819856368267,0.4594568624688123,0.5011809245476769,0.5036211924496762,1.0229696651269276,1.097136870446232,1.02786540100041,1.0156015605726305,0.769118544845415,0.9472706950266302,0.017968739839285017,1.0183744718035979,0.46565237641334534,0.44595523391451153,0.34544544560568674,0.4813634625502995,0.4539480635098049,0.9239271453448704,0.709892179284777,0.9530567441667829,0.901931881904602,0.7608606389590672,0.9474385295595441,0.019547761284879277,0.987394460609981
244,1e-06,0.5020403108472282,0.4924923028020571,0.4529131723561167,0.5009711766267396,0.5047468949572831,1.0238497400674464,1.0979897427790848,1.0283885851189594,1.0168395133978028,0.7695550310630036,0.9474788727176782,0.017812249900919088,1.0174890432489632,0.46565123966761995,0.44595307963235037,0.34543845483234953,0.4813630197729383,0.4539463094302586,0.9239265748432705,0.7098931499889919,0.9530565823827472,0.9019308601106916,0.7608459932463509,0.9474385295595441,0.019546653011015484,0.9874076928411212
245,1e-06,0.5023235550185563,0.4935179957962622,0.45643256689363176,0.5018921853698832,0.5042846154934677,1.023695281390587,1.0995473212238709,1.0283508483898438,1.0165111693857392,0.7691773101725581,0.9476081316921569,0.017767878791963024,1.018472673462039,0.46565031153815134,0.4459507635661534,0.3454303230558123,0.4813620703560965,0.4539455090250288,0.923926021371569,0.7098886711256844,0.9530548879078456,0.9019308686256409,0.7608459932463509,0.9474385295595441,0.01954530711684908,0.9874164802687508
246,1e-06,0.5037810843661085,0.4945879123238985,0.4566461824632216,0.5025933481947434,0.5065399717350709,1.0237334392281965,1.0961187074444445,1.0283166477757115,1.0167375451103577,0.7696305869239694,0.9471951495423051,0.01813272903618511,1.0201572278067204,0.46564875330243793,0.445949307509831,0.34542777282851084,0.48136126569339205,0.45394369108336313,0.9239244546209063,0.7098884667669024,0.9530540193830218,0.9019296509878976,0.7608167443956647,0.9474385295595441,0.019541818648576736,0.9874190517834255
247,1e-06,0.5021706853716177,0.4925692426322121,0.4531459658193515,0.5007369303422529,0.5052385934486917,1.0237588967900977,1.098542333625856,1.0282583330084103,1.0167666945894498,0.769407306276586,0.9475057238013819,0.01819621735045956,1.018558870323853,0.46564642020634245,0.44594649757657734,0.3454230342592512,0.48135907309395926,0.4539410514490945,0.9239224110330854,0.709885231086186,0.9530519843101501,0.9019271731376648,0.7607874700001308,0.9474385295595441,0.019537072628736496,0.987418362072536
248,1e-06,0.5016546866189378,0.492725640642173,0.45577593484232504,0.5005942031138382,0.5042444902753073,1.0235991600654826,1.0989713571465938,1.0282841928177349,1.0164017750554004,0.7698572211795383,0.9473999715193198,0.018188993446052043,1.0177217812887291,0.4656452408858708,0.44594422408512663,0.3454157795224871,0.4813581705093384,0.4539399104458945,0.9239216702325004,0.7098848223686218,0.9530515074729919,0.9019261257989066,0.7608021071978978,0.9474385295595441,0.019535279433642114,0.9874296528952462
249,1e-06,0.5026385611408623,0.4936806295568737,0.45698085273160605,0.5012238086399151,0.5055751467874218,1.0236743611063763,1.0969030946203213,1.0281819675863553,1.0167257614277352,0.7698169359474749,0.9474604081265204,0.01782341583746858,1.0185501825730128,0.4656444319656917,0.4459422826766968,0.3454081586429051,0.4813579278332846,0.45393898657390047,0.9239212785448346,0.7098845584051949,0.9530508943966457,0.9019263301576886,0.7607874614851815,0.9474385295595441,0.01953438243695668,0.9874420591763088
250,1e-06,0.5019818807160983,0.4936651365304079,0.4587581310739776,0.5014607063086901,0.5039438522905798,1.0235866278303138,1.0995952681401298,1.0282776700614114,1.0163619949826204,0.7695936441909821,0.9476165230067889,0.017861052076258356,1.0181066165871335,0.46564335908208576,0.445939907005855,0.3453997160707201,0.4813573147569384,0.4539376880441393,0.9239210741860526,0.7098856483186994,0.9530508518218994,0.9019258362906319,0.7607874614851815,0.9474385295595441,0.019533058628439903,0.9874561599322728
251,1e-06,0.5020596212566784,0.4935339530553198,0.45772420183487933,0.501549766757094,0.5040474128430157,1.023740476421741,1.0983191682507427,1.028385093806648,1.0166100588323395,0.769383795250396,0.9473328040431112,0.018250078287145387,1.0191660942447778,0.4656420350074768,0.4459367309297834,0.34538830178124563,0.48135630573545185,0.45393641931670053,0.9239212019102914,0.7098844647407532,0.9530508433069501,0.9019257426261902,0.7607874614851815,0.9474385295595441,0.019532683172396252,0.9874721169471741
252,1e-06,0.5017579019802141,0.49354673194934084,0.4593247782707947,0.5010134851358758,0.5039167649551837,1.0234480704702114,1.1005318099513641,1.0278375407884015,1.016489076541133,0.7694039462898185,0.9473009205328399,0.01794283100891681,1.0184206920163301,0.4656402851854052,0.44593398911612375,0.3453816132886069,0.4813545686858041,0.4539345119680677,0.9239200268472944,0.709881705897195,0.9530496682439532,0.9019250699451992,0.7607874614851815,0.9474385295595441,0.01953020239514964,0.9874763233321053
253,1e-06,0.5008567035564446,0.4907490885904735,0.44815545204475604,0.5003848226327989,0.5030852581102055,1.023354344317929,1.0986915555784047,1.0280603141401343,1.0161371882671097,0.7699831270341438,0.947455360592785,0.01799649974694633,1.0166208295717156,0.4656389909131186,0.44593143463134766,0.3453731622014727,0.48135361075401306,0.4539332858153752,0.9239193626812526,0.7098802413259234,0.9530488763536725,0.9019246101379395,0.7607728157724652,0.9474385295595441,0.01952781155705452,0.9874864986964634
254,1e-06,0.5023427796070843,0.4943311607538586,0.46102121678365543,0.5015402229639181,0.504522657339474,1.023269489491468,1.0989227299805,1.0275845459285176,1.0164327545771523,0.7696893413556397,0.9474620821533359,0.01810651824819625,1.018456740984841,0.46563747099467684,0.44592899084091187,0.34536702718053547,0.481352048260825,0.45393185104642597,0.9239181535584586,0.7098760008811951,0.9530481440680367,0.9019233499254499,0.7607728157724652,0.9474385295595441,0.019524403182523593,0.9874892575400216
255,1e-06,0.5015468260476483,0.49168105367752324,0.45076995541728343,0.5004561235217394,0.504329987446345,1.0236580590376534,1.0975891364518033,1.0282243382790366,1.0166275008055594,0.7693737294206361,0.9476551439172478,0.01787899704950471,1.0172345599820536,0.4656358446393694,0.44592746666499544,0.3453652262687683,0.48135103072438923,0.4539297010217394,0.9239166464124408,0.7098753707749503,0.9530466709818158,0.9019215873309544,0.7607581785746983,0.9474385295595441,0.019520416589719907,0.9874889254570007
256,1e-06,0.5019510653283861,0.4929304106749453,0.4555467386399546,0.5009318271692874,0.50451713429618,1.0237112829334847,1.099409587128127,1.0285132451357746,1.0163859874238983,0.7690933615320228,0.9474016367870297,0.01817673486616907,1.0186904916016188,0.46563521879059927,0.445926308631897,0.34536142008645193,0.48135065180914743,0.45392900705337524,0.9239158204623631,0.7098765202930996,0.9530453171048846,0.9019205740519932,0.7607728157724652,0.9474385295595441,0.01951790414750576,0.9874975596155439
257,1e-06,0.5021397870928583,0.4927487709982482,0.45368941214471614,0.5012123836838643,0.5046822774794794,1.0237034191184329,1.0998605466535991,1.0279737555303148,1.0168945630025203,0.7693132900666776,0.9474553659642225,0.0178734973832179,1.0182406714923309,0.46563323054994854,0.4459239755358015,0.34535726053374155,0.4813490126814161,0.45392672078950064,0.9239141174725124,0.7098740083830697,0.9530439632279533,0.9019191776003156,0.7607581785746983,0.9474385295595441,0.01951400190591812,0.9874985132898603
258,1e-06,0.502022960066368,0.4928106891150604,0.45526068966265404,0.5003857117277869,0.5052189374971072,1.023489913754871,1.1012689277750982,1.0278324837630917,1.016554612473714,0.7694207314522036,0.9474117128408327,0.017965380092858658,1.0182689629758375,0.4656313955783844,0.4459216892719269,0.345353011574064,0.4813473182065146,0.45392471126147677,0.9239124996321542,0.7098703554698399,0.9530423368726458,0.9019171254975455,0.7607581785746983,0.9474385295595441,0.01951009700340884,0.9874993307249886
259,1e-06,0.5012942701807037,0.4929735590052861,0.45811466023486147,0.500711145183702,0.5033168364230389,1.0231796864418268,1.1002980241455669,1.027952948717722,1.0158358237038987,0.7694039389956504,0.9473630282980201,0.018053621362705934,1.0177610623061322,0.4656303610120501,0.4459195392472403,0.34534591862133573,0.4813465986933027,0.45392351916858126,0.9239115118980408,0.7098681245531354,0.9530414087431771,0.9019161292484829,0.7607581785746983,0.9474385295595441,0.019507338692034994,0.9875080415180751
260,1e-06,0.5016373770699645,0.49288231634934987,0.45613479406725,0.501089295026161,0.5037023382222292,1.023315019199803,1.0997832177299387,1.0275098821534538,1.0165712374085594,0.7694190435695208,0.9473428828131524,0.018058044665206472,1.0182712935693314,0.46562929664339336,0.44591756803648813,0.34533936211041044,0.4813460750239236,0.4539221610341753,0.9239107029778617,0.7098656126431057,0.9530407105173383,0.9019160100391933,0.7607728242874146,0.947423883846828,0.019505098462104797,0.9875154835837228
261,1e-06,0.5018429882820606,0.4939720506126064,0.46048865135791545,0.5017747993171368,0.5032897302723517,1.023541455139457,1.0970684487698814,1.02848435827725,1.0161473867652726,0.7693519084745349,0.947242155846607,0.017989351305895077,1.0184253952897517,0.46562751276152475,0.4459146559238434,0.3453322947025299,0.4813441038131714,0.4539205346788679,0.9239094427653721,0.7098619852747236,0.9530389394078936,0.901914724281856,0.7607728242874146,0.947423883846828,0.019501584448984692,0.9875205755233765
262,1e-06,0.5025023640239782,0.4925148798390285,0.45110173296818534,0.5013955879138179,0.5053224217659744,1.023862925695262,1.0974928382965339,1.0281041619476146,1.0171674842780758,0.7693032158135269,0.9473009255990821,0.01810014455713221,1.0190663432012872,0.46562603967530386,0.445912275995527,0.34532463550567627,0.4813432821205684,0.4539190573351724,0.9239083443369184,0.7098590220723834,0.9530380368232727,0.901914119720459,0.7607728242874146,0.947423883846828,0.0194990730711392,0.9875283581869942
263,1e-06,0.502239317678514,0.4939573688563236,0.45975842052585214,0.5011864285467834,0.5047081903164898,1.0234284816005568,1.1007199163810448,1.02832564172901,1.0159547716852217,0.7698270057447739,0.9475947108197933,0.01784267464315989,1.017962923400291,0.4656240940093994,0.44591001527650015,0.34532052278518677,0.48134160467556547,0.45391699245997835,0.9239065221377781,0.709855684212276,0.953035831451416,0.9019119398934501,0.7607728242874146,0.947423883846828,0.019495347248656408,0.9875283496720451
264,1e-06,0.5024384741775817,0.4932647075521232,0.45550570146767716,0.50115562236071,0.5052858121994515,1.0236609058385011,1.09969153498236,1.0283125852598511,1.0164748209901058,0.7697699148717198,0.9474520032001774,0.01802569147174595,1.018625129142054,0.46562316587993074,0.4459074224744524,0.34531083703041077,0.48134099159921917,0.45391583868435453,0.9239065817424229,0.7098577278000968,0.9530359932354519,0.9019122123718262,0.7607728157724652,0.9474092466490609,0.019495255712951933,0.9875469292913165
265,1e-06,0.5014810284406054,0.4921552304176569,0.45334155493617606,0.5005844668492377,0.5039822548032723,1.0232747038754817,1.0999706866066088,1.0276085686451706,1.016384284861321,0.7697178760187723,0.9474721570779163,0.017971409295427603,1.017500180802587,0.46562176091330393,0.44590518304279875,0.3453036972454616,0.481340263571058,0.45391435282570974,0.9239056280681065,0.7098543218203953,0.9530345116342817,0.9019118121692112,0.7607874529702323,0.9474092466490609,0.01949359928922994,0.9875532133238656
266,1e-06,0.5009195518017547,0.49108328220481695,0.4502113137987413,0.4999109045151741,0.5036185081653332,1.0238458258765084,1.0969374761542356,1.0286378267784333,1.0166173998172991,0.7693166459333085,0.947488935556524,0.018019195899741196,1.0167160740401644,0.46562028356960844,0.44590282440185547,0.34529864362307955,0.48133873088019236,0.4539124071598053,0.9239041209220886,0.7098526018006461,0.953033481325422,0.9019100666046143,0.7608020986829486,0.9474092466490609,0.01949021140379565,0.9875578624861581
267,1e-06,0.5020186113078229,0.494156896396594,0.46159071813652713,0.5011165196689288,0.5042682849805414,1.0237726263064821,1.1054039505647502,1.0282864952722208,1.0165375247101751,0.769830358284776,0.9473328120697478,0.017908908804440828,1.0177916961026325,0.4656199983188084,0.4459011214120047,0.34528992005756926,0.4813390757356371,0.4539120239870889,0.9239043082509723,0.7098522697176252,0.9530328937939235,0.9019108499799456,0.7607728242874146,0.9474092466490609,0.01949068850704602,0.9875731468200684
268,1e-06,0.5024351830733964,0.4919474732094524,0.44845786561003964,0.5012749105127299,0.505394803733015,1.0239722299929832,1.098305225280756,1.028332692961539,1.0171339628761142,0.7694257681515054,0.9474486472114684,0.017799688243253287,1.0188556427962951,0.4656190701893398,0.4458985073225839,0.3452801321234022,0.4813384073121207,0.45391085743904114,0.9239044955798558,0.7098559226308551,0.9530330044882638,0.9019110202789307,0.7607581870896476,0.9474092466490609,0.01949190933789526,0.9875912155423846
269,1e-06,0.5020083740956345,0.49238377836992114,0.4520442764147452,0.5013512472311655,0.5043309876934663,1.0239714291299604,1.100662338019516,1.0284081235398284,1.0169780612663313,0.7691756281191059,0.9472287267644894,0.0178207488700984,1.018875312268032,0.46561682650021147,0.4458959698677063,0.3452757809843336,0.4813364403588431,0.4539086265223367,0.9239024945667812,0.709853742803846,0.9530311482293266,0.9019091469900948,0.7607728242874146,0.9474092466490609,0.01948778544153486,0.9875919222831726
270,1e-06,0.5019232443034557,0.49241482823919286,0.45248788007698604,0.5013447002270743,0.5041496789095283,1.0239755796031103,1.1002972123870713,1.0288874309489011,1.0165195888088596,0.7694794886001122,0.9474133992890975,0.01792370096703584,1.0192394769319923,0.46561574935913086,0.4458935686520168,0.34526677216802326,0.48133586985724314,0.4539075791835785,0.9239020603043693,0.7098517503057208,0.9530302286148071,0.9019095557076591,0.7607289041791644,0.9474092466490609,0.01948691957763263,0.987603349345071
271,1e-06,0.5017102012802745,0.49223701781757784,0.4528405741734561,0.5007703871343664,0.504279016746476,1.0231478072042899,1.0988590536029657,1.0277571801460528,1.016014959161488,0.7693535680961315,0.9474637505645576,0.018014976444820592,1.0183916333633634,0.46561434864997864,0.44589127813066753,0.3452611097267696,0.4813344052859715,0.45390609332493376,0.9239008171217782,0.7098490340369088,0.9530286874089923,0.9019079463822501,0.7607289041791644,0.947394609451294,0.019484703029905046,0.9876079218728202
272,1e-06,0.5014323884563084,0.4914549481270561,0.449674775859239,0.5007148227109338,0.5038752534330898,1.0235370511710797,1.0977773878492578,1.028625603950274,1.0159736990745534,0.7695869372187671,0.9476098160345738,0.017927003638123586,1.0176209126810385,0.46561300328799654,0.445888557604381,0.3452530929020473,0.48133320467812674,0.45390445419720243,0.9239004509789603,0.7098498003823417,0.9530283638409206,0.9019071119172233,0.7607289126941136,0.947394609451294,0.019483774102159908,0.9876205154827663
273,1e-06,0.5012082446250192,0.49123703795582957,0.44983317515695026,0.5001582084896011,0.5039709648503686,1.0238637962038555,1.0994301222863712,1.0281660133487314,1.0170427432624243,0.7697497717063365,0.9473966031091615,0.017892847665482096,1.0173359861205433,0.4656115770339966,0.4458860754966736,0.3452459956918444,0.4813319018908909,0.45390312160764423,0.9238994121551514,0.7098489659173148,0.953027435711452,0.9019061326980591,0.7606996553284782,0.947394609451294,0.019481676231537546,0.9876298563820975
274,1e-06,0.5011072575252482,0.49083217361982945,0.44788956585689743,0.5002886425881159,0.5036997623585214,1.0232414085011694,1.0957549855273256,1.0278599271088213,1.0162057949528593,0.7694492710289806,0.9473563137264418,0.018103111412278883,1.017801278533535,0.46561068296432495,0.4458839978490557,0.34523751054491314,0.48133179545402527,0.45390194228717257,0.9238988842282977,0.7098479781832013,0.9530273931367057,0.9019057495253426,0.7606850181307111,0.947394609451294,0.019479946632470404,0.9876413345336914
275,1e-06,0.501684823649026,0.491924408577188,0.45092614774086265,0.501103467289387,0.5039581380712028,1.0234417279317205,1.0996986937046784,1.0280509359154162,1.0162906108974372,0.7692562118287094,0.9473361704389803,0.017986727443548026,1.0182479494849779,0.4656096952302115,0.44588168604033335,0.34522836974688936,0.48133155703544617,0.4539007544517517,0.9238983818462917,0.7098475268908909,0.9530258093561444,0.9019056984356472,0.7606703809329441,0.947394609451294,0.019479050167969296,0.9876561079706464
276,1e-06,0.5019794605630395,0.4941325403150997,0.46109805895131,0.5015821819786408,0.5037394244275335,1.0236458383763807,1.1015180907552204,1.0283594059138437,1.0163363637035465,0.7696792768077001,0.9473563075309769,0.01776556509246032,1.018056356107279,0.4656082647187369,0.4458789995738438,0.34522094471114023,0.48133023721831186,0.4538989577974592,0.9238972919327872,0.7098437207085746,0.9530247449874878,0.9019049235752651,0.7606703809329441,0.947394609451294,0.01947693500135626,0.987661463873727
277,1e-06,0.5008805864173451,0.4912957405958552,0.4517066432492158,0.49967166575418637,0.5037285551863698,1.0232652611324742,1.0993937453854956,1.0277840883317997,1.0162089696250325,0.7694643860405308,0.9473882177153186,0.01800051649161641,1.017937381940198,0.46560672351292204,0.4458772454942976,0.3452171044690268,0.4813292452267238,0.4538973271846771,0.9238958273615155,0.7098421795027596,0.9530230845723834,0.9019035952431815,0.7606703809329441,0.947394609451294,0.019474060673798834,0.9876648272786822
278,1e-06,0.50299140647687,0.4955950378456057,0.46498081278813175,0.5021197908790186,0.5051299181279926,1.023172896944799,1.0984130802974905,1.0276913352947752,1.0161464094688388,0.7691403689350279,0.9472891618457135,0.018092269074559,1.019594143917789,0.4656046969549997,0.44587425674710957,0.34521040320396423,0.48132698025022236,0.45389558162008015,0.9238941924912589,0.7098382115364075,0.9530220883233207,0.9019017900739398,0.7606703809329441,0.947394609451294,0.019470582583120892,0.9876663344247001
279,1e-06,0.5001067350414918,0.4897679016642612,0.4459381631885012,0.499872595178611,0.5021465437966497,1.023397304220683,1.0994367665104297,1.028161472469736,1.01609850747733,0.7695130640521638,0.9474486480965348,0.017776742797865664,1.0164533335614436,0.46560217227254597,0.4458711104733603,0.3452045704637255,0.48132445556776865,0.45389319743428913,0.9238925235612052,0.7098340136664254,0.9530206067221505,0.9018997635160174,0.7606703809329441,0.947394609451294,0.019466850640518323,0.9876659086772374
280,1e-06,0.5018495832781149,0.49217288297564327,0.4518921244345869,0.5009256680379205,0.5044386844359113,1.0239388303639518,1.0990226235196825,1.0283465021033806,1.0170283508618185,0.7693754049429086,0.9472858039037545,0.017875783672366488,1.0197337038750167,0.4656007928507669,0.44586874757494244,0.3451986014842987,0.48132302505629404,0.4538917328630175,0.9238912037440709,0.7098302074841091,0.9530189973967416,0.9018990056855338,0.7606703809329441,0.947394609451294,0.019463432420577322,0.9876698340688433
281,1e-06,0.502470509888756,0.49397885045575535,0.45769008611082357,0.5025536292678444,0.5038800478836114,1.023819269855634,1.1055279341466722,1.0286576373114442,1.0162571382962065,0.7687710378637572,0.9474201064444296,0.017971024416001773,1.0198473478364627,0.46559921332768034,0.4458671084472111,0.345195540360042,0.481321964945112,0.4538900511605399,0.9238892367907933,0.709825507232121,0.9530174136161804,0.9018975155694144,0.7606996297836304,0.947394609451294,0.01945901582283633,0.9876668793814523
282,1e-06,0.5026721980897696,0.49400109223567457,0.457064752159397,0.5026436197837072,0.5042211089571256,1.0235255717376655,1.0986566150487538,1.0283502528927477,1.016196689298076,0.7691789860915844,0.9473260962468688,0.01790648765282117,1.019115171063819,0.46559761677469524,0.44586504782949177,0.3451909763472421,0.48132062384060453,0.45388844183513094,0.9238877977643695,0.7098233784948077,0.9530163918222699,0.9018956252506801,0.7607142754963466,0.947394609451294,0.019455895093934878,0.9876695871353149
283,1e-06,0.5013505011049223,0.49136684681596476,0.44970979428236385,0.5004908581208524,0.5039315101310526,1.0236938126686592,1.0983207184292998,1.0279872936892376,1.0169124381394492,0.7695567143677566,0.94744361289269,0.017940918722796063,1.0177881762240402,0.4655962118080684,0.44586255720683504,0.34518406220844816,0.4813194615500314,0.4538866238934653,0.9238870143890381,0.7098230378968375,0.9530156339917865,0.9018948929650443,0.7607142754963466,0.947394609451294,0.019454448350838253,0.987679089818682
284,1e-06,0.5017935714841316,0.4927527378048582,0.4547809203709936,0.5012515667335717,0.5039025542068286,1.024112300999764,1.1022209983206503,1.0287273339106984,1.016893703694595,0.7692813931278125,0.9474201129450898,0.01783135052984013,1.0182521806517688,0.4655945215906416,0.4458601815359933,0.34517859135355267,0.48131799697875977,0.4538848272391728,0.9238854987280709,0.7098191721098763,0.953013369015285,0.9018932240349906,0.7607289126941136,0.947394609451294,0.019450613696660315,0.9876800179481506
285,1e-06,0.5023710935987452,0.4914537001376389,0.4458168080935891,0.5015105249115094,0.5051168892332303,1.0235288805126594,1.0955346420491223,1.0282948864952943,1.0163627567196039,0.7694391937849159,0.9474217904511318,0.018230100822789023,1.0183055827206242,0.4655933550425938,0.44585799319403513,0.34517210721969604,0.48131715825625826,0.453883239201137,0.9238843321800232,0.7098159279142108,0.953012296131679,0.9018921596663338,0.7607289126941136,0.947394609451294,0.019448254789624895,0.9876867958477565
286,1e-06,0.5001403366335221,0.4899136706065106,0.446532668117615,0.4999342460053674,0.5021333530720722,1.023506221805422,1.1000159677333607,1.0281709328530326,1.0162912503426587,0.7695785378164594,0.94769711077549,0.017782888732396574,1.0163085332175614,0.46559164353779386,0.4458562135696411,0.3451687438147409,0.4813160172530583,0.4538815702710833,0.9238826717649188,0.7098145995821271,0.953010550567082,0.9018904566764832,0.7607435584068298,0.947394609451294,0.0194442163088492,0.9876892055783953
287,1e-06,0.5017720948136042,0.4912297575063603,0.44784526963357246,0.5002910419421139,0.5050505885117126,1.023710369850145,1.097204171292793,1.028205616438749,1.0167653219735262,0.7692780336903964,0.947378145537496,0.017695599702447728,1.0182677931927193,0.46559070689337595,0.44585369314466206,0.3451591942991529,0.48131527645247324,0.45388070600373404,0.9238827313695636,0.7098166516848973,0.9530108315604073,0.9018902352878025,0.7607142754963466,0.947394609451294,0.019444864775453295,0.98770900283541
288,1e-06,0.4997927992086318,0.49002480088779393,0.44850223098299286,0.4996787518705396,0.501616587348309,1.0234850367947963,1.0981717081602207,1.0281584309237588,1.0163222216851762,0.7695852495192016,0.947594703678223,0.01796984959716102,1.0161761905496327,0.46558925935200285,0.445850670337677,0.3451492658683232,0.4813141567366464,0.4538791137082236,0.9238820672035217,0.709814693246569,0.9530100056103298,0.9018897669655936,0.7606996382985797,0.947394609451294,0.019443984276482036,0.987721358026777
289,1e-06,0.5027721322504484,0.4944483310945572,0.4596286471751917,0.502139460900107,0.5048428682016215,1.0236207512910709,1.0963291296028688,1.0282005643576033,1.0166169707737271,0.7695147393913191,0.9473311370357879,0.017941212535278344,1.019014310055492,0.46558816943849834,0.4458482563495636,0.3451407722064427,0.48131354791777475,0.4538777768611908,0.9238812497683934,0.7098146591867719,0.953008736882891,0.9018888218062264,0.7606849925858634,0.947394609451294,0.01944295104060854,0.9877348286764962
290,1e-06,0.5018709257390032,0.49262271370572797,0.4544347830448649,0.5006943749758871,0.5046285592282789,1.0236490347174212,1.0989309083603616,1.0280899947811504,1.0166987728840622,0.769323359253586,0.9473831857770636,0.017759650066319455,1.018999077024914,0.46558726685387747,0.4458464000906263,0.3451344839164189,0.4813128241470882,0.45387692962374004,0.923880398273468,0.7098115342003959,0.9530081834111895,0.9018883875438145,0.7606850011008126,0.947394609451294,0.019440006730811938,0.9877418279647827
291,1e-06,0.5021578648031765,0.4935264308453827,0.45703951125564907,0.5018630020904101,0.5039567405818611,1.0236668797926114,1.0963808464442408,1.0284086063282953,1.0165013637655036,0.7691689209332542,0.9473026012434327,0.01791419092655426,1.0186713248476027,0.46558565327099394,0.4458439690726144,0.34512865117618013,0.48131120630673,0.4538754437650953,0.9238784228052411,0.7098047392708915,0.9530061994280133,0.9018873061452594,0.7606996382985797,0.947394609451294,0.01943525379257543,0.987739452293941
292,1e-06,0.5021616129373442,0.49415158355657224,0.46103534807441054,0.5011814201390872,0.5045126297964662,1.0237732380094493,1.0978679248631091,1.0284926021215064,1.0165837866125873,0.7692763509044754,0.9475107629727658,0.017832838269727876,1.018271984378924,0.46558405246053425,0.4458412102290562,0.3451204810823713,0.4813099205493927,0.4538737790925162,0.923877443586077,0.709801801613399,0.9530050584248134,0.9018856797899518,0.7606996382985797,0.947394609451294,0.019432646089366505,0.9877489975520543
293,1e-06,0.501768153353465,0.492788979748366,0.4546652721156234,0.5016200041014051,0.5034863970948682,1.023106062680834,1.09973652055797,1.0278593133305258,1.0157982227256588,0.7694123428538099,0.9475191498315463,0.017779535767982326,1.018264480267069,0.4655822941235134,0.4458387238638742,0.34511554666927885,0.481308000428336,0.45387198669569834,0.9238759960447039,0.7097989405904498,0.953003295830318,0.9018841130392892,0.7607142840112958,0.947394609451294,0.019428728680525507,0.9877519862992423
294,1e-06,0.5010248779548601,0.4900141426434104,0.44442613411425813,0.49974000884274367,0.50419633484961,1.0237663092212803,1.0996252167121117,1.0284789957819507,1.016524980663948,0.7692729956177157,0.9474369065003461,0.01767269760671635,1.0177645812691387,0.46558178322655813,0.4458364588873727,0.34510516694613863,0.4813080515180315,0.453871305499758,0.9238761918885368,0.7097988213811602,0.9530032362256732,0.9018841981887817,0.7607142840112958,0.947394609451294,0.01942856370338372,0.9877694589751107
295,1e-06,0.5017668031388774,0.4915547776820412,0.44984674584969336,0.500030872581314,0.5052332657151386,1.0237322235131838,1.1023306480994666,1.0276965107969058,1.0171477697595106,0.7691756236937738,0.9475258764278199,0.01766694539989103,1.0179341755582318,0.4655802249908447,0.44583386182785034,0.3450977717127119,0.48130681259291513,0.4538696621145521,0.9238751190049308,0.7097980124609811,0.9530027338436672,0.9018833637237549,0.7607142840112958,0.947394609451294,0.01942607494337218,0.9877785018512181
296,1e-06,0.5014261839118788,0.4907725985332202,0.44618752464476574,0.5006350293351147,0.5040585781846728,1.023664510866586,1.0975909733003186,1.0286370339420472,1.0162276892373945,0.7690665002853151,0.9474066795597184,0.01805104256816937,1.017648199675209,0.4655784325940268,0.4458314265523638,0.3450922497681209,0.4813054289136614,0.45386754614966257,0.9238739013671875,0.7097949811390468,0.9530020100729806,0.9018821886607579,0.7607142840112958,0.947394609451294,0.019422243482300212,0.9877798897879464
297,1e-06,0.501847353566932,0.49199119611575065,0.4508613467796363,0.5010034626743699,0.5043906323798668,1.0236194788097297,1.0965191828429364,1.0281926451496022,1.0166162915310368,0.769435841824785,0.9472555910326308,0.01761407106141982,1.0179011483895615,0.46557711703436716,0.44582946811403545,0.3450870428766523,0.48130454761641367,0.4538659283093044,0.9238728369985308,0.7097934825079781,0.9530006647109985,0.9018807581492833,0.7607142840112958,0.947394609451294,0.019419430089848384,0.9877832106181553
298,1e-06,0.5023845105798685,0.49460228891538704,0.4624265425490893,0.5014334579064671,0.5046674713408464,1.0238891469473967,1.1010241085483181,1.0286346832056628,1.0165724796755644,0.7695550311850817,0.9474990215596942,0.017467673598033796,1.0187262752028043,0.46557652950286865,0.4458280163151877,0.3450805502278464,0.4813047136579241,0.45386513216154917,0.9238728966031756,0.7097941296441215,0.9530003922326225,0.90188125201634,0.7607288956642151,0.947394609451294,0.019418525376490185,0.9877957701683044
299,1e-06,0.5020124325371375,0.49335624844492,0.45723706497574734,0.501267990117432,0.5042494475780483,1.0235241635664878,1.0994690251057415,1.0280014588719322,1.0165153957609634,0.7699780939361467,0.9475359522679861,0.017851310792148755,1.0184036688626392,0.46557629108428955,0.44582570450646536,0.34506907633372713,0.4813050925731659,0.4538644552230835,0.9238737310682025,0.7097972716603961,0.9530010138239179,0.9018821035112653,0.7607288956642151,0.947394609451294,0.019420458802155087,0.9878214512552533
300,1e-06,0.5016545657158142,0.49311557316010995,0.45736734591199385,0.5010324500947504,0.503752896038618,1.0234013286786878,1.0937792271207798,1.0285524806485564,1.0159041470157997,0.7693435073326138,0.9473898905213527,0.017628080961692657,1.018902252163572,0.4655756226607731,0.445823643888746,0.3450600675174168,0.48130512663296293,0.4538634887763432,0.9238737225532532,0.709798344544002,0.9530008179800851,0.9018825973783221,0.7607288956642151,0.9473799637385777,0.019420649324144636,0.9878385833331517
