epoch,learning_rate,train_total_nll,train_selection_score,train_market_nll,train_sector_nll,train_idio_nll,train_mse,train_market_mse,train_sector_mse,train_idio_mse,train_coverage_68,train_coverage_95,train_standardized_residual_mean,train_standardized_residual_std,val_total_nll,val_selection_score,val_market_nll,val_sector_nll,val_idio_nll,val_mse,val_market_mse,val_sector_mse,val_idio_mse,val_coverage_68,val_coverage_95,val_standardized_residual_mean,val_standardized_residual_std
1,0.0002,0.5558404577004257,0.5642040752473393,0.5979006648429894,0.5577012605686646,0.5525776561382058,1.0715500580245143,1.1517619187564527,1.076735435176738,1.0636910978977459,0.7572847187244398,0.9422225555089334,-0.005217514435736356,1.0589723695685664,0.4868273437023163,0.4691492574555533,0.3749716409615108,0.5046995963369098,0.47268371071134296,0.9545370595795768,0.7294195975576129,0.9876295413289752,0.9289480788367135,0.7573477881295341,0.9467652099473136,-0.002051758937471147,0.9916139670780727
2,0.0002,0.5505812816966575,0.557948872241007,0.5875936045258459,0.5522575858490197,0.5476711605123783,1.0652429763317353,1.1350116083943045,1.0699938677300933,1.0581664772321795,0.7595628359289701,0.943154286679035,-0.00413912608055994,1.053071903865031,0.48395903195653645,0.4664293485028403,0.3729238510131836,0.5017937421798706,0.4698256892817361,0.9506066356386457,0.7259903635297503,0.98344144650868,0.9252588663782392,0.7587968281337193,0.9473214319774083,-0.0012696604327564792,0.9880971908569336
3,0.0002,0.5457309065143451,0.5539099706238622,0.5869810207495614,0.5474384067245343,0.5426485163397625,1.0600077890458621,1.1366166856675897,1.0647561162542332,1.0527056185209134,0.7613440437983441,0.9434413651106484,-0.003193220866131618,1.0479196765394743,0.48179411036627634,0.4644050768443516,0.37155225447246004,0.49957810980933054,0.4676851970808847,0.947612634726933,0.72366977589471,0.9802091121673584,0.9224808641842434,0.7604069113731384,0.947394609451294,-0.0007370734986449991,0.9853587746620178
4,0.0002,0.5421286049831603,0.5495468871873034,0.5785199252691137,0.5446481902173282,0.5383960055010903,1.0558720784985707,1.1308527287616525,1.0614060678667614,1.047838935349089,0.7629691155763754,0.9439718550251376,-0.003026865186199309,1.0439605070149294,0.4800434282847813,0.46273269823619295,0.37026358927999226,0.49778105105672565,0.46596490485327585,0.9451894249234881,0.721732463155474,0.9775958742414202,0.9202319213322231,0.7613875865936279,0.947614175932748,-0.00035251417596425327,0.9833099246025085
5,0.0002,0.5394989942747449,0.5448075989485397,0.5645836251733002,0.5422115770597307,0.5359502343324534,1.05215855503595,1.1185965606999044,1.0576714497618473,1.044431041676267,0.7645119417342416,0.9445628025442652,-0.002842697407311154,1.0413323011510627,0.4786905178001949,0.4614450122628893,0.3693112773554666,0.49637296370097567,0.46465419019971577,0.9432585494858878,0.7203198671340942,0.9755080768040248,0.9184401631355286,0.7619291714259556,0.9476726991789681,1.9527655760092394e-05,0.9816405006817409
6,0.0002,0.5382445042888995,0.5449191030330434,0.5710450447466333,0.5404570866900716,0.5349384898170104,1.050804171633,1.127069593910309,1.0559322078961686,1.0431340182675988,0.7650995139763164,0.9446433837207476,-0.0024142891490003173,1.0402909744963913,0.477483868598938,0.4602891334465572,0.36841032760483877,0.49513004081589834,0.46347349882125854,0.9415733814239502,0.7189774853842599,0.9736690521240234,0.916897577898843,0.7627195801053729,0.9477019735745021,0.0003530820831656456,0.9801054852349418
7,0.0002,0.535159317548618,0.54077822488818,0.5620242994807039,0.5377322504047974,0.5316907840085164,1.0474064992259113,1.1183266514579393,1.0531897074249665,1.0392590619574067,0.7660648228569148,0.9452830057722815,-0.001412502102767481,1.0364684267527497,0.47644268189157757,0.4592193790844509,0.3672524222305843,0.4940566803727831,0.46246850916317533,0.9401417544909886,0.7176049521991185,0.9721213749476841,0.9155805621828351,0.7631733076913017,0.9477312735148838,0.0005622255017182656,0.9788236618041992
8,0.0002,0.534861003870361,0.540438464160339,0.5609663598548432,0.5379482058152991,0.5309035955058936,1.0461934565643256,1.114024656953045,1.0521868207304526,1.037938969964195,0.7667984452787205,0.9452326316987315,-0.0019075863399050264,1.0358437220988002,0.47551835009029936,0.4583295839173453,0.3665250837802887,0.4931183499949319,0.4615513128893716,0.9388461964471,0.7166688697678703,0.9707444906234741,0.9143532003675189,0.7634221059935433,0.9480532833508083,0.0006641206730689321,0.9776042529514858
9,0.0002,0.531966868755577,0.5376108962941402,0.5581600325142977,0.5353035956727988,0.5277569601612706,1.0434833630133578,1.1122751079701914,1.0493459966447618,1.0353276742401945,0.767793977101888,0.9456808786787745,-0.0014805927361008562,1.0334798117142974,0.47468859383038114,0.4575853262628828,0.36617477025304523,0.49226024746894836,0.4607340821198055,0.9376333015305656,0.7162032042230878,0.9694161585399083,0.9132322669029236,0.7641539573669434,0.9481411150523594,0.0008280895251248564,0.9764710579599652
10,0.0002,0.5304507077259097,0.5365685977755116,0.558443945521156,0.5344466077201011,0.5255216654605641,1.041768805955046,1.1232763665551353,1.0480496679521865,1.0327710595060116,0.7686703058614892,0.9457816003349214,-0.0011716597826547702,1.0314650205972558,0.4739610425063542,0.45689199226243155,0.3656468093395233,0.49151457633290974,0.46001775349889484,0.9365812965801784,0.7154594659805298,0.9683000871113369,0.9122332079069955,0.7647540995052883,0.9483167358807155,0.000903073964374406,0.9753683379718235
11,0.0002,0.5301843715886,0.5350776738956898,0.5530292079867428,0.5329482982357648,0.5266589230595036,1.0406816518434914,1.1166759216046858,1.045812411791718,1.0330181315320002,0.7691017595609517,0.9460233496020406,-0.0010480938543204583,1.0311712441051306,0.4732498143400465,0.4561548914228167,0.36479335597583223,0.4908085422856467,0.4593064274106707,0.9356006298746381,0.7145017470632281,0.9672805156026568,0.9112907903535026,0.7650614721434457,0.9484045590673175,0.0008853980439848133,0.9744659662246704
12,0.0002,0.5286510328543351,0.5337718749314898,0.5529085582058306,0.5312105040945765,0.525283024119403,1.0390726080077524,1.1144136983311854,1.0446172111533694,1.0310164945771374,0.7691252656124582,0.9461677240763819,-0.0013130786494889354,1.0294889430174508,0.47260552644729614,0.4555064184325082,0.3641383818217686,0.4901535596166338,0.45867315360477995,0.9346935493605477,0.7138383558818272,0.9663373231887817,0.9104118687765939,0.7653688362666539,0.9484777706010001,0.0008108508191071451,0.9736609544072833
13,0.0002,0.5271430509064787,0.5315469618461344,0.5470485057485329,0.5302524015009861,0.5233701822608786,1.0373033897362791,1.1071448068525995,1.0431876785011702,1.0290911089623211,0.7700351694578765,0.9462415896131025,-0.0011137669392910544,1.0273024926293037,0.4720437867300851,0.45497097287859234,0.36372180921690805,0.4895859488419124,0.45811214617320467,0.9339020081928798,0.7133650864873614,0.9655060257230487,0.9096487505095345,0.7657494119235447,0.94862414257867,0.0008545994475883033,0.9727034568786621
14,0.0002,0.5256768368142603,0.530566039402181,0.5477043154052875,0.5291967383574903,0.5214226550007257,1.036270735511643,1.1140196101517783,1.0418547295754956,1.028095022568749,0.7709769778110037,0.9465387400089016,-0.0010665418991625565,1.0260439686633598,0.4715139525277274,0.4543971802507128,0.36295466337885174,0.4890614535127367,0.45758500695228577,0.9331234778676715,0.7126130972589765,0.9647089242935181,0.9088887401989528,0.7662031820842198,0.9486973030226571,0.0007140508054622582,0.9720970562526158
15,0.0002,0.5241518909663831,0.5276333949716043,0.5379292594733387,0.5284709173230349,0.5193735846207195,1.0344901993161155,1.1053499032519625,1.0405488510163576,1.0260696560678517,0.7711297519012896,0.9467536374903678,-0.0011642160601303539,1.0246423685849781,0.4709713118416922,0.45384693145751953,0.3623597238745008,0.488530022757394,0.4570331999233791,0.9323745029313224,0.7119933622223991,0.9639343278748649,0.9081605161939349,0.7663202711514064,0.9488583292279925,0.000686394250286477,0.9713252527373177
16,0.0002,0.5240700951430716,0.5279599472125005,0.5408747289129483,0.5275546552520866,0.5200255337703917,1.0344535182575905,1.1077905054954278,1.0403843707325393,1.0260780309629758,0.7712153624523864,0.9466747267088765,-0.0013899185147071597,1.0246025608920222,0.470479816198349,0.4533250331878662,0.36167782119342257,0.4880680058683668,0.4565182455948421,0.9316672597612653,0.7112487469400678,0.9632279361997332,0.9074541500636509,0.766730112688882,0.9489900469779968,0.0006368492863007954,0.9707914931433541
17,0.0002,0.5233082042189665,0.5262077096420499,0.5348297472312642,0.5268601816065545,0.5193722169642196,1.0334897545503459,1.106172141696756,1.0391676575479543,1.0253893059458539,0.7718130147463227,0.9468073541850721,-0.0011375499575714072,1.022915750970855,0.4700130990573338,0.4528695174625942,0.36127598370824543,0.4875948854855129,0.4560561648436955,0.9309964265142169,0.7107393145561218,0.9625476598739624,0.9067865099225726,0.7671253170285907,0.9490485957690648,0.0005577675266457456,0.9700637289455959
18,0.0002,0.5216556755140141,0.5253774480092116,0.5374257480310771,0.5252828790600704,0.5175028342622033,1.0321636138301717,1.1047886401277534,1.0380999620792137,1.023806329513292,0.7720245396669743,0.9471582185593375,-0.0013972586348673822,1.0209301801687378,0.4695770485060556,0.4524161858218057,0.3607519098690578,0.4871563400541033,0.45562536801610676,0.9303479535239083,0.7101265873227801,0.9618900333132062,0.9061462453433445,0.7674912469727653,0.9492535250527518,0.00043002120219171047,0.9693863221577236
19,0.0002,0.5210632187430211,0.5238605602789829,0.5312615724264264,0.5253613513064153,0.5164252016035277,1.031629150181139,1.1104738038439539,1.0375203688939412,1.0231096843420635,0.7724761353110388,0.947285810190778,-0.0015206939214864375,1.020326627991594,0.4691880132470812,0.451986346926008,0.3601557654993875,0.486760356596538,0.4552500971726009,0.9297472323690142,0.7097713266100202,0.9612748793193272,0.9055520125797817,0.7677253910473415,0.9492974281311035,0.00024118901429963962,0.9690261908939907
20,0.0002,0.5203063429103896,0.5237734687981457,0.534546829283207,0.5241133949418466,0.5160246467626955,1.0303019180825228,1.1067126703091419,1.0357998395906127,1.0222568924586954,0.7728454785596024,0.9472891565963542,-0.001386102781357092,1.0200894812224037,0.46883096013750347,0.45156119976724896,0.35943236095564707,0.4864111840724945,0.45489707589149475,0.9292070865631104,0.7092582498277936,0.960729215826307,0.9050168565341404,0.7677546739578247,0.9494877287319728,9.78005284975682e-05,0.9687305688858032
21,0.0002,0.5195853582450322,0.5220745117982961,0.5284807338845223,0.5235806943145827,0.5152933675084307,1.0294924295992345,1.105486479039932,1.0354459092242254,1.0210058589013369,0.7730519706874521,0.9473126622511068,-0.0016419895668549837,1.0195501972575463,0.4684697687625885,0.45115666730063303,0.3588263051850455,0.48606546010289875,0.4545288724558694,0.9286963939666748,0.7088834473064968,0.9601851957184928,0.904534501688821,0.7680327722004482,0.9495170031275068,7.906363212636538e-05,0.9683265430586678
22,0.0002,0.5182080697506681,0.5183427530835362,0.515404268282838,0.5215452437790247,0.5149642322469966,1.0283658594213507,1.0972417888431383,1.0343628756156409,1.0200731045944655,0.7733793289491719,0.9474520107995408,-0.0018340408262218259,1.0182001967034582,0.46811169385910034,0.4507509980882917,0.3581874540873936,0.485736357314246,0.454151098217283,0.9282129577228001,0.7085619057927813,0.9596859386989048,0.9040615899222237,0.7678717800549099,0.9495608976909092,2.4340996917869363e-05,0.9681116427694049
23,0.0002,0.5179155569349994,0.520799422013839,0.5291966906249431,0.5216177861414625,0.5138372823756229,1.0276083454253182,1.1038225522361165,1.0334473553219028,1.019228929198832,0.7737805702047841,0.9475107596156174,-0.0018440796729011287,1.01777853437161,0.46776978032929556,0.45039584806987215,0.3577667772769928,0.4854030907154083,0.45380307946886334,0.9277343664850507,0.7083378859928676,0.9591871329716274,0.9035947833742414,0.7679449660437447,0.9496487208775112,2.6833731681108475e-07,0.9677916935511998
24,0.0002,0.5166504859649641,0.516732590722232,0.5130138404541484,0.5205157832249702,0.512906430030687,1.0269880575274297,1.0973727474808388,1.0328673440800895,1.0187627457681216,0.7740189490474558,0.9475846323244278,-0.0016623677499163123,1.0163550224294433,0.46742800729615347,0.4500302033764975,0.3572883903980255,0.48507176978247507,0.45345549072538105,0.9272827761513847,0.7080657311848232,0.9586985536984035,0.903173736163548,0.7683401448386056,0.9498389959335327,-1.3513157942465373e-05,0.9675189852714539
25,0.0002,0.5163886048704676,0.5160547656336627,0.5115708719902752,0.5192963370010906,0.5136413769391153,1.026263299045719,1.0984532184254128,1.031813207462514,1.0183070067314386,0.7741062466266884,0.9477122148915675,-0.001830523974546868,1.016356879115654,0.4671098462172917,0.4496679220880781,0.3567036986351013,0.4847859357084547,0.45311399017061504,0.9268622483525958,0.7077208501952035,0.9582764250891549,0.9027533616338458,0.7682962417602539,0.949795092855181,-7.35508677150522e-05,0.967200687953404
26,0.0001,0.5151975725591945,0.5159861874836748,0.5153485143788948,0.5189972012639962,0.5113929042862552,1.026205747785534,1.1013446840578265,1.0323139863690534,1.0175929784896858,0.7742623860751795,0.9478314156966886,-0.0017910439478633071,1.015265402828066,0.46696860023907255,0.4495066830090114,0.35644514645848957,0.4846567596708025,0.4529642973627363,0.9266599757330758,0.7076031395367214,0.9580712999616351,0.9025501523699079,0.7682816130774361,0.9497804471424648,-0.00010459910013845988,0.9671303459576198
27,0.0001,0.5140081445070883,0.5143327016099196,0.5116462904828302,0.5178745002912608,0.5102206116691956,1.0253484829596478,1.1004003354725445,1.0311507281436716,1.0170445039036697,0.7741817935454315,0.947821340588991,-0.0016816219588714479,1.0141464057972172,0.4668300918170384,0.4493570923805237,0.3562324728284563,0.48453290121895926,0.4528137743473053,0.9264689598764692,0.7074835811342511,0.9578732081821987,0.9023643817220416,0.7683987191745213,0.9498682788440159,-0.00012743293440767696,0.9669714740344456
28,0.0001,0.5139116440378454,0.5142635457252028,0.5114967989817804,0.5179651800907397,0.509938658321447,1.0255199821863306,1.104514057307871,1.0312949296638285,1.017111861058766,0.7744050763597015,0.9481033790862322,-0.0017464511871149052,1.0134305234939334,0.4666836304324014,0.4491629941122873,0.3558184376784733,0.48440271615982056,0.452659798519952,0.9262897968292236,0.7073404278073993,0.9576890127999442,0.902188811983381,0.7683255161557879,0.9499414648328509,-0.00016772121723209108,0.9669598255838666
29,0.0001,0.5131410658664723,0.5112147082503612,0.498865807706493,0.5170705854831692,0.5096874891551897,1.025694999796149,1.0986931935616535,1.0318093667931272,1.017147513792201,0.7743765381868228,0.9479153579586418,-0.0019177913892164415,1.0133617263357881,0.46654713579586576,0.44898222599710735,0.3554297515324184,0.48428415400641306,0.45251396724155973,0.9261262331690107,0.7072304146630424,0.9575248190334865,0.9020237156323024,0.7683255161557879,0.9499121989522662,-0.00021159884220521365,0.9669664331844875
30,0.0001,0.5125923993736429,0.5114555217581288,0.5020226034761635,0.5169493551597312,0.5085877216112534,1.0251045152583125,1.0979035952368335,1.031428701530892,1.0163537859306295,0.7743211459393264,0.9481218459663547,-0.001666740708393357,1.012917411400609,0.4664060260568346,0.4487857903753008,0.35498347878456116,0.48415592312812805,0.45237037539482117,0.9259727937834603,0.707116791180202,0.9573627369744437,0.9018783058438983,0.7683255076408386,0.9498975362096514,-0.00022610179647537216,0.9669960226331439
31,0.0001,0.512710920585099,0.512168197252173,0.5058895344772036,0.5164776203178224,0.5091715775357719,1.0247041528126062,1.098574236424471,1.0310947149457896,1.0158511788126021,0.7743278423517835,0.9479405433168426,-0.0015965285343802317,1.0132402447450484,0.4662640520504543,0.4486022208418165,0.3546146665300642,0.48402146782193867,0.4522284099033901,0.9258011409214565,0.7069794024739947,0.9571815303393773,0.9017146229743958,0.7683547990662711,0.9498682873589652,-0.00025767624278419783,0.9669898918696812
32,0.0001,0.5117920197039095,0.5110224066364173,0.5035502356226726,0.5157735149370849,0.5080853176312269,1.024318077047849,1.102912318810279,1.0305183370847062,1.0154982048978087,0.774519232560962,0.9480765190603058,-0.0016224970053967244,1.0122867725594984,0.4661137248788561,0.4484055978911264,0.3542174654347556,0.48387434227125986,0.4520830810070038,0.9256423796926226,0.7068797264780317,0.9570120573043823,0.9015641978808812,0.7683694192341396,0.9499268106051854,-0.00028608113227944287,0.966968664101192
33,0.0001,0.5116573188528304,0.5107597092512749,0.5025327391521905,0.5158374253383857,0.5077814387774626,1.0246801501472853,1.0998844710973612,1.03070964229699,1.0161438207411486,0.7743345667506509,0.9479942489329571,-0.0018735193436191866,1.0125243630216356,0.46595785447529386,0.4481766564505441,0.35365308608327595,0.48374153460775104,0.4519175333636148,0.9254797526768276,0.7067189386912754,0.9568492940493992,0.9014021839414325,0.7683108874729702,0.9498975362096514,-0.0003744865451673312,0.9670962350709098
34,0.0001,0.5108137265481035,0.5098236558135815,0.5012356637382409,0.51496242478879,0.5069843226375179,1.0237149183285035,1.0986523680728457,1.029876600426402,1.0150551542342168,0.7745830254925866,0.9483115534201317,-0.0018702295324605396,1.0120785116416884,0.46580848949296133,0.44798013142177034,0.35323719467435566,0.48360924209867207,0.45176019413130625,0.9253316606794085,0.7067156859806606,0.9566973618098668,0.901252635887691,0.7683694277490888,0.9498829245567322,-0.00042892517688285025,0.9671556523868016
35,0.0001,0.5095251977474214,0.5071882615318923,0.49276149288178467,0.5137658874560062,0.5058433938746689,1.0240238166990734,1.0991131064834438,1.0299209705451422,1.015623524319619,0.7744873359578118,0.9480244716618895,-0.002056696716861974,1.0110334242177632,0.46568353687013897,0.44778127329690115,0.3527113837855203,0.4834959592138018,0.45163670607975553,0.9251971159662519,0.7066892385482788,0.9565476093973432,0.9011305315153939,0.7681645154953003,0.9498536501611982,-0.000512485475545483,0.9674571326800755
36,0.0001,0.5096485464925712,0.5058743765704521,0.48603520238332365,0.513210491711704,0.5068735829451971,1.0239759776998776,1.091673053904063,1.03015699535532,1.0155383795881296,0.7744537661213541,0.9482628709831668,-0.0020542410524210073,1.0114349411257828,0.465555020741054,0.44761419722012113,0.35235611881528583,0.48338992255074636,0.4514933611665453,0.9250501394271851,0.7066174149513245,0.9563852293150765,0.9009960123470852,0.7682669588497707,0.949853641646249,-0.0005340841183039759,0.9674606238092694
37,0.0001,0.5092573598660509,0.5053880459457804,0.48460727785101193,0.5133283974357709,0.5060079531430344,1.0242837665634037,1.093659327174234,1.0304001814209371,1.0158551474198645,0.7748633881318404,0.9482981204620338,-0.0020141789957421274,1.0101658855104716,0.46543772305761066,0.44744958196367535,0.35195131812776836,0.48330855795315336,0.4513500375407083,0.9249293548720223,0.7065967321395874,0.9562650748661586,0.9008718047823224,0.7680474093982151,0.9498829160417829,-0.0006031285613841776,0.9675912346158709
38,0.0001,0.5086091278579622,0.505311888361734,0.4863714904157675,0.5132484274129042,0.5047112300160355,1.0229735578015957,1.0929737729838245,1.0294227120025428,1.0141910040494544,0.7747441926065983,0.9481923568877451,-0.0019584515497290626,1.0102491775232891,0.4652955744947706,0.44721783910478863,0.3513185126440866,0.4831848272255489,0.45120570063591003,0.9248018690517971,0.7064557160649981,0.9561360563550677,0.9007462348256793,0.7680620465959821,0.9498243757656643,-0.0006907113752926566,0.9678307941981724
39,0.0001,0.5089944400850834,0.5051746902500002,0.48431097594396433,0.5133448413134964,0.5054668746907712,1.0227055356738144,1.094740261618931,1.0289086196829098,1.0141013053766106,0.7745712779145697,0.9481822906307117,-0.0020645420137111858,1.0111539220419286,0.4651426885809217,0.4469451904296875,0.3505317909376962,0.4830352451120104,0.4510706961154938,0.9246970074517387,0.7063423480306353,0.9560148630823407,0.9006575431142535,0.7679449490138462,0.9497951013701302,-0.0008069032254362744,0.9682356289454869
40,0.0001,0.5077682241713518,0.5049337603102204,0.48819046031494845,0.5121946861758576,0.5039943621913042,1.0231334188017427,1.0957337283380082,1.0296720927395213,1.0141746486631102,0.774589747877165,0.9483132268975957,-0.00224512054054882,1.0100249003521675,0.46500888041087557,0.4467338536466871,0.34997667585100445,0.48291389857019695,0.4509385185582297,0.9246025255748204,0.7062892062323434,0.9559029340744019,0.9005791289465768,0.7678571513720921,0.9498097385678973,-0.0008731664014963567,0.9684702498572213
41,0.0001,0.5067732420354639,0.5021229785830317,0.4772546681085734,0.5115644685042802,0.5029660186215785,1.023770700798728,1.095402727631258,1.0298887657557643,1.015264903589572,0.7743731812520084,0.9482343273472921,-0.001794539304936321,1.0091424344200022,0.46485630103519987,0.44651717373303007,0.34946237717356,0.48278488857405527,0.4507741502353123,0.9244902644838605,0.706220235143389,0.9557866028376988,0.9004694393702916,0.7677400708198547,0.9497804471424648,-0.0009097121827445724,0.9685917752129691
42,0.0001,0.5070879022036219,0.5027066198484261,0.47941611012128216,0.5114696143501182,0.5036286004860463,1.0233599923844834,1.0964110253471262,1.0289413573433055,1.015343538566058,0.774282526036012,0.9480630860716883,-0.002202980154748535,1.0103460657736978,0.4647119811603001,0.4462347796985081,0.3485672857080187,0.48266383154051645,0.45063128641673494,0.9244101388113839,0.7061064498765128,0.9557161501475743,0.9003809094429016,0.7674619385174343,0.9496633751051766,-0.0010295757549881404,0.9691889711788723
43,0.0001,0.5068906613392398,0.5030704728469321,0.4818084026017802,0.5116177587648324,0.5029996430879975,1.022924717487095,1.1037508552036588,1.0286951122440195,1.014460017848369,0.7742237591218534,0.9482208977463424,-0.0026379794784126775,1.010509236372866,0.4645806976727077,0.44594680411475046,0.3475844008581979,0.4825578246797834,0.4505033152444022,0.9243383152144296,0.7059673326356071,0.955657354422978,0.9002979397773743,0.767286309174129,0.9495316232953753,-0.0011834589323760675,0.9699266382626125
44,0.0001,0.5060699511294602,0.49921523303907467,0.4655382742926944,0.5103014626078158,0.5031894758549703,1.023528015802777,1.0958485307293064,1.0292016582127663,1.015443726191445,0.7734548791029853,0.9481470253122078,-0.002084853768672845,1.0104268669044427,0.4644572947706495,0.4456809163093567,0.34667923620768953,0.4824641006333487,0.4503766213144575,0.9242762923240662,0.7059276529720852,0.9555984735488892,0.9002323491232735,0.767008193901607,0.9493999055453709,-0.0013056192796544305,0.970611206122807
45,0.0001,0.5040429451803763,0.4970926655541306,0.4623461504105843,0.5089035657846311,0.5005721198828844,1.0229851451825924,1.0965202347901437,1.0295164282359774,1.014002909400313,0.7735086001009436,0.948215859978857,-0.002320418295989846,1.0091749271916781,0.46431940368243624,0.44544972692217144,0.3460207326071603,0.48235479422977995,0.45022725633212496,0.9241918325424194,0.7058950747762408,0.9555145587239947,0.9001461012022836,0.7668618389538356,0.9493559769221714,-0.0013963714840688876,0.9709373457091195
46,0.0001,0.5049300948229437,0.49938662279219853,0.47130952660267134,0.5091523222598551,0.5018284865910129,1.0225843876005134,1.0941380433284253,1.0288263884679636,1.0139572020377858,0.7733423954941222,0.9479724343959576,-0.002817820297539591,1.0105567164623732,0.4641900530883244,0.44519139187676565,0.34517540676253183,0.482260491166796,0.4500868490764073,0.9241030982562474,0.7057932019233704,0.9554376942770821,0.9000456248010907,0.7665983523641314,0.9491949592317853,-0.0014811272017790803,0.9715886030878339
47,0.0001,0.5040990511423737,0.4976415158050584,0.46536849705427047,0.5086052362362178,0.5008839657534957,1.0227897367719132,1.0977497457908596,1.029184009103487,1.0138969761679493,0.7733894041179085,0.9483283315935442,-0.0025490782344289396,1.009573771321218,0.4640554189682007,0.4449815239225115,0.3446245789527893,0.48214479429381235,0.44994730608803885,0.924017880644117,0.7057866454124451,0.9553473336356026,0.8999631064278739,0.7665983523641314,0.9491364274706159,-0.0015293711663356849,0.9718953200748989
48,0.0001,0.5022694186192564,0.49448697301771355,0.4557462251619748,0.5075540191933123,0.49853569440089673,1.0233666603832567,1.1008702571185747,1.0296761523255067,1.0144739963430902,0.7733071462594114,0.9482360045176192,-0.002714898699121545,1.008317222426747,0.46394285559654236,0.44469540459769114,0.34358041627066477,0.48204965250832693,0.44984832406044006,0.9239786011832101,0.7057785817555019,0.955312192440033,0.8999186073030744,0.7662470766476223,0.948916860989162,-0.0016542277880944312,0.9729962263788495
49,0.0001,0.5021767913532208,0.4938175103570398,0.4535835773073217,0.506543847105165,0.49942956450531195,1.0233198947864988,1.0904457639012042,1.029855415415776,1.0145470055322798,0.7731241557272165,0.9482695766125223,-0.0031647127217298903,1.0093160886002759,0.4637724331447056,0.4444524475506374,0.34303521258490427,0.48187264800071716,0.44969688994543894,0.9238881639071873,0.7058642421449933,0.955196602003915,0.8998473031180245,0.766086050442287,0.9489168524742126,-0.0016234461800195277,0.973187872341701
50,0.0001,0.5027898859806813,0.4960470701478654,0.46301384246538557,0.5068630781987967,0.5000425009805608,1.0234863844762627,1.1006295974292453,1.0295966052728254,1.0148048021826326,0.7726608027694046,0.9481973929461368,-0.002583037943400312,1.0103242650925655,0.4636466588292803,0.44417035579681396,0.3420628479548863,0.48176925097193035,0.4495771953037807,0.9238366399492536,0.7058901105608258,0.9551371080534798,0.8998015778405326,0.7656616057668414,0.9487412231309074,-0.001735675406442689,0.9741825461387634
51,5e-05,0.5007744818483324,0.4912927401749464,0.4456574945527959,0.5057269198981176,0.49765923196574813,1.0230207145671875,1.0930236456214741,1.0293245091843592,1.0143834024408325,0.7729344515390294,0.9482259342014882,-0.0025519706095204985,1.0090221169967866,0.46357633812086924,0.44401727403913227,0.3415457819189344,0.48171018276895794,0.44951005067144123,0.9238147394997733,0.7059164983885629,0.9551113247871399,0.8997812782015119,0.7655298624719892,0.9486826743398394,-0.0017944879114760884,0.9746620825358799
52,5e-05,0.5006384710074081,0.4922136524763708,0.45162159520360184,0.5050803921159206,0.4978304248678947,1.0231142214976758,1.0982993652255366,1.0293861638870963,1.014335979026095,0.7724845455172608,0.9481218481332415,-0.002979186369598301,1.0093445929880334,0.46347745827266146,0.44385383810315815,0.3411079900605338,0.4816103918211801,0.44942345363753183,0.9237877471106393,0.7059686950274876,0.955072113445827,0.8997642908777509,0.7653249246733529,0.9486533829144069,-0.0018030168056221946,0.9749410578182766
53,5e-05,0.5003667741907113,0.4915479329446616,0.44987222410383676,0.5042422867498823,0.4981744587421417,1.0234389234309433,1.092464657209497,1.029615782342443,1.01496112227623,0.7722176067718041,0.9483233052403635,-0.0026760336850458425,1.0092646920919053,0.4633777567318508,0.44367980105536325,0.34061549391065327,0.48151191217558725,0.4493358220372881,0.9237576467650277,0.7059608186994281,0.9550377556255886,0.8997375539370945,0.7650029063224792,0.9485802139554705,-0.0018452539640877927,0.9752407159124102
54,5e-05,0.5000553816877386,0.49171976504787324,0.45153127292517325,0.5044752174136703,0.49725298619367986,1.0232464274075845,1.099572367657165,1.0298121847742592,1.0141363668246448,0.7722814045255146,0.9479791522331258,-0.002887616642162822,1.0094946100354134,0.4632740020751953,0.44348871282168795,0.3400556743144989,0.481405109167099,0.4492500509534563,0.9237291472298759,0.7059634923934937,0.9550029550279889,0.8997146827833993,0.7648272854941232,0.9485948511532375,-0.001915950344742409,0.9756740246500287
55,5e-05,0.49856625572876995,0.4872762706422586,0.4344796394758571,0.5029985088601334,0.4962702662256273,1.0233132313961746,1.101279959242831,1.029625224200384,1.0144022403163784,0.7723770877122269,0.9480127272579039,-0.0030205844953003842,1.0083078193286108,0.46316263931138174,0.4433272821562631,0.33968435866492136,0.4812899317060198,0.44915145209857393,0.9236885564667838,0.7059840049062457,0.9549530659403119,0.8996812190328326,0.7647687367030552,0.9484923822539193,-0.0019418366053806885,0.9758417861802238
56,5e-05,0.5003131270042396,0.48831954447355136,0.43224264392166706,0.5050120457770333,0.49788326180658765,1.023589642305467,1.095980853223825,1.0298446603024,1.0149213902717118,0.7719170987392412,0.9482225712848454,-0.0028499713163129704,1.010734988186705,0.4630660670144217,0.44315104825156076,0.33915941204343525,0.48120218089648653,0.44906024847711834,0.9236527766500201,0.7059764266014099,0.9549146464892796,0.8996465972491673,0.7645784446171352,0.9484192047800336,-0.002005668473429978,0.9762523940631321
57,5e-05,0.4989795511463515,0.48711566987919064,0.4319727049841981,0.5033166625837882,0.4968759644141395,1.023498274519452,1.09584684244987,1.0295073251143152,1.0150775316429335,0.7722545355573656,0.9484542446812787,-0.0031635285413805425,1.0092372098337732,0.4629850259849003,0.4429629572800228,0.3385122162955148,0.48112380504608154,0.44899533901895794,0.9236342481204441,0.7059517502784729,0.9548991918563843,0.8996250033378601,0.7643296377999442,0.9483313815934318,-0.002089426453624453,0.9769199405397687
58,5e-05,0.49841774053226906,0.4869726452226829,0.4338089439176744,0.5025704211292668,0.4964187925312376,1.0228457712113888,1.0992111471208377,1.0290505375180925,1.0140957847596193,0.7716115572424467,0.9480311923678936,-0.003019085895466579,1.0101153655840809,0.46288196955408367,0.44279233472687857,0.3380577436515263,0.4810169381754739,0.4489077457359859,0.9235996689115252,0.7059498940195356,0.9548564723559788,0.8995977895600455,0.7641978945050921,0.9482874614851815,-0.00211959338880011,0.9771831120763507
59,5e-05,0.49824198163355304,0.4869356215976778,0.4335773680158841,0.5031415307698833,0.49549790313472153,1.0227644079108758,1.0914353090436166,1.0292114906596699,1.0140280537097441,0.7719406071407515,0.9479455750719804,-0.002628802497070321,1.0091631220233055,0.46280566283634733,0.44262766412326265,0.33750225390706745,0.48095389349120005,0.44883415954453604,0.9235831073352269,0.7059763159070697,0.9548355085509164,0.8995845402990069,0.7639051590647016,0.9482289126941136,-0.0021773905027657747,0.9776879293578011
60,5e-05,0.4989472584302036,0.48902694439192157,0.4419465454279064,0.5034962687441098,0.4962982987051308,1.022987885897549,1.098992670034056,1.0293245305175116,1.0141178078365765,0.771719005250711,0.9477055052031143,-0.0031258725977030186,1.011145923605224,0.4627231870378767,0.4424559899738857,0.3369411953857967,0.48087994541440693,0.44875923650605337,0.9235623393739972,0.7059791769300189,0.9548150556428092,0.8995628442083087,0.7636416809899467,0.9482581870896476,-0.0022385932804484454,0.9782131229128156
61,5e-05,0.4982937771695367,0.48745102740164237,0.43655662533874334,0.5027301634389562,0.49591537025178695,1.0236689567077606,1.1015183288380848,1.0294065641184922,1.015336184579778,0.7714117887199566,0.948185644971366,-0.0030176278683693132,1.0104566914145299,0.46263082112584797,0.4422877516065325,0.3364389794213431,0.4807978698185512,0.44867000409535,0.9235342826162066,0.7060073273522514,0.9547822305134365,0.8995368736130851,0.7635099547249931,0.9481850096157619,-0.0022946074438680497,0.9786707503455025
62,5e-05,0.49719133388672615,0.4849282995713288,0.4277403010537059,0.5018545411912466,0.494843192211616,1.0238052244315805,1.0927139314638306,1.0304464587051931,1.0148669241088755,0.7709434084323389,0.9479489250178222,-0.0031001956206381594,1.0101142420685725,0.4625504698072161,0.4421432784625462,0.33600296292986187,0.4807344845363072,0.4485847864832197,0.9234976598194667,0.7060634238379342,0.9547416993549892,0.8995013662746975,0.7631440418107169,0.9481557181903294,-0.00233437742904893,0.9791037951196943
63,5e-05,0.49772539129027693,0.4856332240505091,0.4294137304798493,0.502160402914224,0.49556753947316107,1.0234292354329817,1.0985225049642435,1.029184991191487,1.0151703234397627,0.7705673488725837,0.9478733829516847,-0.0030843415974719946,1.0112408992881599,0.4624402608190264,0.4419416700090681,0.33541641916547504,0.48062020540237427,0.448494302374976,0.9234617948532104,0.7060519882610866,0.9547052809170314,0.89946562903268,0.7629098381314959,0.9481264693396432,-0.002413310476445726,0.9795822586332049
64,5e-05,0.49696841724579355,0.4849931370339147,0.4301882178064377,0.5005330973964316,0.4956297796015488,1.0241552374635179,1.1042241470910192,1.0293398952703872,1.016301841962905,0.770790631015424,0.9480563710728366,-0.0032024105978129204,1.0107287999854841,0.4623408956187112,0.4417788088321686,0.33498839821134296,0.4805154374667576,0.44841134548187256,0.9234265174184527,0.7060863375663757,0.9546612671443394,0.899436388696943,0.7626756514821734,0.9479800888470241,-0.0024424882805241005,0.9798757689339774
65,5e-05,0.49684347647980914,0.483175459209614,0.42010995991341105,0.5014004466537323,0.4948441121008112,1.024414005123281,1.0938958184144099,1.0307872778198626,1.0157247870260182,0.7699243681161024,0.9479892255706904,-0.0033890441817332096,1.0109158647530394,0.4622651849474226,0.44159483909606934,0.3343426159449986,0.48043984174728394,0.4483546316623688,0.9234071969985962,0.7060876573835101,0.9546459998403277,0.8994125723838806,0.7623097045081002,0.9478044424738202,-0.002525146385388715,0.9806701966694423
66,5e-05,0.4957317238701226,0.4834395145155257,0.426798205542308,0.4997574178853892,0.4940038532155999,1.024015615521122,1.0998941384641194,1.0300387009192415,1.015462998970313,0.7710139088550104,0.9480647705361834,-0.003241086094957312,1.009704087003951,0.4621912198407309,0.4413967047418867,0.33361355321747915,0.4803674391337803,0.44830089807510376,0.923405476978847,0.7060973048210144,0.9546440754617963,0.899410000869206,0.7619145342281887,0.9476580704961505,-0.002624248719907233,0.9815563048635211
67,5e-05,0.4962657790762671,0.4832874618154029,0.4234392460162861,0.5005594965011354,0.4943995366356523,1.0243831878738774,1.1023246828434228,1.0310947656387313,1.0150734718433112,0.7700402060656198,0.9477609029136068,-0.003093456937199486,1.011329903580626,0.4621136316231319,0.4412276829992022,0.3330487481185368,0.480295581477029,0.44823370235306875,0.9233790550913129,0.7061215213366917,0.9546207530157906,0.8993794662611825,0.7616217732429504,0.9475702387945992,-0.0026852803504360573,0.9822396806308201
68,5e-05,0.49590291729110114,0.4813878099184676,0.4152288359751533,0.4999677211244596,0.4945272492770348,1.0238704220856756,1.1000367503134458,1.0306007669818016,1.0146013490371195,0.769894150789127,0.9480194403035056,-0.0034901625045212306,1.0113890743597433,0.4620034098625183,0.4410694326673235,0.33268851041793823,0.4801825795854841,0.4481347756726401,0.9233214003699166,0.7061309218406677,0.9545570356505257,0.8993253196988787,0.7614607640675136,0.9475263442311969,-0.0027029807014124735,0.982451890196119
69,5e-05,0.49472413039244084,0.4804138630186053,0.4146905966404457,0.499204555658945,0.4929115149191081,1.0240894483103853,1.1000838470776388,1.0300423425707643,1.0156036628189908,0.7700351736085328,0.9480127289364781,-0.0031171788162748766,1.0104648022546685,0.46187983240400043,0.4408810819898333,0.3322235941886902,0.480059095791408,0.4480226933956146,0.9232726863452366,0.7061290315219334,0.9544979929924011,0.8992854356765747,0.7612265774181911,0.9474824156079974,-0.002720159079347338,0.9827413048063006
70,5e-05,0.4949769141029469,0.479128476478354,0.40662333085423424,0.4996705095064805,0.4932284675618654,1.0235086221665648,1.0949926253959452,1.0301288963890174,1.0145054365571682,0.7697951004130378,0.947752505983381,-0.003340580205481234,1.0112483677226827,0.4617551139422825,0.4406742751598358,0.3316671209675925,0.4799343304974692,0.44791230985096525,0.9232291408947536,0.706152583871569,0.9544449959482465,0.8992490342685154,0.7612412061010089,0.947379972253527,-0.002758453067924295,0.9831486684935433
71,5e-05,0.4955399358235929,0.48209433368213106,0.42150465202557386,0.4986452849260429,0.4949025144133883,1.0236532821206026,1.1007221692412923,1.0301117785942597,1.0146258048564425,0.7691890604362938,0.9478985660209206,-0.003441588588691275,1.0127129659430527,0.46167255299431936,0.440499803849629,0.331098347902298,0.4798542388847896,0.4478433983666556,0.923194944858551,0.7061566199575152,0.9544100761413574,0.8992149829864502,0.7610362853322711,0.9472628576414925,-0.002811610299561705,0.9837664195469448
72,5e-05,0.4934540098896408,0.4780506056147359,0.40733076249765726,0.4982541941461109,0.49152449544002264,1.024330123473117,1.097374630108651,1.0308113718301408,1.0154140351432688,0.7694056187296182,0.9480060096343724,-0.0034621863349837277,1.011079687310437,0.46159517765045166,0.4403000771999359,0.3303744282041277,0.47977940099579947,0.4477849134377071,0.9231707113129752,0.7061134576797485,0.9543874859809875,0.8991894721984863,0.7607142925262451,0.9472043343952724,-0.0029060198326728176,0.9847076620374408
73,5e-05,0.49340236455553077,0.4769270329431455,0.4015875994335122,0.4982498710850112,0.4916152498750154,1.0245101942017454,1.098575006859521,1.0304769623664118,1.0160746283245525,0.769372051395762,0.9479590074502073,-0.0032578403565553873,1.0117353158795521,0.46151322977883474,0.4401437682764871,0.3298964244978769,0.4797016552516392,0.4477121617112841,0.9231307676860264,0.7061470661844526,0.9543383887835911,0.899155821119036,0.7605093547276088,0.9471311398914882,-0.0029505642596632242,0.9853197421346392
74,5e-05,0.49322046502028377,0.4771554995608586,0.4040652922465749,0.4975929097127011,0.4918199213144417,1.0241590542055923,1.0981470741068347,1.0307284650348483,1.0151232015579954,0.768383238813661,0.9476501107582116,-0.0036178351409973638,1.0122451148335896,0.46139420356069294,0.4399927003043039,0.3296136515481131,0.4795782651220049,0.4476027190685272,0.9230547377041408,0.7061922379902431,0.9542526347296578,0.8990861177444458,0.7604069028581891,0.9472043258803231,-0.0029066359690789667,0.9853733437401908
75,5e-05,0.4929977984411315,0.4771265239057575,0.40567758073577254,0.49659547534772697,0.4923108709633686,1.0243734156114899,1.1032985199797904,1.0301790672635276,1.0159369819724615,0.7683513293617882,0.9478532320343405,-0.003053634418904232,1.011605035446878,0.4612669220992497,0.4398523909705026,0.3294212945869991,0.4794474414416722,0.44748134698186603,0.9229737860815865,0.7062708224569049,0.9541533929961068,0.8990176660673959,0.7603922656604222,0.9470872368131366,-0.0028306287048118456,0.9852289812905448
76,2.5e-05,0.4924325008179918,0.4769112539791902,0.40668536003162115,0.49628593106179497,0.4914373630630134,1.0237802395867008,1.104715314206867,1.0297050039950115,1.0151578120799536,0.7689708146265208,0.9478079103166118,-0.003486510410311661,1.0107856258269279,0.46119165420532227,0.4397545371736799,0.3292343318462372,0.47936580436570303,0.4474158840520041,0.9229435580117362,0.7063079731804984,0.9541163955415998,0.8989909376416888,0.7604654516492572,0.947145768574306,-0.002804069680028728,0.9852209942681449
77,2.5e-05,0.49246721061998555,0.47590884445754916,0.40092203690953215,0.4966431799083872,0.49134279425121,1.025061300944745,1.09664366908154,1.031708394815784,1.0160277975685952,0.7683278354570552,0.9476685760207989,-0.0035139771993331617,1.0118129782596126,0.4611475808279855,0.4396823559488569,0.3290371596813202,0.479326069355011,0.4473729261330196,0.9229224324226379,0.7063408834593636,0.9540916681289673,0.898972247328077,0.7604069113731384,0.9470872368131366,-0.0027976073657295535,0.985412733895438
78,2.5e-05,0.4900531869208086,0.4731779277355196,0.3966581916662588,0.49440217538485454,0.48881731741988715,1.0245331973218943,1.095341258334674,1.0304400342827995,1.0162659259069533,0.7685091538546456,0.9478297432568887,-0.003444038488636536,1.0098526925230051,0.46109252316611155,0.43959522247314453,0.3288149876253946,0.47926969613347736,0.4473245782511575,0.922897185598101,0.7063446640968323,0.9540615933282035,0.8989512068884713,0.7602898052760533,0.9470433081899371,-0.0027943909101720366,0.9855636613709586
79,2.5e-05,0.492923516358587,0.4770669104713571,0.40601711696194065,0.49620153230395125,0.49254235915202577,1.0248919748612935,1.1028683515188331,1.0311425327033918,1.016041946331782,0.7688700862865966,0.9478196555751444,-0.003523984043064961,1.0112572281530314,0.46102683884756906,0.43950302260262625,0.32862133213451933,0.4791931765420096,0.4472738334110805,0.9228642242295402,0.7063477720533099,0.954021121774401,0.8989244103431702,0.7602458851678031,0.9470872368131366,-0.0027840539613472564,0.9856089949607849
80,2.5e-05,0.49106436610771215,0.4743043141858247,0.39886022460991705,0.49485811140985286,0.4903440066349549,1.0241978678774113,1.1045696522966142,1.0306054254525512,1.0151112145847745,0.76857798296674,0.9479489369204395,-0.0036421605780209507,1.009934518804809,0.4609767326286861,0.43941497802734375,0.3283716780798776,0.47914297240121023,0.44723046677453177,0.9228421449661255,0.7063409430640084,0.9539935844285148,0.8989073038101196,0.760158087526049,0.947087219783238,-0.0027862319922340767,0.9857949614524841
81,2.5e-05,0.49249652090648843,0.4753042203123852,0.3978842089588802,0.4964168383198644,0.4917298427344711,1.024835980341365,1.0970771090531435,1.0306334098790526,1.0166305324937281,0.7674682871293118,0.9476249257052061,-0.00389398525469482,1.0131735857852715,0.460905807358878,0.4393067700522287,0.32810790623937336,0.47906862837927683,0.4471695508275713,0.9228131175041199,0.7063412921769279,0.9539598141397748,0.8988820144108364,0.7601434332983834,0.947057945387704,-0.002785450080409646,0.9859117695263454
82,2.5e-05,0.4919292318839265,0.4745831024903123,0.3959976409529028,0.4963336989199633,0.49072242083759476,1.0235601909882095,1.0977103972337334,1.0300096075350482,1.0146391365812548,0.7685645460716224,0.9478448501807631,-0.003428706203296941,1.0112140426193819,0.4608440782342638,0.4392162731715611,0.32789221831730436,0.47900896838733126,0.4471111978803362,0.9227896843637738,0.7063712392534528,0.9539329750197274,0.8988604119845799,0.7599824326378959,0.9470725911004203,-0.0027769910437720163,0.9860005038125175
83,2.5e-05,0.4907638175757311,0.4740952715712575,0.39923792525065355,0.4943706694164462,0.49020781556093806,1.0245882914240887,1.1056768349727117,1.0306091727932112,1.015864410158676,0.7682321432976007,0.9478196662264607,-0.003372134668471199,1.011201900637461,0.4607875219413212,0.4390931384904044,0.3274927479880197,0.47894570231437683,0.4470724378313337,0.9227734548704964,0.706347141947065,0.9539213350840977,0.8988398654120309,0.7597628831863403,0.9469701392310006,-0.00282167862834675,0.9864598342350551
84,2.5e-05,0.49043699200191193,0.4726177061208382,0.39293243376279696,0.4939699963429495,0.49015404591484674,1.024525487233722,1.0974217091104768,1.0306341377088368,1.0159868331548805,0.7679265989930094,0.9477642616185541,-0.0035530663517680965,1.0113301445628458,0.4607489747660501,0.43897078718457905,0.3270133776324136,0.47890722325869967,0.4470482681478773,0.9227683203560966,0.7063330411911011,0.9539185677255902,0.8988331130572728,0.759601856981005,0.9468676788466317,-0.002876548861552562,0.9871411834444318
85,2.5e-05,0.49128539593965653,0.4738029579413102,0.39484718158131554,0.49548932224802034,0.49029615790002845,1.0246357239031267,1.1017142930094304,1.031022193885985,1.0156797976354666,0.768227103790502,0.9476014202335707,-0.003708647617522324,1.0126859988851298,0.46069435136658804,0.4388986144747053,0.326870926788875,0.47884770376341684,0.44700187018939425,0.9227336474827358,0.7063383800642831,0.9538782494408744,0.898802033492497,0.7596750344548907,0.9468530416488647,-0.002866906745891486,0.9872040493147713
86,2.5e-05,0.489582252789325,0.4707781556350905,0.3863801132912399,0.4936036918936054,0.4890009271323345,1.0241650344162065,1.093040343986312,1.0304907979686873,1.0155433340067748,0.7679870455190577,0.9478549183910465,-0.0033931521571508843,1.0105124892665982,0.4606517255306244,0.43880389417920795,0.3265519397599356,0.4788074237959726,0.44696597116334097,0.92270975453513,0.7063264080456325,0.9538542883736747,0.8987777062824794,0.7595872112682888,0.946794501372746,-0.0028884884169591324,0.9875725933483669
87,2.5e-05,0.48881061960353156,0.4695444005273027,0.38342539080277016,0.4925953982673543,0.4885387118510936,1.024779016643198,1.0996070907351547,1.030812650049154,1.0162510397918885,0.7680457890247359,0.9481000170241364,-0.003443617134198119,1.0097686023023638,0.4605961186545236,0.43871159638677326,0.3263086804321834,0.47874646527426584,0.44692204679761616,0.922682625906808,0.7063324621745518,0.9538233620779855,0.8987533364977155,0.7595287050519671,0.9467798641749791,-0.002893024989004646,0.9877881748335702
88,2.5e-05,0.48980377972339645,0.47239556647665487,0.3936929561758554,0.4940679497860422,0.488743309753709,1.0248048058913661,1.0953672941806556,1.031821304080551,1.0154362549491254,0.7677570441961898,0.9476551476711502,-0.0035839149646396157,1.0113416510976039,0.46053142632756916,0.43858615841184345,0.32593065926006864,0.47867601258414133,0.4468733583177839,0.9226609127862113,0.7063208988734654,0.9538017766816276,0.8987319980348859,0.7592652269772121,0.9467505897794452,-0.0029230568491454634,0.9881829874856132
89,2.5e-05,0.4887568296619519,0.46898354137487064,0.38064845671607356,0.4925931917967945,0.48852413224368235,1.0250180896220913,1.0980112191291571,1.031510764674779,1.016092116504343,0.7671929604568911,0.9479052837054911,-0.0037442834633443062,1.0102859546267797,0.4604723496096475,0.4385137643132891,0.3258047529629299,0.4786132148333958,0.44682064226695467,0.9226230382919312,0.7063309039388385,0.9537561280386788,0.8986997604370117,0.7592359525816781,0.9467505897794452,-0.0028947256838104556,0.9881706322942462
90,2.5e-05,0.48814841703579964,0.4693140910334668,0.3845612186532233,0.4923847207214914,0.48736494147832493,1.0241198255902244,1.098225294353409,1.0298701550370903,1.0158991433386306,0.7671946471493121,0.9477407585884813,-0.003363227281677482,1.0108718530251561,0.4604006750243051,0.43842704807009014,0.32565913455826895,0.47853658880506245,0.44675635014261517,0.9225875905581883,0.7063612427030291,0.953715341431754,0.8986673014504569,0.7592213238988604,0.9467652269772121,-0.002872178962986384,0.9881482805524554
91,2.5e-05,0.49002388041872763,0.4715938429251367,0.38824397673438404,0.49456453399663086,0.4888758773200645,1.0253298294831104,1.0992921953987478,1.0319443027971955,1.0162499953830053,0.767231583259561,0.9476316458008195,-0.003536280914051463,1.0121879932884064,0.4603717965739114,0.43832409381866455,0.3252371336732592,0.4785105288028717,0.4467379365648542,0.922565119607108,0.7063200218336922,0.9536950247628349,0.8986434510775975,0.7588992970330375,0.9465456860406058,-0.002914923742147429,0.9888073376246861
92,2.5e-05,0.488819817671456,0.46952468085093674,0.382974575207408,0.49289718989036785,0.48827055522373747,1.0252094535844727,1.1049067632882215,1.03194757375849,1.0158144458708736,0.7668420969066532,0.9474738348586341,-0.003925095878339278,1.0118521363443431,0.46034954701151165,0.4382864534854889,0.3251213686806815,0.4785006174019405,0.44670620560646057,0.9225278156144279,0.7063148788043431,0.9536518199103219,0.8986109239714486,0.7588114993912833,0.9465017744473049,-0.002893929070393954,0.9889400856835502
93,2.5e-05,0.490340942336667,0.4703396205955814,0.38150907527222366,0.4937245395021199,0.49058509227012403,1.0250423428832844,1.0999703180222284,1.0314810090472744,1.016106117949752,0.767540483125588,0.9475275524384049,-0.003385554044423992,1.013110203066668,0.46030434114592417,0.4382204157965524,0.32496420400483267,0.4784577318600246,0.4466623195580074,0.9224906989506313,0.7063342162540981,0.9536101818084717,0.8985766768455505,0.7587968621935163,0.9464285799435207,-0.002886026831609862,0.9890524234090533
94,2.5e-05,0.48742091707614404,0.4680566611927226,0.38137503197970785,0.4913430919081995,0.4870336759383411,1.0242886751111935,1.0956271684786263,1.0304965282853786,1.0157029055291669,0.767318886088153,0.9478448472814076,-0.0034696724055038315,1.0097499567609045,0.4602491089275905,0.4381384253501892,0.32477276240076336,0.4783984678132193,0.4466154915945871,0.9224664143153599,0.7063504372324262,0.9535815630640302,0.8985545464924404,0.7587529250553676,0.9463553854397365,-0.002885234908067754,0.9891965048653739
95,2.5e-05,0.4889224750593999,0.4701563339018541,0.386610602651934,0.49228799327849365,0.48896733019453287,1.0253896763614063,1.099571983141589,1.0323432163891888,1.0159635440667225,0.7670066206502841,0.9477608995259388,-0.0034332572901216124,1.012519175555849,0.4601832628250122,0.43803941352026804,0.3245371324675424,0.4783274701663426,0.4465608128479549,0.9224353006907872,0.7063378861972264,0.9535483121871948,0.8985260043825422,0.7587529335703168,0.9462968451636178,-0.0028734037186950445,0.989358731678554
96,2.5e-05,0.4891232365501031,0.46978113172729385,0.38407594044881177,0.4922076228241156,0.4895403912692453,1.0246886022263042,1.1001197473244733,1.031885215122762,1.0149776829064228,0.7671862581541644,0.9477558705175588,-0.0033664765972329356,1.0127892271103887,0.4601332630429949,0.4379251684461321,0.3241517245769501,0.4782749116420746,0.44652450936181204,0.9224156141281128,0.7063193491527012,0.9535294686044965,0.8985040187835693,0.7586212158203125,0.9461943762642997,-0.002890985126474074,0.9898073247500828
97,2.5e-05,0.48885851338528635,0.47026576644264606,0.38668405162757075,0.4929606718890068,0.48816203897083593,1.025096507299514,1.1010945685631301,1.0310493127785765,1.0166101892728165,0.7673088051817445,0.9476517845713903,-0.0032296845056612525,1.0121364618531876,0.46008976442473276,0.4378232615334647,0.32380534069878714,0.47822727050100056,0.44649516684668406,0.9223938839776176,0.706305273941585,0.9535101396696908,0.8984800917761666,0.7584601896149772,0.9460773042270115,-0.002919155139742153,0.9902713213648114
98,2.5e-05,0.48605822369311324,0.4674978433238868,0.3833357558699675,0.49084262448399724,0.48469791737996915,1.024832897075188,1.1025486593971605,1.0314478927005333,1.0156274548079867,0.7666473606276134,0.9476349991343294,-0.00382464401723404,1.0108870985382226,0.4600607625075749,0.43774974771908354,0.32354325907570974,0.478197306394577,0.44647471819605145,0.9223618422235761,0.7062834245818002,0.9534796306065151,0.898446432181767,0.7583284548350743,0.9460626585142953,-0.002936631507639374,0.9906549453735352
99,2.5e-05,0.4879775543244631,0.4696550346678242,0.3865147398120003,0.4927545502987875,0.48658268401638644,1.024725017154516,1.1016834703885892,1.0307073938010354,1.0161772439007386,0.7664425419161885,0.9473999673076244,-0.0036677527760002426,1.0130217367725012,0.4599707041467939,0.4376623545374189,0.32348938499178204,0.4780862714563097,0.44640445709228516,0.9223113400595528,0.7062841313225883,0.9534193362508502,0.8984043768474034,0.7585187469209943,0.9460773042270115,-0.0028843477235308717,0.9903525199208941
100,2.5e-05,0.48743807413427875,0.46709726444892374,0.37624666780706434,0.4913657368206087,0.4872168524718199,1.025001879722353,1.0965532314087634,1.0314056420716884,1.0162129848050998,0.7663619614416554,0.9472622982795216,-0.003569548314888387,1.0133509570003105,0.4598952957562038,0.4375807728086199,0.3233958269868578,0.47799689854894367,0.44634380510875155,0.9222709025655474,0.7063007610184806,0.9533717036247253,0.8983688184193203,0.7585626499993461,0.9462090134620667,-0.002856535737269691,0.9901667407580784
101,1.25e-05,0.4860276080557339,0.46579857061474494,0.3749125527377258,0.49044146201455524,0.4853177314621329,1.0247039665213866,1.0964147964014619,1.031659954368183,1.0153575923219438,0.7666305753126306,0.9480060051480014,-0.0034435297553491893,1.0099229933479414,0.4598722074713026,0.43753249304635183,0.3232422726494925,0.477972217968532,0.4463263750076294,0.9222557885306222,0.7062892317771912,0.9533571771212986,0.8983528784343174,0.7584309237343925,0.9462090390069144,-0.0028634622493492706,0.9903430342674255
102,1.25e-05,0.48838492446658677,0.46927099487626484,0.38301337963180915,0.4929183120765383,0.48736384837552943,1.0251020881010213,1.105964939013177,1.0313369328708326,1.0161715535951528,0.7669075713118588,0.9475510629762824,-0.003613620327191434,1.0133344376630435,0.4598479654107775,0.43749176604407175,0.32313296624592375,0.47794568112918306,0.44630769320896696,0.9222407766750881,0.7062955498695374,0.9533424803188869,0.8983373471668789,0.7583577292306083,0.9462236506598336,-0.0028601332368063076,0.9904752884592328
103,1.25e-05,0.4854548857020404,0.4649871387239975,0.3726099036744602,0.4903188210020783,0.48435243588805016,1.0243973968520996,1.0942362125140852,1.0304418213234396,1.0160252165623462,0.7665164198743583,0.9476987874880243,-0.003281918382378227,1.0106864275531895,0.4598330557346344,0.43745477710451397,0.3230023809841701,0.47793127383504597,0.4462955210890089,0.9222265226500375,0.7062959330422538,0.9533284817423139,0.898321943623679,0.7582699060440063,0.9462090390069144,-0.002864797366783023,0.9906842708587646
104,1.25e-05,0.4867325997999614,0.4664147656450989,0.3756802215126924,0.49064299331465805,0.4865240559660955,1.0251330759851247,1.1004973075601057,1.0313599769481927,1.0163939210981574,0.7668974947087043,0.9478011987664672,-0.0035061989717769184,1.010555022994616,0.45981245381491526,0.43741351791790556,0.3228726514748165,0.47791068043027607,0.4462788317884718,0.9222101058278765,0.7062913349696568,0.9533116562025887,0.89830596106393,0.7582406401634216,0.9461797646113804,-0.0028697620145976543,0.9908362116132464
105,1.25e-05,0.48775765725544523,0.46851554322230526,0.3824268789762603,0.4916111975526785,0.4874151927107612,1.0254656127093698,1.0989611287698096,1.031731932271888,1.0167497071741303,0.766551670085694,0.9475376203740126,-0.003487226404240131,1.0126860301066105,0.45978169781821115,0.4373631051608494,0.32274122749056133,0.47787736994879587,0.44625396387917654,0.9221928715705872,0.7062850168773106,0.9532937833241054,0.8982890588896615,0.7581674371446881,0.9461797646113804,-0.0028690206818282604,0.9909393106188092
106,1.25e-05,0.48536120358944185,0.4653743455731069,0.3761693785664245,0.48915896729146036,0.48520323187036507,1.0250561375893879,1.1007754155689793,1.0319922371088879,1.0155962463287103,0.7671761781633419,0.9477055023037587,-0.0030422015096544,1.0098940002814476,0.45976579615048,0.4373272316796439,0.3226172285420554,0.4778641547475542,0.4462389775684902,0.9221758076122829,0.706275931426457,0.9532766342163086,0.8982718672071185,0.7580503565924508,0.9461797646113804,-0.0028687455757920232,0.9911090816770282
107,1.25e-05,0.48544591187637276,0.46493914494499816,0.37321591949499516,0.48953053878626945,0.4851022761904516,1.0244744717006615,1.107571737130239,1.0305801815578892,1.0155991292952027,0.7662478037754572,0.947582961319046,-0.0033541233462405034,1.0117047492260207,0.4597496049744742,0.4372723272868565,0.32239328963415964,0.4778518080711365,0.4462258347443172,0.9221616813114711,0.7062503780637469,0.9532644408089774,0.8982557143483844,0.7579332419804165,0.9461212073053632,-0.002884236097868,0.9914730957576207
108,1.25e-05,0.484715767368804,0.46383368767534716,0.37149723044310967,0.48786291304577084,0.48534260062272894,1.0252421722922396,1.1049522694354783,1.031614752317537,1.0162128508548767,0.7656938128451842,0.9475544123727727,-0.003497640852765378,1.0110011700477834,0.4597139230796269,0.43722896916525705,0.3223241184438978,0.4778092120374952,0.44619840383529663,0.9221405386924744,0.7062484196254185,0.9532407862799508,0.8982360448156085,0.7579039760998317,0.9461065530776978,-0.002874121768400073,0.9914462651525225
109,1.25e-05,0.4851416118072963,0.4642301660071137,0.37068266128187477,0.4893202427192889,0.4847783312026013,1.0245106072225634,1.1041703651455568,1.0304293944416936,1.0159362986096345,0.7660732110890741,0.9476349935187356,-0.0035610486516281696,1.0114801991187299,0.45969649723597933,0.4371925847870963,0.3222041130065918,0.4777944428580148,0.44618180819920134,0.9221228105681283,0.7062419482639858,0.9532218149730137,0.898219781262534,0.7578454443386623,0.9460626499993461,-0.0028726122275527033,0.9916010839598519
110,1.25e-05,0.4856276812458185,0.4644596267070028,0.37093591201750975,0.48874451535149716,0.4863339352015648,1.025593622794105,1.09606240656946,1.0318820377343505,1.0169561607863313,0.7662679578363133,0.9476853671039732,-0.003076268136844657,1.0109875384380558,0.45966491954667227,0.4371527518544878,0.3221329578331539,0.47775962948799133,0.4461544283798763,0.922101480620248,0.7062412670680455,0.9531963978494916,0.8982017636299133,0.757845435823713,0.9460626499993461,-0.002860642071547253,0.9915943145751953
111,1.25e-05,0.48525254661098116,0.46474177573072684,0.3720877580745246,0.49020521822673996,0.48407202293734886,1.0250544273969275,1.1038128941472958,1.0314361528439577,1.016047471007871,0.7663854702094001,0.9476534644884753,-0.003432783952456862,1.0110697610159745,0.4596384678568159,0.43712096554892405,0.3220761716365814,0.4777347445487976,0.4461278234209333,0.9220827307019915,0.7062512465885707,0.953173748084477,0.8981858747346061,0.7578893559319633,0.9460626499993461,-0.002843820090804781,0.9915880646024432
112,1.25e-05,0.48599560915111456,0.4648459040074854,0.3703476794853738,0.49011258662693086,0.4857335619693283,1.0250890364844678,1.1055530060027356,1.0318092437383766,1.01568670203853,0.7665063482458874,0.9476433862983051,-0.003452257424901982,1.010922296866355,0.459607149873461,0.4370924915586199,0.32206249237060547,0.47770112327166964,0.44609807218824116,0.9220662713050842,0.706271265234266,0.9531508428709847,0.8981747882706779,0.7579771791185651,0.9460772957120623,-0.002816005310575877,0.9914618304797581
113,1.25e-05,0.48585616947135984,0.46410047022184225,0.36682140737146335,0.49016073175228625,0.4855193738685897,1.0246866161372805,1.094238718045533,1.0314144437824586,1.01564068227808,0.7662880974614309,0.9478095974057867,-0.0033343406890066415,1.0115247215604513,0.459575959614345,0.43705069167273386,0.32198047637939453,0.47766540731702534,0.4460729318005698,0.9220440132277352,0.7062622904777527,0.9531266859599522,0.8981538074357169,0.7579478962080819,0.9460919329098293,-0.0028095305232065065,0.9914565597261701
114,1.25e-05,0.4861208682052917,0.4641441334014176,0.36722756126448247,0.4891858557768498,0.4870189397504741,1.0244958221271474,1.1022456182434934,1.0313822336826823,1.015017535585168,0.7663300666696771,0.9479707587821266,-0.0033560075639297395,1.011856986142035,0.45954819662230356,0.4370009643690927,0.32183803830827984,0.47763640114239286,0.4460504949092865,0.9220265235219683,0.7062574625015259,0.9531090600149972,0.8981354917798724,0.7579186132975987,0.9460333670888629,-0.002813502913340926,0.9916084749358041
115,1.25e-05,0.48470521730089944,0.46414483808213725,0.3723870831395319,0.48860561942297315,0.4845486826855161,1.0246020155690354,1.1023773790565565,1.030974220265136,1.015637191270964,0.765940579675859,0.9476601730477059,-0.0034568749851734593,1.011071388927778,0.4595239077295576,0.4369675602231707,0.32176694699696134,0.47761103936604093,0.44602876901626587,0.9220041036605835,0.7062540650367737,0.9530854480607169,0.8981144428253174,0.7578454443386623,0.9460187298910958,-0.002805545526955809,0.9916806050709316
116,1.25e-05,0.48420455475007335,0.4617322151836712,0.3612596087741412,0.48864037686595535,0.4838669871862766,1.0247873552200797,1.0863055695006618,1.031519758139765,1.0160043623224015,0.7659405885265231,0.9477474829568292,-0.003390585211583943,1.0103472577750348,0.45950900656836374,0.43691859926496235,0.32156789728573393,0.47760077459471567,0.44601541331836153,0.9219883169446673,0.7062394448689052,0.9530702999659947,0.8980977535247803,0.7577283212116787,0.9460187298910958,-0.0028206419332751204,0.9920230507850647
117,1.25e-05,0.4851944775564269,0.46347031035425723,0.367030859924376,0.4888290087504077,0.48549874809785676,1.0251268583020368,1.1003366001923147,1.031673218003921,1.0160735157045169,0.7658381761493771,0.9476870441522223,-0.00333855735425133,1.012034203782792,0.45949933358601164,0.4368856634412493,0.3214309300695147,0.4775957592896053,0.4460052805287497,0.9219721640859332,0.7062234708241054,0.9530543259211949,0.8980815921510968,0.7576258863721576,0.9459748353276934,-0.002821560317118253,0.9922175322260175
118,1.25e-05,0.4855000588201707,0.4634216933664272,0.36575046351062174,0.4888702441165219,0.4861215860704489,1.0253148859913266,1.1038407297300425,1.0307944047103097,1.0172175975622304,0.7656400905043665,0.9475829524073427,-0.003435745200831815,1.0119276303422189,0.45948553511074613,0.43684070450919016,0.32124862500599455,0.47758615016937256,0.44599294662475586,0.9219578760010856,0.7062106898852757,0.9530411192349025,0.8980655244418553,0.7574648771967206,0.9459455439022609,-0.002835070847400597,0.9924970098904201
119,1.25e-05,0.485957658815799,0.46425816534240616,0.36751708481413126,0.4899788429599143,0.48588442692558886,1.024644903934008,1.099003106889759,1.030999715671256,1.0158116805266553,0.765549418563667,0.9473747859169628,-0.003417739452409362,1.0140391366028871,0.45946709173066275,0.4368036219051906,0.3211313911846706,0.47756886056491304,0.4459763935634068,0.9219395858900887,0.7061977386474609,0.9530224459511893,0.8980484008789062,0.7573770454951695,0.9459455439022609,-0.002836457985852446,0.9926019140652248
120,1.25e-05,0.4839493560900886,0.4613262584620845,0.36061714744482415,0.4879993392880367,0.4840105089601711,1.025221884769473,1.0952626635829303,1.0314389986071413,1.0166701278012653,0.7654335902278019,0.9473328135346853,-0.0035257127248622235,1.0113691729395682,0.4594347562108721,0.4367663562297821,0.32107598015240263,0.4775331956999643,0.44594854967934744,0.9219186561448234,0.7061964443751744,0.9529976419040135,0.8980306727545602,0.7574648516518729,0.9460041182381767,-0.002826111457709755,0.9925639714513507
121,1.25e-05,0.48491011800304534,0.4641587190669558,0.37206501194408964,0.48835598487031195,0.485225727984799,1.025242461953112,1.0938313626596028,1.0321551621173872,1.016043520681808,0.7658868574265999,0.9474486485848473,-0.0034864473729349075,1.012019538659654,0.45940554993493216,0.4367441918168749,0.3210849974836622,0.4775033252579825,0.44591839398656574,0.9218936562538147,0.7062156115259443,0.9529674989836556,0.8980089936937604,0.7575087887900216,0.9459894640105111,-0.0028025430427598102,0.9924335650035313
122,1.25e-05,0.48564409153679977,0.4640266479618172,0.36753488745191315,0.4897606543132237,0.48546446633229057,1.0249885952112556,1.0947819384805861,1.031544889966708,1.016106049616521,0.7656014747822278,0.9475577720848646,-0.0031097255705539147,1.0134005364368222,0.45938840508461,0.43672136323792593,0.32103254965373446,0.47749094452176777,0.44589786870138987,0.9218729393822807,0.7062191111700875,0.9529436826705933,0.8979906950678144,0.7575965864317757,0.9459748182977948,-0.0027890766505151987,0.9924592801502773
123,1.25e-05,0.48470464501390687,0.46299689533584737,0.3656720790231893,0.4892467884332537,0.4841302710042144,1.0250744086256773,1.0967144789112206,1.0314015253531401,1.016359104325206,0.7659691259058939,0.9477424387802421,-0.003621227583975264,1.0116386763022853,0.4593750536441803,0.4366821604115622,0.32087959562029156,0.47748132262911114,0.4458852069718497,0.9218560116631644,0.7062053169522967,0.9529269848551069,0.8979736311095101,0.7575966034616742,0.9459894554955619,-0.0027957967748599394,0.9926914913313729
124,1.25e-05,0.4828585847121169,0.46107058032500214,0.36411517588407394,0.4867248925958849,0.48295030228248087,1.0252276460634886,1.1030717834837913,1.0309109579155644,1.0169496055877458,0.7664929111676526,0.9478498835229165,-0.0033466284560527,1.00889289891848,0.45934634123529705,0.43663660117558073,0.3207665809563228,0.4774484251226698,0.44586354919842314,0.921834579535893,0.7061959334782192,0.9529057826314654,0.897950998374394,0.7575673375810895,0.9460040926933289,-0.00279282292883311,0.9928085633686611
125,1.25e-05,0.48457513974681,0.4620995966672775,0.3623903449138372,0.4882729069367471,0.4849502209877272,1.024647710326996,1.1024607452318356,1.0308200241478052,1.0158816017496604,0.7649803145750937,0.9474587197555253,-0.0035794894344517193,1.0132354243987045,0.459321175302778,0.4365889770644052,0.320624087538038,0.4774228845323835,0.4458424150943756,0.9218159403119769,0.7061718787465777,0.9528880800519671,0.8979318652834211,0.7574941430773053,0.9459894554955619,-0.002792901193190898,0.9929534026554653
126,6.25e-06,0.4835094141307026,0.4609164949630507,0.35982780976443185,0.48804228969921654,0.48309926536836445,1.0251205356012414,1.0982792845641536,1.0320173796787058,1.0157852327280392,0.7649400267183506,0.947702149031288,-0.003632842257778178,1.0122684747880992,0.45930508204868864,0.43657319034848896,0.32061084253447397,0.4774051862103598,0.44582805037498474,0.9218058671270098,0.7061741777828762,0.9528767551694598,0.8979233162743705,0.7575234174728394,0.9459748182977948,-0.002777654478060348,0.9929027557373047
127,6.25e-06,0.48443618750975065,0.4625236707745731,0.3652618059776895,0.4880890583174081,0.48475591112757976,1.0255045052436578,1.100225441009035,1.0316906765187268,1.0168278665037198,0.7649820011454366,0.9477827269727,-0.0030673672643018513,1.012605125636732,0.45929389766284395,0.43655366556985037,0.3205547630786896,0.47739442331450327,0.4458182837281908,0.9217969094003949,0.7061738627297538,0.9528664946556091,0.8979148013251168,0.7574795229094369,0.9459748182977948,-0.0027746353298425674,0.9929606148174831
128,6.25e-06,0.48495447881332865,0.46277005441727176,0.3651848433799641,0.48781369595239543,0.4860874567804615,1.0248392253915775,1.094419620767106,1.031620458767955,1.0157387523057824,0.7661940860125692,0.947794483859174,-0.0036553831975055877,1.0115228243137835,0.45929015960012165,0.43654067175728933,0.32050066760608126,0.477393239736557,0.44581304277692524,0.9217872279030936,0.7061679448400225,0.9528560297829765,0.8979056477546692,0.7574355942862374,0.9459894640105111,-0.0027731607468532665,0.9930554117475238
129,6.25e-06,0.4845310726564967,0.46296987663887734,0.36594674740457805,0.48938014180124323,0.48363479538508336,1.0252858073175473,1.0939092264380506,1.0320199436245365,1.0162641654183056,0.7649870259726408,0.9475225205611889,-0.0032945474165291954,1.0117935484577556,0.4592814360346113,0.43650873218263897,0.32036698716027395,0.4773871898651123,0.4458057837826865,0.9217788577079773,0.7061538781438556,0.9528495924813407,0.897895165852138,0.7573477625846863,0.9459602066448757,-0.002786715781050069,0.9932876825332642
130,6.25e-06,0.4840633277244832,0.4610312696273548,0.3586699402582566,0.4880268053097781,0.48427956609682005,1.0254581005403585,1.0937304063387792,1.032678883410208,1.0159616562811093,0.7647956472388061,0.9472354377042436,-0.0032107676038720264,1.0126272158566585,0.4592693788664682,0.43648336614881245,0.3202839323452541,0.4773754264627184,0.4457962470395224,0.9217703512736729,0.7061490757124764,0.9528416395187378,0.8978865146636963,0.7573331253869193,0.9459455609321594,-0.002789789644469108,0.9933951071330479
131,6.25e-06,0.48334690493555843,0.4605842377214144,0.35996098698131623,0.48675028858463154,0.4840563074234993,1.0256229242299437,1.1026516916565081,1.0318556049818635,1.0168226594138743,0.7646865203816403,0.947388218722463,-0.003614929042488558,1.0122011426895383,0.45925572514533997,0.4364620362009321,0.320231774023601,0.4773600101470947,0.44578553097588675,0.9217620747429984,0.7061509915760585,0.9528315833636692,0.8978794813156128,0.7573624082974025,0.9459162780216762,-0.0027850347105413675,0.9934243644986834
132,6.25e-06,0.48365055406881,0.46139498017594804,0.36281479950813045,0.48716660236860626,0.4841623891944221,1.0254256262024792,1.1043606999893403,1.0317564837394222,1.0164636499260367,0.7653681213771509,0.9474939778103807,-0.003203163252136285,1.0121394614653287,0.4592423268726894,0.43644062110355925,0.32017586486680166,0.4773469184126173,0.4457733503409794,0.9217520867075238,0.7061437794140407,0.9528218763215202,0.897869348526001,0.7573038680212838,0.9459162780216762,-0.0027831511438957284,0.9934722355433873
133,6.25e-06,0.48385179180154053,0.46207953518741995,0.3647473161793097,0.48813979566494015,0.4835339032926135,1.0247712625458616,1.10036200864829,1.0313770748442157,1.015645609351225,0.7655024174171658,0.947680324361804,-0.0037767509160290583,1.0113360011998775,0.4592345484665462,0.436431701694216,0.3201588136809213,0.47734189885003225,0.445763315473284,0.9217409065791539,0.7061432685170855,0.9528100831168038,0.8978589517729623,0.7572746021406991,0.9459162865366254,-0.0027775616784180912,0.9934842075620379
134,6.25e-06,0.4838064399152552,0.46053585111026696,0.35808113047207435,0.48689245616113963,0.4849112920131185,1.0252390994942622,1.1038629332384695,1.0318166880014306,1.0160406114379992,0.7646915513127508,0.9476652166749414,-0.0035215564110519957,1.0131063199140937,0.45921636479241507,0.43641701340675354,0.32016374809401377,0.47731957691056387,0.4457481929234096,0.9217271975108555,0.706142144543784,0.9527939217431205,0.8978463922228131,0.7572599564279828,0.945930906704494,-0.002766218568597521,0.9933915563992092
135,6.25e-06,0.48253353159060186,0.45946112764962077,0.35697684198602675,0.48645035798160224,0.4828018925157011,1.0247506443439724,1.0997443995412288,1.0316842613132318,1.0153172881067318,0.7657844631780555,0.9478381347851575,-0.003349979260137149,1.0102304814109666,0.4591989091464451,0.43639735664640156,0.32013640233448576,0.47730039272989544,0.4457328702722277,0.9217161706515721,0.706141105719975,0.9527807831764221,0.8978372386523655,0.7573770369802203,0.9459309322493417,-0.0027586494106799364,0.9933528048651559
136,6.25e-06,0.48363850785717866,0.4626089220497465,0.3695751820017116,0.4868508816162135,0.4842281163929062,1.0254463263187907,1.1037922966376488,1.0317233695900874,1.0165576417203201,0.7647637484687692,0.9476215683736376,-0.0037053154735681463,1.0123954567003421,0.4591835822377886,0.43637512837137493,0.3200849677835192,0.4772848401750837,0.4457190419946398,0.9217058590480259,0.7061375635010856,0.9527695434434074,0.897827684879303,0.7574063113757542,0.9459309322493417,-0.0027549443766474724,0.9933759314673287
137,6.25e-06,0.48428344595328515,0.4612648283220595,0.35831797567014506,0.48885747819330166,0.48390829276257274,1.0252351401344177,1.098820066732806,1.0319644781606843,1.0160527574179787,0.765463813628164,0.9477256435464115,-0.0037595797080977704,1.0117768257993707,0.45917022228240967,0.4363557355744498,0.32004248670169283,0.477269389799663,0.44570847920009066,0.9216971056801933,0.706138585294996,0.9527595554079328,0.8978198937007359,0.7574063113757542,0.9459601896149772,-0.0027511358660246643,0.9933843527521405
138,6.25e-06,0.4837985480069748,0.46149311508817425,0.3631009375566833,0.48693424695220533,0.48468598161852183,1.025480441417196,1.100969977764612,1.0316328605016072,1.0168116482721496,0.7651045560470557,0.9474922939867956,-0.003298203269171367,1.0119888749540127,0.4591596594878605,0.436337411403656,0.3199902389730726,0.4772595082010542,0.4456987040383475,0.9216870580400739,0.7061329654284886,0.9527481368609837,0.8978109189442226,0.7573770369802203,0.9459894640105111,-0.0027480630669742823,0.9934130225862775
139,6.25e-06,0.4832656516579561,0.4601506476089763,0.3585668058195178,0.48615463216122884,0.4845331980671812,1.0253425717842133,1.1006923327980687,1.0312791815551194,1.0168944951270826,0.765075997304013,0.9475376326733836,-0.0032147496610978135,1.0114172757190738,0.45915224722453524,0.43632043259484427,0.3199296295642853,0.4772546887397766,0.4456905892917088,0.921678364276886,0.7061278734888349,0.9527390343802316,0.8978029148919242,0.7573770454951695,0.9459748182977948,-0.0027484341990202665,0.9935007521084377
140,6.25e-06,0.483768176754743,0.4610064961760092,0.36004560135964914,0.48749620863796805,0.48416420507601937,1.0247471870304192,1.097779919017112,1.0312491375180433,1.0158111319991179,0.7650138927128641,0.9476803242092064,-0.003161903797408983,1.0126961711364957,0.45914858153888155,0.43631394846098764,0.319908082485199,0.4772537818976811,0.4456847906112671,0.9216694150652204,0.7061335699898856,0.9527281607900348,0.8977950811386108,0.7573623997824532,0.9459309237343925,-0.0027443256694823503,0.9935259222984314
141,6.25e-06,0.4849369619756983,0.46273887206271436,0.3642955816866371,0.4885556551504306,0.485339750586811,1.0253544759274262,1.0977395699687085,1.0315751669288475,1.0167207814642423,0.7651733719441931,0.9475208381415023,-0.0033300450954851404,1.0139329640363586,0.4591441665376936,0.43629880036626545,0.3198453869138445,0.47725134236471994,0.44568010738917757,0.9216591119766235,0.7061224154063633,0.9527191604886737,0.8977837307112557,0.7573477881295341,0.9459162865366254,-0.0027489829808473587,0.9936444759368896
142,6.25e-06,0.4844999505017149,0.46295520622060043,0.3675389676691017,0.4878891888973472,0.4850093843200789,1.0254809711752215,1.104038113456351,1.0320322927425167,1.0163112679201702,0.7648292277265804,0.9476333113126857,-0.0035068293245622763,1.0132136501169668,0.4591386147907802,0.43628030163901194,0.31977114932877676,0.47724625894001554,0.4456764502184732,0.9216508099011013,0.7061139941215515,0.9527104071208409,0.8977753179413932,0.7573038509913853,0.9459016408239093,-0.0027539367521447794,0.9937584229878017
143,6.25e-06,0.48268270312488476,0.45889432315513895,0.35323819156432845,0.4867131843117647,0.482966963901803,1.025296301946723,1.0931901029605349,1.0315945779001536,1.0167348588727647,0.7653647656631176,0.9478297360847989,-0.003689755135799028,1.0104842367870528,0.4591271494116102,0.4362573283059256,0.3196988914694105,0.47723502772195,0.445666777236121,0.9216442789350238,0.7061124699456351,0.9527029820850917,0.8977695022310529,0.7572745765958514,0.9459016408239093,-0.0027526769720550093,0.9938339420727321
144,6.25e-06,0.4828632986521147,0.45939417255883086,0.35518068973980255,0.48681604004614304,0.48316669122292577,1.025200708945226,1.0970486076868198,1.0316822104617625,1.0163242600236375,0.7643608447837634,0.9473898941226574,-0.0031697567141268173,1.0125202910752402,0.4591122099331447,0.4362513678414481,0.3197316399642399,0.47721990942955017,0.44565029229436603,0.9216311318533761,0.70612804378782,0.9526870506150382,0.8977584072521755,0.7573624082974025,0.9459016493388585,-0.0027332746955965248,0.9936784761292594
145,6.25e-06,0.4842831052637564,0.462117619717115,0.3635665690416687,0.48813624123823807,0.48445392008994825,1.0253788444608893,1.1037985054700727,1.031553255797531,1.0165901837200002,0.7652153441738728,0.9474100347244001,-0.003660611862722542,1.0128098588324301,0.4591049253940582,0.4362435000283377,0.3197184588227953,0.47721465144838604,0.4456416198185512,0.9216198069708688,0.7061254467282977,0.9526745251246861,0.8977476528712681,0.7573770369802203,0.945930906704494,-0.002724776144272515,0.9936683433396476
146,6.25e-06,0.48288497125803354,0.4612619379393211,0.3657989143043436,0.48600152487395915,0.4836712864595258,1.024545713839504,1.0984349750398186,1.0306111983745085,1.016017460969553,0.7651800919787675,0.9477592276660101,-0.0032557328966008933,1.0115187794382121,0.45909856472696575,0.43623141731534687,0.3196796647139958,0.4772105429853712,0.4456340457711901,0.9216099381446838,0.7061213510377067,0.9526643412453788,0.8977387292044503,0.7573331253869193,0.945930906704494,-0.002721235388889909,0.9937165805271694
147,6.25e-06,0.4850349095743006,0.46401376948256523,0.3714535837822307,0.48783148915964214,0.48602434196230454,1.0250799651031182,1.1054148686524239,1.0317082087992402,1.0157738544668715,0.7652119814098278,0.9475292313483453,-0.003338945219584126,1.0129529928404188,0.45909386021750315,0.4362165800162724,0.3196201579911368,0.47720725195748465,0.4456296818596976,0.9216005376407078,0.7061075653348651,0.9526540977614266,0.897729584148952,0.7572892393384661,0.9459309322493417,-0.002724856005183288,0.993804931640625
148,6.25e-06,0.48365736938536136,0.46118804487398324,0.36062968001570755,0.4881868534099122,0.4832289009843798,1.0250880362983856,1.1029338643176092,1.031474062435699,1.0161072980789911,0.7649652047823834,0.9473311390500769,-0.003434180866845126,1.0127957740076614,0.45908497486795696,0.4362010530063084,0.3195756333214896,0.4771991457257952,0.4456212392875126,0.9215903878211975,0.7061008385249546,0.9526437946728298,0.8977196642330715,0.7572599564279828,0.9459016408239093,-0.0027221751266292165,0.993848272732326
149,6.25e-06,0.48376438484030754,0.46235788042461085,0.36700713573451904,0.4876511745189192,0.4837695463797525,1.0251056412764226,1.1056607551166966,1.0319978129967506,1.0155282164926231,0.7655779616501901,0.9476047814411197,-0.0029414423668201054,1.0110157450467454,0.45908703548567636,0.4361926402364458,0.31951897059168133,0.4772046591554369,0.44562165652002605,0.9215818558420453,0.7060893092836652,0.9526365569659642,0.8977096336228507,0.757172133241381,0.945886995111193,-0.0027280388666050775,0.994003415107727
150,6.25e-06,0.48368724780820055,0.4609963001499284,0.36147036246623493,0.486338477316601,0.48510996198507683,1.0255446382137792,1.100427124296404,1.0317254009700956,1.0168677590714927,0.7648560880882216,0.9474419332502807,-0.0033415483683788805,1.0126186203663616,0.4590789590563093,0.43617948463984896,0.31948263730321613,0.47719760877745493,0.4456138440540859,0.9215718337467739,0.7060855456760952,0.9526260069438389,0.8976997137069702,0.7571574960436139,0.945886995111193,-0.0027245622726955582,0.994033191885267
151,3.125e-06,0.4839296876254963,0.46233108674814566,0.3670931996379946,0.48693123836732194,0.4848227496947988,1.0254865036337912,1.1036830587809476,1.0315787845309796,1.0167877502583016,0.7650306773564172,0.9472438378695397,-0.003389961633419249,1.0133320403233346,0.4590726452214377,0.4361747205257416,0.3194859368460519,0.47719032423836844,0.4456078921045576,0.921566537448338,0.7060884066990444,0.9526198591504779,0.8976955243519374,0.7571721247264317,0.9459162865366254,-0.0027184830978512764,0.9940035939216614
152,3.125e-06,0.48145118488511,0.45803962636470064,0.35513856334071003,0.48439043589390307,0.48272232330584003,1.0252566200247557,1.0897347283131393,1.0317654012718143,1.0165984832013624,0.7646210546134621,0.9476047822346275,-0.0031260265997948133,1.0107961595821429,0.45906380244663786,0.4361643876348223,0.31946913259369986,0.47718156235558645,0.44559926646096365,0.9215614880834307,0.7060898797852653,0.95261378799166,0.8976917011397225,0.7571721417563302,0.9459162865366254,-0.0027147964907011817,0.9939897911889213
153,3.125e-06,0.4817725949969831,0.4575567963913167,0.35049691618526524,0.4854057095963956,0.48251518683438416,1.025163263952311,1.0909801909267993,1.0320497367605452,1.0160828192479416,0.7648006893095455,0.9473848528759454,-0.003727083783491843,1.0117749445754567,0.4590587913990021,0.43616130522319246,0.31947481632232666,0.4771760106086731,0.4455944810594831,0.9215570858546666,0.7060911910874503,0.9526083639689854,0.8976879801068988,0.7571721417563302,0.9459309237343925,-0.0027081061686788288,0.9939530321529934
154,3.125e-06,0.48394565080534296,0.46239347239365897,0.3676146305468042,0.4866992302784478,0.48506974958787497,1.0254933847199326,1.1019738474932317,1.0314295806765128,1.0170078648095002,0.7650206122896456,0.9473999698712651,-0.0033748858897764134,1.0136675443395369,0.459054776600429,0.436151351247515,0.31943982413836886,0.4771719404629299,0.4455913305282593,0.921552802835192,0.7060861332075936,0.952603919165475,0.8976841739245823,0.75712822164808,0.9459309237343925,-0.00270804699643382,0.9940030915396554
155,3.125e-06,0.48446830208339386,0.4623117684341368,0.36430736050139434,0.4878385001063896,0.48510345668592514,1.0251737497918616,1.099630274225734,1.0316082670697175,1.0162572913211367,0.7652220613090918,0.9473076348907814,-0.0028140206553740068,1.013306661196629,0.45904925039836336,0.4361419251986912,0.31941307868276325,0.47716718912124634,0.4455857106617519,0.921547361782619,0.7060837745666504,0.9525985632623944,0.897678051676069,0.7571135929652623,0.9459162865366254,-0.002706638803439481,0.9940320338521685
156,3.125e-06,0.48360568011838595,0.46153675096802876,0.36417942936305686,0.4867157814933652,0.4844765547630546,1.0246396241466387,1.0973486878050331,1.0311784800113437,1.0156769831548027,0.7655830024085897,0.9473244246921354,-0.003277903597962151,1.0128434635527124,0.459046687398638,0.4361329121249063,0.31937478695596966,0.4771660736628941,0.44558301993778776,0.9215419718197414,0.7060772180557251,0.9525938544954572,0.8976725935935974,0.7570989557674953,0.9459162865366254,-0.0027092730826033013,0.9940990124429975
157,3.125e-06,0.48291532439692353,0.4590713024536158,0.3521713416163151,0.4879018151326724,0.48228705191819776,1.0260036670423078,1.0934145339653545,1.0331629556811168,1.0165975325179601,0.7641912853784947,0.9473277732035592,-0.003070267362503885,1.013613280429635,0.45904269388743807,0.43612431628363474,0.3193449378013611,0.4771638810634613,0.4455779365130833,0.9215367010661534,0.7060740419796535,0.9525882175990513,0.897666871547699,0.7570550271442958,0.9459162865366254,-0.0027097665505217655,0.9941445418766567
158,3.125e-06,0.48362807956220427,0.4615129095984311,0.3632461230799411,0.4874150748138115,0.4838537833535604,1.025027840001975,1.0986013381650859,1.0309786361361306,1.0166247989419663,0.7655225637565805,0.9476517874707457,-0.003355843329151708,1.012174083889904,0.4590367461953844,0.43611457518168856,0.31931985701833454,0.47715674127851215,0.4455740579536983,0.9215316602161953,0.706068583897182,0.9525833640779767,0.8976626140730721,0.7570403899465289,0.9459162865366254,-0.0027084724445428166,0.9941588469914028
159,3.125e-06,0.48288301046970133,0.45919893347051166,0.35497954005592003,0.4859709183619197,0.48405852784148495,1.02591178561258,1.097651703505411,1.0326219169652835,1.0168101881567295,0.7649954280301479,0.947269022220596,-0.003266863401881927,1.0127864365570374,0.45903076444353375,0.4361081804547991,0.3193132664476122,0.4771498995167868,0.4455685828413282,0.9215255039078849,0.7060654078211103,0.9525762455804008,0.8976567813328334,0.7570403899465289,0.9459309322493417,-0.0027035877241619994,0.9941374404089791
160,3.125e-06,0.48217759598418497,0.45838865286804625,0.3537338084888898,0.48525460016342903,0.4833819510780477,1.0257642308809913,1.0961101923120735,1.0322460812662908,1.0169372825944845,0.7637782966059047,0.9474285036798508,-0.003547836910717235,1.0126398425802963,0.4590250040803637,0.4360958891255515,0.31927243726594107,0.47714422004563467,0.4455643466540745,0.9215209909847805,0.7060637388910566,0.9525719625609261,0.8976521236555917,0.7570550271442958,0.9459309322493417,-0.0027035118878952096,0.9941882831709725
161,3.125e-06,0.4841228598090727,0.46061996509036346,0.35712001394505266,0.48726109385917693,0.48521804208335545,1.025893900007452,1.1006228511783933,1.0326117603704372,1.016685075596303,0.7647150681071323,0.9471968359905698,-0.0031021463351407178,1.0138444374355975,0.45901623368263245,0.4360876423971994,0.3192676433495113,0.4771342788423811,0.4455565256731851,0.9215156946863446,0.7060675621032715,0.9525654911994934,0.8976475170680455,0.7570111070360456,0.9459162950515747,-0.0026971479445429786,0.9941562925066266
162,3.125e-06,0.48149893467571575,0.4582731067920671,0.35462240906049824,0.48590247510826046,0.48132458339882583,1.0249813918693824,1.1003645757376324,1.0312582373741157,1.0161918841504587,0.7654067330401919,0.9476937458445582,-0.0035148808514223425,1.009892850336025,0.4590099879673549,0.436076636825289,0.3192369852747236,0.47712726252419607,0.4455519574029105,0.9215103302683149,0.7060615164893014,0.9525599564824786,0.8976424932479858,0.7570257442338126,0.9459162950515747,-0.0026952606526070406,0.9941923873765128
163,3.125e-06,0.48367471146815505,0.4616651450495078,0.36419076685776053,0.48713640388744156,0.4841959304951181,1.024433177676008,1.0973912201596723,1.0312143422613618,1.0152201314675644,0.7642836181310526,0.947153179876266,-0.0033928657541193613,1.013818234647779,0.4590036656175341,0.4360674023628235,0.31921591077532085,0.477120293038232,0.4455469122954777,0.9215054597173419,0.706060026373182,0.952555068901607,0.8976376397269112,0.7570403899465289,0.9459162950515747,-0.002692168062951948,0.9941984925951276
164,3.125e-06,0.48567903194437256,0.4639145760919519,0.3675273225756712,0.4891008426760992,0.486195609240549,1.0249023912689104,1.098066170308386,1.0315328639590062,1.0158333651420097,0.7648342563992455,0.9473579907746909,-0.0034274957769851286,1.0152080314805187,0.459001008953367,0.43606007950646536,0.3191879391670227,0.47711870074272156,0.44554377027920317,0.9215016279901777,0.7060602988515582,0.9525509221213204,0.8976344891956874,0.7570257442338126,0.9459016493388585,-0.0026926645742995398,0.9942498207092285
165,3.125e-06,0.4817378770462745,0.4572891715667947,0.3494210510270997,0.48519542334144444,0.48269078750458977,1.0260009914560313,1.0985789151296699,1.0323076862527112,1.0172749189493049,0.7653278293087125,0.9477961569093645,-0.00354684490702867,1.0100729024782586,0.4589974454471043,0.43605310576302664,0.31916602168764385,0.4771156353609903,0.44554023657526287,0.9214972938810077,0.7060592429978507,0.9525454299790519,0.897629942212786,0.7570403984614781,0.9458870121410915,-0.0026908155497429626,0.9942743693079267
166,3.125e-06,0.4835026681545265,0.45971114682467606,0.35368945788738976,0.4878674740218774,0.4834650316362923,1.0253998939953153,1.0964467219371279,1.0328200510142709,1.0156113954610966,0.7649937401474651,0.9476836838602593,-0.003234137944529988,1.0133977807672954,0.4589913785457611,0.43604904413223267,0.31917114342961994,0.4771092619214739,0.4455339695726122,0.9214921338217599,0.7060625042234149,0.9525400570460728,0.8976250546319144,0.7570696813719613,0.9459016578538078,-0.0026859681820496917,0.9942429491451809
167,3.125e-06,0.4824376385668517,0.4582787171517405,0.35205863954101657,0.48550293923828214,0.4837183827659257,1.0262627367233534,1.0963803280700004,1.0321035215443242,1.0180846377634964,0.7650290057711643,0.9474486527660231,-0.0035796936032020366,1.0115996205800628,0.45898730414254324,0.4360433263438089,0.31915654029164997,0.4771065541676113,0.4455290990216391,0.9214864543506077,0.7060599071638924,0.9525330492428371,0.8976206609180996,0.7570696813719613,0.9459016578538078,-0.002681685661497925,0.9942549041339329
168,3.125e-06,0.4821058525010005,0.45981125635058223,0.36057856598085947,0.48608372389079973,0.4821789027084403,1.0249216844653448,1.0988546062968538,1.0317043462473492,1.015674533443578,0.7651146192826556,0.9475544111519915,-0.003307355781449639,1.0112093581154722,0.45898514560290743,0.43603367464882986,0.3191142550536564,0.4771051960332053,0.44552740454673767,0.9214824438095093,0.7060545427458627,0.9525296177182879,0.8976168377058846,0.7570257442338126,0.9458870206560407,-0.002682842064781913,0.9943319984844753
169,3.125e-06,0.48176977567897356,0.4590736352597758,0.35847766312097684,0.48541654010827395,0.4822327592894168,1.025713174756954,1.1046287797685166,1.0321628560912468,1.0166331565019966,0.7652119993858317,0.9477944794643615,-0.0030365517663140437,1.010013884235759,0.458982731614794,0.43602404849869864,0.31907314913613455,0.47710362502506803,0.44552534392901827,0.9214782118797302,0.7060508642877851,0.9525254028184074,0.8976127590451922,0.7570111070360456,0.9458723749433245,-0.0026851815138278262,0.9943989941052028
170,3.125e-06,0.4821931645159714,0.4583421153895256,0.35286248336067827,0.4858018625594382,0.4828955899491044,1.02540079502344,1.0930344437063504,1.0318458555786048,1.0167012533284552,0.7652472489257379,0.9474486415958746,-0.0031170060796614526,1.0115969100489228,0.45897525548934937,0.43601562295641216,0.31906173058918547,0.47709475244794575,0.44551967723029,0.9214729411261422,0.7060488973345075,0.9525197914668492,0.8976074286869594,0.7570111070360456,0.9458723749433245,-0.002680920945879604,0.9943863494055611
171,3.125e-06,0.48345930582123176,0.4602267667994521,0.3576769953163477,0.48678978629070735,0.4843215811301425,1.024930939726871,1.1031910801049811,1.0308032998413657,1.0164500475845395,0.7654923480776598,0.9476904026740524,-0.0031940310988889955,1.0117612156999825,0.45897107464926584,0.43600728682109285,0.31903527464185444,0.4770910782473428,0.4455156454018184,0.921467159475599,0.7060473390987941,0.9525137458528791,0.8976017577307565,0.7570111325808934,0.9458723749433245,-0.002680672016660018,0.9944130522864205
172,3.125e-06,0.482616284857392,0.4592511884932999,0.35640599847572374,0.48569046747544087,0.48374915066524704,1.0256681436156836,1.0940884444204526,1.0315448464763757,1.017510750113056,0.7646781359949419,0.9473546372580638,-0.0034579470976843813,1.012576883106554,0.45896746856825693,0.4360011007104601,0.31901738899094717,0.47708786385399954,0.44551232882908415,0.9214623314993722,0.7060435669762748,0.9525083814348493,0.8975969808442252,0.7569964953831264,0.9458723749433245,-0.0026792267204395364,0.9944301247596741
173,3.125e-06,0.48322474376641356,0.46128578762549105,0.36369226759235734,0.4870857897777772,0.48334810157586416,1.025492031972224,1.1045798422187887,1.0323385096975797,1.0160091822109525,0.7653311782779293,0.9476417204812436,-0.002831076146892658,1.0122008369143536,0.45896705985069275,0.4359925517014095,0.3189736817564283,0.4770882342542921,0.44551236288888113,0.9214580740247454,0.7060360567910331,0.9525047625814166,0.8975917186055865,0.7569818496704102,0.9458723749433245,-0.0026825209580627935,0.9945144993918282
174,3.125e-06,0.48265993833175636,0.4601905550092413,0.3603461873543549,0.48651105504248365,0.482885941016143,1.0253903163864988,1.1029219009054665,1.0323899989242866,1.015806301154055,0.7645774019783849,0.9474234677130177,-0.0033554679490492337,1.012253961743786,0.4589621637548719,0.4359852841922215,0.31895624314035687,0.4770832359790802,0.44550803303718567,0.9214536207062858,0.7060376065117973,0.9524998239108494,0.897587605885097,0.7569672124726432,0.9458870206560407,-0.002679258734653039,0.9945259690284729
175,3.125e-06,0.48350875654161984,0.4604762005183371,0.3582600279765073,0.4873323128642147,0.48386011752969965,1.0252918981614627,1.099691142073913,1.031765873836238,1.016338097640202,0.764802364892857,0.9474033174365836,-0.003209877044393567,1.012816384762785,0.45895897916385103,0.43597794430596487,0.31893118364470346,0.4770799236638205,0.4455058148929051,0.9214484521320888,0.7060375554221017,0.952494101864951,0.8975824798856463,0.7569379465920585,0.9458723749433245,-0.0026801061051498565,0.9945601991244725
176,1.5625e-06,0.48244807160761316,0.45975571757881567,0.35913813098906494,0.48613052160936443,0.48287606970261626,1.0251140480339374,1.0974893164952109,1.0319154608939405,1.0159002382268187,0.7648107624334735,0.9477961663398997,-0.003469242122016191,1.0117460849708737,0.4589576763766153,0.4359756622995649,0.31892552971839905,0.4770782973085131,0.4455046696322305,0.9214456677436829,0.7060364825384957,0.9524915984698704,0.8975801042148045,0.7569525837898254,0.9458723749433245,-0.0026785540727100204,0.9945636306490216
177,1.5625e-06,0.4834224653897137,0.4634414029866076,0.3746699094238247,0.4868321363979648,0.48363782278525785,1.024538706768737,1.101721061356423,1.0302986630219042,1.016206071185138,0.7644464573186297,0.9474771968596908,-0.003684387471492527,1.013339668863319,0.4589554752622332,0.4359719327517918,0.3189146305833544,0.4770763857024057,0.4455027324812753,0.9214433857372829,0.7060361930302211,0.9524888822010585,0.8975779584475926,0.7569525837898254,0.9458577377455575,-0.00267743320936071,0.9945731333323887
178,1.5625e-06,0.4828903980579855,0.4598424115732762,0.3569545563648007,0.48728943139665626,0.4826892375854486,1.0252117075434235,1.0951691229588791,1.031869258992927,1.01622236809606,0.7643776250019845,0.9473412070467236,-0.003217223291588147,1.0137176166359607,0.4589516350201198,0.43596547842025757,0.31889818821634563,0.47707188555172514,0.44549964581217083,0.9214407290731158,0.706034643309457,0.9524861063276019,0.897574884550912,0.7569525837898254,0.9458577377455575,-0.0026772223146898405,0.9945843900953021
179,1.5625e-06,0.48097787344998966,0.4563473372720659,0.3467796987377553,0.48531340870622847,0.48111558917297564,1.0260638342841246,1.0990731058460104,1.032664927835655,1.0170291145825716,0.7646814817290885,0.9473428821417227,-0.0034174944456499567,1.0112117717220914,0.4589502087661198,0.4359633539404188,0.318892559834889,0.47707066365650724,0.4454983387674604,0.9214383789471218,0.7060340046882629,0.9524840031351361,0.8975731645311628,0.7569525837898254,0.9458430920328412,-0.002676159708893725,0.9945933733667646
180,1.5625e-06,0.48251987916655376,0.4582399704092536,0.3511485891026591,0.48592307402180573,0.48349570928935937,1.024819011054647,1.0975949800264757,1.0309097424141884,1.0163023351890517,0.7645354432688575,0.9475762445195418,-0.0033317695028938763,1.013055523541788,0.4589475861617497,0.43595936042921885,0.3188822567462921,0.4770683007580893,0.4454958311149052,0.9214356711932591,0.7060328381402152,0.9524814997400556,0.897570652621133,0.7569525837898254,0.9458430920328412,-0.0026754195735390696,0.994599061352866
181,1.5625e-06,0.4828305731690119,0.4594247877841965,0.3568563009309451,0.48547716184695194,0.4843831200875567,1.0245390613141332,1.0965636306644035,1.030641557586785,1.0160356322374944,0.7636507043335539,0.9472371300122583,-0.0035437694520637567,1.0152003459300496,0.45894478048597065,0.4359562907900129,0.31887841650417875,0.47706546102251324,0.4454928934574127,0.9214327931404114,0.7060327019010272,0.9524777276175362,0.897567697933742,0.7569525837898254,0.9458577377455575,-0.002673274854065052,0.9945959874561855
182,1.5625e-06,0.48315479632713093,0.46030929222268074,0.35917692700533516,0.4867062532956699,0.48373591876982175,1.0259075638458048,1.1019254860301781,1.032768998430499,1.0165121042295047,0.7647201069428013,0.9472706942026028,-0.0035562418552408355,1.0129157534881061,0.4589433755193438,0.4359533361026219,0.31886780687740873,0.4770646095275879,0.44549159918512615,0.9214304855891636,0.7060300196920123,0.9524751901626587,0.8975659012794495,0.7569525837898254,0.9458577377455575,-0.0026725311763584614,0.9946085214614868
183,1.5625e-06,0.48298607727715864,0.4603983184281704,0.36030687372683257,0.4865926359472553,0.4834687038073464,1.0243938855494954,1.0919588902517887,1.0306997172233086,1.0158357325420584,0.7646009028110514,0.9472404693983423,-0.003232296638494034,1.013048430436462,0.45894100410597666,0.43595077310289654,0.3188643455505371,0.47706201672554016,0.4454896407467978,0.921427880014692,0.7060297472136361,0.9524722184453692,0.89756350006376,0.7569818496704102,0.9458577377455575,-0.002670003500367914,0.9946028419903347
184,1.5625e-06,0.4833387412355914,0.45993953738771703,0.3565783420862812,0.48676496944058817,0.48413790778447224,1.025207646919774,1.104915062739064,1.0311226928105919,1.0166356888295929,0.765368117592729,0.9476786480765433,-0.0031388612403031257,1.0114276562052023,0.4589380281312125,0.43594792910984587,0.3188631662300655,0.47705866609300884,0.4454865370477949,0.9214250189917428,0.7060299600873675,0.9524688465254647,0.8975607241903033,0.7569818496704102,0.9458577377455575,-0.0026666315139404367,0.9945863144738334
185,1.5625e-06,0.48201211232499347,0.45811052702050664,0.3526592782626565,0.48538929828301003,0.48294671504728254,1.0249234533163443,1.10075596248072,1.0312960947469387,1.0160229213409893,0.7645320840145585,0.9474301742274396,-0.003263852653449856,1.012333964300473,0.45893505215644836,0.43594308836119516,0.3188504661832537,0.4770555538790567,0.44548410177230835,0.9214227625301906,0.7060278058052063,0.9524667177881513,0.8975590126855033,0.7569818411554609,0.9458577377455575,-0.0026657562370279004,0.9945982779775348
186,1.5625e-06,0.48232215517799,0.45975735606563684,0.359809286766521,0.4858851584787559,0.48284303006671725,1.0252254711806439,1.105455394988785,1.0316268425993718,1.0161496365430474,0.7639831068939389,0.947208588238075,-0.003103079854883158,1.0137796727315744,0.4589316376617977,0.43593898841312956,0.31884429284504484,0.47705182433128357,0.4454807128225054,0.9214203953742981,0.7060284870011466,0.9524639248847961,0.8975565688950675,0.7569818326405117,0.9458577377455575,-0.0026630938186177184,0.9945922749383109
187,1.5625e-06,0.48332199486353067,0.4614064338813973,0.3638237117347629,0.48726753036730486,0.48335973528550946,1.0246637822174134,1.1019823025021258,1.0313398760523602,1.015410467593168,0.7648879888115085,0.9472304114121018,-0.0033593284027222726,1.014463085000233,0.45892955575670513,0.435936906508037,0.3188408315181732,0.47705053431647165,0.4454781838825771,0.9214178579194205,0.7060287424496242,0.9524606892040798,0.8975539377757481,0.7570111240659442,0.9458577377455575,-0.0026612900463598116,0.9945888434137616
188,1.5625e-06,0.4825589336985145,0.4594903203443692,0.35752719100536107,0.4859959573637078,0.48328965197327317,1.0257598588055241,1.107720525644403,1.0316012197742082,1.0171863227334927,0.7645891564843353,0.9473395234367753,-0.003412388589164491,1.0118768339088742,0.4589268224579947,0.43593432222093853,0.3188384601048061,0.4770481288433075,0.4454752504825592,0.9214150054114205,0.7060296280043465,0.9524575216429574,0.897551953792572,0.7570111155509949,0.9458723749433245,-0.0026586560998111963,0.9945762498038155
189,1.5625e-06,0.4840223247493406,0.4608636110547989,0.3586508966505497,0.4873317336645483,0.48489185458137873,1.0245556570112675,1.0884949172757798,1.0309559286892018,1.0160243395225732,0.7642634548532982,0.9470658844334006,-0.0035265128266999068,1.0155143074908748,0.4589249576841082,0.43593142713819233,0.31883081793785095,0.4770467111042568,0.4454729216439383,0.9214123402323041,0.70603004523686,0.9524545499256679,0.8975491864340646,0.7569964698382786,0.9458723749433245,-0.0026572954541604433,0.9945808478764125
190,1.5625e-06,0.4820685314936816,0.458037205097679,0.35223025254451246,0.4852581351644494,0.48320692316788744,1.025180476601772,1.0937422252409408,1.032062510069492,1.016013370680919,0.7648745456293675,0.9478465219491332,-0.0032909715993015625,1.0113233361437086,0.45892129625592915,0.4359283873013088,0.3188311883381435,0.47704237699508667,0.4454698477472578,0.9214097431727818,0.7060308967317853,0.9524514845439366,0.8975474834442139,0.7569964698382786,0.9458870206560407,-0.002653942144076739,0.9945619787488665
191,1.5625e-06,0.4823811767013392,0.45919092963184993,0.35657641377073035,0.48594444333988157,0.48301139881350846,1.0250742010623446,1.104845586979139,1.0321556151187914,1.015333818095315,0.7648728713889154,0.9475913501921154,-0.003552887989785112,1.011964825319133,0.45891858424459187,0.43592666728155954,0.3188339556966509,0.4770395372595106,0.44546700375420706,0.9214072397777012,0.706033033984048,0.9524486660957336,0.8975449545042855,0.7569964698382786,0.9458723749433245,-0.0026509650384208988,0.9945421900068011
192,1.5625e-06,0.48110899054509704,0.45758442692859197,0.3521505458594223,0.48599657726116935,0.48052009399951695,1.025448897131516,1.1030425601169138,1.0315788771882768,1.0167324991941573,0.7645068903855647,0.9473865297410773,-0.003350323316947778,1.0117742893211181,0.4589167663029262,0.4359223544597626,0.3188188203743526,0.4770378512995584,0.4454655221530369,0.9214046427181789,0.7060301559312003,0.9524462052753994,0.8975430471556527,0.7570111155509949,0.9458723749433245,-0.0026510729886857526,0.9945623193468366
193,1.5625e-06,0.48124339161807916,0.4580640390599256,0.35499882914747755,0.4852789165237532,0.48141604075966526,1.0252255823327772,1.094238218990156,1.0311902221263645,1.016960467244806,0.7642718715601803,0.9473311284597995,-0.003577344533350725,1.0120585749714543,0.45891524638448444,0.43591873134885517,0.3188056009156363,0.47703686356544495,0.4454640064920698,0.9214023862566266,0.706028163433075,0.9524436167308262,0.8975408332688468,0.7569964783532279,0.9458723749433245,-0.0026504526446972576,0.994579587663923
194,1.5625e-06,0.48432159497075,0.46277296530913525,0.3677484880974521,0.48732284915428925,0.485206128082334,1.0252249554005637,1.1052460136989783,1.0316733129807028,1.0161093146875462,0.7645102494567465,0.9473714235801912,-0.0033242278681617707,1.0136821718626126,0.45891283239637104,0.4359150826931,0.31879605991499765,0.47703499027660917,0.44546124764851164,0.9214001723698207,0.70602890423366,0.9524410877908979,0.8975386449268886,0.7570111155509949,0.9458577377455575,-0.002649677435069212,0.9945832405771527
195,1.5625e-06,0.4807692867667017,0.4579691537453221,0.35834478504890915,0.48307190486790275,0.4825474548144519,1.0253796644291386,1.107202394095312,1.0315522268010113,1.016479835135474,0.7649551367552172,0.9479354984993453,-0.002926813888817041,1.0096697805480839,0.4589101927621024,0.4359116724559239,0.3187887370586395,0.4770326784678868,0.44545859949929373,0.9213975753102984,0.7060272097587585,0.9524382948875427,0.8975357498441424,0.7569964698382786,0.9458577377455575,-0.0026473829888605644,0.9945843390056065
196,1.5625e-06,0.4834834345016978,0.46073805097122406,0.36024970878287577,0.4868285015980769,0.484246154855107,1.0249973255673617,1.1041506034437962,1.0318669776579568,1.0154892052068383,0.7641946407262936,0.9472975555713886,-0.0035812578814846206,1.0146499377180842,0.4589071273803711,0.43590892212731497,0.31878766417503357,0.4770293746675764,0.4454555937222072,0.9213947824069432,0.706027456692287,0.9524345568248204,0.897533254964011,0.756952566759927,0.9458577377455575,-0.002644558038030352,0.9945709535053798
197,1.5625e-06,0.4826366838985263,0.45934196993807797,0.35622656935920366,0.48625259120465547,0.4832345062320317,1.0252818549466756,1.0984513575275068,1.03201839469728,1.0161060744289,0.764703318667424,0.9473966093351459,-0.003457502269315311,1.0118279823937053,0.45890223128455027,0.4359037365232195,0.3187822869845799,0.4770238527229854,0.4454511446612222,0.9213920916829791,0.7060285891805377,0.9524314062935966,0.8975315093994141,0.756952566759927,0.9458577377455575,-0.0026409217721915673,0.9945525527000427
198,1.5625e-06,0.48086057984090375,0.4578981948277307,0.35579384526898783,0.48486197882899856,0.48102810458531453,1.024788509102522,1.1008502961853133,1.0308916113709892,1.0161497767497745,0.7644884260690828,0.9475594491636332,-0.003353924692226445,1.0114156040727817,0.4588999237333025,0.4359003220285688,0.31877348678452627,0.47702185596738544,0.44544889671461924,0.9213904142379761,0.7060297642435346,0.9524291498320443,0.8975301299776349,0.756952566759927,0.9458577377455575,-0.0026395791376541767,0.9945597733770098
199,1.5625e-06,0.4808559720783556,0.45777085775970133,0.3553872387102794,0.4846256969222886,0.481268517646311,1.024865545313357,1.100122050511428,1.0315151058949998,1.0157072429344463,0.7647906123706761,0.9476719277978126,-0.003113603785431849,1.0106859997609183,0.4588971265724727,0.4358955834593092,0.31876125931739807,0.4770185479096004,0.44544678926467896,0.9213884813444955,0.7060288190841675,0.9524274298122951,0.8975285121372768,0.756952566759927,0.9458577377455575,-0.0026396271672898103,0.9945681350571769
200,1.5625e-06,0.48152310217702565,0.4575676573769471,0.3515872230788591,0.4851847095667736,0.4821928293657376,1.0253756076204308,1.1006041678232348,1.03175225461744,1.016491240925259,0.7644028147549978,0.9474016451799009,-0.0035189538217720484,1.0122720310154538,0.4588933161326817,0.4358926159994943,0.318762617451804,0.47701396686690195,0.4454436387334551,0.9213859268597194,0.7060291085924421,0.9524240834372384,0.8975263237953186,0.7569525752748761,0.9458430920328412,-0.002636140777862498,0.9945436801229205
201,1e-06,0.48019494701518317,0.4554107507191984,0.34678440059201876,0.4830140413929118,0.48182281850242514,1.0257860110224788,1.1064613681540267,1.0322666679109846,1.0166161017605908,0.7647603930904507,0.9476937536880778,-0.0032767515049062774,1.009267727869691,0.4588905487741743,0.43588952507291523,0.3187585175037384,0.4770106886114393,0.44544154831341337,0.9213844367436,0.706028299672263,0.9524222697530474,0.8975248081343514,0.7569672124726432,0.9458430920328412,-0.0026345660111733843,0.9945395248276847
202,1e-06,0.4820473763464172,0.45985718443036017,0.3607883741168321,0.48629238427875593,0.48184438110069316,1.0252828812269572,1.1083798007481658,1.0310201792611993,1.0167755929860955,0.7638034777524101,0.9472606185455538,-0.003240234146351963,1.0139104106520238,0.45888951420783997,0.4358880264418466,0.3187548986503056,0.477009790284293,0.44544050097465515,0.9213829551424298,0.706027592931475,0.9524208988462176,0.8975238289151873,0.756952566759927,0.9458430920328412,-0.0026335561248872963,0.9945397632462638
203,1e-06,0.48472979092561336,0.46374854843737345,0.37087065201201197,0.4879898513456033,0.4852649455978757,1.0252572848011883,1.1088451881379393,1.0314485678841259,1.0162796338155096,0.7648376097937943,0.9472572714685478,-0.0034198141954858304,1.014292639765566,0.4588873641831534,0.4358857274055481,0.318752327135631,0.4770075125353677,0.445438380752291,0.9213812180927822,0.7060278228351048,0.952419000012534,0.89752197265625,0.7569379210472107,0.9458430920328412,-0.0026323620030390365,0.9945300732340131
204,1e-06,0.4830083325619705,0.46019092370044007,0.35824695038020277,0.4874445437255787,0.48273085168368746,1.0251695527764266,1.1041636056187087,1.0307901599623275,1.0169155880908018,0.764874548986516,0.9472841310977204,-0.0034114180759350827,1.0131871479935848,0.4588863466467176,0.43588538255010334,0.3187544686453683,0.47700671213013784,0.4454371120248522,0.9213794895580837,0.7060291256223407,0.9524166924612862,0.8975204825401306,0.7569379210472107,0.9458430920328412,-0.0026305547216907144,0.9945212858063834
205,1e-06,0.48326227384778214,0.46127191581179167,0.36506221325533,0.4856007035365791,0.48486371420007207,1.0255938953945591,1.1002134964274433,1.0323292643243815,1.0163709869521493,0.7648510414395525,0.9476635344994111,-0.0033077044901044642,1.0123289980402497,0.45888572931289673,0.4358822745936258,0.3187411682946341,0.4770061458860125,0.4454365628106253,0.9213782208306449,0.7060276099613735,0.9524154322487968,0.8975191456930978,0.7569233093942914,0.9458430920328412,-0.0026315257751515935,0.994547929082598
206,1e-06,0.4809859426920071,0.45671125518561506,0.349786599812847,0.4842518121538196,0.4820934228419769,1.0253069221637705,1.0947164045012552,1.0318358841152357,1.0164642298886915,0.7655544605428478,0.9479405311395496,-0.0032652313978384076,1.0090535191224894,0.45888551643916536,0.43588055457387653,0.31873144848006113,0.4770065120288304,0.4454365883554731,0.9213765604155404,0.7060257792472839,0.9524141379765102,0.897517374583653,0.7569233093942914,0.9458430920328412,-0.0026320672394441707,0.9945670621735709
207,1e-06,0.4820319602139107,0.4601378110025213,0.3627876134725699,0.48584334824674874,0.48219534936344327,1.0249333056314627,1.0995053912942616,1.0313423508811594,1.0160386392658818,0.7643776275656251,0.9474923029290183,-0.0031206851834774635,1.0130489093489483,0.4588844265256609,0.4358794518879482,0.318730571440288,0.4770058478627886,0.4454346639769418,0.921374865940639,0.7060259325163705,0.9524121369634356,0.8975162591253009,0.7569233093942914,0.9458430920328412,-0.0026302599414650884,0.9945607440812247
208,1e-06,0.4817161547545586,0.45790647538698337,0.3521346867816972,0.48577018789432014,0.48198146400119607,1.0247815006888956,1.0943437572997836,1.03202687601401,1.0152173177804082,0.765116304906893,0.9481134529731485,-0.0029964239102408204,1.0106343955671366,0.45888190610068186,0.4358751731259482,0.31871964250292095,0.47700245891298565,0.44543338673455374,0.9213731714657375,0.706024306161063,0.9524106127875192,0.897514351776668,0.7569233093942914,0.9458430920328412,-0.002629848213733307,0.994570621422359
209,1e-06,0.48315080541009114,0.46016619749332904,0.358820650938286,0.4863414245877459,0.48410449519989984,1.0246332762367103,1.0938077919066898,1.0309479122459735,1.0160129711802532,0.7647049954104778,0.9474822334369146,-0.0031964728471389563,1.0129411470200305,0.4588795815195356,0.4358712519918169,0.31870932238442556,0.47699974690164837,0.44543165394238066,0.9213716047150748,0.7060232928821019,0.9524093014853341,0.8975126402718681,0.7569233093942914,0.9458430920328412,-0.002629684567052339,0.9945802433150155
210,1e-06,0.4809810723699305,0.45767871322109344,0.35389488634853195,0.4852011239778916,0.48099721982670757,1.0249931156726844,1.1026980769188661,1.0315574697818257,1.0158387916062468,0.764579083055212,0.9475796013322783,-0.003353854503026695,1.0104653891147373,0.4588774400097983,0.435867611851011,0.31870063713618685,0.4769968901361738,0.44543014253888813,0.9213699783597674,0.7060217091015407,0.9524074792861938,0.8975108436175755,0.7569086636815753,0.9458430920328412,-0.002629490669018456,0.9945877024105617
211,1e-06,0.48295387987350724,0.4603780945996657,0.36069538432454307,0.4862204481715492,0.48376261945327487,1.0253201459410004,1.1064768907233988,1.0318450085700503,1.0160900346145103,0.7651028716741192,0.9475342609976355,-0.003444988594790544,1.0123194639217652,0.45887599672589985,0.4358644570623125,0.3186890695776258,0.47699588537216187,0.4454289845057896,0.9213685137884957,0.70602057661329,0.9524066277912685,0.8975090725081307,0.7569233008793422,0.9458430920328412,-0.0026296041739572373,0.9946027227810451
212,1e-06,0.48350677118506485,0.4589727932040776,0.3503896103598677,0.48729813132478955,0.4841526630775659,1.0253902157330843,1.0995898467726544,1.0317758761853728,1.0165314260532596,0.7647133921881059,0.947603102348062,-0.003315944433940934,1.0127254888697643,0.45887463433401926,0.4358610766274588,0.31867689745766775,0.47699431436402456,0.4454284267766135,0.9213671428816659,0.7060198187828064,0.9524047459874835,0.8975074461528233,0.7569379380771092,0.945813809122358,-0.002630037804400282,0.9946217281477792
213,1e-06,0.48370532832631563,0.4623403156713162,0.36727925358341096,0.48748503092064105,0.48380645689937435,1.0253616234490766,1.10380342588996,1.0321981609630633,1.0159100784256834,0.7648577618098418,0.9472941970190389,-0.002937556811428595,1.0133529002399122,0.4588730675833566,0.4358587605612619,0.3186719374997275,0.47699262840407236,0.4454269068581717,0.9213659082140241,0.7060200146266392,0.9524038093430656,0.8975063817841666,0.7569525837898254,0.945813809122358,-0.0026290121854149868,0.994620178427015
214,1e-06,0.4820021657960816,0.4594501560001696,0.3593700893158432,0.4857426549127269,0.48234934908758964,1.0255405905914503,1.100467336769905,1.031501477947616,1.017082025805804,0.7649584934153559,0.9475325964929139,-0.003401460823938212,1.0109639087214082,0.45887090052877155,0.4358550991330828,0.3186617536204202,0.4769906827381679,0.4454246887138912,0.9213645032473973,0.7060191631317139,0.9524019956588745,0.8975051726613726,0.7569525837898254,0.945813809122358,-0.0026285331529964295,0.9946274076189313
215,1e-06,0.48072022637586015,0.45732475907999126,0.3537258574032381,0.4843873405725115,0.4812863846803041,1.0251549409709095,1.0959920953373634,1.031565280553932,1.0163834636417708,0.7644162390150294,0.9473596745982759,-0.0032391787396483522,1.0121713830944945,0.45887053864342825,0.43585286821637836,0.31865074804850985,0.4769908445222037,0.4454243225710733,0.9213631408555167,0.7060184393610273,0.952400701386588,0.8975037847246442,0.7569232923643929,0.945813809122358,-0.0026291357187022057,0.9946500744138446
216,1e-06,0.48008571982505804,0.45569040596149424,0.3478689190902529,0.48371498253915596,0.48086374154227607,1.024801384255145,1.092510167110656,1.0311777962212434,1.016168179752518,0.7651582667904515,0.9477004646583514,-0.003185907275908561,1.0091420283271175,0.4588699127946581,0.43585123334612164,0.31864431500434875,0.4769907295703888,0.44542332206453594,0.9213617784636361,0.7060192057064602,0.9523990835462298,0.8975024904523577,0.7569232923643929,0.9458284548350743,-0.002628526267861681,0.9946593216487339
217,1e-06,0.4831561810135292,0.4599777002305296,0.3575024977746037,0.4866347205345898,0.48386610619422415,1.0247703164098694,1.0902437904341307,1.0314363485046734,1.0159218927804348,0.7642298970110162,0.9473630284200982,-0.0031201303923427217,1.0144944960071194,0.45886885694095064,0.43584886619022917,0.3186364344188145,0.4769898738179888,0.4454221214566912,0.9213600669588361,0.7060180902481079,0.9523979425430298,0.8975010940006801,0.7569232923643929,0.9458284548350743,-0.002628370204807392,0.9946714128766742
218,1e-06,0.4823573421070775,0.46049928268407225,0.36326608667603166,0.48620375589535775,0.4824806041309788,1.0249941092970674,1.0968620380681415,1.0313934443916226,1.016199128327465,0.7641006330313344,0.9471447902402081,-0.003404009436565717,1.0135531006137712,0.4588671496936253,0.4358475080558232,0.3186364471912384,0.4769882559776306,0.44542031628744944,0.9213584576334272,0.7060190694672721,0.9523956775665283,0.8974989652633667,0.7569379380771092,0.9458284548350743,-0.002626823011918792,0.9946621230670384
219,1e-06,0.4827697235257334,0.45963107602631686,0.35693494500225165,0.4866194046892634,0.4831145762237475,1.0254968040061498,1.0983419519049415,1.0317772911318863,1.0167881381615456,0.7648560803972997,0.9474285020317961,-0.0034438912718651243,1.0121176159815244,0.45886552333831787,0.4358442212854113,0.3186260759830475,0.4769864465509142,0.4454192519187927,0.9213568227631705,0.7060174260820661,0.9523940341813224,0.8974972196987697,0.7569379380771092,0.9458284548350743,-0.0026268800886880073,0.9946736012186322
220,1e-06,0.48168317698174967,0.4594890493432254,0.3606131039578916,0.48572923162932036,0.4816726859996579,1.0245746050012825,1.1048564453095702,1.0305129645484812,1.0159603313672134,0.7653580412032113,0.9475174809930511,-0.003401422267517431,1.0112349619269676,0.4588641737188612,0.4358411261013576,0.31861506189618793,0.47698519485337393,0.4454184004238674,0.921355528490884,0.706016114779881,0.9523933529853821,0.8974956614630563,0.7569233008793422,0.9458284548350743,-0.002627484716608056,0.9946900521005902
221,1e-06,0.4813946684048961,0.457932002991209,0.353918656119309,0.48518329916767017,0.48185538052291793,1.0257505700945915,1.1041870182499298,1.0314495388630165,1.017437163219657,0.7648946939525516,0.9475712025098415,-0.003205474683239053,1.0109740188044887,0.458862487758909,0.43583792448043823,0.3186058061463492,0.47698340245655607,0.44541682090078083,0.9213541405541557,0.7060157230922154,0.952391905444009,0.8974943927356175,0.7569233008793422,0.9458284548350743,-0.0026275626317198786,0.9947017090661185
222,1e-06,0.48229349684971634,0.4598553755682551,0.35948525978794965,0.4867707619713443,0.4819097937343674,1.024134995872646,1.097074347035554,1.031225158322242,1.0146135387821071,0.7645304025104579,0.9474335423324026,-0.0029503385598603892,1.0122988685484855,0.45886040585381643,0.43583485058375765,0.31859870893614634,0.47698110342025757,0.4454151179109301,0.9213523438998631,0.7060149312019348,0.952389691557203,0.8974929196493966,0.7569233008793422,0.9458284548350743,-0.0026271855126002003,0.9947075077465602
223,1e-06,0.4828144781600495,0.4590007077713716,0.3531348362252215,0.48694112031690534,0.48301058851995043,1.0261478441773595,1.093541887437632,1.0322700007048498,1.0177792175818392,0.7645119386822885,0.9472690216407248,-0.0034075987487611746,1.0129940026977156,0.45885807275772095,0.4358330624444144,0.31859990102904184,0.4769784893308367,0.44541270818029133,0.9213506919997079,0.706015578338078,0.9523877416338239,0.8974918893405369,0.7569379380771092,0.9458431005477905,-0.0026249980021800312,0.9946915592466082
224,1e-06,0.48369557117109596,0.46018935842997466,0.3558188730395884,0.4876475391239004,0.48400600653578546,1.0253813027481025,1.0949823819730322,1.0319629348490218,1.0164795789850471,0.7642903344117247,0.9474016368785884,-0.0035991554679725792,1.0142773373946128,0.4588561313492911,0.43582968626703533,0.31859042389052256,0.4769764883177621,0.4454111542020525,0.9213492103985378,0.7060142074312482,0.9523859364645821,0.8974901948656354,0.7569379380771092,0.9458431005477905,-0.0026245267695880364,0.9946964723723275
225,1e-06,0.4828230316249517,0.45969526293457197,0.3579942015611509,0.48577140718011813,0.4840357082657978,1.0246413882060716,1.1000239231375262,1.0307274615526565,1.016042624628367,0.7649282758442243,0.9474184302507275,-0.0032635193408256575,1.0124339254098982,0.45885462846074787,0.43582670177732197,0.3185806827885764,0.47697525790759493,0.4454097705227988,0.9213473456246513,0.7060127598898751,0.9523838928767613,0.8974883471216474,0.7569379380771092,0.9458431005477905,-0.0026243093722899047,0.9947077717099871
226,1e-06,0.48394835573614897,0.4617657426742792,0.36397622601227825,0.48700868173922507,0.4848871706115607,1.025355597459165,1.1053887538524145,1.0313063127165627,1.0167370086685548,0.7645169697659967,0.9473227354055542,-0.0032546783380660565,1.0139349971254605,0.45885269130979267,0.4358233894620623,0.3185709161417825,0.47697342719350544,0.4454082889216287,0.9213458044188363,0.7060113208634513,0.9523825389998299,0.8974870443344116,0.7569379380771092,0.9458138261522565,-0.002623791091277131,0.9947189433234078
227,1e-06,0.48221790872960596,0.4598731015409742,0.3604638278026551,0.48616020724032394,0.4823340703997927,1.0254728526746806,1.0990313033964838,1.0321236883013052,1.0163700475609736,0.764357479639195,0.9476652154541602,-0.0034854505239726944,1.0131228927826186,0.4588502219745091,0.43582174607685636,0.31857386231422424,0.47697081310408457,0.445405227797372,0.9213441269738334,0.7060134751456124,0.9523804187774658,0.897485443523952,0.7569379380771092,0.9458284633500236,-0.0026208179271114723,0.994701223714011
228,1e-06,0.4829427020646216,0.46015203868921634,0.3586623671264815,0.48705567014382184,0.48297240207028036,1.0261198913690925,1.1036746276078075,1.033098825142436,1.0165555160349597,0.7643423732646721,0.9475090825063293,-0.003276984093301151,1.0124756356599205,0.4588487616607121,0.4358200217996325,0.3185705712863377,0.47696939962250845,0.4454040229320526,0.9213423558643886,0.7060132196971348,0.9523786732128688,0.8974839619227818,0.7569232923643929,0.9458138261522565,-0.002619297742577536,0.9946990268571037
229,1e-06,0.4819581601568448,0.45833493563925004,0.35476302145324606,0.4846774006707816,0.4834787189441648,1.0255796534247235,1.0947192216371184,1.0317710144240246,1.0170836131571503,0.7651297254130222,0.9476971139800409,-0.0030370320897922303,1.0114523078988773,0.4588474631309509,0.435818544455937,0.3185675527368273,0.47696871416909353,0.445402239050184,0.9213408827781677,0.7060141563415527,0.9523767488343375,0.8974829656737191,0.7569232923643929,0.9458138261522565,-0.0026184930466115475,0.9947010449000767
230,1e-06,0.4824203944517537,0.4593248305660117,0.3578891568286445,0.4852472829379244,0.4837445244689019,1.0253911881769124,1.100232196629383,1.0311391674672648,1.017148583684893,0.7650172484268973,0.9476333239172522,-0.00302337781519949,1.0120429942013358,0.45884665846824646,0.4358169904776982,0.3185620393071856,0.4769681990146637,0.44540156211171833,0.9213391542434692,0.7060131260326931,0.9523747733661106,0.8974816714014325,0.7569086466516767,0.9458138261522565,-0.00261792287762676,0.9947072608130318
231,1e-06,0.4823262187162547,0.4579964503836644,0.35105562049855465,0.48538442863236314,0.48364368259632096,1.0251437989919538,1.1002452584089406,1.0312895755919198,1.0164946660712262,0.7639394678095336,0.947431864154931,-0.0035550511354858058,1.0134176557880759,0.45884452973093304,0.4358150235244206,0.31856181791850496,0.47696575948170256,0.44539930139269146,0.9213376045227051,0.7060137646538871,0.9523726957184928,0.8974807262420654,0.7569232923643929,0.9458138261522565,-0.002616433659568429,0.9946953654289246
232,1e-06,0.48207238928452556,0.4583314510717553,0.35311907911325074,0.48587343000596567,0.4825697290518927,1.0250514913569704,1.101202042665594,1.03084642839505,1.0167183225971579,0.7643373379692687,0.94743186616922,-0.0035423535116386913,1.0128316554544647,0.4588436952659062,0.4358131970678057,0.31855537210192,0.47696493353162495,0.44539882455553326,0.9213360803467887,0.7060131515775409,0.9523710523332868,0.8974785719599042,0.75693792956216,0.9458138261522565,-0.00261554161884955,0.9947021177836827
233,1e-06,0.4819908831220862,0.4585252468914358,0.354746980540153,0.48554444868504787,0.48267873329684113,1.0253149275284088,1.104828845764879,1.0318493413974001,1.0161303578739098,0.7645824474673117,0.947586303696044,-0.0034671030330380615,1.0123762019890368,0.4588432013988495,0.43581139189856394,0.3185480960777828,0.4769647334303175,0.4453980326652527,0.9213345391409737,0.7060113038335528,0.9523694089480809,0.8974774139268058,0.7569232838494437,0.9458138261522565,-0.0026148847370807615,0.9947125060217721
234,1e-06,0.4815311077705604,0.4576418136732431,0.35119377008719865,0.4859051130029158,0.4815016514328401,1.0253755843035086,1.1032444009155844,1.0322111219366086,1.0159442193436121,0.7651549136095394,0.9475124555554564,-0.0034227863197819094,1.0114835659418726,0.4588426351547241,0.4358082924570356,0.3185336547238486,0.4769646440233503,0.4453973983015333,0.9213330490248544,0.7060081958770752,0.9523682424000331,0.8974754299436297,0.7569232838494437,0.9458138261522565,-0.0026156290134947214,0.9947380934442792
235,1e-06,0.48305408399470084,0.4582649518817251,0.3482532914455158,0.48716934497577374,0.4834320582735557,1.025476379847441,1.1013040932336955,1.0317431627880043,1.0166817840343247,0.7647268181572312,0.9475728832814734,-0.0032215567395215998,1.0132386545859051,0.4588408086981092,0.4358050652912685,0.3185246799673353,0.4769625450883593,0.44539618492126465,0.921331490789141,0.7060067568506513,0.9523664542606899,0.8974740164620536,0.7569232838494437,0.9458138261522565,-0.0026153321211625424,0.9947449820382255
236,1e-06,0.48003216563159845,0.45559732654860124,0.3472140996625835,0.4840350375990958,0.48045659625279985,1.025075050085188,1.1045698997489746,1.0309814867519198,1.0165189428934975,0.7643138278891841,0.9471968331217339,-0.0038391784498972566,1.0115676838742484,0.45883927600724356,0.43580331972667147,0.3185223128114428,0.4769605781350817,0.44539514609745573,0.9213299921580723,0.7060063055583409,0.9523645894868034,0.8974731479372297,0.7569232838494437,0.9458138261522565,-0.002613470407335886,0.9947414568492344
237,1e-06,0.48253601612461205,0.45900803639592114,0.3539788117789636,0.487025289186379,0.48233203937075897,1.0250265494835908,1.1014431805959801,1.031756412628914,1.0157496167096003,0.764575727585335,0.9474939765590799,-0.0028302793746792197,1.0131119242461595,0.45883652567863464,0.4358011271272387,0.3185233644076756,0.47695705720356535,0.4453930641923632,0.9213283147130694,0.7060065695217678,0.9523628354072571,0.8974707552364894,0.7569086466516767,0.9458138261522565,-0.0026111084236098187,0.9947237031800407
238,1e-06,0.4821961095439307,0.458378970973991,0.3526751481595555,0.48615533023446994,0.48255423715464957,1.0253010093097619,1.0982769036439524,1.0317346966089618,1.0164352326105024,0.7643339743201573,0.9472539073006043,-0.0028229620206588,1.013407820563895,0.45883526120867046,0.435798317193985,0.318514095885413,0.47695563094956533,0.445392233984811,0.92132682459695,0.7060050879205976,0.9523613282612392,0.8974687371935163,0.7569086466516767,0.9458138261522565,-0.0026113523303398062,0.9947379742349897
239,1e-06,0.48418010790349275,0.46140009283836353,0.3609194003095153,0.4873776251819277,0.48509134079820365,1.025671481994623,1.0976045774119485,1.0323864962281903,1.0165584993801908,0.7646747740854438,0.9473294534868786,-0.0032278450680822725,1.013719476221527,0.4588339158466884,0.43579546894345966,0.3185043377535684,0.476954596383231,0.44539099505969454,0.9213252663612366,0.7060038447380066,0.9523598892348153,0.8974677579743522,0.7569086466516767,0.9458138261522565,-0.002611168144669916,0.9947504230907985
240,1e-06,0.4833590122778112,0.4593750012268852,0.3529182566292641,0.4873575851725604,0.4837084978559477,1.025510023144411,1.1089548076413804,1.0320855537195788,1.0161529662849593,0.7638689507842369,0.9470809927001343,-0.0033433195892616503,1.0152448626951383,0.458832928112575,0.4357946344784328,0.318503737449646,0.4769539662769863,0.44538961138044086,0.9213235804012844,0.7060042108808245,0.9523581096104213,0.8974663700376239,0.7569232923643929,0.9458138261522565,-0.002609938832132944,0.9947489414896283
241,1e-06,0.4846075952846578,0.46415230001599983,0.3747769955696354,0.4866701602264361,0.4862060499111933,1.0244913453086486,1.110547703135276,1.0303560719389948,1.015757970454689,0.7640552985869611,0.9472287285651418,-0.0033228194066387716,1.0160883708117379,0.45883151037352427,0.4357930506978716,0.3185016129698072,0.4769524761608669,0.44538832136562895,0.9213219370160785,0.7060040235519409,0.9523558361189706,0.8974650246756417,0.756908655166626,0.9458138261522565,-0.002608715556561947,0.994746242250715
242,1e-06,0.48302479298128204,0.4604901842624178,0.36097640064637965,0.48629784979273344,0.48381992049908185,1.0261552966806868,1.1085346224853703,1.0325811572765853,1.0169833227114622,0.7645606215770465,0.9474066781558199,-0.003427974003020443,1.0131096770320254,0.45883066739354816,0.43579106671469553,0.31849488615989685,0.47695148842675344,0.44538778918130056,0.92132054907935,0.706003018787929,0.952354201248714,0.8974636452538627,0.756894017968859,0.9458138261522565,-0.0026082501946283238,0.9947547997747149
243,1e-06,0.4805790340967564,0.4570006978127264,0.35249063064364733,0.4843711548289823,0.4810566226763415,1.024762757484936,1.1012656096000886,1.0315274317570973,1.015447903216587,0.7645639732014626,0.9473949261829906,-0.003079422821585972,1.011712260815161,0.4588278021131243,0.43578887837273733,0.31849596755845205,0.4769480696746281,0.44538547311510357,0.9213190504482814,0.7060045770236424,0.952352660042899,0.8974629725728717,0.756894017968859,0.9458138261522565,-0.0026057555805891752,0.9947354878698077
244,1e-06,0.48298214044072846,0.46212870648623855,0.3689041155701836,0.48708916516164846,0.4826776376761843,1.0256165986297927,1.103321220803981,1.0328154481501073,1.0158273246553209,0.7644011377372683,0.947218650222374,-0.003359022259395579,1.014079882252601,0.45882682715143475,0.4357868603297642,0.3184899262019566,0.4769470819405147,0.44538444706371855,0.9213174411228725,0.7060039980070931,0.9523505653653827,0.8974610992840358,0.756894017968859,0.9457845517567226,-0.0026048525469377637,0.9947447351046971
245,1e-06,0.48167876494095624,0.45805131142345745,0.35330225416653227,0.48549927813055815,0.48213737803242845,1.025314525036829,1.100686966548867,1.031986149347445,1.0161304605721329,0.7649265903725846,0.9477693038113717,-0.0034533129684070074,1.01064375065805,0.45882644397871836,0.4357840503965105,0.3184765194143568,0.4769468094621386,0.4453844853809902,0.9213158062526158,0.7060011199542454,0.9523497819900513,0.8974595069885254,0.7568793722561428,0.9457845517567226,-0.002605501894972154,0.9947721873010907
246,1e-06,0.481745076008595,0.4586302940197255,0.3563219332047993,0.4853232393829992,0.48234759815155515,1.025471438643753,1.096184588430847,1.0321149639880662,1.0164707681184173,0.7642047129956747,0.9472908379478572,-0.003500825019493218,1.0136786878139499,0.4588251369340079,0.4357810361044748,0.3184667612825121,0.47694539598056246,0.4453833188329424,0.9213143246514457,0.7060006601469857,0.9523482067244393,0.897458050932203,0.7568793722561428,0.9457845517567226,-0.0026056052052548955,0.9947864668709892
247,1e-06,0.48117750950245386,0.4576558357345954,0.35312980271521066,0.4852144732514346,0.48140873630658454,1.0251061933442256,1.0988638515784932,1.032136931031164,1.0156168423734198,0.764078792949487,0.9470172002263028,-0.003159831311108799,1.013359833606011,0.4588236766202109,0.4357786306313106,0.31845949377332416,0.47694415705544607,0.44538211822509766,0.9213129792894635,0.706000200339726,0.9523466314588275,0.8974567907197135,0.7568793722561428,0.9457845517567226,-0.0026054587381492767,0.9947962079729352
248,1e-06,0.4830355728002188,0.45894387358283606,0.35270700979495256,0.48638909333373603,0.4840263916142342,1.0254452816962707,1.0990221992981966,1.0313408551799659,1.017097070683471,0.7645337591705967,0.9475527403602463,-0.0032394569280380417,1.0128594386656957,0.4588225781917572,0.43577647634914946,0.31845270310129437,0.4769432076386043,0.44538108365876333,0.9213114721434457,0.7060001577649798,0.9523447581699916,0.8974547982215881,0.7568793722561428,0.9457845517567226,-0.0026050436343731625,0.9948063577924456
249,1e-06,0.48055398555761475,0.4562182685563458,0.34775124634465865,0.4850379226455552,0.48049685696241984,1.0251304587827117,1.1013115901124215,1.032000033628373,1.0157213990528402,0.7643524409561235,0.9477726602883932,-0.0032314304351812365,1.0113589939433858,0.45882185442107065,0.4357747605868748,0.31844689164842876,0.4769425817898342,0.44538032157080515,0.9213100160871234,0.705999323299953,0.9523432339940753,0.8974533677101135,0.7568793722561428,0.9457845517567226,-0.002604296281268554,0.9948107770511082
250,1e-06,0.480656782358778,0.45647665221936506,0.35012543494434034,0.4837610130424812,0.4819035049407713,1.0248499042976837,1.097572891637721,1.0313112054552351,1.0159646896478522,0.76384880850392,0.9475090824758097,-0.002971690683875994,1.0115485471514514,0.4588200662817274,0.43577217204230173,0.3184411185128348,0.47694059354918344,0.445378839969635,0.9213086111204964,0.7059983100209918,0.9523416757583618,0.8974524225507464,0.7568793722561428,0.9457845517567226,-0.0026035053056797813,0.9948093295097351
251,1e-06,0.4821032197031069,0.4600923767440208,0.36197796119095665,0.4861681398769189,0.48204237472931666,1.024692038725537,1.108695377280513,1.0308460882243533,1.0157377474196922,0.7643927363206714,0.947650107217946,-0.0032380835957399818,1.0125513600192189,0.4588181717055185,0.43576908111572266,0.3184332975319454,0.4769382561956133,0.4453775840146201,0.9213068996156965,0.7059960535594395,0.9523398791040693,0.8974508472851345,0.756894017968859,0.9457845517567226,-0.0026029304301898393,0.9948155794824872
252,1e-06,0.4840310101349172,0.46153935951815467,0.36201846627046436,0.4874844503323359,0.4846447865839683,1.0247912320551114,1.0968446361365467,1.0314333762075127,1.0157471868360708,0.7647704635591795,0.9472505524105984,-0.0031995338898512626,1.014108671387586,0.4588169753551483,0.43576752288000925,0.31843119859695435,0.4769365702356611,0.4453766218253544,0.9213054094995771,0.7059952531542096,0.9523381675992694,0.8974490932055882,0.756894017968859,0.9457845517567226,-0.002601757279730269,0.9948142170906067
253,1e-06,0.4837429967069406,0.4600507713285887,0.3563424522182115,0.48631242724851775,0.4854201950510526,1.0255755754354607,1.1015745137998891,1.0312746832813902,1.0173431365720687,0.764884626016944,0.9474049981776959,-0.0033840609779242853,1.0139071943206905,0.45881534474236624,0.4357650365148272,0.3184246378285544,0.47693493962287903,0.44537546379225595,0.9213037490844727,0.70599536384855,0.9523366604532514,0.8974480032920837,0.756894017968859,0.9457845517567226,-0.002600977330335549,0.9948206203324454
254,1e-06,0.4816981320556957,0.45728180680712005,0.35004845705632975,0.4846834789406502,0.48310122084629825,1.025638633884043,1.0961606733565812,1.0319625962043015,1.0169637539236593,0.7649450564286798,0.947598053410428,-0.0031364287772629347,1.0111747678890024,0.4588139057159424,0.4357629844120571,0.3184198226247515,0.47693360277584623,0.4453740928854261,0.9213020631245205,0.7059947337423053,0.9523353746959141,0.8974462492125375,0.756894017968859,0.9457845432417733,-0.002600011848179357,0.9948230045182365
255,1e-06,0.4817502136970262,0.45821281945589437,0.3543449091075081,0.48509844579088707,0.48264869006853256,1.025451283331596,1.0965040021228352,1.0311496084431044,1.0173843813381986,0.7649299537165007,0.9475829494469482,-0.0033826292404228763,1.010984120433659,0.4588134842259543,0.43576134954180035,0.31841284888131277,0.476933411189488,0.4453735181263515,0.9213005559785026,0.7059934990746635,0.9523338760648455,0.8974454317774091,0.756894017968859,0.9457845432417733,-0.0025998619218756047,0.9948392680713108
256,1e-06,0.4820050205625269,0.4597289792342608,0.3602818336416011,0.486261763147861,0.48180572909083175,1.0255376450293991,1.1002615615763667,1.03141273349844,1.017171629074593,0.7647738287647871,0.9474536917542898,-0.0032678942364882304,1.0121377964112555,0.4588128924369812,0.4357606087412153,0.3184109926223755,0.47693322811807903,0.44537264108657837,0.9212988529886518,0.7059929626328605,0.9523319346564156,0.8974432008607047,0.7568793722561428,0.9457845432417733,-0.002598558918439916,0.9948409625462123
257,1e-06,0.48254051018664607,0.45801566731179,0.34990614855588553,0.48591896764937875,0.4835831496389597,1.0253230434042702,1.098187507572262,1.031750326637604,1.0164668500820184,0.7645706962269511,0.9474822259291098,-0.0032969931730904216,1.0128615229055324,0.45881199836730957,0.43575919951711384,0.3184074376310621,0.47693243622779846,0.44537159374782015,0.9212971499988011,0.7059918471745082,0.9523298825536456,0.8974409529141018,0.7568793722561428,0.9457699060440063,-0.002597597643866071,0.9948451944759914
258,1e-06,0.4811612931783542,0.4573673160333726,0.35226626991004867,0.4846417444276004,0.481977272387718,1.024921481449422,1.1058387669061795,1.0314009927567982,1.0157444702620635,0.764313836953485,0.9475325823928903,-0.003025646855328871,1.0118215319991906,0.4588098866598947,0.43575594680649893,0.3183992845671518,0.4769299966948373,0.4453702824456351,0.9212957280022758,0.7059898206165859,0.9523282306534904,0.8974401439939227,0.7568793722561428,0.9457699060440063,-0.0025967085966840386,0.994845986366272
259,1e-06,0.4820750237762531,0.45751176807310295,0.34783971950572024,0.48678218125076217,0.4818424212126871,1.0250803737291236,1.089873001597444,1.0318492329004663,1.0161514855383362,0.7649215586784859,0.9473798169091122,-0.0032307604343057655,1.0119416582480614,0.45880823901721407,0.4357543672834124,0.31839811376162935,0.4769281106335776,0.4453689881733486,0.9212942378861564,0.7059898717062814,0.9523266809327262,0.8974389008113316,0.7568793722561428,0.9457699060440063,-0.0025953834410756826,0.9948393106460571
260,1e-06,0.48195572739921955,0.45793674014131047,0.3520166269797761,0.48530293121376955,0.48293980223608823,1.0254036058112406,1.098606520473072,1.0323295692145,1.0160377090305655,0.7648107560548915,0.9474570382514247,-0.003229004878377188,1.0118558287498467,0.4588062720639365,0.43575164675712585,0.3183931154864175,0.476925790309906,0.44536703399249483,0.9212926200457981,0.7059893012046814,0.9523251397269112,0.8974370360374451,0.756894017968859,0.9457699060440063,-0.0025944430879982455,0.9948362963540214
261,1e-06,0.48255040782326863,0.45858029030068864,0.3514081115638422,0.4872850546822204,0.48218712242700723,1.024773782482528,1.1003328901770417,1.0315466754813714,1.0154821826931884,0.7644531754915127,0.9474402537299497,-0.0034656661872108714,1.0133160646915191,0.4588048202650888,0.435748245034899,0.3183819907052176,0.47692389147622244,0.4453663187367575,0.921291104384831,0.7059873938560486,0.9523234622819083,0.897435622555869,0.7568647606032235,0.9457552603312901,-0.0025946504403171794,0.9948527983256749
262,1e-06,0.48301564478227194,0.4610817863644543,0.3628852875856516,0.4874700964015994,0.4825655806693308,1.0254549536409587,1.1034774803468281,1.032857788933648,1.015451467226422,0.7645941955946801,0.947384857911668,-0.003527454095899761,1.0141100512366386,0.4588050629411425,0.4357459545135498,0.3183675578662327,0.47692504950932096,0.44536636982645306,0.9212898186274937,0.7059863550322396,0.9523223893983024,0.8974340302603585,0.7568501148905072,0.9457552603312901,-0.0025957701062517507,0.9948845761162894
263,1e-06,0.4828795427947672,0.46080756918381743,0.3636632920440746,0.4857752123400302,0.483957660698732,1.0260105708044611,1.104753079563303,1.032270647779954,1.0171258304891864,0.7650290016815471,0.9476148451345124,-0.003334544861095033,1.0124638398610442,0.45880464570862906,0.43574375765664236,0.31835731863975525,0.4769251687186105,0.44536565031324116,0.9212886691093445,0.7059866615704128,0.9523208822522845,0.8974332213401794,0.7568501148905072,0.9457552603312901,-0.0025959021045959423,0.9949036581175668
264,1e-06,0.48295602222253164,0.45791524905030445,0.3467558424288471,0.4871424368358061,0.4833095211037842,1.025932364749469,1.0987343657523378,1.0327189459717707,1.016718974555387,0.764931629971242,0.9471833898175147,-0.0029423820547267404,1.0137560085888955,0.4588035728250231,0.4357421738760812,0.3183530143329075,0.4769245045525687,0.445364385843277,0.9212869235447475,0.7059870362281799,0.9523195709500994,0.8974316460745675,0.7568501148905072,0.9457552603312901,-0.0025946246460080147,0.9949058720043727
265,1e-06,0.4816610098983835,0.4579433917510955,0.3520721985600389,0.4861821610379451,0.4814595426892966,1.0255028723571706,1.1034271699370204,1.032334356813387,1.016073854471315,0.7645941911693481,0.9475460200509962,-0.003318951438246433,1.012851574575968,0.4588019847869873,0.43574092217854093,0.3183529589857374,0.47692290374210905,0.44536291701453073,0.921285263129643,0.7059874194008964,0.9523175614220756,0.8974301474434989,0.7568501148905072,0.9457552603312901,-0.0025920861433925374,0.9948952964373997
266,1e-06,0.48297791217329317,0.4591856279924962,0.35365607896586043,0.4868722959963774,0.48339420743191236,1.0256554718452175,1.1017390990708953,1.0317306873191643,1.017043968682648,0.7645589340300787,0.9476265994268263,-0.0028379599687494805,1.0132701901735188,0.45880013704299927,0.43573932136808124,0.31835272908210754,0.4769210049084255,0.44536090748650686,0.9212835345949445,0.7059877855437142,0.9523158669471741,0.8974283507892064,0.7568501148905072,0.9457552603312901,-0.0025906789815053344,0.9948819960866656
267,1e-06,0.482841495849875,0.4591804950956314,0.35483998026654956,0.4861378722842754,0.4838118611911719,1.0254002855914224,1.1029112166889619,1.0319059824125618,1.0163109331209113,0.7649215636531695,0.9473915729715588,-0.0034684421279058968,1.0125869124349545,0.4587996644633157,0.4357379674911499,0.318347121988024,0.4769209069865091,0.4453602433204651,0.9212822147778102,0.7059871639524188,0.9523137637547084,0.8974268180983407,0.7568354776927403,0.9457552603312901,-0.0025899866595864296,0.9948888846806118
268,1e-06,0.4812305134440225,0.4554941102412195,0.34150095667768243,0.48529157800913714,0.4818270713380832,1.0245521621586906,1.0929923066712013,1.0309149416299948,1.0159082763083946,0.7651666595700211,0.9477793764469872,-0.0030520856990853273,1.0102718808500815,0.45879921317100525,0.43573432309286936,0.31832991327558247,0.4769207920346941,0.445359753710883,0.9212808098111834,0.7059846094676426,0.9523129463195801,0.8974252768925258,0.7568354776927403,0.9457552603312901,-0.0025913071918434332,0.9949216842651367
269,1e-06,0.481744446115987,0.45824745677400114,0.35405269741279555,0.48556676868652604,0.48217842457420207,1.0259817615265854,1.1043119276723554,1.031906304332579,1.0174460206590916,0.7639646482540898,0.9475275562533463,-0.0030050216632748774,1.012928806691675,0.45879651818956646,0.4357317090034485,0.3183272693838392,0.47691800338881357,0.4453574504171099,0.9212791323661804,0.705984081540789,0.9523108942168099,0.8974241614341736,0.7568354776927403,0.9457552603312901,-0.002589765004813671,0.9949138079370771
270,1e-06,0.48266537447068486,0.4599437986620255,0.358907082579225,0.4866277713746336,0.48282829334475846,1.0251895060187661,1.0996438433314615,1.0313408913456106,1.016556080859927,0.7642869824515937,0.947154865653101,-0.0032945461310131528,1.0142677844455776,0.45879484925951275,0.4357286010469709,0.31831903542791096,0.4769157256398882,0.4453563817909786,0.921277676309858,0.7059838856969561,0.9523089442934308,0.8974224839891706,0.7568208234650748,0.9457552603312901,-0.0025894840114883016,0.9949248433113098
271,1e-06,0.4837286915158957,0.45947864488400497,0.3530763325725405,0.4865981937370359,0.48521422998025,1.0261147456540245,1.100725101740984,1.0323079364518295,1.0174345523042674,0.7646143405912353,0.9475997488314349,-0.0031323736191131613,1.0143766446230782,0.45879351666995455,0.43572754093578886,0.3183188779013498,0.47691438453538076,0.44535518118313383,0.9212760499545506,0.7059842773846218,0.9523076244762966,0.8974213089261737,0.7568208234650748,0.9457552603312901,-0.0025880596367642283,0.9949190276009696
272,1e-06,0.48227831561078305,0.45920479352573096,0.3573062055182957,0.48563413682865353,0.483088266251335,1.0257356470203742,1.0914336243960043,1.0324857584098273,1.0167956278987011,0.7643625212216218,0.947363032601274,-0.003463694880220799,1.012482083338197,0.4587934102330889,0.4357261913163321,0.31831240228244234,0.47691475067819866,0.4453544318675995,0.9212745938982282,0.7059835961886815,0.9523060321807861,0.8974196229662214,0.7568208234650748,0.9457406231335231,-0.0025882303348875473,0.9949322428022113
273,1e-06,0.48238492195141114,0.4582746426264445,0.35160018261798637,0.4860788721093384,0.48305053910535234,1.0250515313375563,1.0983012958605718,1.0313728749904643,1.016288590138226,0.7648141148208778,0.9475879905105431,-0.0034030368260722617,1.0123988120786604,0.4587923160621098,0.4357228023665292,0.3182991700513022,0.4769138012613569,0.4453535633427756,0.921273240021297,0.7059827276638576,0.9523045761244637,0.8974175538335528,0.7568062118121556,0.9457406231335231,-0.002588618064432272,0.9949513333184379
274,1e-06,0.4824255051456594,0.4588829422998111,0.3554847610039523,0.4853064449579363,0.4837758874685656,1.0246099834862088,1.102165934493831,1.0309719016352985,1.0156626940017717,0.764856092360956,0.947220343690131,-0.0030773151845347444,1.013086959391573,0.4587905321802412,0.43572045649800983,0.31829378434589933,0.47691205569675993,0.44535221798079355,0.9212715200015477,0.7059813397271293,0.9523034691810608,0.8974157571792603,0.7568354862076896,0.9457406231335231,-0.0025877246599910514,0.9949497835976737
275,1e-06,0.48114146682096637,0.45754136071105034,0.35364342926101566,0.4842640800288074,0.4822687583279744,1.0242853035270039,1.1012703253559986,1.0298937977245388,1.0161106677404503,0.7642701830060679,0.9473714201925232,-0.002880275496975526,1.0126527851200446,0.4587889611721039,0.4357180254799979,0.31828773021698,0.47691053577831816,0.4453506427151816,0.9212698340415955,0.7059812545776367,0.9523014000483921,0.8974145991461617,0.7568354862076896,0.9457406231335231,-0.002586999991243439,0.9949512822287423
276,1e-06,0.48326607226287777,0.4584027901253698,0.3498231483097877,0.48572030086671153,0.48526000659159374,1.025153161315996,1.099823204236829,1.0316899525344037,1.0161274450898354,0.7646731020118783,0.9470910761091444,-0.003470676516207041,1.014057423784009,0.45878781165395466,0.43571706329073223,0.31828819853918894,0.47690923724855694,0.44534931012562345,0.921268207686288,0.7059812801224845,0.9522991010120937,0.8974131005150932,0.7568354862076896,0.9457406231335231,-0.0025850984301151974,0.9949388078280857
277,1e-06,0.4828847583385229,0.4594829034268154,0.35642161805142636,0.48601522773153283,0.4839698728297957,1.0245651185237867,1.1034956376368243,1.0310568233300526,1.0154424995809594,0.7643121516649625,0.9474788686585804,-0.002889686526851781,1.0144126562967217,0.4587859639099666,0.43571542842047556,0.3182867041655949,0.4769075725759779,0.44534764119556974,0.9212666579655239,0.7059815866606576,0.9522971170289176,0.897412291594914,0.7568062032972064,0.9457406231335231,-0.00258372156947319,0.994928240776062
278,1e-06,0.4818893664474067,0.4586963878493399,0.3559672783276269,0.48555052881660793,0.48242554280676114,1.025222323182541,1.0980651475683703,1.0323642841132554,1.0156522790285727,0.7645169630516998,0.9476047725294164,-0.0028985614892661844,1.0121513518442329,0.45878575103623526,0.4357134359223502,0.3182768906865801,0.47690767475536894,0.44534740277699064,0.921265287058694,0.7059797048568726,0.952295754637037,0.8974105971200126,0.7568062032972064,0.9457406231335231,-0.002584110529694174,0.9949456197874886
279,1e-06,0.4833508242537776,0.45930602498012996,0.3531204006394788,0.48684575868397567,0.4841968550843211,1.026065835449797,1.1026848215844407,1.0321850322541737,1.0173927372196547,0.7643121578299078,0.9475443472144425,-0.003285039112084396,1.013188767665115,0.4587855466774532,0.43571268234934124,0.3182734634195055,0.4769079600061689,0.44534668752125334,0.9212637543678284,0.7059793387140546,0.9522942730358669,0.8974090814590454,0.7567915660994393,0.9457406231335231,-0.0025836563103699257,0.9949534705707005
280,1e-06,0.48267044309341656,0.4594092685261935,0.3564521479823317,0.4862720764452411,0.4832759945440219,1.0251864080726947,1.0976596372712286,1.032007846109573,1.015949311344305,0.7639361012915862,0.947267333117132,-0.0033082124468127977,1.0132774295894782,0.4587840139865875,0.43571100916181293,0.31827074715069364,0.4769065124647958,0.4453453379017966,0.9212621961321149,0.7059797389166695,0.9522923656872341,0.8974078127316066,0.7567915660994393,0.9457406231335231,-0.0025821266629334006,0.9949504137039185
281,1e-06,0.48270452336903663,0.4586685957721851,0.352544253605241,0.4861770614378891,0.48357070774160404,1.0247677583237886,1.096069611803544,1.0321975206632952,1.0149612250049727,0.763776622792726,0.9472018614281646,-0.0033116829386042957,1.014291753936168,0.45878303050994873,0.43570874418531147,0.31826295597212656,0.4769056439399719,0.44534443957465036,0.9212604420525687,0.7059786915779114,0.9522906201226371,0.8974057265690395,0.7567915660994393,0.9457259859357562,-0.0025817526205043706,0.9949621047292437
282,1e-06,0.4825120145579942,0.4597948175238391,0.35836171908556835,0.4868689576937367,0.48229329160586787,1.025049845194487,1.0991776507754114,1.0322067404916453,1.0154219132109417,0.7649282685500564,0.9475963819777727,-0.0032523653765160854,1.012785258442087,0.4587818000997816,0.43570670059749056,0.31825774908065796,0.47690429432051523,0.44534333263124737,0.9212589519364494,0.7059779507773263,0.9522894876343864,0.8974042960575649,0.7567915660994393,0.9457259859357562,-0.00258084005742733,0.9949669071606227
283,1e-06,0.48119143446591717,0.4576523926584036,0.35384117975579243,0.48447904390551405,0.4821487632978286,1.025932523206876,1.1041622972463987,1.0318201763228276,1.0174371873300867,0.7645723725427314,0.9476450670394174,-0.00326590577480934,1.0114765676912503,0.45878019503184725,0.43570531266076223,0.3182575872966221,0.4769024465765272,0.4453419063772474,0.921257095677512,0.7059782828603473,0.9522875036512103,0.8974024227687291,0.7567915660994393,0.9457113742828369,-0.0025788937928155065,0.9949611510549273
284,1e-06,0.48156674216175716,0.45785583672435604,0.3534100560945422,0.48476109177225135,0.48264426604882305,1.0246217676571436,1.092182907213386,1.0310631040664924,1.0159284256997623,0.7649114819227337,0.9479455747667851,-0.0032525352372001536,1.0108828264752596,0.4587780364922115,0.43570136598178316,0.3182453513145447,0.4769003561564854,0.44534037368638174,0.921255784375327,0.705978410584586,0.9522862434387207,0.8974013924598694,0.7567769289016724,0.9457113742828369,-0.002578522694031043,0.9949745535850525
285,1e-06,0.48134700924203877,0.4575774638669892,0.3529846810617022,0.48444347145370625,0.48252926309842425,1.0247702096830682,1.1026751200358074,1.0310744809542811,1.0158689405389523,0.7646428784894381,0.9472723760729378,-0.003514820039467824,1.0124330258161913,0.4587764825139727,0.43569861565317425,0.3182374324117388,0.47689888732773916,0.44533894317490713,0.9212545156478882,0.7059781721660069,0.9522848299571446,0.8974002940314156,0.7567769289016724,0.9457259859357562,-0.002577940883514072,0.9949824299131121
286,1e-06,0.4823519927656962,0.46007859786229444,0.3616037642229415,0.4856958985481272,0.4830329794488195,1.0259282362198623,1.0976269536914425,1.0331514866243432,1.0163149358490096,0.7646109790479716,0.9474805472938451,-0.0032206325583385006,1.0124819529892783,0.4587740514959608,0.4356962186949594,0.31823683210781645,0.4768954430307661,0.4453370954309191,0.9212527189935956,0.7059772440365383,0.9522827863693237,0.8973981397492545,0.7567915746143886,0.9457406316484723,-0.0025758915747116718,0.9949683632169452
287,1e-06,0.48310031118114605,0.46054876862399957,0.36013495590951705,0.48715956346596806,0.48313995362609946,1.025794415674146,1.101656662917296,1.0320146701241908,1.017045573704803,0.7633988870697881,0.9469802683277492,-0.00362623820719879,1.0155615007883454,0.45877190998622347,0.4356927786554609,0.31822784883635385,0.47689312270709444,0.44533551590783255,0.9212506668908256,0.7059754303523472,0.9522810918944222,0.897396274975368,0.7567915746143886,0.9457406316484723,-0.0025759287444608553,0.9949771676744733
288,1e-06,0.4811043358435096,0.45808380366104173,0.3571159503762684,0.48379062046714155,0.4825509948969742,1.025009452472634,1.1022458428062052,1.031009442917335,1.0164347456103402,0.764960173790234,0.947668573213002,-0.003020081854116837,1.0103910643201086,0.4587704496724265,0.4356898324830191,0.31821861437388826,0.4768915091242109,0.44533444728170124,0.9212491171700614,0.7059734037944249,0.9522795251437596,0.8973948104040963,0.7568061862673078,0.9457406316484723,-0.0025757940685642616,0.9949873515537807
289,1e-06,0.4820904184993084,0.4575473493755749,0.3488833271596472,0.4859216976977591,0.4826994471011623,1.0251230660976658,1.1008974195625376,1.0324252086056847,1.0152949614825153,0.7641459536503598,0.9474704803348625,-0.0033377260305008888,1.0126549788639598,0.45877014313425335,0.4356885254383087,0.3182121813297272,0.4768916836806706,0.4453340939113072,0.921247661113739,0.7059716411999294,0.9522781712668282,0.897393354347774,0.7568061862673078,0.9457552773611886,-0.0025759227573871613,0.995000387941088
290,1e-06,0.48327746489874474,0.4609720784764502,0.3619483381708158,0.4870132598520485,0.4835858976175647,1.0245146713254394,1.1028538170498088,1.0310303032306665,1.0153876647727036,0.7637917345997253,0.9471599031764303,-0.003491039128704173,1.0148276053693315,0.4587672693388803,0.43568640521594454,0.3182154595851898,0.4768877795764378,0.44533135635512217,0.9212454898016793,0.705971394266401,0.9522749100412641,0.8973917194775173,0.7568061862673078,0.9457552773611886,-0.0025728213866906507,0.9949770144053868
291,1e-06,0.4822631702933382,0.4600568365818772,0.36254741118708694,0.48496127676426665,0.48355570034192147,1.0248505990748153,1.103014798452472,1.0308225878494799,1.0162731455157368,0.7641812004740276,0.9474939812285682,-0.003211098493620967,1.014267910887996,0.4587646467345102,0.43568397419793264,0.3182137055056436,0.47688473548207966,0.44532952989850727,0.921244033745357,0.7059714794158936,0.9522731219019208,0.8973900505474636,0.756820831980024,0.9457552773611886,-0.002571240732712405,0.9949687889644078
292,1e-06,0.48172729807637377,0.45867285353674747,0.35704434169785404,0.48490388449558036,0.4827067876741084,1.0252699007819508,1.0987402192763773,1.0320383592928855,1.016052471877243,0.763971362306836,0.9474738288462864,-0.0029698019590719015,1.0132820669712315,0.4587632971150534,0.43568328448704313,0.318216221673148,0.47688316873141695,0.44532812918935505,0.9212422370910645,0.7059714283261981,0.952271214553288,0.8973885774612427,0.7568354776927403,0.9457552773611886,-0.0025690449734351467,0.9949564508029393
293,1e-06,0.482264977873623,0.45777186655229135,0.34969018771290716,0.4857453897679334,0.48320375859767917,1.0251682615255735,1.1023985458165027,1.0311992509634875,1.016562786580841,0.7643641997958475,0.9470390215386383,-0.0033662223465277166,1.0133562493312072,0.4587621901716505,0.43568170070648193,0.31821283272334505,0.4768821724823543,0.4453267625399998,0.9212406958852496,0.7059713857514518,0.9522695200783866,0.8973873683384487,0.7568354776927403,0.9457552773611886,-0.0025678324579660383,0.9949549692017692
294,1e-06,0.4814892944713403,0.4576456570893877,0.3532004492196192,0.48414559966774395,0.48310919962842463,1.0241126614964686,1.1011713230176516,1.0304956239001053,1.0151611120958421,0.7646277697649114,0.9475544196364212,-0.0033917337626455323,1.0126283273169523,0.45876122798238483,0.43568004029137747,0.31820710216249737,0.47688177653721403,0.445325710943767,0.9212391631943839,0.7059708748544965,0.9522683279854911,0.897386372089386,0.7568501234054565,0.9457552773611886,-0.002566996662478362,0.9949582730020795
295,1e-06,0.4814423749035466,0.4571442361434667,0.35018129206533866,0.48464976277829924,0.48261031345166244,1.0258171414633135,1.102653298967628,1.0316004236722323,1.0174727951692912,0.763622178032773,0.9472874897416286,-0.003331945102263187,1.0129894605063805,0.4587596995489938,0.4356782351221357,0.31820387073925566,0.47688031622341703,0.44532427191734314,0.9212375112942287,0.705970823764801,0.9522665143013,0.8973845328603473,0.7568501234054565,0.9457552773611886,-0.0025655616274369614,0.9949546371187482
296,1e-06,0.48187676410887464,0.45911640566675954,0.35741836961055495,0.48631052780444356,0.4815915687781264,1.0250659321005138,1.0995409670879581,1.0313283189772582,1.0163209896727337,0.7643826693006497,0.9474352144975267,-0.0031850311074919017,1.0122450309659174,0.4587580306189401,0.4356755018234253,0.3181974674974169,0.47687823857579914,0.44532295635768343,0.9212359360286168,0.705970653465816,0.9522645473480225,0.8973832981927055,0.7568647606032235,0.9457552773611886,-0.0025646635331213474,0.9949568084308079
297,1e-06,0.48292864601977104,0.45929388318132636,0.35446947779462573,0.4867910596876345,0.48334818999094653,1.0251187874119647,1.0928325030477732,1.03148217507649,1.01649819303035,0.7642752284339557,0.947228730701509,-0.0034052419345191676,1.013763096048108,0.4587551823684147,0.4356716700962612,0.31818990622247967,0.47687467081206186,0.44532112990106854,0.92123430115836,0.7059696061270577,0.9522628273282733,0.8973813908440726,0.7568647606032235,0.9457552773611886,-0.0025635446654632688,0.9949574555669513
298,1e-06,0.4811420908538244,0.4563764421621226,0.3479589500521246,0.4838378873624621,0.4828856792959017,1.0246349015848732,1.095286760370486,1.0310833243852509,1.0158314573661034,0.7643188682813493,0.9474201110528788,-0.0030638866767447484,1.0120950524341858,0.4587532239300864,0.4356697457177298,0.31818830966949463,0.47687243138040813,0.4453195035457611,0.9212328110422406,0.7059703469276428,0.9522612265178135,0.8973797304289681,0.7568501234054565,0.9457699230739048,-0.0025620434399960296,0.994948957647596
299,1e-06,0.4822068326423184,0.4574796480822429,0.3491761880658311,0.48495008465698053,0.48389785990492845,1.0261240349753478,1.1020569723810956,1.0322930577224911,1.0174238518208525,0.7637766124771244,0.9472572646932118,-0.0033748191384349686,1.0145690259845574,0.4587520403521402,0.4356681023325239,0.3181844779423305,0.476871452161244,0.44531827313559397,0.9212310825075422,0.705970687525613,0.9522591573851449,0.8973786234855652,0.7568647606032235,0.9457699230739048,-0.0025609473564795087,0.9949494429997036
300,1e-06,0.4813640678289055,0.45730484749681205,0.35201979643310943,0.48394520424355986,0.48309429929125813,1.0251197452979763,1.098922257293998,1.0310125966836292,1.0167669121326695,0.7646109784070614,0.9474352202351985,-0.003340934012209185,1.0121176986284153,0.4587502862725939,0.4356658032962254,0.31817977343286785,0.4768693617412022,0.44531715341976713,0.9212294050625393,0.7059692059244428,0.952257011617933,0.8973766395023891,0.7568793978009906,0.9457699230739048,-0.002559976203234068,0.9949472035680499
