epoch,learning_rate,train_total_nll,train_selection_score,train_market_nll,train_sector_nll,train_idio_nll,train_mse,train_market_mse,train_sector_mse,train_idio_mse,train_coverage_68,train_coverage_95,train_standardized_residual_mean,train_standardized_residual_std,val_total_nll,val_selection_score,val_market_nll,val_sector_nll,val_idio_nll,val_mse,val_market_mse,val_sector_mse,val_idio_mse,val_coverage_68,val_coverage_95,val_standardized_residual_mean,val_standardized_residual_std
1,0.0001,0.5765556709482036,0.5893933612529613,0.6390663013224079,0.5813591230320918,0.5696684599437395,1.104162350771431,1.1923093433580847,1.1139607988559292,1.0914254945095205,0.7468880771368308,0.9382091918251544,-0.0019370908172312608,1.0849374235480524,0.49344884497778757,0.4720266716820853,0.3611603421824319,0.5120123241628919,0.47929480246135164,0.9614318183490208,0.7216733353478568,0.9939639483179364,0.936891394002097,0.752444360937391,0.9445403899465289,-0.001141432306862303,1.0054467746189661
2,0.0001,0.5715142302717702,0.5824336522795095,0.624637750519718,0.5756439549081466,0.5656137469164823,1.0969887090192507,1.1884527967481824,1.1057098222563735,1.0852187371421234,0.7482858982461887,0.9393221433266908,-0.001433829322087398,1.078566781585434,0.4912672596318381,0.46990840775626047,0.3595383252416338,0.509616128035954,0.4773089161940983,0.9585152268409729,0.7193752612386431,0.9908345767429897,0.9341672488621303,0.7540251782962254,0.9449648601668221,-0.00033350554960114617,1.0026054382324219
3,0.0001,0.5701609133258744,0.5796994466236072,0.6156766037971859,0.574613571552991,0.5641910983978319,1.0952645498420892,1.1819287369653977,1.1044820268863096,1.0831581387272797,0.7498659669420106,0.9393504506436413,-0.0006959404424687318,1.0774386901181257,0.48941553064755033,0.46812204803739277,0.3581866834844862,0.5076156641755786,0.4755895904132298,0.9560261624200004,0.7174089125224522,0.9881994553974697,0.9318065813609532,0.7553278463227409,0.9453161699431283,0.00024154865449028357,1.0002077988215856
4,0.0001,0.5672009719492485,0.5799435139088391,0.6296850391741514,0.5715536015521367,0.5607656759631614,1.091969866914744,1.1851632898071298,1.100114951504287,1.0807182895641871,0.7514318845687656,0.939635329032935,-0.0009299273888770987,1.0745721657213108,0.48780993052891325,0.46659092392240253,0.3570962165083204,0.5058930686541966,0.4740837812423706,0.953858767236982,0.7158227988651821,0.9859149966921125,0.9297376871109009,0.7563524501664298,0.9455796224730355,0.0007492514393691506,0.9980821524347577
5,0.0001,0.5638972968586831,0.5743118996274066,0.6139105725822356,0.5684574625650356,0.5576701595920907,1.088524975007248,1.1726206380228577,1.0963456349892675,1.0779010618434233,0.7529464854913599,0.9402670044868107,0.0006625641942028252,1.0702614364467051,0.48644944599696566,0.46529278584889006,0.3561575710773468,0.5044434368610382,0.47279842836516245,0.9520065614155361,0.7144123826708112,0.9839849131447929,0.9279476744788033,0.757391699722835,0.9460187298910958,0.0011508614323767169,0.9961886746542794
6,0.0001,0.5625518914563425,0.5732352020800983,0.6133629166944826,0.5676978364289289,0.5557122855847807,1.0857881279295352,1.1736412990176863,1.09465026244304,1.0739974023455616,0.7537551000834927,0.940406783297457,0.000570436577220672,1.0691832542676767,0.4852260266031538,0.46413771169526236,0.3553681969642639,0.503149002790451,0.47163184200014385,0.9503516895430428,0.713238707610539,0.9822732039860317,0.9263340745653424,0.7576112406594413,0.9462382623127529,0.001419945520215801,0.9945838451385498
7,0.0001,0.5607175166968456,0.5708472118851178,0.6100760002234017,0.5644753795665982,0.5553143846300314,1.0821737135929863,1.1688417752755376,1.0908971491595956,1.0705612742830082,0.7548061163761265,0.9408880571899578,0.0005702238186077591,1.0667574907468578,0.48416326301438467,0.4631333521434239,0.354662618466786,0.502039590052196,0.4706034106867654,0.9489021897315979,0.712157700742994,0.9807870473180499,0.9249088253293719,0.7582552688462394,0.9465310062680926,0.0015998175066280445,0.9931057010378156
8,0.0001,0.5574116230782984,0.5669661805363391,0.6029125333990333,0.5619585331362514,0.5513479790363323,1.079783938925651,1.1688080473455686,1.0875936446804906,1.069006648375032,0.7555864220429805,0.9412189234416033,0.0013788242669071434,1.0640324697710666,0.4832638331821987,0.4622882604598999,0.3540858158043453,0.5011049423898969,0.46972876361438204,0.9476553286824908,0.7112950938088554,0.9795133726937431,0.923676039491381,0.7588846853801182,0.9466334921973092,0.0017277992280599261,0.9918195009231567
9,0.0001,0.5554818539959124,0.5650347115474975,0.6002099922844608,0.5607544612511389,0.5487182304721488,1.078544090968882,1.164883103746372,1.0877794027971823,1.0664307561618087,0.7565401231219687,0.9415480505435838,0.0004984352238078215,1.0618780277512618,0.4824224753039224,0.4614981710910797,0.3535459680216653,0.5002331222806659,0.4689080033983503,0.9464889764785767,0.7104366251400539,0.9783228976385934,0.9225236943789891,0.7594408648354667,0.9467798641749791,0.0018938940151461533,0.9905966350010463
10,0.0001,0.553502552360055,0.5631948700159611,0.5994267939105912,0.5583361162408519,0.5471381345634131,1.0761699117458774,1.162787116416647,1.0839614845647467,1.0654908011426685,0.7577043844118545,0.9418559202424783,0.000871334824292919,1.059552159813759,0.4816506164414542,0.46076828241348267,0.3530376596110208,0.49942126870155334,0.46816701548440115,0.9454149603843689,0.7097287007740566,0.9772148302623204,0.921471118927002,0.7598067692347935,0.9469701222011021,0.0020616178932998863,0.9895606977599007
11,0.0001,0.5545197347017217,0.5657714435813623,0.6086748752218288,0.5593309344244338,0.5479032877517017,1.0753677252879095,1.1709101305931757,1.0840577987870588,1.063492690815645,0.7581821228128732,0.941847074630128,0.0008887973336600414,1.0593665564182444,0.48094286237444195,0.46010512113571167,0.35257819294929504,0.49870087844984873,0.46746342948504854,0.9444162760462079,0.7090682557650975,0.9762056044169835,0.9204715830939156,0.7601727162088666,0.9471750599997384,0.0021743763437760727,0.9885846546718052
12,0.0001,0.5522052432740628,0.5635713549864595,0.6073091923064692,0.5566869144882309,0.5458868675404346,1.0738904734784953,1.1604236834639803,1.0816915169704044,1.0632048497892237,0.7585625441345857,0.9418346856454869,0.0014465894280941388,1.057794436788276,0.48027728285108295,0.45947871463639395,0.35214325359889437,0.49801147409847807,0.4668143902506147,0.9434904626437596,0.7084620935576302,0.9752758911677769,0.9195392387253898,0.7607581956045968,0.9473653520856585,0.0022493644750544,0.9876478740147182
13,0.0001,0.5502279378308905,0.5606156185357813,0.5994849826475124,0.5553721982083061,0.5434416682412672,1.0718996492644226,1.1560982009622127,1.0810192586664116,1.0599736322664404,0.7590208209918373,0.9423318853651068,0.001214300061594162,1.0554098922757285,0.47967634882245747,0.4589182138442993,0.3517723338944571,0.49739459582737516,0.46622141769954134,0.9426389081137521,0.7078445298331124,0.9744251625878471,0.9186791862760272,0.7612705060413906,0.9475995217050824,0.0022073747656707254,0.9867727756500244
14,0.0001,0.5495313044760076,0.5592022076594914,0.5956943496715938,0.5540311258352582,0.543492577362884,1.0710019921201406,1.1630285771807913,1.0792746201632026,1.0596618443904409,0.7597621943071863,0.9422646510363011,0.0014335619988969362,1.0545090822290872,0.47912306019238066,0.4584064483642578,0.35144894889422823,0.4968301270689283,0.4656719905989511,0.9418426666940961,0.7073269316128322,0.9736387814794268,0.9178638628550938,0.7615632499967303,0.9477898223059518,0.0021518331819346975,0.9859370844704765
15,0.0001,0.5492965654785158,0.5589665571097998,0.5955902709069281,0.5536673663116698,0.5433827235900706,1.0691506976188354,1.1601203092355312,1.0763851639649318,1.058884009855603,0.7598524320723878,0.9428113986206775,0.0013349157593706075,1.0544970689499242,0.4785926043987274,0.4579363082136427,0.35124737875802176,0.49628895095416475,0.46514116866247995,0.9410952499934605,0.707020470074245,0.9728968143463135,0.917096129485539,0.7619584287915911,0.947862982749939,0.002147442461656673,0.9851494686944144
16,0.0001,0.5474042463997411,0.5562539207118302,0.5893877075610132,0.5517682456288283,0.5416408266431888,1.0686311003200697,1.1560843319617538,1.076053297976449,1.0582939544627297,0.7606592755734567,0.9428927795473975,0.001166239707967939,1.0521878237603357,0.47809805614607676,0.4574808818953378,0.35097297600337435,0.4957806553159441,0.46465313008853365,0.940400208745684,0.7065660357475281,0.9722059369087219,0.9163882987839835,0.7623682618141174,0.9479508229664394,0.002105906472674438,0.9844406587736947
17,0.0001,0.5478679538577297,0.5570481215627272,0.5911663428745074,0.5526352954824358,0.541657322751337,1.0675410431781076,1.1526260882921626,1.0763371687802636,1.0559087603142374,0.7614024214273649,0.9427706985555979,0.0014673122307873711,1.0526400927074266,0.47764893089021954,0.45707104887281147,0.35075068899563383,0.49531278014183044,0.4642150231770107,0.9397560358047485,0.7061591063226972,0.9715558631079537,0.915742746421269,0.7627195630754743,0.9480240174702236,0.002072242254923497,0.9837469032832554
18,0.0001,0.5465923777092359,0.5543418111379123,0.5834506078468936,0.5503240070404778,0.54163226287428,1.0667007556170047,1.1533942981726146,1.0743820449820867,1.0561295978712895,0.7613086390675433,0.9430661830333394,0.0017625039495644348,1.0507905155146888,0.477229152406965,0.45667409896850586,0.3504734081881387,0.49487199102129253,0.4638114188398634,0.9391458630561829,0.7057237454823085,0.9709281665938241,0.9151442050933838,0.7630123155457633,0.9480679120336261,0.0021038471521543606,0.9831414989062718
19,0.0001,0.5445393139262232,0.5528776715783512,0.5847022094664802,0.5480763532635462,0.539663519527355,1.064509722263956,1.1564394293510778,1.072347221796537,1.0536079941989922,0.7616802177683959,0.9433298288843018,0.001754939565671275,1.04843870221893,0.47683474847248625,0.4563052909714835,0.35020815474646433,0.4944829685347421,0.4634072354861668,0.9385721002306256,0.7052455374172756,0.9703671080725533,0.9145542808941433,0.7630854589598519,0.9481996382985797,0.0019951303422983202,0.9825168677738735
20,0.0001,0.545070948082244,0.5537030853841733,0.586266864909395,0.5490956018245098,0.539672988334734,1.0642038813746433,1.156207914360137,1.0721356098033001,1.0532054423771224,0.7625967655964175,0.9435651558705169,0.0012910093519589384,1.0490196335978335,0.47645443252154757,0.45597417439733234,0.35009534869875225,0.4940942483288901,0.4630265917096819,0.9380229966981071,0.7050535253116063,0.9698219554764884,0.9139898078782218,0.7632903967584882,0.9481996638434274,0.0019176675206316368,0.9818867189543588
21,0.0001,0.5428637490038349,0.5518391724862862,0.5855990436935322,0.5471422612120252,0.5371607258650527,1.0625348635062102,1.152231605839099,1.06994626686757,1.052133789817771,0.7628710183721584,0.9436129249564005,0.0012298910627297401,1.0466792505622489,0.47607765453202383,0.4556411845343454,0.3499725077833448,0.4936950462205069,0.46266388467379976,0.93748220375606,0.7048587373324803,0.9692814179829189,0.9134379540170942,0.763773398739951,0.9482435669217791,0.0019350619321422918,0.9813099333218166
22,0.0001,0.5431123233073091,0.5509432661681322,0.5812770500417278,0.5460105785085778,0.5389418799814121,1.0612399130335899,1.1558752855415673,1.068209973078963,1.0511154260625082,0.7630691919465742,0.943821719190718,0.000943574272860113,1.0474731994846096,0.47572335600852966,0.4553284730230059,0.34985257046563284,0.4933265915938786,0.46231552958488464,0.9369654059410095,0.7046356116022382,0.9687593153544835,0.9129153404917035,0.7639929822513035,0.9483021242277963,0.0019343959699784005,0.9808141418865749
23,0.0001,0.5404278848599693,0.5482376476461284,0.5769183318871005,0.5448106802995952,0.5348287440607243,1.0599451795244499,1.144170282598579,1.068303598305115,1.048779331859356,0.7636053251113624,0.9438924917451639,0.0014920837262970045,1.0440124937861401,0.4753947470869337,0.4550367678914751,0.34971826842853,0.49299765484673636,0.46198098574365887,0.936481135232108,0.704414359160832,0.9682797789573669,0.9124178205217633,0.7641100713184902,0.9483899474143982,0.0018390358059800097,0.9803447638239179
24,0.0001,0.54128043801477,0.5491752005305345,0.5788060529162545,0.545104996809365,0.5362049705648962,1.0594880874261172,1.1433350507529825,1.068484235086508,1.0476971878210275,0.7643696993862817,0.943945568861089,0.0013097236576277503,1.0438047743975891,0.47507668818746296,0.45475351384707857,0.34958261251449585,0.4926799237728119,0.46165671944618225,0.9360195909227643,0.7040875554084778,0.967821649142674,0.9119487064225333,0.764241806098393,0.948550922530038,0.0017775201039122684,0.9798717158181327
25,0.0001,0.5411862735965737,0.5535772615230475,0.6017807918951052,0.5455763133486992,0.5347764761751559,1.0584896015464713,1.153202854712075,1.0668283319125869,1.0469936652886052,0.7644900079360216,0.9440818243713811,0.0009553653335814951,1.0434776849188292,0.47477176785469055,0.4544890650681087,0.34950614827019827,0.49236056634358,0.4613584407738277,0.9355691501072475,0.7039576172828674,0.9673554301261902,0.9115029317992074,0.7646077360425677,0.948565559727805,0.001791461104793208,0.9793837070465088
26,0.0001,0.5399810836820813,0.5468904289501909,0.5724162286960687,0.5437143188325766,0.5351667256208607,1.0589104900473334,1.1455454879108147,1.067494318862252,1.0474388143917193,0.7643714617602064,0.9440181196475762,0.001109283082227384,1.043462875979177,0.47445482441357206,0.4542038653578077,0.34935904826436726,0.4920404170240675,0.46103944522993906,0.9351228816168649,0.7037684662001473,0.9669064368520465,0.9110514095851353,0.7649297288485936,0.9486387712614877,0.001791336008214525,0.9789048603602818
27,0.0001,0.5388769745119056,0.5471454102222301,0.5761855310417161,0.5447762073276498,0.5317339414335622,1.0581401147137317,1.1434046818768728,1.0664642338359027,1.046973992153174,0.7648704409985303,0.9442676044578368,0.0008888250381820994,1.0415862946013663,0.4741676279476711,0.4539361596107483,0.34918392981801716,0.4917449397700174,0.4607563189097813,0.9346969383103507,0.7034158451216561,0.9664762701307025,0.9106266583715167,0.7652956673077175,0.9487558603286743,0.0017792563552835158,0.9784269332885742
28,0.0001,0.5390895694992829,0.5459820430985156,0.5707315918052126,0.5434919645415727,0.533632467437035,1.0573658074679018,1.1438543295384225,1.065367441948079,1.0464812096749134,0.7651305381053857,0.9444551613288381,0.0011056451756694125,1.041305749241365,0.4739024213382176,0.4536942626748766,0.3490533104964665,0.4914681145123073,0.4604984479291098,0.9342966590608869,0.7032335145132882,0.9660633206367493,0.910231956413814,0.7654566764831543,0.9488144176346915,0.001796793774701655,0.9780667509351458
29,0.0001,0.5377506248640873,0.5446575062054914,0.568759400636778,0.5428268279472171,0.531640673159781,1.055834117446535,1.1448577126489095,1.0636432892363972,1.045057371250694,0.7652172375484473,0.9447541751220814,0.0010220503004311036,1.0405242097294145,0.47363631214414326,0.4534460646765573,0.3488911858626774,0.49119322640555246,0.4602373923574175,0.9339037707873753,0.7030404039791652,0.9656646932874408,0.9098378079278129,0.765573765550341,0.9488144176346915,0.0017919961163508041,0.9776987603732518
30,0.0001,0.5377034174385935,0.5447704183431297,0.5694079592108277,0.5429191188238405,0.5314308751356389,1.0555295128469782,1.1475211278979223,1.0640235174300539,1.0439690828194699,0.7661762524152922,0.9445489354218526,0.0008277234067729258,1.0398691652661327,0.47338244318962097,0.45320785471371244,0.34873162848608835,0.4909277217728751,0.459992242710931,0.933518282004765,0.7028035521507263,0.9652757218905857,0.9094508716038295,0.7658079777445111,0.9489168780190604,0.001839446585758456,0.9772835373878479
31,0.0001,0.5373550584299527,0.5445531108092438,0.5704954636463653,0.5418617187225684,0.5317438365122594,1.054718804565302,1.1400124855576756,1.063098642225209,1.0434957056578211,0.7660400091604612,0.9447453477160067,0.0009366914909383251,1.0398529892153052,0.47313688482557026,0.45300661666052683,0.3487132787704468,0.4906876470361437,0.459733784198761,0.933151194027492,0.7027717913900103,0.9649181280817304,0.9090632796287537,0.765764057636261,0.9489900554929461,0.0017881712077983788,0.9768857700484139
32,0.0001,0.5355472498112476,0.5437396016882615,0.5736165583230197,0.5403429985496718,0.5294826134468373,1.0542234904818837,1.1477842378217467,1.0624343190911134,1.0428937196860233,0.7663655736545454,0.9447524146138174,0.0009524685115072448,1.037466979612226,0.4729018807411194,0.4528102619307382,0.3486946480614798,0.4904410583632333,0.45950259055410114,0.9328064748219081,0.7027267473084586,0.9645650471959796,0.9087170788219997,0.7660860845020839,0.9490193213735308,0.0017677116141255414,0.9764928562300546
33,0.0001,0.5357373057348433,0.54420092677787,0.5749943504704055,0.5407611105291508,0.5294049994017842,1.054166336800688,1.1472947874136121,1.0623048702189553,1.0429236539556603,0.7669123137441122,0.9447878077746853,0.0011245527046999486,1.0378898501846512,0.47266809003693716,0.4526064821652004,0.34860795736312866,0.49021742599351065,0.45925395829336985,0.9324533598763602,0.7026223540306091,0.9642212050301688,0.9083462612969535,0.766276342528207,0.9490778701645988,0.0016839915853259818,0.9761970128331866
34,0.0001,0.5341599448204555,0.5404780199897012,0.561864470123151,0.5394309626935433,0.5279654614100634,1.0525077495842576,1.1425411150832467,1.0608113742299294,1.041202918330335,0.7668079268076712,0.9448904329161997,0.000624792415092569,1.0366771145891127,0.47244750601904734,0.4524173140525818,0.3485403614384787,0.4900086522102356,0.45901634863444735,0.9321131535938808,0.7024555972644261,0.9638899649892535,0.9079917754445758,0.7664519889014108,0.9491071360451835,0.0016505866411275097,0.9758616856166294
35,0.0001,0.5354845937335421,0.5417690824252879,0.563373206196382,0.5404128142453115,0.5296267689368047,1.0520955179101765,1.1411050238676221,1.06028662651729,1.0409372312213303,0.7671653394498378,0.9448090394766859,0.0008238614017256428,1.0370670957817494,0.4722356881414141,0.45221346616744995,0.3483688533306122,0.4897979029587337,0.45880244033677237,0.9317967891693115,0.7022750377655029,0.9635737453188215,0.9076698763029916,0.7665544492857796,0.9490339500563485,0.0016227897722274065,0.9755872147423881
36,0.0001,0.5331897329331988,0.5391989633706346,0.559718191462855,0.5380338653962289,0.5274613135515903,1.0511385618643188,1.1390510994359988,1.0598544600327724,1.0394922264575701,0.7673422738596097,0.9451062969754853,0.0009444798406965416,1.03507168480852,0.47203086955206736,0.45202875563076567,0.34827110171318054,0.4895919305937631,0.45859520775931223,0.9314885650362287,0.7021591918809074,0.9632667047636849,0.9073552318981716,0.7665544492857796,0.9490485872541156,0.0016295383518029536,0.9752875566482544
37,0.0001,0.5340480104177241,0.5406250967827605,0.5639610479023414,0.5385159122512846,0.5285830728697636,1.0509871643295947,1.1395144885897444,1.0592110605414855,1.0398120434941696,0.7673175094324515,0.9450850649839855,0.00044279488776616965,1.0362238208474306,0.47181199703897747,0.45183058295931133,0.348177616085325,0.4893574246338436,0.4583877239908491,0.9311797533716474,0.7020105123519897,0.9629482797213963,0.9070506266185215,0.7668032901627677,0.9490632329668317,0.0016901295499077865,0.9749976311411176
38,0.0001,0.5326309357214412,0.5397597110020554,0.5653586907124301,0.5371835026558321,0.52698739216383,1.0514025345919136,1.14311402891368,1.0595339287054326,1.040214012843882,0.7676041539913245,0.9452567017213499,0.0006171855721190467,1.034005741138942,0.4716051050594875,0.451643100806645,0.3480761136327471,0.4891475098473685,0.458180342401777,0.930877821786063,0.7018109389713832,0.9626392636980329,0.9067516922950745,0.7669935652187893,0.9491364274706159,0.0017248985324321048,0.9746935282434736
39,0.0001,0.5327372377264905,0.5411459339739372,0.5716975183501092,0.5377681773865602,0.5264077547814997,1.0500277876532278,1.1447286165474688,1.0582944404351924,1.0386046043808757,0.7677315498003108,0.9454761034272776,0.0009102126498894109,1.0349245014797979,0.47140784348760334,0.4514613747596741,0.3479660834584917,0.4889451563358307,0.45798525639942717,0.9305821146283831,0.7015677009310041,0.9623334918703351,0.9064652919769287,0.7670813798904419,0.9491656848362514,0.0017182255895542248,0.9744249071393695
40,0.0001,0.5328416654501358,0.5377958563296652,0.5543663102391598,0.5371641815512874,0.5278016101554864,1.0500760667721645,1.1397008707699618,1.0580643863531298,1.0391002999919206,0.7679173401479006,0.9451522983477944,0.0008695461615244129,1.0348645004786097,0.47121007101876394,0.45129261698041645,0.3479261781488146,0.48874254737581524,0.4577870283808027,0.9302856837000165,0.7014562317303249,0.9620248845645359,0.9061739444732666,0.7671838487897601,0.9492242421422686,0.0016646789652960642,0.9741641879081726
41,0.0001,0.5312652165061129,0.5381983535487911,0.5636107665232819,0.5352024936830425,0.52624982719285,1.0488469083439127,1.1393201926947283,1.0566680246729885,1.038010066255517,0.7689842864814733,0.9453593185638905,0.0006874446534484834,1.0334803233967558,0.4710186336721693,0.45113503081457956,0.34792777470179964,0.48853696244103567,0.4576033353805542,0.9300069808959961,0.7014719418116978,0.961738007409232,0.9058936238288879,0.767257034778595,0.9492242421422686,0.0015818724974191614,0.9739158579281398
42,0.0001,0.5309568767732887,0.5366295193635124,0.556037071535411,0.5354937051864682,0.5255841468709647,1.0482275848187952,1.1335680941215285,1.056059412871318,1.0375510077829047,0.7684923884550816,0.9455203362496813,0.00098399321523008,1.0330903651710466,0.47083938121795654,0.45097179072243826,0.347839104277747,0.4883518900190081,0.45742665444101605,0.9297371336391994,0.7013465336390904,0.9614656312125069,0.9056215371404376,0.7672424060957772,0.9492974281311035,0.001536798380714442,0.9735825913293021
43,0.0001,0.5306521921754849,0.5373465426535589,0.5617510912808225,0.5345799467786222,0.5256877955525744,1.0485556700135719,1.1352121986316077,1.056588511562193,1.0376343155190293,0.7687330288753211,0.9456990484089962,0.0006239314755063989,1.032628304753764,0.47065778715269907,0.4508175253868103,0.34781438538006376,0.48815751501492094,0.4572530005659376,0.9294659750802177,0.7012955886977059,0.961189729826791,0.9053472450801304,0.7675058756555829,0.9493267025266375,0.0014917623650814807,0.9733149494443621
44,0.0001,0.5301862153502587,0.53580232385166,0.5549453258739571,0.5347456085122217,0.5248014893135508,1.047656846316647,1.1354564638698803,1.055924821691261,1.0364622938845265,0.768793189294005,0.9456424221629653,0.0008240719536933555,1.0316797562759759,0.4704779471669878,0.4506635240146092,0.34778265016419546,0.4879660946982248,0.4570797724383218,0.9292110289846148,0.7012427364076886,0.9609293937683105,0.9050908855029515,0.7676375763756889,0.9492827909333366,0.001473270547908864,0.9730478269713265
45,0.0001,0.5294462420846473,0.5365086544930324,0.5619026464317145,0.5339245001367794,0.5238862264432974,1.0472421897660702,1.1346154291438078,1.0551282846149213,1.036443468756246,0.7691912960182701,0.9456494958479212,0.0006098766230120631,1.0307044507488328,0.47029806886400494,0.45050523962293354,0.3477244845458439,0.4877782804625375,0.4569039685385568,0.9289559807096209,0.7012742672647748,0.9606691258294242,0.9048325589724949,0.7676814879689898,0.9493559684072223,0.0014601850416511297,0.972882798739842
46,0.0001,0.530598658004839,0.5379566932393612,0.5651447366876854,0.5345700099959736,0.5254757670344884,1.0471197658143556,1.1389436659720287,1.054818762262255,1.036359669257677,0.7690426741685986,0.9456618876310535,0.0009741230010363101,1.0320822370419036,0.47013472659247263,0.4503604088510786,0.34766026054109844,0.48761385679244995,0.45673813990184237,0.9287202698843819,0.7011978626251221,0.9604279313768659,0.9045973079545158,0.7677400452750069,0.9493413312094552,0.00145471136784181,0.9726650289126805
47,0.0001,0.5288359699253128,0.5348214728087267,0.5558296466156784,0.5331195939957485,0.5236524470226867,1.0458683449708637,1.1365948707685558,1.0538776211010334,1.0348349039579043,0.769139985104091,0.9457309011247309,0.0006719415333236734,1.0301155344705226,0.46997516070093426,0.45020673104694914,0.34754508308001925,0.4874415525368282,0.4565897839409964,0.9284855212484088,0.7010482464517865,0.9601843527385167,0.9043677789824349,0.767769319670541,0.9494291799409049,0.0014445043551469488,0.9724334308079311
48,0.0001,0.5282148183260618,0.535005736820645,0.5591493564332684,0.5327815166274985,0.5226170046227852,1.0455860908907681,1.1345132951214065,1.05349217192006,1.0347158157754703,0.7696920356040251,0.945835285680846,0.00047601792203434337,1.0290774080924452,0.46981448786599295,0.45006092957087923,0.3474601720060621,0.4872830424989973,0.45642455986567904,0.9282312308038984,0.7009673714637756,0.9599200316837856,0.904118035520826,0.7678424971444267,0.9494437915938241,0.0014111344769064868,0.9722974640982491
49,0.0001,0.5269790863064386,0.532912439387744,0.5526851933837515,0.5322250933886475,0.5208761753163592,1.0455531434503298,1.1368385512186783,1.0535683538613934,1.0344949325740627,0.7695398656214113,0.9460033822304097,0.0006025428102184358,1.0286393534217213,0.4696436737264906,0.4499008740697588,0.3473498352936336,0.4871085839612143,0.4562553805964334,0.9279821940830776,0.7008779644966125,0.9596622586250305,0.903871876852853,0.7680327807153974,0.9494877117020744,0.0013939624103451414,0.9721520372799465
50,0.0001,0.5273372687910032,0.5319289120222772,0.5465470554535284,0.5320460352457606,0.5219882237415859,1.0455795581187677,1.1351282784119208,1.0541313285127691,1.034042835364262,0.7700830691579993,0.9457910467146283,0.000751387095078826,1.0291689755912736,0.4694877096584865,0.4497556558677128,0.34727331144469126,0.48693136657987324,0.45611765554973055,0.92774726663317,0.7007687773023333,0.9594160233225141,0.9036444084984916,0.7680474264281136,0.9495023488998413,0.001393032052354621,0.9719155856541225
51,0.0001,0.5279164884583215,0.5347442589961575,0.5598356585147506,0.5317320732638054,0.5230369469441405,1.0448345952077742,1.139711454438314,1.0526880565618606,1.03381879247335,0.7697044321799754,0.9462174785439542,0.0006428013615515254,1.0289634396048153,0.4693328525338854,0.44960879002298626,0.34718407477651325,0.4867540385041918,0.4559831832136427,0.9275300928524562,0.7007380298205784,0.9591820410319737,0.9034377081053597,0.7681059581892831,0.9494877117020744,0.0013986518772851144,0.9717199717249189
52,0.0001,0.527037275107693,0.5327576206815094,0.5526115796852935,0.5313435199449851,0.5218784749604404,1.0450656107162952,1.1281740577942734,1.052962069921859,1.0343987785734103,0.7702316963473205,0.946198008572547,0.0004692110415516422,1.0281930153458683,0.46917776124817984,0.4494640145983015,0.3471008964947292,0.4865824409893581,0.4558420862470354,0.9273082869393485,0.7007432665143695,0.9589469007083348,0.9032219137464251,0.7682669673647199,0.9495316403252738,0.0014599726252656961,0.9715004563331604
53,0.0001,0.5256679390998898,0.5307045002210096,0.5468921406939424,0.5306876279892178,0.5199408211453309,1.044199544805742,1.1284872567853088,1.052274239558628,1.0333154389360308,0.7704634843680643,0.9461201572186614,0.0006168815448047885,1.0270194297729798,0.4690185913017818,0.44928888763700214,0.3468664458819798,0.48641449213027954,0.4556945562362671,0.9270905426570347,0.7005556736673627,0.9587173461914062,0.9030153155326843,0.768281604562487,0.9496633665902274,0.0014950480544939637,0.9714023470878601
54,0.0001,0.5253020134798205,0.5298253347342297,0.5444392700389599,0.5297380908720569,0.5202280654176402,1.0435245210778308,1.1349972875711407,1.0517995919141652,1.0322002426585954,0.7702900910145903,0.9461962470992861,0.0005366521419055611,1.027131186970105,0.46886075820241657,0.4491238977227892,0.3466903993061611,0.4862382241657802,0.45555569870131357,0.9268802404403687,0.7004106215068272,0.9584876298904419,0.902821523802621,0.7683255246707371,0.9496194464819772,0.0015275307731436832,0.9712143455232892
55,0.0001,0.5259526175900658,0.5304476904084215,0.5450472606238455,0.5302880776938528,0.5209806276313433,1.0436349299490548,1.1360316830780206,1.0512017147707025,1.03298836875721,0.7705555018771357,0.9460776928496631,0.000658180621875821,1.026861920590923,0.4687011625085558,0.44897351946149555,0.34659541078976225,0.48606362087385996,0.45540874344961985,0.9266723734991891,0.7003613540104457,0.9582625116620745,0.9026257906641278,0.7683694362640381,0.9496633580752781,0.001540111527512116,0.9710020337785993
56,0.0001,0.5242961516942581,0.5267456589810474,0.5315786266223971,0.5296251362423864,0.5187245123751795,1.0438598925785574,1.1299122148633196,1.0521206702339412,1.0327308251931098,0.7703661773247263,0.9462723257537796,0.0006444494866857007,1.0256040695224398,0.4685517166342054,0.44882717728614807,0.3464562637465341,0.48591988001550945,0.4552532306739262,0.9264601724488395,0.7002656800406319,0.9580445374761309,0.9024157438959394,0.7683108959879194,0.949619437967028,0.0014541940430977515,0.9709031667028155
57,0.0001,0.5242353318770769,0.5280967918976024,0.5391882530303498,0.5293372666842219,0.518635003230923,1.042169512186704,1.1270563858493365,1.050540567924059,1.03096931416861,0.7707749004950731,0.9461750076451433,0.0007500518059344934,1.0257454335979044,0.46839711495808195,0.4486810139247349,0.34634954163006376,0.4857619958264487,0.45510036604745047,0.9262505088533673,0.7002695032528469,0.9578231828553336,0.9022106102534703,0.7683986936296735,0.9496487379074097,0.0014425132456900819,0.9707336340631757
58,0.0001,0.5246375090549652,0.5294326041687906,0.5441855767644295,0.5300423375542461,0.5185810188570347,1.0425566001898265,1.1349528058438576,1.0506506130236004,1.0313824550949813,0.7709553812686264,0.9463979596070065,0.0006277296398801521,1.0260623765519292,0.468248439686639,0.44854049171720234,0.3462586871215275,0.4855988792010716,0.4549643525055477,0.9260514633996146,0.7002540401050023,0.9576186197144645,0.902010943208422,0.7684133308274406,0.9496779952730451,0.001407296978868544,0.9705785257475716
59,0.0001,0.5240833031378498,0.5277326351973538,0.5382211550274091,0.5288990913888795,0.5187961649585915,1.0424247513702607,1.1267649851421762,1.0504336107504155,1.0316047053432311,0.7710580075359704,0.9464881968897095,0.0008771974162167945,1.025555478709489,0.4680954771382468,0.4483821562358311,0.3460958387170519,0.48542811615126474,0.45482976521764484,0.9258554662976947,0.7001524908202035,0.9574063760893685,0.9018277866499764,0.768442622252873,0.9496487123625619,0.0013834662303062423,0.9704626372882298
60,0.0001,0.523808295959662,0.5272111457808237,0.5373510041882782,0.5279567947724801,0.5192084214009276,1.0425527466996838,1.1250514288046394,1.0503811224434612,1.0319745206729953,0.7708474508312285,0.9465076558923181,0.0006174192599513952,1.025233880738857,0.4679435874734606,0.4482151780809675,0.3458803721836635,0.4852619341441563,0.45469382405281067,0.9256586177008492,0.7000538281032017,0.9572051763534546,0.9016316618238177,0.7683987021446228,0.9496341007096427,0.00133662366507841,0.9703662991523743
61,0.0001,0.523362042321042,0.5265411540616607,0.5356083533214481,0.5276237840724519,0.518691976200357,1.0418978017919205,1.1344933779382473,1.0495486464683133,1.031160494989147,0.7710473885487301,0.9462581653885757,0.0004714336086675742,1.0245950359044946,0.46778489436422077,0.44803827149527414,0.3456335663795471,0.48509549668857027,0.45454598324639456,0.9254635316984994,0.6999575666018895,0.9570017371858869,0.9014418721199036,0.7683108704430717,0.9496926409857613,0.0013172846104550575,0.9703246780804226
62,0.0001,0.5233654317119864,0.527103318244267,0.5380524302165829,0.5281022745920914,0.5181389547848277,1.0415998502994832,1.1291977997991889,1.0499075472966053,1.0303720203014688,0.7707961413967114,0.9464014930398286,0.0005756580425125807,1.0252882805117645,0.4676337242126465,0.4478785182748522,0.3454411711011614,0.4849412270954677,0.4543988364083426,0.9252837215151105,0.6999166522707257,0.9568201473781041,0.9012596607208252,0.7683401533535549,0.9497072866984776,0.0012886469360507493,0.970240592956543
63,0.0001,0.5224014335687394,0.5265458465844827,0.5392919845408642,0.5270774657187176,0.5171623687710687,1.0409525031343512,1.131640012690137,1.0491550214472039,1.029727189655376,0.7712296340122007,0.9466403602781774,0.0007587611610929321,1.024234004813275,0.4674921589238303,0.44773130331720623,0.3452766409942082,0.48479195152010235,0.4542666460786547,0.9251062955175128,0.6998576607022967,0.9566362415041242,0.9010852490152631,0.7685011795588902,0.9497072611536298,0.0012526102488793964,0.9701424411364964
64,0.0001,0.5215259145802571,0.5235375035021412,0.527188109888364,0.5262047815696008,0.5166582810962387,1.0406992979070269,1.1262650021461944,1.0491063134836236,1.0294400176291716,0.7710757067058129,0.9466297401007742,0.0003602561107155637,1.0219239706100158,0.4673523562295096,0.44756639855248587,0.3450083817754473,0.4846492324556623,0.45413374049322947,0.9249304958752224,0.699730566569737,0.9564523952347892,0.9009150011198861,0.7683694277490888,0.9496926495007106,0.0011729434627341107,0.9701827849660601
65,0.0001,0.5208559567485702,0.5245874591183803,0.5358276203298852,0.5252904895988594,0.5159222772169036,1.0410022189729096,1.1294212769123908,1.0492816316843419,1.029775529601287,0.7713588074420634,0.9464899602286313,0.00030009107506158975,1.0221531789365872,0.46720941577638897,0.44739424330847605,0.3447170683315822,0.4845013746193477,0.4540004347051893,0.9247684393610273,0.699612591947828,0.9562767829213824,0.9007659980228969,0.7684279680252075,0.9496340751647949,0.001163647514269022,0.9702928406851632
66,0.0001,0.5211979699855358,0.5248136409571926,0.5359014014713969,0.525307954242277,0.5165979147150397,1.0406156206735713,1.1259708699830082,1.0486245869110549,1.0297614406780238,0.7713057230886613,0.9464528049833377,0.00021378499368674092,1.0229805960760718,0.46707636969430105,0.44723076479775564,0.34443613035338266,0.48435706325939726,0.4538832647459848,0.9246192829949516,0.6995345268930707,0.9561061433383397,0.9006351828575134,0.7683108959879194,0.9495462775230408,0.0011510707954585087,0.970366724899837
67,0.0001,0.520946011180435,0.5232723179342164,0.5289211000742554,0.5250012165652181,0.5166249217307702,1.040294963478463,1.1322726673264152,1.047671827894253,1.0298526014949718,0.7714631969839961,0.946666900428385,0.0003009484364629532,1.0227768285430192,0.46694841980934143,0.4470766484737396,0.3441655082362039,0.48423314094543457,0.4537565963608878,0.9244654263768878,0.6994670970099313,0.9559375814029148,0.9004935451916286,0.7682376844542367,0.9495755348886762,0.0011951630502673133,0.9705129095486232
68,0.0001,0.5212055304310351,0.5257084005212244,0.5406413481194331,0.525255931160351,0.5165072002413462,1.0397108576777685,1.1297067095959308,1.0472194848675633,1.0292023085801587,0.7716153731425903,0.946833228974875,0.0003333228074327811,1.0236435383960356,0.46681791969708036,0.4469210462910788,0.3439130357333592,0.48409355112484526,0.4536388005529131,0.9243055582046509,0.6993585314069476,0.9557629483086723,0.9003468326159886,0.7682669758796692,0.9495170031275068,0.001180695353208908,0.9705433334623065
69,0.0001,0.5195173753221423,0.522270583247598,0.529420362121018,0.5238755926433538,0.5148290020352881,1.0398394724387319,1.1256826146190642,1.047757555263723,1.0290599435455272,0.7716649143810345,0.9466775196729579,0.0006485717784245466,1.0211866678769563,0.46668016059058054,0.4467852328504835,0.34378918579646517,0.4839516580104828,0.4535051499094282,0.9241401382855007,0.6993975554193769,0.9555863993508475,0.9001854232379368,0.7682230642863682,0.9494877117020744,0.0011794805406160386,0.9704973953110831
70,0.0001,0.5192864457144328,0.5203726735233424,0.5201378642579896,0.5239087445827284,0.5146357675082479,1.03933359202474,1.133284716366821,1.047665297759911,1.0278700539310495,0.7718595496654768,0.9466509768207589,0.0004230979776625103,1.0209575096980599,0.46653509991509573,0.44661450386047363,0.34350658314568655,0.48380901558058603,0.4533622222287314,0.9239910415240696,0.6993829948561532,0.9554347566195897,0.9000344276428223,0.7680620551109314,0.9495169775826591,0.001078681492279949,0.9706441334315709
71,0.0001,0.519973394359953,0.5232474471322279,0.5332609913314412,0.5237203271917826,0.5157835956721195,1.0395834445310037,1.1324590124185834,1.0469260383025414,1.0291450431523166,0.771424276469787,0.9466969819243894,0.00037761966561415086,1.0222088956729953,0.4663851133414677,0.44643005302974154,0.34318386231149944,0.48365117822374615,0.45322562967027935,0.9238421746662685,0.6992940987859454,0.9552674293518066,0.8999022160257611,0.7680034978049142,0.9494584543364388,0.00111025302041006,0.9706558414867946
72,0.0001,0.5184713075499372,0.5207916349253009,0.5265113263920199,0.5224346726795048,0.514240087461806,1.039160949342391,1.132009490399636,1.0471640918554646,1.0280629625464541,0.7714596594016873,0.9468137641822848,0.0004193454654504084,1.021343424232728,0.4662411894117083,0.44627247537885395,0.34298485091754366,0.48349117806979586,0.4530997446605137,0.9236964668546405,0.6992656758853367,0.9550972325461251,0.8997768419129508,0.7680913124765668,0.9495169860976083,0.0011361222599849238,0.9705495493752616
73,0.0001,0.5193297796100137,0.5215525028194792,0.5260829179272803,0.5240278765760238,0.5144065680596485,1.0394298513708922,1.1264077044150924,1.0477665052887433,1.0281941239021948,0.7716224420025615,0.9468615354876614,0.0006541540120973082,1.0218413102581767,0.4660996454102652,0.44609516859054565,0.34266043986592976,0.4833445336137499,0.4529693211827959,0.9235527685710362,0.6992840766906738,0.9549407533236912,0.8996402876717704,0.7680474179131644,0.9495023488998413,0.0011131112338002172,0.9706787807600838
74,0.0001,0.518415884108268,0.5202063741519267,0.5231645585264442,0.5228571145842028,0.5138163525416153,1.039158239791796,1.1253862405428035,1.0472555356095175,1.0281865857320416,0.7712544025566793,0.9467341473664841,0.0006888142512499063,1.0210356286455988,0.46595520632607595,0.4459142344338553,0.3423140602452414,0.48320938433919636,0.4528223957334246,0.9234051704406738,0.6992753062929425,0.9547869392803737,0.8994945968900409,0.7679010289055961,0.9495169946125576,0.0011029855553975462,0.9708710823740277
75,0.0001,0.5175257597944894,0.5178114368152567,0.5146219621975874,0.5217127854670953,0.5134354820459904,1.0390658859812885,1.124940744362454,1.0470695145633242,1.0281996836356067,0.7719480117397957,0.947102175521902,0.00015711181641782997,1.0199554055301936,0.46581548026629854,0.4457350586141859,0.34197367089135305,0.4830625482967922,0.4526967832020351,0.9232747725078038,0.6992285081318447,0.9546506404876709,0.8993674857275826,0.7678278514317104,0.9494730745043073,0.001130732214992999,0.9710396187646049
76,0.0001,0.5167771493076184,0.5158575157571084,0.5067455221914434,0.5217088581707693,0.5121799057808941,1.0383213094229062,1.1237834845114192,1.0465733236836796,1.0272207677010516,0.7716277581064108,0.9468615365169915,0.00034677120995156455,1.0197265638702957,0.46567430666514803,0.44555515902382986,0.3416326471737453,0.48291781544685364,0.452565712588174,0.9231406365122113,0.6992193971361432,0.9545119234493801,0.8992331453732082,0.7679156831332615,0.9494145257132394,0.001169690995344094,0.9712513089179993
77,0.0001,0.5157885509957768,0.5157233475995463,0.5108147687160577,0.5201874631228347,0.511555513303729,1.0380361975686845,1.1281693500244998,1.0461921615338108,1.0268757751807611,0.7716401371837499,0.9470667842588615,0.0005994226324700695,1.0197243059704384,0.46552774310112,0.4453657184328352,0.34126204677990507,0.48277020880154203,0.45242734466280254,0.9230158754757473,0.6991636497633797,0.954389614718301,0.8991039054734367,0.7678278514317104,0.9494291714259556,0.0011821036750916392,0.9713921206338065
78,0.0001,0.5149983771414739,0.5140039648677746,0.5039269319432398,0.5205442494015661,0.5098214741983224,1.0378418219649206,1.1240304675027608,1.0465474049593395,1.0262633573024644,0.771790527840659,0.9471410993492674,0.00042440828902941426,1.0183022693885189,0.4653526672295162,0.44513184257916044,0.34078183344432283,0.4825907690184457,0.4522669357912881,0.9228901863098145,0.6991627642086574,0.9542575052806309,0.8989805408886501,0.7676814709390912,0.9493120653288705,0.0011685470069226409,0.9716156465666634
79,0.0001,0.5163303329953617,0.5169843854417816,0.515594571877092,0.5202993867980167,0.5123859240889099,1.037985931842699,1.1341585092652635,1.0456635409667565,1.0271026107085053,0.7717533844969946,0.946941153043293,0.0005700636927565661,1.0199986858362773,0.4651939400604793,0.4449549743107387,0.3405447006225586,0.4824157442365374,0.4521272565637316,0.9227548156465802,0.6992223347936358,0.954107505934579,0.8988524079322815,0.7676668422562736,0.949312082358769,0.0011671623215079308,0.9716126663344247
80,0.0001,0.5145454298819456,0.5132026861502683,0.5029060857333303,0.5188889682485938,0.5105899126704679,1.0381862441720155,1.1221395693337408,1.0460729801326716,1.027501113435351,0.7716596075411558,0.9469889360251327,0.0008795602522042559,1.0177174126272002,0.4650248629706247,0.4447772077151707,0.34035841482026236,0.4822192745549338,0.45198623623166767,0.9226207988602775,0.6992067609514508,0.9539712497166225,0.8987177099500384,0.7678278599466596,0.9493559769221714,0.001181111276049965,0.9713993498257228
81,0.0001,0.5153535452972408,0.5154234165767045,0.5110860260930244,0.5197568438018392,0.5110925896001776,1.0378685584920069,1.1241737913261924,1.045669516292187,1.027190714157792,0.7717905358501338,0.9470083910712537,0.0005046849991448718,1.0194286367279481,0.46487351826259066,0.44454323819705416,0.3397631049156189,0.48207698123795645,0.45184036237852915,0.9225067581449237,0.6990854484694344,0.9538549440247672,0.8986058916364398,0.7676668507712228,0.949297445161002,0.0011134069812084948,0.9719142658369881
82,0.0001,0.5142167628261763,0.5142317520111751,0.510238655631245,0.5180708908963962,0.5104952247253445,1.037824638328614,1.1269919751659316,1.0453333943133347,1.0273438328610711,0.7714136658458535,0.9472844215965374,0.0005456507834844609,1.0187250334574478,0.4647168942860195,0.4443278781005314,0.339307291167123,0.4819112079484122,0.4517027309962681,0.9224018710000175,0.6990657278469631,0.9537367480141776,0.8985116396631513,0.7675204958234515,0.9492681622505188,0.0010727319406994087,0.9722328186035156
83,0.0001,0.5129868651941797,0.5128072922897545,0.5068952094942444,0.5178760585756605,0.5083007264220901,1.037917332107546,1.1226153890313295,1.0460217724088328,1.0269897069341738,0.7711570983118324,0.9470313914839924,0.0004000592580003814,1.0174037397583304,0.4645397535392216,0.44407893078667776,0.3387637734413147,0.48172334688050406,0.4515483592237745,0.9222941824368068,0.6990131565502712,0.9536023906299046,0.8984284230640956,0.7673448579651969,0.9492535250527518,0.001085002742391745,0.9726110441344125
84,0.0001,0.5117340974561987,0.5099468768382805,0.4975068280005931,0.5163136286247889,0.5076289679221829,1.0377848954118398,1.1270209567584157,1.0458519560095432,1.0267433824245826,0.7712526487068943,0.9470030821083818,0.000205294857217784,1.0168036963253875,0.4643653248037611,0.4438309669494629,0.3382018080779484,0.48154887557029724,0.4513871669769287,0.9221886311258588,0.6990065319197518,0.9534785151481628,0.8983389139175415,0.7671545658792768,0.9491071360451835,0.0010811804573417508,0.9730730312211173
85,0.0001,0.5122205279224703,0.5114803141796197,0.5038984030308237,0.5164254558163595,0.5082929958154624,1.0377484576096099,1.1290184014305449,1.046155078148623,1.0262997003098275,0.7709022977193882,0.9469889317148129,0.00016083274943466588,1.0182907623467545,0.46417237179619925,0.44356744629996164,0.3376522021634238,0.4813416429928371,0.45122059328215464,0.9220932466643197,0.6989674483026777,0.9533662114824567,0.8982580304145813,0.7670374853270394,0.949063241481781,0.001083618776257416,0.9733361942427499
86,0.0001,0.5114803249393356,0.5099636078910189,0.4993948429839005,0.5153777225237567,0.5079858660279771,1.0372436439032433,1.1240181097518542,1.0451334597159898,1.0264611931279486,0.7714596596911864,0.9472348801329273,0.0002796681983827644,1.0169088307806304,0.46398875543049406,0.4433430901595524,0.3372797157083239,0.4811342571462904,0.4510667068617685,0.921999454498291,0.6989880459649223,0.95326110294887,0.8981720464570182,0.7669643078531537,0.9491071615900312,0.0010981808674322175,0.973314106464386
87,0.0001,0.5103560177558059,0.5077662293935427,0.4927956968690663,0.5140891908891639,0.507208286525749,1.0374825814577031,1.124892758248757,1.0457128404091323,1.0263387073520962,0.7714419734844695,0.9472861868976196,0.0005791279713577238,1.0155953396608297,0.46380288686071125,0.44305211305618286,0.3365456930228642,0.4809431774275644,0.45090456094060627,0.9219062328338623,0.6989418949399676,0.953152631010328,0.8980920740536281,0.7666129895618984,0.949048604284014,0.0010745316311450942,0.9739929011889866
88,0.0001,0.510249104457357,0.5075582036184608,0.49043047437781073,0.5156223211845578,0.5055364860564519,1.037225638507703,1.1258708008610745,1.0458297412329858,1.025666716641757,0.7712154901806111,0.9471446383147386,0.0004839291034645315,1.0168820890747272,0.46361621788569857,0.44276765414646696,0.33585847701345173,0.4807432293891907,0.4507477709225246,0.9218200530324664,0.6989114710262844,0.9530526314462934,0.8980177130017962,0.7663788114275251,0.9488876036235264,0.001054468847412084,0.9745501109531948
89,0.0001,0.5108160230190897,0.5083837424557208,0.49399942468451735,0.5146304699001735,0.5075620467348866,1.03777404128701,1.1271434701653473,1.0458042683372353,1.0267646879166832,0.771031463686608,0.9471057048374039,0.00019530064255367694,1.0180590070394073,0.46343801277024405,0.44246451343808857,0.3350247953619276,0.48056319781712126,0.45059310112680706,0.9217420050076076,0.6988254700388227,0.9529535259519305,0.8979609608650208,0.7661299875804356,0.948755851813725,0.0010611409254904305,0.9753903831754412
90,0.0001,0.5084528625172277,0.5048903109766121,0.4845248749947072,0.5133714660141704,0.504332001442145,1.037895752877978,1.1258012956371195,1.046500911985419,1.0263604600559488,0.7710173122958756,0.9471375680072721,0.0006175400965424386,1.0163365726012896,0.4632289835384914,0.4421259718281882,0.3341359368392399,0.4803519589560373,0.4504093612943377,0.9216727188655308,0.6988007596560887,0.9528599381446838,0.897914435182299,0.7656030484608242,0.9485362938472203,0.0010755078900339349,0.9761514237948826
91,0.0001,0.507845430971157,0.5036331303558411,0.4803193451518055,0.5129337491888776,0.5036746177297634,1.0375254786599988,1.1240947178358396,1.0459882580648547,1.0261769884030238,0.7707289046554133,0.9470632460010547,0.00037857936946519377,1.0167785000299288,0.4630244927746909,0.44183861357825144,0.3335070822920118,0.4801366244043623,0.45022954259599957,0.9215959480830601,0.6988425254821777,0.9527598960059029,0.897857529776437,0.7655444911548069,0.9484923822539193,0.0010786100257454173,0.976520231791905
92,0.0001,0.5081388699127029,0.5042983165832062,0.4838262480365477,0.5120329195367151,0.505055350592763,1.0376949797626194,1.1286644638710517,1.0456128336903345,1.0267448255453506,0.7697840393779732,0.9469411541047896,0.0007287009746837442,1.0165063989722143,0.4628384453909738,0.4415413183825357,0.33273506590298246,0.47995070048740934,0.4500631477151598,0.9215316431862968,0.6988157800265721,0.9526856967381069,0.8978011097226825,0.7649882776396615,0.9483899474143982,0.0010492151029341454,0.9772621393203735
93,0.0001,0.5078780870468502,0.502572378916671,0.47544401256830965,0.5121619517071081,0.5046752877834997,1.0378146226896316,1.1191533746683333,1.046128994345472,1.026788861830043,0.7699539098492585,0.9468066851898457,0.0005766299494913605,1.017323484822215,0.4626378459589822,0.44120886070387705,0.33182510307856966,0.4797646275588444,0.4498716677938189,0.9214648604393005,0.6988400135721479,0.9526140519550869,0.8977358681815011,0.7643296122550964,0.9481996468135289,0.00098051132434713,0.9782902768680027
94,0.0001,0.5071446810357968,0.5003441255831165,0.46656794875811963,0.5116897044603849,0.5039522412559244,1.036953163771004,1.1184384304642099,1.0454431377548303,1.0257471702385772,0.7696902665716213,0.9468916222911491,0.00028120927563911183,1.018360773840275,0.4624274798801967,0.4408946633338928,0.33108613746506826,0.4795378702027457,0.4496948889323643,0.9213896904672895,0.6988601514271328,0.9525223118918282,0.8976747138159615,0.7641246914863586,0.9481703639030457,0.0009702735197996455,0.9789657933371407
95,0.0001,0.5051540072808315,0.4978116824056931,0.46174121985420047,0.5096843938890561,0.5020707655261802,1.037948186212273,1.1258364855696301,1.046012521304765,1.026954137822196,0.7695221776455335,0.9469446987315763,0.0006372100516301326,1.0160707923379126,0.4622171180588858,0.440593604530607,0.33041731800351826,0.4793097504547664,0.44951751828193665,0.9213044984000069,0.6988847085407802,0.9524127670696804,0.8976100512913295,0.7639051250049046,0.9479800803320748,0.0009779069784729341,0.9795218961579459
96,0.0001,0.5067094686027481,0.5009878666994061,0.4727686214176822,0.510345338777922,0.5042048587196915,1.0378416200875593,1.125645932286608,1.0460122895124984,1.0267442726020999,0.7694744040884974,0.9470278580833369,0.0006105124020782645,1.0178569668187236,0.46199919496263775,0.4402524360588619,0.3295608375753675,0.4790816307067871,0.4493315475327628,0.9212291240692139,0.6988538248198373,0.9523249694279262,0.8975456697600228,0.7635392035756793,0.947862982749939,0.0009420984133612365,0.9803115470068795
97,0.0001,0.5028850021583611,0.4947979344076166,0.4558237823549632,0.5071577016270231,0.5001810759354204,1.0380752175097459,1.1290488238921375,1.046364474894868,1.0267535514337465,0.7690055086943374,0.9472454824257206,0.0006222774567915839,1.0149438998149782,0.46177653329713003,0.43991163798740934,0.32872484411512104,0.4788511438029153,0.4491369937147413,0.9211533835956028,0.698865498815264,0.9522312113216945,0.8974854946136475,0.7630708473069328,0.9477166363171169,0.0009385884113726206,0.9810961314610073
98,0.0001,0.5040957379263926,0.4960765975009282,0.4578904617945696,0.5078950481226943,0.5018365837983421,1.0385963406616845,1.124385613592264,1.0464310110805488,1.027901845369478,0.7691700630296068,0.9470331660490453,0.000812511794626938,1.0166734785114953,0.4615631571837834,0.43952724763325285,0.3276057541370392,0.47864300864083426,0.4489485706601824,0.92109956911632,0.6988503336906433,0.9521661400794983,0.89744119984763,0.7625146423067365,0.9474385295595441,0.0009091825829403076,0.9825085571834019
99,0.0001,0.5021623727828827,0.49304610677365024,0.4495042256580709,0.5066063162994848,0.49947364778693665,1.0382023040050439,1.122123455267884,1.0460914574117193,1.027516240212831,0.7687878827114589,0.9470880163790275,0.0007758896563054377,1.0156671641906145,0.46132499831063406,0.4391161629131862,0.32644787430763245,0.47841374788965496,0.4487323590687343,0.9210524388722011,0.6988281607627869,0.9521121297563825,0.8974004558154515,0.7617974196161542,0.9471457856042045,0.0008337127385727529,0.9840612411499023
100,0.0001,0.5024432325549725,0.4947528529508141,0.4562490351992688,0.5078758472728523,0.49855039895578007,1.0380307652470362,1.12288942062977,1.0459098437960832,1.0273230673169291,0.7681526638852926,0.9467659931664073,0.00048411496225352454,1.0171114914621846,0.4610591573374612,0.4387337991169521,0.325579543198858,0.47813799551555086,0.4484963246754238,0.9209703973361424,0.6988479580198016,0.9520227823938642,0.897322382245745,0.7611826743398394,0.947101856981005,0.000772307044826448,0.9848728775978088
101,0.0001,0.5016816931676684,0.49308333120922493,0.4521668967336046,0.5057290318008377,0.4992847448095269,1.0377654488898584,1.1265791790973028,1.0452630979848823,1.027307318791916,0.7672573470516071,0.9468243734552226,0.0004829897504315962,1.0181858354945217,0.46080969061170307,0.4383650932993208,0.324711691055979,0.47788005215781076,0.4482757832322802,0.9208916170256478,0.6988012535231454,0.9519408004624503,0.8972456199782235,0.7608167273657662,0.9469847849437169,0.0007406712559583996,0.9857272676059178
102,0.0001,0.49861701655503676,0.48812565517888734,0.4389583857009299,0.5028358268789259,0.4963868560819322,1.0393789706201857,1.1299920491894322,1.047348474658507,1.0283887785187427,0.7682021981114255,0.9469535497479097,0.0005213953685306949,1.0143519170980355,0.46056891339165823,0.43801733425685335,0.3239239432982036,0.4776235180241721,0.4480693127427782,0.9208052924701146,0.698853782245091,0.9518395151410785,0.8971687640462603,0.7606118151119777,0.946911598954882,0.0007335743201630456,0.9863201464925494
103,0.0001,0.5001899634125551,0.4900783743655045,0.4426498648062694,0.5042949910428932,0.4980029935008181,1.0382900336466798,1.1294877128348888,1.0466912758395406,1.0268489040687672,0.7679314894799728,0.9469818570970266,0.0005621461175619366,1.0169969398912326,0.460321239062718,0.43765666655131746,0.3230910726955959,0.47736682636397226,0.44785010388919283,0.920718925339835,0.6988118886947632,0.9517418231282916,0.8970929554530552,0.7605240004403251,0.9467798556600299,0.0006816367219601359,0.9870695131165641
104,0.0001,0.49889159318375315,0.48838163676676205,0.4396818101373931,0.5025908410452664,0.49716615261931196,1.038444029017519,1.12283817639688,1.0464286831219134,1.0276461212427888,0.766898165956035,0.9471393296413658,0.00034929094790881604,1.0167484758869094,0.4600620184625898,0.4372803909437997,0.322232859475272,0.4770911378519876,0.4476275146007538,0.9206503799983433,0.6988140429769244,0.9516642008508954,0.8970305493899754,0.7602605479104179,0.9466334921973092,0.0005911810190549918,0.9877589089529855
105,0.0001,0.4979056782067562,0.48634268204328246,0.4334460461197579,0.5013274346662738,0.4966324954758576,1.0401396625954205,1.1348887608299625,1.048306948934062,1.0288140022683903,0.7663195662349221,0.9467925336382804,-6.23953443259821e-05,1.0171515216263833,0.4597891228539603,0.4368868044444493,0.3213454953261784,0.4767990325178419,0.4473939325128283,0.9205727917807442,0.6988352537155151,0.9515754239899772,0.8969614846365792,0.7599385040146964,0.9463407226971218,0.0005420642971460309,0.9888020157814026
106,0.0001,0.4980492182377539,0.4855691066833039,0.4283026747296967,0.5019078234434771,0.4965154916546632,1.0388158091775674,1.1219985162767925,1.047455653652782,1.0274033779012017,0.766480572533749,0.947065020244442,0.00011178312161751394,1.017059271617381,0.4595038763114384,0.4364705809525081,0.32038923246519907,0.4764961174556187,0.44714889356068205,0.9204873102051871,0.69882903780256,0.9514750582831246,0.8968877366610936,0.7593091385705131,0.9462090134620667,0.0005701748388154167,0.9898051704679217
107,0.0001,0.4959578789766582,0.48303430749800036,0.4238864676861009,0.4998078368286538,0.4945103037826962,1.038739315027555,1.1331263265285503,1.0468223031250388,1.0275101671653764,0.7667902335564767,0.9469641621410042,-2.160779611623197e-05,1.0158225890435981,0.4592285709721701,0.4360259473323822,0.31923252982752665,0.47621142864227295,0.44691239510263714,0.9204100966453552,0.6987741078649249,0.9513953583581107,0.8968132053102765,0.7585333756038121,0.946077287197113,0.000525739775704486,0.9913166505949838
108,0.0001,0.49739013699924245,0.48609911414397067,0.43456365876563224,0.5006204307465314,0.49625386702197344,1.0395575871161364,1.1332986961489295,1.0475318398401021,1.0284587023583736,0.765583500402783,0.9471428584743691,9.647923503101225e-05,1.0180719726097243,0.45896083968026297,0.43559078659330097,0.3180683468069349,0.47595848781721933,0.4466595436845507,0.9203210898808071,0.6987347177096775,0.9512980324881417,0.8967303548540387,0.7579039931297302,0.9458430920328412,0.0004648728894868067,0.9929570300238473
109,0.0001,0.49412528010104323,0.4821086101961728,0.4274521319691194,0.497381532587879,0.4930913602572419,1.0399504167867621,1.132517743998454,1.0482191591409498,1.0285964772241925,0.7661567849207105,0.9471145598102246,0.00019283810252483573,1.0154817183147684,0.45867322598184856,0.4351026245525905,0.31670803257397245,0.4756870823247092,0.44639158248901367,0.9202469757625035,0.6986893585750035,0.9512136578559875,0.8966655560902187,0.7572745851108006,0.9455796224730355,0.0003672151028045586,0.9948259847504752
110,0.0001,0.4950623625333542,0.4842461503426963,0.4347442554514021,0.4982833050581422,0.49385211143503943,1.040014926768353,1.1294803278097512,1.0485400781075631,1.0285077109828358,0.7643520094482434,0.9469163798668291,0.00025883187045817174,1.0187645814448385,0.4584905888353075,0.4347200649125235,0.3154445503439222,0.4755313779626574,0.4462181500026158,0.9201690128871373,0.6985910790307182,0.9511254344667707,0.8965986626488822,0.7562792556626456,0.9450380802154541,0.0002844620695603745,0.9971124104091099
111,0.0001,0.49306767532391865,0.47907651532230283,0.4148384185494826,0.49742954139508755,0.49131351645032717,1.0403382825774241,1.1312515662929783,1.0487341487722917,1.0289119710423016,0.7640282122174019,0.9467642304708169,0.0005352553347084436,1.0184973570313636,0.4582224828856332,0.43437451124191284,0.3147901552064078,0.47524323633738924,0.4459828734397888,0.9200574074472699,0.698632504258837,0.950992933341435,0.8965017199516296,0.7562499982970101,0.9450380631855556,0.000282504695600697,0.997603986944471
112,0.0001,0.4935299452742048,0.4806725479465398,0.4227588590228487,0.49647538861711155,0.49294358385747916,1.0398016706454838,1.130570923130511,1.04814385579717,1.0284339512160066,0.764578476411487,0.9468119864649086,-0.00015377374295561427,1.0189953287485414,0.45793984617505756,0.4340170792170933,0.31415154465607237,0.47492449624197824,0.44574835896492004,0.919966493334089,0.6986811586788723,0.9508885315486363,0.8964207087244306,0.7559279799461365,0.9450087802750724,0.00025541428476572037,0.9980224370956421
113,0.0001,0.49300776707502036,0.4771099720075847,0.40522025941322765,0.49691705917964674,0.49202460417281724,1.0400012129715694,1.1207360116713638,1.0484385525157371,1.0288726717989571,0.7640742114345511,0.946491732735024,-4.775791302829965e-05,1.0194213779887442,0.457674788577216,0.4336560922009604,0.3133990189858845,0.474643349647522,0.4455153856958662,0.9198501706123352,0.6987347602844238,0.950754531792232,0.8963163324764797,0.7557084390095302,0.9449356028011867,0.0002149703712867839,0.9988523636545453
114,0.0001,0.49055240013376805,0.47488375312884434,0.40399231919712203,0.494441200045721,0.4895489457582565,1.040455815409945,1.12662678156038,1.0489421733572106,1.0290970877255226,0.7633929902710789,0.946787224128577,-0.00021150350822985204,1.017892823113793,0.4574154700551714,0.4332743414810726,0.3125085213354656,0.4743712246417999,0.44529003330639433,0.9197427545275006,0.6987554005214146,0.9506316184997559,0.8962201050349644,0.7552985804421561,0.9447599734578814,0.00016030393141720976,1.0000500423567635
115,0.0001,0.4900763212379995,0.4749594199708907,0.40706572875871055,0.4933518878974853,0.48956773397540376,1.0408190771881078,1.1327280661767711,1.0497024635077166,1.0288722684945664,0.7625702220365542,0.9463908674584424,1.8775060016981537e-05,1.0188762501195772,0.4571888617106846,0.43296956590243746,0.3118777573108673,0.47413818751062664,0.44508312003953115,0.9196374075753349,0.6988089765821185,0.9505164452961513,0.8961193050657,0.7549180388450623,0.9445550441741943,0.00014855062389480217,1.0008692485945565
116,0.0001,0.4894690447347716,0.4730165567162612,0.39934334493429674,0.4928258601003123,0.4891165325561859,1.039791245172298,1.1343245220004194,1.0483452663895123,1.0280862533267743,0.7631364375336777,0.9468986958474387,-7.371192911606638e-05,1.0172880949101704,0.45698448164122446,0.4327125975063869,0.31141760093825205,0.4739135674067906,0.4449076737676348,0.9195354836327689,0.6988010832241603,0.950412026473454,0.8960161975451878,0.7547423754419599,0.9444965038980756,0.00016290341903056418,1.0014790892601013
117,0.0001,0.4884060706181328,0.47006595491783976,0.38794555341753517,0.49214291720537,0.4880179225658637,1.0399764390231079,1.1309924842342454,1.0486934373524146,1.0282258079042965,0.7636070851371279,0.94677306472837,0.0001254436753225838,1.0163786588844839,0.4567873307636806,0.4324107255254473,0.31065589615276884,0.4737289845943451,0.44471678137779236,0.9194349135671344,0.6987425088882446,0.9503073266574315,0.8959191952432904,0.7540690728596279,0.9443794063159398,0.00011002410402787583,1.0029159699167525
118,0.0001,0.4860423603092601,0.46575884557194924,0.37496714486151983,0.49014618675964816,0.48564103606000697,1.0400811949100484,1.1239200037232104,1.0490891373742932,1.0282784505464293,0.7624322055354996,0.9470119355693741,-2.716079729227716e-05,1.0168102630974472,0.45653805136680603,0.43205010890960693,0.30981903629643576,0.47348162106105257,0.44448492782456533,0.919336838381631,0.6988009214401245,0.9501841408865792,0.8958407895905631,0.7537031684603009,0.9443062118121556,0.00011880567763000727,1.003862474645887
119,0.0001,0.4864303496999478,0.4669572943233504,0.381400947177082,0.4888429428780973,0.48751873849085453,1.040030718107064,1.1287829217818126,1.0482017283045917,1.028901345267916,0.7623455115929205,0.9472118656312332,0.0003976496774602744,1.0163889076667287,0.4563852846622467,0.43183345454079763,0.30931292687143597,0.4733447177069528,0.4443283677101135,0.9192316361836025,0.6988925508090428,0.9500665834971836,0.8957415904317584,0.7532201494489398,0.9440866623606,0.00013652866307113851,1.0047109723091125
120,0.0001,0.4856597992354834,0.4668761327565199,0.3835993481853236,0.488698863124307,0.4860227181019811,1.0401611472552876,1.1306822752219179,1.0481765018368951,1.0291282964022945,0.762695850196299,0.9466527384226862,0.0002278404876276151,1.016542685752422,0.45617734108652386,0.43156273450170246,0.3088041692972183,0.47310897282191683,0.4441580431801932,0.9191515530858722,0.6988902347428458,0.9499814765793937,0.8956634402275085,0.7532933354377747,0.9442330173083714,0.0001577377718474184,1.005030027457646
121,0.0001,0.4840977309976342,0.4647307662274216,0.378120018978474,0.48794152095905846,0.48378662281723456,1.0399224105488591,1.1410606102047902,1.0481743409835642,1.0282991121925666,0.7622145747276364,0.9468756881972229,-0.00011914113789788788,1.0163468751981974,0.4560124065194811,0.43120510237557547,0.3075574572597231,0.4730077513626644,0.44396570324897766,0.9190459251403809,0.6988137875284467,0.9498683214187622,0.895564079284668,0.7523272803851536,0.94370607818876,0.0001453056964757187,1.0074941686221532
122,0.0001,0.48349762924670914,0.46330997629289167,0.3738897252069958,0.486687038694918,0.4839616819001891,1.0409602287069115,1.1249946793928316,1.0502604145779844,1.0288590074421842,0.760905217783424,0.9460564614371615,6.250526847270571e-05,1.0182667105376753,0.45589223078319,0.4309110130582537,0.3064536920615605,0.4729523275579725,0.44381370714732576,0.9189455764634269,0.6987344026565552,0.949760479586465,0.8954705851418632,0.7512295160974775,0.9432962621961322,0.00012025253714195319,1.0100890142577035
123,0.0001,0.48314850584790314,0.4618346941869965,0.3681361045601943,0.4858412424648252,0.4842894488389725,1.0407521428446864,1.1242514631584792,1.0484396274901697,1.0302814512849818,0.7605584184028493,0.9467783780015615,4.643647875224682e-05,1.018564282368147,0.45557561942509245,0.43064924648829866,0.3065058631556375,0.4725599161216191,0.44356037037713186,0.9188558714730399,0.6989153708730426,0.9496473244258335,0.8953955939837864,0.7517857040677752,0.943691440990993,0.0001982654378350292,1.0083474942616053
124,0.0001,0.484405702921872,0.4638652647435826,0.37320859312882504,0.4873407554028167,0.48517718234064766,1.0405081022255367,1.1217968385732953,1.0491256569117646,1.0291808040091879,0.7615085818351955,0.9469163904817954,-6.628506784254451e-05,1.0183515872945028,0.4553228957312448,0.43034304891313824,0.30597937958581106,0.4723001505647387,0.4433236803327288,0.9187662942068917,0.6990324599402291,0.9495449491909572,0.895312488079071,0.7518735187394279,0.9437499897820609,0.0002617167275665062,1.0083222474370683
125,0.0001,0.481941303191028,0.4605723228476463,0.3657410279905481,0.4854866951880941,0.4822692230014111,1.0402495127977454,1.1285585037000876,1.0475512560933458,1.030004014244481,0.7611493991312952,0.9469606166457204,0.00044924414022315515,1.016534040537771,0.45511111191340853,0.43007153272628784,0.30542694670813425,0.47211324317114695,0.44309836626052856,0.9186879822186061,0.6991121343203953,0.9494531920978001,0.8952419587544033,0.7515368802206857,0.9435889806066241,0.0002451080196936216,1.008831833090101
126,0.0001,0.4796411410673721,0.45468057578663795,0.34524950254819103,0.48251033294091533,0.48125167056733187,1.0411995708524249,1.1352841967643432,1.0494373340704475,1.0298253860720672,0.7603938688925647,0.9469995413737495,0.0003931322410520261,1.015749160335055,0.455178575856345,0.43003938027790617,0.3049036094120571,0.4722438028880528,0.4431224507944925,0.9185950670923505,0.698977393763406,0.9493731004851205,0.8951376080513,0.7504683988434928,0.9431498902184623,0.00015922301515404667,1.0117368357522147
127,0.0001,0.4809633567728227,0.4584533156604942,0.3601703442275299,0.48316645339187647,0.48278670837219123,1.0411672844992286,1.126539808830183,1.0487524018182153,1.0307365412719818,0.7592685293070509,0.946475808162401,-5.541805075396091e-06,1.018721101738219,0.45509935702596394,0.42989282097135273,0.30444350838661194,0.4721892774105072,0.4430316175733294,0.9184899841036115,0.6989074434552874,0.9492687497820173,0.8950302260262626,0.7498536450522286,0.9429303237370082,0.00013743560495121137,1.0133205481937952
128,0.0001,0.4806827693872045,0.45802728189240904,0.3587015414890957,0.48328744567412013,0.482144173405586,1.0397714466515966,1.1248778844291432,1.0478601827533967,1.0288459242709058,0.7603390173080864,0.9467288304906373,0.0002712856028761757,1.017744695439058,0.4548636163984026,0.42964373316083637,0.3041105057512011,0.47197952440806795,0.44277289509773254,0.9183978268078395,0.6990073067801339,0.9491708874702454,0.8949377366474697,0.7501317518098014,0.9430035182407924,0.00015703450688826187,1.0124805058751787
129,0.0001,0.4777871474535222,0.45396575116171944,0.3503600273560783,0.47973595159927446,0.48008586159925876,1.039800550573527,1.127214952024716,1.0475462336702341,1.0291409983997788,0.7609229086221262,0.9471004050741695,0.0002909498751621856,1.014552185294825,0.4545758749757494,0.4293542674609593,0.3038630315235683,0.47164513383592876,0.4425303212233952,0.9183314868382045,0.6990625602858407,0.9491107634135655,0.8948610084397453,0.750526922089713,0.9432377219200134,0.00012790918948927095,1.0116924728666032
130,0.0001,0.47810786544343814,0.4552775294601885,0.35614616032619445,0.4798198508624444,0.48046122144764974,1.040264698214873,1.1183019229288818,1.0484967941988241,1.0294315226323787,0.7598825229610293,0.946748288077917,0.00013254373196132493,1.0165797724829322,0.454490065574646,0.42916664481163025,0.3032246636492865,0.4715750217437744,0.4424473685877664,0.9182434933526176,0.6989593420709882,0.9490377221788678,0.8947587864739555,0.7497804420334953,0.94282785483769,7.792512354041849e-05,1.0136133943285262
131,0.0001,0.4770731653835216,0.4537465772433211,0.3514643705701802,0.479768563848023,0.4785647073502291,1.0397876740402616,1.1320498672872379,1.0484253750320904,1.0280743846363205,0.760048832239747,0.947135791608725,0.0003140285358343553,1.0155297816925544,0.454443450484957,0.4290707920278822,0.3028355283396585,0.4716082045010158,0.4423319569655827,0.918127817767007,0.6989822047097343,0.9489168439592633,0.894643315247127,0.7491657052721296,0.9425497480801174,0.00011579479490007673,1.01480404819761
132,0.0001,0.4783608852948489,0.45456299097294817,0.3516361795594997,0.47975972256207555,0.48118627714711915,1.039551855098603,1.1306333559240063,1.0472523047032385,1.028815588466039,0.7595357144451501,0.9468208434963895,4.595405378424664e-05,1.0187331406219675,0.4542535756315504,0.42872267961502075,0.30173176527023315,0.4714944703238351,0.44209691882133484,0.9180393474442619,0.6989304508481707,0.9488266451018197,0.8945551259177071,0.7480239868164062,0.9422716583524432,5.4598553106188774e-05,1.0172690323420934
133,0.0001,0.4766564512503707,0.4549309701386877,0.35999893428053137,0.4788536767154144,0.47834779416234574,1.038580114495349,1.1280402387404402,1.0462256688333111,1.0279526791891662,0.7585802287651408,0.9463961908319353,-0.00016401091759398186,1.0193178482912582,0.4540570591177259,0.4285781511238643,0.3017731947558267,0.4713319880621774,0.441858355488096,0.9179700442722866,0.6990434697696141,0.9487400906426566,0.8944972838674273,0.7484045624732971,0.9423302071435111,0.0001130043196358851,1.0159820488521032
134,0.0001,0.4733494351473745,0.44716374070272535,0.3332972584128444,0.4754705859465787,0.47589662166074104,1.03980942172613,1.1435842479298195,1.0477142889822617,1.028445380993682,0.758583769724939,0.946567812837013,0.00031578315359616176,1.016152635305171,0.4541635641029903,0.428544887474605,0.3009903005191258,0.4715847373008728,0.4418481843812125,0.9178875684738159,0.698921161038535,0.9486522844859532,0.8944219265665326,0.7470579658235822,0.9418325509343829,7.289879223597901e-05,1.0195004173687525
135,0.0001,0.47587150340136875,0.45303389912544556,0.3532766551020592,0.4781486294073989,0.4776808276121126,1.0389164894642344,1.1266261473322197,1.0465478654558826,1.0283615383597495,0.7588456373116935,0.946727059496073,0.0005997378891509849,1.0175942609712876,0.45406274284635273,0.4284935934203012,0.30105477784361157,0.47157474075044903,0.4416508802345821,0.9178191253117153,0.6990115131650653,0.9485747729028974,0.8943570937429156,0.7472921354430062,0.9419935601098197,0.00011927202077848571,1.0184299009186881
136,0.0001,0.4741068682314188,0.4484554242264305,0.3360889064126959,0.47696666741975885,0.47584765702405624,1.0388894655610572,1.1277115813989738,1.0469308457243334,1.027887191440502,0.759822356366365,0.9471163235673117,0.00011538313338618486,1.0140430238912121,0.4538933890206473,0.42832277502332416,0.3008691519498825,0.47141328879765104,0.44147435256413053,0.9177564041955131,0.698983541556767,0.9485156110354832,0.8942900810922895,0.7473506842340741,0.9420520918709892,0.00015116617682256868,1.0181646857942854
137,0.0001,0.4733430223727445,0.44755277504035734,0.3338843279121634,0.47687741272911405,0.4744573329277316,1.039068711942682,1.129014932813351,1.0476606643592352,1.027478733547816,0.7595215540799461,0.9472224914056188,1.2289480702258964e-05,1.013539344024092,0.45367868883269175,0.42807761260441374,0.3004996010235378,0.47119344983782085,0.44126984902790617,0.9177112664495196,0.6989950707980565,0.9484690172331673,0.8942441855158124,0.7471457719802856,0.9420813918113708,0.0001720703107171825,1.0182050977434431
138,0.0001,0.4708203828244742,0.4446622523274604,0.3312750550070391,0.47259773778001873,0.47369454969152913,1.0386856809797251,1.1302677622307202,1.0461210396504699,1.0281976156471486,0.7591782875853619,0.9470278540303497,-0.00018575855207122376,1.0132871008022244,0.45389048968042645,0.42820291434015545,0.300086538706507,0.4715661491666521,0.4413417748042515,0.9176408222743443,0.6987881660461426,0.9484082630702427,0.894168598311288,0.7455210770879473,0.9415397984640939,0.0001607700583658048,1.0217877200671606
139,0.0001,0.4710583937084488,0.4453446997286369,0.332485641843875,0.4741340216532695,0.47260183491580754,1.0387782294622834,1.1374879949683443,1.047423006583727,1.0268432384430237,0.7576406902708496,0.9463059459900894,-7.93871033662318e-05,1.017431591210723,0.45382745776857647,0.4282755468572889,0.3007244510310037,0.4715159067085811,0.441242332969393,0.9175977621759687,0.6988533224378314,0.94834452016013,0.8941433259419033,0.7470433115959167,0.942008205822536,0.00023559058484222208,1.0186714104243688
140,0.0001,0.47262646300498046,0.4458776395255273,0.3286836568770766,0.4756280940510554,0.47442283525186424,1.0384613643835123,1.1274767435375446,1.0475673270881722,1.0263881232696035,0.7575539878362973,0.9464988152336187,0.0006046479158766902,1.018124631013474,0.45385975922857014,0.4283012407166617,0.30065917543002535,0.47160788093294415,0.44121821437563213,0.9175406098365784,0.6988315837723869,0.9482879553522382,0.8940830315862384,0.7468091249465942,0.9419642857142857,0.0002192477196721094,1.019266426563263
141,0.0001,0.47270686558562874,0.44631236944401903,0.33133899242377446,0.4750337768295811,0.4750922404780493,1.0376534645646183,1.1289539844746597,1.0456438696648196,1.0266196567563193,0.7589659649362065,0.9467730659506994,5.322349446494468e-05,1.0171468337677134,0.45381723982947214,0.42824532304491314,0.30046092186655315,0.4716458661215646,0.44110069956098286,0.9174982564789909,0.6988333123070853,0.948244937828609,0.894040720803397,0.746545672416687,0.9420081887926374,0.0002314309323472636,1.0196716359683446
142,0.0001,0.46872139059075524,0.44123078051992703,0.32237611214855977,0.4702963793496473,0.4720245514826973,1.0381112947891162,1.1311096034047414,1.045653890997284,1.027468625751625,0.7583077460189671,0.9469924693292885,0.000587831184979683,1.0135890330357353,0.4536655417510441,0.4281236869948251,0.3003933323281152,0.4715644419193268,0.44087593044553486,0.917461097240448,0.6988995841571263,0.9482019969395229,0.8940056647573199,0.7467798675809588,0.9421692149979728,0.0002549338886248214,1.0190435137067522
143,0.0001,0.4694600502381888,0.4421846397940815,0.32464683202235556,0.47065548374404537,0.47309173917808983,1.0389354316466446,1.1383005390280463,1.0466955370730602,1.0278631091053525,0.7584988481600865,0.9471570202870685,0.0003643203909341517,1.0140500573357953,0.4538274109363556,0.4282034805842808,0.2999326118401119,0.47190775190080914,0.44087694372449604,0.9173929180417743,0.6988348875726972,0.9481501068387713,0.8939212901251656,0.7452576075281415,0.9415544612067086,0.00025002899513180764,1.0226733088493347
144,5e-05,0.4676481851583163,0.4404147638704606,0.321690849943767,0.4701402855607798,0.4700214633797544,1.0381295054716737,1.1286945594560116,1.0460080515675718,1.0272319953440334,0.7579609539080361,0.9470119358910397,0.0003323612489782302,1.0143718622339395,0.4538070559501648,0.42815391080720083,0.299741981284959,0.47190316234316143,0.4408464091164725,0.9173781105450222,0.6987781524658203,0.9481389011655535,0.8939039622034345,0.7450819441250393,0.941422700881958,0.00024277510653649057,1.023314697401864
145,5e-05,0.4692510876601539,0.4421047427110008,0.324202149479182,0.4713156946883997,0.4720215387943945,1.0384741126043502,1.1237282867503693,1.0453765524186382,1.028730096266325,0.7574071280067185,0.9464581120805489,3.930402887483513e-05,1.0164809656091722,0.45363556912967135,0.42795085481234957,0.2994572860854013,0.47168136068752836,0.4407290646008083,0.9173732144492013,0.6986824359212603,0.948141063962664,0.8938947405133929,0.7451404929161072,0.9413349032402039,0.0002674240219805922,1.0232189638274056
146,5e-05,0.46823304861028064,0.43821917902889346,0.3075188409297838,0.4708421937819757,0.47098103075560144,1.0387998699691574,1.1309324591724665,1.0466158333432012,1.0279128290290647,0.7564215752734922,0.9465961250111147,-0.00017623225336565692,1.017591395895351,0.45362028053828646,0.4279419992651258,0.29941068802561077,0.4717279459748949,0.4406529792717525,0.917354268687112,0.6986590453556606,0.9481291004589626,0.8938697491373334,0.744862403188433,0.941217805658068,0.0002835162117012909,1.0237621665000916
147,5e-05,0.4688470843702925,0.44022740463083393,0.31587683138047046,0.4710703483801305,0.4717228799270284,1.0380591916446098,1.1227239989230777,1.0456862622058785,1.0276100268829724,0.7565171203289043,0.9465324268171225,0.00046855792970156837,1.0179985762929118,0.45362133213451933,0.42801862955093384,0.29978145020348684,0.47175537262644085,0.440615462405341,0.9173349567822048,0.698731107371194,0.9481063910893032,0.8938502328736442,0.7453893423080444,0.9414666295051575,0.0003272739039467914,1.0223693421908788
148,5e-05,0.46967566249760434,0.4419844357213392,0.3223091650993452,0.4712178362297227,0.47304556774115214,1.0381677527718458,1.1285565869588177,1.046257350229921,1.0270652553550115,0.7572337329162498,0.9464209568995884,0.000506309826450731,1.0174593509240724,0.4536560901573726,0.428176292351314,0.30041842588356565,0.4718326926231384,0.4405875376292637,0.9173183611461094,0.6988538588796344,0.9480816040720258,0.8938366855893817,0.7463261314800808,0.9419203741209847,0.000386883837303945,1.0202834435871668
149,5e-05,0.4655068546807,0.4366065762329925,0.3122581114647714,0.4665915308710182,0.46953057769949347,1.0373305369890258,1.1251860121682213,1.0448465853270106,1.026885765729823,0.7574053577841519,0.9472649587982742,-0.0002775619552092284,1.012312809486873,0.4536086618900299,0.4281114339828491,0.300275730235236,0.47178820627076284,0.44054053510938374,0.9173023019518171,0.6988450373922076,0.9480692573956081,0.8938178249767849,0.7461212021963937,0.9417593734604972,0.0003926244763923543,1.020962119102478
150,5e-05,0.46678403024730075,0.43877961052731446,0.3181575390209202,0.4679570265287203,0.4705652832920591,1.0383422292378937,1.1332486935454449,1.046246910506947,1.0272738554641099,0.7577557039788396,0.9467429800478755,0.00018508492313582737,1.0146959200461234,0.4536457359790802,0.4280727505683899,0.29986334272793363,0.4718741093363081,0.44054343019212994,0.917274500642504,0.6987031187329974,0.9480517591748919,0.8937824198177883,0.7446282250540597,0.9411299739565168,0.00035697324866695065,1.0237208434513636
151,5e-05,0.46541029814765444,0.43659558234443807,0.3125440736300741,0.4665597001089641,0.4693563812916432,1.0373660820082464,1.1276552390872114,1.0455413481639773,1.0261811647811454,0.7575221388518842,0.9470597092550764,-6.073434890626844e-06,1.01334903823062,0.45363238879612516,0.4281895841870989,0.30054900263037,0.4718477044786726,0.4405197288308825,0.9172756331307548,0.6987877317837307,0.948050822530474,0.8937836119106838,0.7456820862633842,0.9415251782962254,0.00039695923416210074,1.0217712947300501
152,2.5e-05,0.46593940007126916,0.43658098493211667,0.3089454116463597,0.46829161321351287,0.46882028717706475,1.0374927024743523,1.1246647883992675,1.0454951330448445,1.0265848104592215,0.7563472581244262,0.9465430407542123,0.0009371698663117142,1.0159464213440241,0.4537016323634556,0.42822450399398804,0.3003977196557181,0.4719545543193817,0.4405589018549238,0.9172609278133937,0.6987114463533673,0.9480447173118591,0.8937623926571437,0.7447599598339626,0.9411885142326355,0.00037582115536289554,1.023485737187522
153,2.5e-05,0.46489781031914806,0.43675675906172584,0.3157548190240788,0.4658785298812473,0.46888841013939264,1.0372927053452052,1.1304672125604303,1.045647439896192,1.0258325343188632,0.7571558818196967,0.9471835665489233,0.00028602942860551093,1.0130222706426752,0.4537592317376818,0.42827923808779034,0.30040967038699556,0.472041517496109,0.44058846150125774,0.9172460521970477,0.6986728991780963,0.9480329751968384,0.8937448263168335,0.7443793926920209,0.9410860538482666,0.0003781748403395925,1.0241139105388097
154,2.5e-05,0.4674002653961882,0.4387562399095802,0.3150759950658147,0.4688882793018899,0.47098965363057316,1.0374329045728548,1.1220369441922267,1.045557223521756,1.0264884133115049,0.7570497096389034,0.946465190847822,0.0003388046828994233,1.0164929991854377,0.45378223061561584,0.4283214126314436,0.30050982534885406,0.4720868340560368,0.4405867840562548,0.9172373839787075,0.6986645715577262,0.9480247923306057,0.8937352895736694,0.7444232872554234,0.9410714081355503,0.0003758623164945415,1.0241253631455558
155,2.5e-05,0.4672468477046882,0.43945131690130323,0.3198428326404487,0.4683030381018705,0.47110408904805934,1.037091911707578,1.1218021193904228,1.0446881787942925,1.026672132389647,0.7571257982971986,0.9468243743558864,0.00023379647391619582,1.017186997905655,0.45382715123040335,0.42835137248039246,0.3004503335271563,0.47215651188577923,0.44061014907700674,0.917230887072427,0.6986049498830523,0.9480224677494594,0.8937265872955322,0.7440134712627956,0.9408226013183594,0.0003589084205616798,1.024936250277928
156,2.5e-05,0.465451116247944,0.43511892304314964,0.3034347036981094,0.46770566417214937,0.4685971147455657,1.0374657453489637,1.1192047744587312,1.0456616751129924,1.026545213063987,0.7565843668810046,0.9463837994669684,0.00013793803272991006,1.0159189161325364,0.4538365602493286,0.42838298422949656,0.3005411667483194,0.4721991888114384,0.44058380808149067,0.9172216398375375,0.6986366765839713,0.9480075580733163,0.8937219551631382,0.7441305688449315,0.9410128763743809,0.0003781708323263696,1.0243925281933375
157,2.5e-05,0.4648760645471903,0.43640130713252334,0.3128592857655743,0.46691837713838075,0.46790083914721775,1.0372150076188336,1.1351816624290416,1.045472672161899,1.0256916572130248,0.756879850265083,0.9468951572679662,0.0003888785212838,1.013692109281156,0.4537554085254669,0.42831668683460783,0.3005426526069641,0.47211410318102154,0.44050364409174236,0.9172169991901943,0.6986643075942993,0.9480007205690656,0.8937184810638428,0.7446428452219281,0.941188531262534,0.0003908217518723437,1.0235463976860046
158,1.25e-05,0.46271503762946664,0.43274129945654133,0.30263109594438764,0.4649259621750903,0.46584029896993995,1.0368491444019003,1.1276697133980889,1.0447190566701112,1.0259521432458165,0.756092467953949,0.9466492122273412,0.0005172695650448204,1.0145351255641264,0.4537650261606489,0.4283123527254377,0.30046250564711435,0.4721389285155705,0.4405012769358499,0.9172106385231018,0.6986512456621442,0.9479954072407314,0.8937116265296936,0.7444379499980381,0.941100708075932,0.00038675787592572827,1.0238371065684728
159,1.25e-05,0.46603273504242276,0.4390921273941744,0.3227868453271313,0.4674132305161733,0.46942713847047113,1.037480423821029,1.1309848068793658,1.045080843772106,1.0267631122375012,0.7575646041537129,0.9467571481652216,0.00044774026529540806,1.0147941100938347,0.4537570944854191,0.4283145410673959,0.3005039393901825,0.4721346838133676,0.44048803193228586,0.9172061000551496,0.6986629792622158,0.9479896937097821,0.8937071646962848,0.7445989421435765,0.9411885057176862,0.00039387108491999764,1.0235922592026847
160,1.25e-05,0.4656448417010979,0.437064687561101,0.3139620750129255,0.46684255251933354,0.46950330936258955,1.038022806113048,1.1311300852076145,1.0455637740497001,1.0273781240275919,0.75672591298706,0.9469146146622466,0.0002941965048602962,1.0157782280052667,0.45376692925180706,0.42830859763281687,0.3004169080938612,0.4721580914088658,0.4404872272695814,0.9171981981822422,0.6986348458698818,0.9479825752122062,0.8936991265841893,0.7442476408822196,0.9410567794527326,0.0003886036408532943,1.0241172483989172
161,1.25e-05,0.4646517020653726,0.4351063503230898,0.3073216234100103,0.4663884088083402,0.46815937262126966,1.0374278876180592,1.1225616884308767,1.0450503442072572,1.0269675415654602,0.7568780806858476,0.9465748890631275,0.0007498834245218516,1.0142602162044625,0.4537916140896933,0.42835898058755056,0.3005522255386625,0.4722057027476175,0.44048561794417246,0.917190568787711,0.6986525910241264,0.9479726127215794,0.893692672252655,0.7444086756025042,0.9411592483520508,0.00039748458324798515,1.023775577545166
162,1.25e-05,0.4661039236070527,0.43946479644507763,0.32393184048513174,0.467971676742458,0.4689752808050793,1.037092932545682,1.1224398838785359,1.045459902357296,1.0258809114493233,0.7562782520290586,0.9463554977470002,0.00042616814893609565,1.0177496826076147,0.45378217101097107,0.42835847394807,0.3005977209125246,0.47218876225607737,0.4404817819595337,0.917190032345908,0.698642441204616,0.9479741028376988,0.8936908415385655,0.7444818615913391,0.941173894064767,0.0004058057176215308,1.0235671060425895
163,1.25e-05,0.46539120455722327,0.43690096191696004,0.31318153847055186,0.46753894050765926,0.4683172614652919,1.0374353119185726,1.125349000570778,1.0450516622322543,1.0268886374964048,0.7566197551847211,0.9464032673475489,0.00042436990753234367,1.0149145300042224,0.45376926234790255,0.4283494097845895,0.3005969673395157,0.4721838321004595,0.4404603796345847,0.9171878014292035,0.6986464432307652,0.9479712588446481,0.8936881167548043,0.7446574909346444,0.941173894064767,0.0004043114271813205,1.023381667477744
164,1e-05,0.4653857295666266,0.43685316832015403,0.3128036562327237,0.4676759277268866,0.4681815667790589,1.037944226508133,1.1235749567449254,1.045843758006644,1.0271898861260782,0.7563366506849826,0.9469500044456252,0.00023040727663869908,1.0153943724202519,0.45374634861946106,0.4283238521644047,0.30056680526052204,0.4721545236451285,0.44044406924928936,0.917185936655317,0.6986337048666817,0.9479711736951556,0.8936859709875924,0.7447306939533779,0.9412177801132202,0.00040569284465163946,1.0233653102602278
165,1e-05,0.4663948997477229,0.43740903999891656,0.3117338606974143,0.46839361263492335,0.4695514988011434,1.0368848711622127,1.1277364584412757,1.0442431504444631,1.0264979145427813,0.7562499579968995,0.946757140155747,0.0003288970330123942,1.0170272364207236,0.4537354750292642,0.4283094491277422,0.30052839645317625,0.4721517094544002,0.4404263709272657,0.9171820282936096,0.6986287491662162,0.9479671972138541,0.8936816113335746,0.7447160482406616,0.9412031429154533,0.00040268237769071547,1.0233742509569441
166,1e-05,0.4635526488680358,0.433452585936236,0.3028564082083674,0.46571373981330694,0.4667480967524755,1.0367431133679936,1.1310333739855583,1.0438735956638745,1.0264695041963234,0.7566586808777473,0.9471764879103165,7.533870538906735e-05,1.0130534850129294,0.453745356627873,0.42830534492220196,0.30044914143426077,0.47217688390186857,0.4404235907963344,0.9171752503940037,0.6986107655933925,0.9479626161711556,0.893673164503915,0.744306206703186,0.941173894064767,0.0003986097539642027,1.0237751347678048
167,1e-05,0.4652856563273727,0.4355114573925428,0.3062959579088465,0.46745473455237624,0.468416299069822,1.0377474747280526,1.121692150010975,1.0461616298667302,1.0265352181724388,0.7567382927077304,0.9465996638157531,0.0007566584519694142,1.0155190345858858,0.4537545485155923,0.4283133489745004,0.30043934072766987,0.4721980392932892,0.4404214918613434,0.9171708311353411,0.698600036757333,0.9479590739522662,0.8936684216771807,0.7442330036844526,0.9411446111542838,0.0003982216751735125,1.0239636727741785
168,1e-05,0.4664100201723065,0.43776597393826416,0.3126709984883835,0.46924186603674295,0.4687027527040491,1.037539159582553,1.1263759326626015,1.0458236833681496,1.0262932297157972,0.7570249358191081,0.9467058291129016,0.00015787294733097312,1.0156851678491603,0.4537688067981175,0.4283492309706552,0.30055629355566843,0.47222286462783813,0.4404217856270926,0.9171678764479501,0.6986155254500253,0.947954501424517,0.8936665909630912,0.7443793841770717,0.9411885227475848,0.0004016857793820756,1.0236741730145045
169,1e-05,0.4630383802180797,0.43283461717033284,0.30147672673366677,0.46550309764200204,0.4659590687998809,1.0375126705771835,1.1150177675713993,1.045578868178117,1.0268631036128473,0.7570267139546497,0.9471747161759213,0.0004286998742161026,1.0118825626386159,0.4537627100944519,0.4283397708620344,0.3005232023341315,0.47222516792161123,0.44040845121656147,0.9171638403620038,0.6986109699521746,0.9479503631591797,0.8936629380498614,0.7443647384643555,0.9411592568670001,0.0004016512206622532,1.0237498709133692
170,1e-05,0.46451612214944327,0.435716205651993,0.31207767670951014,0.46533320954343915,0.4687802163382446,1.0365524202569136,1.1333432784932276,1.0440944393969072,1.0257841152432026,0.7576831530315196,0.9474153547305001,0.00026349472025227397,1.0116881980679837,0.45381287166050505,0.428372255393437,0.3004517491374697,0.47230300307273865,0.44043461765561787,0.917155921459198,0.6985798307827541,0.947943891797747,0.8936535460608346,0.7440134542328971,0.9410714336803981,0.00039485792097236427,1.0245361328125
171,1e-05,0.4664106434638347,0.4384276377016058,0.3169657818156838,0.4684682971583272,0.4693344171408763,1.0369662662100547,1.125501658616681,1.0453586247696853,1.0256225376983494,0.7559491444200165,0.9463607924279174,0.0005458996425640628,1.0180273029010358,0.45381044489996775,0.4283690367426191,0.30043146865708487,0.47231356160981314,0.4404198569910867,0.917151255267007,0.6985769612448556,0.9479389701570783,0.8936488458088466,0.7439841713224139,0.9410275135721479,0.0003915655127327357,1.0247013909476144
172,1e-05,0.46528879588060745,0.43658365028585155,0.31200820674011015,0.4673796802099756,0.46830720951025767,1.037787083735417,1.135334018816899,1.0452813985086555,1.0270410623668789,0.7564746558634062,0.9466739783271608,0.000434713016846657,1.015376379923504,0.45382683191980633,0.4283913288797651,0.3004673272371292,0.4723405795437949,0.4404252426964896,0.917147696018219,0.6985805375235421,0.9479356322969709,0.8936453206198556,0.7440134542328971,0.9410421507699149,0.00038962609999414,1.0247419221060616
173,1e-05,0.4636180370290152,0.4322142817815831,0.2963275997077717,0.4655249455910532,0.4672875662977092,1.0374471803516938,1.1220556820526164,1.045748992475766,1.0263251418110106,0.7564038809286345,0.9468403045898248,0.00012606477817365697,1.0146316304698353,0.45382059471947805,0.42839233364377705,0.3005062107528959,0.4723281264305115,0.4404233566352299,0.9171481473105294,0.6985765184674945,0.9479368925094604,0.8936452099255153,0.744072003023965,0.9410567879676819,0.0003955379693901965,1.0245994670050484
174,1e-05,0.46388529869137235,0.43369613794526474,0.302405736427724,0.4663451026403383,0.4668081163620215,1.037343938287631,1.1217899758688386,1.045469910790968,1.0264029711951324,0.7565631190313884,0.9469499977549797,0.0003181928320181206,1.013675498563537,0.4538308637482779,0.42840586389814106,0.30053415468760897,0.47233727148600985,0.44043465171541485,0.917147329875401,0.6985655341829572,0.9479367818151202,0.8936442136764526,0.7440427456583295,0.9410421422549656,0.000401692880716707,1.0246681230408805
175,1e-05,0.46493533387160985,0.43557353693282225,0.3085497691382991,0.46669259638446636,0.46839093343348226,1.036730087967866,1.119557124180081,1.04480014919141,1.025899247002486,0.7574301296417866,0.9471888752866293,0.00046609933460427824,1.0130494141089743,0.4538358747959137,0.4284003589834486,0.3004800166402544,0.472346122775759,0.44043760214533123,0.9171454054968697,0.698544612952641,0.9479365178516933,0.8936406118529183,0.7439256395612445,0.9409982221467155,0.0004028212112773742,1.0249719960348946
176,1e-05,0.4634140526450652,0.4346596063373543,0.30900640897472936,0.46632908901458037,0.4656459149224528,1.0370780015339158,1.12548627180469,1.0454729894528954,1.0257362151750666,0.7563065618228346,0.9465660397516221,0.00021622486234603865,1.0156286745153758,0.4538364154951913,0.4283812131200518,0.30037112321172443,0.4723520747252873,0.4404365335191999,0.9171405860355922,0.6985177057129996,0.9479348574365888,0.8936340638569423,0.7437060730797904,0.940910415990012,0.0003968316263386181,1.025418485913958
177,1e-05,0.4642556294260061,0.4350227659223405,0.3080007422793831,0.4665334551352394,0.4671862790440458,1.0370887797456527,1.1287543372212392,1.044192622818306,1.0269293970052964,0.7558677631716308,0.946627977308684,0.00013827607580960697,1.016037009821283,0.4538154218878065,0.42837835209710257,0.3004492627722876,0.4723278709820339,0.4404151865414211,0.9171415652547564,0.6985447406768799,0.9479340740612575,0.8936354943684169,0.7439695596694946,0.9410275050571987,0.00040090331874255625,1.0249136601175581
178,1e-05,0.46526251174409006,0.4344000967367237,0.30053094458850216,0.4674453000023889,0.46857084429592166,1.037847994471394,1.1312118083544185,1.0460953922189382,1.0264886500574226,0.7555297976626104,0.9463607941327453,0.00020721431744183904,1.0170417854223648,0.4538020874772753,0.42836458342415945,0.30042821168899536,0.4723198967320578,0.4403966154370989,0.9171389426503863,0.6985328027180263,0.9479329330580575,0.8936321224485125,0.743881710938045,0.9410275050571987,0.00039750567105199607,1.0250074863433838
179,1e-05,0.46601712041073595,0.4378993436895186,0.3154463371391626,0.46847036538803444,0.4685829515014541,1.0376808276642224,1.1316178671038608,1.0461357617725633,1.026094669595771,0.7555492610398719,0.9461378547158424,0.00031440373167347343,1.0192258581881,0.45377703649657114,0.428356123822076,0.30048832084451405,0.47229646359171185,0.44036734104156494,0.9171382444245475,0.6985550693103245,0.9479314684867859,0.8936310155051095,0.7441890920911517,0.9410274965422494,0.00039968243800103664,1.024516522884369
180,1e-05,0.4644688126272725,0.4355489231577707,0.3104918798883091,0.46614749812462236,0.4679226339571037,1.0371734998834756,1.1245461459810902,1.0445026286022765,1.0269319158081616,0.7564162667287856,0.9467766040476734,0.00013491987595405013,1.0151325777551,0.4537653752735683,0.42835183228765217,0.3005267466817583,0.4722743332386017,0.44036439061164856,0.9171380485807147,0.6985576663698468,0.947932779788971,0.893629653113229,0.7442183750016349,0.9410714166504996,0.00040216690727642605,1.0243162172181266
181,1e-05,0.4662944423753509,0.4374913946075563,0.3116269279381937,0.4692133388613213,0.4685311158862683,1.0372809693739984,1.131900247630723,1.0455057038465707,1.0259022392650199,0.7563808815130593,0.946741219057113,0.0002578079034018954,1.0159525097349305,0.4537521004676819,0.4283489840371268,0.3005770189421518,0.4722526456628527,0.44035748073032926,0.9171373588698251,0.6985590628215245,0.9479319623538426,0.8936284269605365,0.7443354640688215,0.9410860623632159,0.0004023941832461527,1.024060641016279
182,1e-05,0.46394988474688914,0.4340006182210483,0.30271813139938625,0.4673736783792956,0.46590049354951574,1.0369284929485496,1.122465719870471,1.0453129483118484,1.025692922517022,0.7568710062932273,0.9467500628038027,0.0003164889539654291,1.0132590333513485,0.4537708376135145,0.4283581120627267,0.3005309913839613,0.4722855942589896,0.44036367535591125,0.9171328885214669,0.6985403639929635,0.9479297910417829,0.8936216916356768,0.744115914617266,0.9410421422549656,0.0003953179943242243,1.024501953806196
183,1e-05,0.4627758985716011,0.4327248323626346,0.3018133791311329,0.4654351432646408,0.4654819447480854,1.0367577252231028,1.1232641917335235,1.0448706206668086,1.0257612230709547,0.7567913735228105,0.947042017483544,0.0002733357823657398,1.0122821094921584,0.45380466324942453,0.4283771387168339,0.30045847594738007,0.47234618238040377,0.44037443825176786,0.9171250292233059,0.6985079305512565,0.9479251844542367,0.8936125040054321,0.7439256310462952,0.9409103989601135,0.00038699679342763763,1.025177070072719
184,1e-05,0.46272441678862924,0.4328712980874603,0.3045241631370458,0.46374912726448086,0.4669729746874126,1.036364527759974,1.1258243555258367,1.0437214873123992,1.0260255345124782,0.7565648904762845,0.9468845466761993,2.7441505825974317e-05,1.0135864709045073,0.45382876907076153,0.42840176820755005,0.3004644534417561,0.47238947238240925,0.44038043703351704,0.9171202778816223,0.6984948345593044,0.9479213867868695,0.893606790474483,0.7437646303858075,0.9408665129116603,0.0003891273434939129,1.0255224193845476
185,1e-05,0.46326096615660084,0.4336126084528417,0.30568388244363337,0.4647172803146673,0.4670572622975207,1.0366522457171181,1.1218237097174557,1.0445200841425564,1.0259453457751535,0.7564693488305283,0.9466279814903374,0.0005089538636794781,1.0141835724477568,0.45379699553762165,0.4283721787588937,0.3004390129021236,0.4723626290048872,0.44034354175840107,0.917117748941694,0.6985008801732745,0.9479179297174726,0.8936052662985665,0.7438231962067741,0.9408957787922451,0.0003901141130232385,1.0253225990704127
186,1e-05,0.46143889081394485,0.4303598816306026,0.29558973286966345,0.46360054210077667,0.46480552828833016,1.0369284845209097,1.1277135372547864,1.0446519021787195,1.0261790962780224,0.7562782495843997,0.9473021098619143,0.0001100140553823719,1.0113049847206037,0.4537853556019919,0.4283449181488582,0.3003316287483488,0.4723642723900931,0.4403215391295297,0.9171118055071149,0.6984907218388149,0.9479128207479205,0.8935986246381488,0.7437060901096889,0.9407786641802106,0.0003842242793845279,1.025658164705549
187,1e-05,0.46350804175548277,0.43311283778835485,0.30125848433486335,0.46566906669496266,0.46675535230718945,1.037023762593833,1.1300008329133118,1.0448787250328373,1.0260696327499743,0.7561791593553694,0.9465890518729905,0.0006547004081327941,1.0155597665280314,0.4537735751696995,0.42834342803273884,0.3003584274223873,0.47236729093960356,0.4402936356408255,0.9171082632882255,0.6985099911689758,0.947907532964434,0.8935962745121547,0.7437646303858075,0.9407933098929269,0.0003856860566884279,1.025444405419486
188,1e-05,0.4621640842506452,0.43113380268465423,0.2968221430320451,0.4640874757647064,0.46575210535777173,1.0368447428578245,1.1256720018078041,1.0444459249313238,1.0262827182935497,0.7563171819680714,0.9469606225000352,0.00014369801287195022,1.0123959910978966,0.45378716928618296,0.42834798778806416,0.3002985843590328,0.4724052037511553,0.4402855634689331,0.917100829737527,0.6985002500670296,0.9478998695101056,0.8935884237289429,0.7436768071992057,0.9407786641802106,0.0003861577882032309,1.0257543240274702
189,1e-05,0.4626743772096783,0.43288952031781464,0.3043236397146471,0.4641832872075257,0.46644380600209245,1.0369467665167416,1.1309420651380784,1.0444369640340048,1.0263233611343103,0.7561685511439282,0.9466492121951746,0.00016675953397952539,1.0139042901400932,0.4538280538150242,0.42838685853140696,0.3003099241427013,0.4724643698760441,0.4403089540345328,0.9170947756086077,0.6984896234103611,0.9478944965771267,0.8935816628592355,0.7435743468148368,0.9407347611018589,0.0003890328974063907,1.0260261808122908
190,1e-05,0.46536043024166046,0.4341789687638404,0.29883651238355,0.46765082900870253,0.4686208125455149,1.0374197164099086,1.124511803541065,1.0455940862121418,1.0263422248946352,0.7550927647306542,0.9459449832206537,4.543199898002602e-05,1.0188710196109572,0.4538340611117227,0.428399064711162,0.3003310412168503,0.47248744113104685,0.4402971863746643,0.9170890024730137,0.6985081859997341,0.9478868416377476,0.8935767497335162,0.7436329126358032,0.9407786641802106,0.0003971498559362122,1.025930140699659
191,1e-05,0.46396353376021077,0.4346831175712271,0.308024334717749,0.4657037086057071,0.4674213169332588,1.0367256678315155,1.1267485310435617,1.0447953354006385,1.0256553035906952,0.7557810499612795,0.9467571482295547,0.00022721047278471528,1.0164720770866242,0.4538181168692453,0.4284042716026306,0.30041787028312683,0.47247882400240215,0.4402708964688437,0.9170866353171212,0.6985370176179069,0.9478819796017238,0.8935761281422206,0.7438963651657104,0.9408665129116603,0.0004050246872273939,1.025365310055869
192,1e-05,0.46321135817253456,0.4339204382973623,0.30716309679950565,0.4650024878322531,0.4666218985047008,1.0365682068028066,1.1186399179989752,1.0445327550993053,1.025867863757766,0.7570833339603669,0.9469517721270331,0.000299481814501016,1.0126649936147465,0.45380530187061857,0.42841379983084543,0.3005154388291495,0.4724733233451843,0.4402467608451843,0.9170856050082615,0.6985614725521633,0.9478800126484462,0.8935751063483102,0.7441012944493975,0.940939690385546,0.00041069602593779564,1.0248735121318273
193,1e-05,0.46377644357781633,0.4342115631440621,0.30675090718320813,0.4651261721825638,0.46766095895157334,1.037096391319907,1.1299851052322325,1.0445910519158847,1.0265052918479434,0.7570603296233073,0.947003084456541,0.00015300714950636633,1.013725300994488,0.4538305699825287,0.42844272511346,0.3005342866693224,0.47252271430833,0.44024830630847384,0.9170803342546735,0.6985664963722229,0.9478747418948582,0.8935705508504596,0.7440281169755119,0.940954327583313,0.0004101109058995332,1.0250441942896162
194,1e-05,0.46361897445921635,0.4343486314712829,0.3076165197221125,0.46546957348722157,0.46696845483471106,1.0368695739662719,1.1357360254476603,1.0450740444679487,1.0253694083841183,0.7556165034746519,0.9463961810854661,0.0003324060443124326,1.0163252077679086,0.4538420481341226,0.4284440832478659,0.300479993224144,0.472546181508473,0.4402500220707485,0.9170749868665423,0.6985455581120082,0.9478703481810433,0.8935638495853969,0.743881744997842,0.9407933013779777,0.00040526558378977437,1.0254618866103036
195,1e-05,0.4630641942885008,0.4337114909823624,0.3053543001284679,0.46612509216608644,0.46526025487356293,1.0369259021569122,1.12282544467749,1.044591494366985,1.02639707969577,0.7562694096011982,0.9468739262092969,0.0003298147326069937,1.0141698910427042,0.4538513847759792,0.4284687808581761,0.3005564638546535,0.47256843532834736,0.44024420636040823,0.9170717256409782,0.6985564657620021,0.9478670869554792,0.8935601711273193,0.743925656591143,0.9408079641205924,0.00040668184270284006,1.0253880279404777
