epoch,train_total_loss,val_total_loss,train_reconstruction_loss,val_reconstruction_loss,train_selection_score,val_selection_score,train_common_reconstruction_loss,val_common_reconstruction_loss,train_common_total_loss,val_common_total_loss,train_kl_loss,val_kl_loss,train_market_loss,val_market_loss,train_sector_loss,val_sector_loss,train_idio_loss,val_idio_loss
1,0.9941368480913,0.8972710967063904,0.9941296047634549,0.8972516059875488,0.995294988155365,0.9216938614845276,0.9938059164807688,0.8587544560432434,0.9938131629251966,0.858773946762085,0.007241881738593376,0.01947134919464588,0.9984271923700968,1.0540834665298462,0.9910341002582724,0.8656772971153259,0.9964236772917454,0.8453208804130554
2,0.9756395867447448,0.866357684135437,0.9754869076940749,0.8661321401596069,0.9770677638988868,0.881138026714325,0.9785423637215608,0.8448640704154968,0.9786950458888135,0.8450896143913269,0.15267297235968846,0.22552911937236786,0.9739660644063762,0.9574384689331055,0.9676125279439041,0.8442587852478027,0.9896247219416051,0.8417168855667114
3,0.9595060936765734,0.8533087372779846,0.9591765871234968,0.8528621196746826,0.9579750357889661,0.8631114959716797,0.968509734845629,0.8399127721786499,0.9688392382821226,0.8403593897819519,0.32950955142382704,0.44661402702331543,0.9358158808907652,0.9119089245796204,0.9529030077597674,0.8362630009651184,0.9852062841646032,0.8411626219749451
4,0.9527011747453727,0.8459338545799255,0.9520027263491762,0.845048189163208,0.9493496028426426,0.8517910838127136,0.9642311443690381,0.8370126485824585,0.9649295927652346,0.837898313999176,0.6984456477601544,0.8856472969055176,0.9180471047856449,0.8828763961791992,0.9469639027819914,0.8336194753646851,0.9830378387488571,0.8388772010803223
5,0.9494353906781066,0.8449634909629822,0.9484309690450531,0.8439557552337646,0.9453850061285729,0.8507776260375977,0.961708603341595,0.8364291787147522,0.9627130249746485,0.8374369144439697,1.0044241816389794,1.0077550411224365,0.9110491377076292,0.8809587359428406,0.9434467480073567,0.8317585587501526,0.9816591521493749,0.8396155834197998
6,0.9467376045931398,0.8448176383972168,0.9457362882452074,0.8438338041305542,0.9432724348080703,0.851000964641571,0.9586756470935797,0.8362781405448914,0.9596769572083467,0.837261974811554,1.0013123489672842,0.983814001083374,0.9108726284862344,0.8819698095321655,0.9393917723418841,0.8306493163108826,0.9795529343723471,0.8403838872909546
7,0.9434228282348782,0.8415930271148682,0.9423448490161522,0.8404337763786316,0.940249012965782,0.847961962223053,0.9554108544891956,0.8333417773246765,0.9564888337079216,0.8345010280609131,1.0779815460342208,1.1592657566070557,0.9083568656366635,0.8787148594856262,0.9347819763850542,0.8256973028182983,0.9776082163542704,0.8394737839698792
8,0.939153618282742,0.836125373840332,0.9379776201996148,0.8348792791366577,0.9356097633542578,0.8400974869728088,0.952085874439065,0.832011342048645,0.9532618725221921,0.8332574367523193,1.176001696025624,1.24608314037323,0.9009530520906636,0.8571063280105591,0.9301206524076026,0.8225106596946716,0.9757556003682754,0.8406755924224854
9,0.9318152393390929,0.8196399807929993,0.9305080229939978,0.818248987197876,0.9259942286933949,0.81651371717453,0.9483026523216098,0.8259923458099365,0.9496098686667049,0.8273833394050598,1.307214944970374,1.3909873962402344,0.8790696072422601,0.7965759038925171,0.9251008228538862,0.8152211308479309,0.9738122770209717,0.8377441167831421
10,0.9238717509251014,0.8121439814567566,0.9223869002722447,0.8105859756469727,0.915379204391654,0.8054714202880859,0.9442600689682306,0.8236696124076843,0.9457449196210874,0.8252276182174683,1.4848500794055415,1.558028221130371,0.8546298013793098,0.7671923041343689,0.9200428358090469,0.8119049072265625,0.9714650071524327,0.8373169898986816
11,0.9164934080410627,0.8069106340408325,0.9149778450236601,0.8053346872329712,0.9065481915193445,0.7982198596000671,0.9394709775650424,0.8216251730918884,0.9409865405824449,0.8232011198997498,1.5155642391030306,1.5759315490722656,0.837296864565681,0.7489878535270691,0.9140707285575618,0.809178352355957,0.9682770032508701,0.8364932537078857
12,0.9097754589093277,0.8013491630554199,0.9081475999620225,0.7996636629104614,0.8991276501050962,0.7921190857887268,0.9343470646664988,0.8174116015434265,0.9359749204972211,0.819097101688385,1.627861866763994,1.6854887008666992,0.825045467981326,0.7389176487922668,0.9071862031431759,0.8032408356666565,0.9651513010068656,0.8341988921165466
13,0.9019447966338763,0.7979802489280701,0.9002456037826787,0.7962067723274231,0.8901568257730771,0.7883989810943604,0.92869734062868,0.8151112198829651,0.9303965334798775,0.8168846964836121,1.6991988093245263,1.7735036611557007,0.8090888063112894,0.7322110533714294,0.9000666418106728,0.799344003200531,0.9613150264702591,0.8336418271064758
14,0.8985863737031525,0.7931066751480103,0.8967781783708559,0.7912517189979553,0.8865059446665197,0.7836718559265137,0.9259912250867857,0.8099824786186218,0.9277994204190821,0.8118374347686768,1.8081920972836563,1.8549542427062988,0.8034506693385006,0.7283287644386292,0.8963394402678496,0.7938995361328125,0.9597277204974805,0.8287872076034546
15,0.8921447813121322,0.7847566604614258,0.8903084416794621,0.7829281687736511,0.877677306630253,0.7719358801841736,0.9230953084877114,0.8077301383018494,0.9249316481203814,0.809558629989624,1.8363401001574946,1.8284903764724731,0.7821428988104552,0.6966444253921509,0.8930656321687636,0.7892517447471619,0.9578234066371045,0.829911470413208
16,0.8839313835879556,0.7764098644256592,0.8820795389561872,0.7744823694229126,0.8676628053577897,0.7620722651481628,0.9182105559149599,0.8023196458816528,0.9200624005467284,0.8042471408843994,1.8518463271895265,1.9275046586990356,0.7613382012236352,0.677414059638977,0.8865840836288104,0.7817932963371277,0.9550661390123804,0.8270095586776733
17,0.8772950199694415,0.7719911336898804,0.8753535918940126,0.7700082063674927,0.8595376236765992,0.7538213729858398,0.9141596006412133,0.8032445907592773,0.9161010287166421,0.805227518081665,1.9414234621072906,1.982916235923767,0.7446430814422034,0.6498623490333557,0.8811702030936098,0.78277587890625,0.952799542277467,0.8288260102272034
18,0.8723907825214411,0.7689028978347778,0.8704071387745975,0.7668945789337158,0.8533378679767932,0.7517874240875244,0.9114125472268247,0.7995942831039429,0.9133961909736683,0.8016026020050049,1.9836423825594336,2.008310556411743,0.7311807652704077,0.6512281894683838,0.8776055628957312,0.7770434617996216,0.9512272835556977,0.8270906805992126
19,0.8698370534610125,0.7696030139923096,0.8677970225514929,0.7675724625587463,0.8509862438526029,0.7527713179588318,0.9088024547676635,0.799042820930481,0.9108424856771831,0.8010733723640442,2.0400318670896143,2.030524253845215,0.7293728562741498,0.6554415822029114,0.8742333346722173,0.77811199426651,0.9493525663232492,0.8247603178024292
20,0.866851634449429,0.7742966413497925,0.8647976918937335,0.7722308039665222,0.8480380976122189,0.7606993317604065,0.9060503758636176,0.7988970279693604,0.9081043184193132,0.8009628653526306,2.053939919066585,2.0658223628997803,0.7260122603061152,0.6803523898124695,0.8708230693355884,0.7781831622123718,0.9472789468328937,0.8235624432563782
21,0.8809391100422229,0.7750566601753235,0.8788111459196003,0.7728880047798157,0.868407145045162,0.7646952271461487,0.9105546657556023,0.7957469820976257,0.9126826298782249,0.7979156374931335,2.1279647973627824,2.1686606407165527,0.7797520472333322,0.6993796229362488,0.876099434942981,0.7730008363723755,0.9493699810084175,0.8217054009437561
22,0.8722735888817731,0.7715913653373718,0.8701227595603543,0.7693541646003723,0.8556200589229858,0.7591813206672668,0.9078107597002016,0.794346034526825,0.9099615890216204,0.7965832352638245,2.150828886655421,2.2371718883514404,0.7458396051444259,0.6852139234542847,0.8732432742523991,0.7730620503425598,0.9477772813996458,0.8192678689956665
23,0.8637496821241442,0.7649967074394226,0.8615919297037561,0.7628359794616699,0.8446830172164768,0.7504963874816895,0.9029857574724683,0.791757345199585,0.9051435098928564,0.7939180731773376,2.157753255632189,2.160712957382202,0.7220462128227833,0.6637061834335327,0.8679091353821599,0.7687991261482239,0.944093679290971,0.818983793258667
24,0.857369596662085,0.7593623399734497,0.8552143527012245,0.7571201324462891,0.8372141146192363,0.7420232892036438,0.8988226282051186,0.7897810339927673,0.9009778721659791,0.792023241519928,2.1552455487594107,2.242223024368286,0.7076237536723318,0.641567587852478,0.8624200092421638,0.767279326915741,0.9415985735413296,0.817223072052002
25,0.8513507609273873,0.7598564028739929,0.8491326036796071,0.7576806545257568,0.8305365396480934,0.7428641319274902,0.8940048202190524,0.790399968624115,0.8962229747398227,0.7925757169723511,2.218158979041904,2.1757397651672363,0.6970342717139549,0.6428748965263367,0.8567656948675517,0.766951858997345,0.9378096285988303,0.8187656402587891
26,0.853230325225132,0.7579288482666016,0.8510004831295387,0.7556685209274292,0.833330140394323,0.7404448390007019,0.8942094160840403,0.7888719439506531,0.8964392612962162,0.7911322712898254,2.2298463855693544,2.260317325592041,0.7052737538721047,0.6385807991027832,0.8576535761745927,0.7656312584877014,0.93706311626372,0.8171225190162659
27,0.8477474244591457,0.7583224177360535,0.8455078847268048,0.7560678720474243,0.8269196398117963,0.7416742444038391,0.8904078193739349,0.7881625294685364,0.8926473591062758,0.7904170751571655,2.23954514428681,2.2545526027679443,0.6933755753866209,0.6438888311386108,0.8530887770496942,0.7647492289543152,0.9342945681677924,0.8163849115371704
28,0.8412813107951794,0.760600209236145,0.8390234210132773,0.7583237290382385,0.8191153722650865,0.7452940344810486,0.8865680725745906,0.7885998487472534,0.8888259623564926,0.7908763289451599,2.2578933644138908,2.276454448699951,0.6772320691277,0.6542025804519653,0.8477140154713899,0.7648969292640686,0.9324000037573521,0.8167824745178223
29,0.8385553009369794,0.7680771350860596,0.8362525884622063,0.7657535076141357,0.8158911505555795,0.7569296956062317,0.884310422769559,0.7900083065032959,0.8866131383609148,0.7923319339752197,2.3027177916632757,2.323601007461548,0.6719748611543693,0.6873508095741272,0.8457400639072742,0.7662588953971863,0.9299585659519519,0.8171795606613159
30,0.8451186691234315,0.7585322260856628,0.8428227157374613,0.7562463879585266,0.8251816147293141,0.7424769401550293,0.8865917480848973,0.7872000932693481,0.8888877014708675,0.7894859313964844,2.295955763922797,2.28582763671875,0.6960086187506034,0.6484040021896362,0.8488005072462792,0.7642880082130432,0.9307357310469634,0.8147386908531189
31,0.8380053425146863,0.7527211904525757,0.8356936351925719,0.7503360509872437,0.8157766317230424,0.7353100180625916,0.882849284246856,0.7841440439224243,0.8851609915689705,0.7865291833877563,2.31171183336794,2.3851659297943115,0.674692771793191,0.6325901746749878,0.8448195410709755,0.7590804100036621,0.9278175978878744,0.8142594695091248
32,0.8360127771601957,0.763008177280426,0.8336658555697771,0.7606714367866516,0.813558612773621,0.7481660842895508,0.8813599589603399,0.7894845604896545,0.8837068805507585,0.791821300983429,2.346916734782699,2.3367486000061035,0.6709419255163155,0.6612547636032104,0.8427863635268866,0.7672372460365295,0.9269475484985152,0.8160061836242676
33,0.8432873896524018,0.7586758732795715,0.8409141130696715,0.7562752962112427,0.821588844645257,0.7455158233642578,0.8864182623383267,0.7841271758079529,0.8887915385314842,0.7865277528762817,2.37327497301538,2.400573492050171,0.6852234672097599,0.6642988324165344,0.8500324238359539,0.7587045431137085,0.929510641721339,0.8135441541671753
34,0.8272504845475839,0.7531753778457642,0.8248525655347537,0.7507948875427246,0.8019564179034014,0.7368178367614746,0.8766578716390273,0.7829099297523499,0.8790557906518575,0.7852904200553894,2.3979187744115693,2.380505323410034,0.6448257612247094,0.639865517616272,0.837871775128483,0.7582269310951233,0.9231716970992244,0.812360942363739
35,0.8232585106020659,0.7533789277076721,0.820871067982094,0.750995397567749,0.7981399597685321,0.7357485294342041,0.8729064507422104,0.7843894958496094,0.8752938933621824,0.7867730259895325,2.3874405240700916,2.383556604385376,0.6408724741998062,0.6334347128868103,0.8331617490918029,0.7608256936073303,0.9203856217315773,0.8129851818084717
36,0.8315190217074226,0.7558401226997375,0.8291325787313624,0.7534574866294861,0.8093519888672174,0.7410532832145691,0.8763390499002793,0.7827181220054626,0.8787254928763396,0.7851007580757141,2.3864469855439427,2.3826467990875244,0.6684481240565481,0.6534134745597839,0.8378030061721802,0.7592540979385376,0.9218048106611164,0.8104923963546753
37,0.8354307514390135,0.7548152804374695,0.8330360479604185,0.752407968044281,0.8124460063728631,0.7394794821739197,0.8806265440641665,0.781812846660614,0.8830212475427615,0.7842201590538025,2.3947031544704065,2.407317876815796,0.6690317723486159,0.6504333019256592,0.84368903613558,0.7595986723899841,0.9246172059595196,0.808406412601471
38,0.8264597440077588,0.7503010630607605,0.8240772388339822,0.7478950619697571,0.8021616359162175,0.7336351275444031,0.8744796393743528,0.7798905968666077,0.8768621445481294,0.7822965979576111,2.382505343630423,2.405975341796875,0.6500443734374701,0.6363389492034912,0.8356810056306179,0.7562866806983948,0.9207594866066976,0.8082796931266785
39,0.8172350334965326,0.7536510825157166,0.8148130108328426,0.7512558698654175,0.791424422092687,0.7394065856933594,0.8681958142448875,0.7804516553878784,0.8706178369085773,0.7828468680381775,2.422022482928108,2.3951916694641113,0.6299397754513361,0.6530701518058777,0.827624982088999,0.7554848194122314,0.9167084951026767,0.8096646666526794
40,0.8126526190564524,0.7455872297286987,0.8102306135339674,0.7431768774986267,0.785652778896631,0.7294285893440247,0.8653810865738812,0.7754233479499817,0.8678030920963661,0.7778337001800537,2.4220011218700535,2.4103567600250244,0.6179483694578308,0.6326810121536255,0.8246896835713605,0.7497959733009338,0.9143202822971968,0.8058088421821594
41,0.8080848003524581,0.7487687468528748,0.8056601363849016,0.7463163733482361,0.7804629179387311,0.7312968373298645,0.8619938442130494,0.7795763611793518,0.8644185081806058,0.7820287346839905,2.424659269307953,2.452359676361084,0.6089668176532571,0.6297435164451599,0.8207008846445021,0.7556174993515015,0.9117210487914241,0.8085296750068665
42,0.8059968948364258,0.7501972913742065,0.8035176166521958,0.747681736946106,0.7774791935690089,0.7342321276664734,0.8610646958444633,0.778362512588501,0.8635439740286933,0.7808780670166016,2.4792794417711645,2.5155293941497803,0.6016614257899764,0.6414057016372681,0.8197623031591278,0.7550674080848694,0.9110138650033989,0.8062230348587036
43,0.8167953580812691,0.7573068737983704,0.8142591239580141,0.7548004984855652,0.791848782230826,0.7436108589172363,0.866110174874075,0.782137393951416,0.86864640899733,0.7846437692642212,2.53623718685574,2.506347417831421,0.6356438834682788,0.6625722646713257,0.825797955195109,0.759039580821991,0.9141045536091125,0.8092207908630371
44,0.8092062278510699,0.7498593926429749,0.806747988937727,0.7474160194396973,0.7828759714668873,0.7366142272949219,0.8611588910514233,0.7761657238006592,0.8636171299647661,0.7786090970039368,2.4582371914308836,2.443347692489624,0.6182118730217803,0.6534196138381958,0.819903970933428,0.7490260601043701,0.9105120340203927,0.8073968887329102
45,0.796058281574374,0.74875807762146,0.7936001420021057,0.7462904453277588,0.7664922822534649,0.7334084510803223,0.8536587684762245,0.7772520780563354,0.8561169080484926,0.7797197103500366,2.4581422011057534,2.4676578044891357,0.5831420970898048,0.6411856412887573,0.8103564658196144,0.7517068386077881,0.9059782803448198,0.8073328733444214
46,0.8026753399107192,0.7499245405197144,0.8001777471280566,0.7474300861358643,0.7755007439968633,0.735230028629303,0.8560653800278707,0.776924729347229,0.8585629728105333,0.7794191837310791,2.4975919131360023,2.4944674968719482,0.6060372318317687,0.6475273966789246,0.814153913578956,0.7523786425590515,0.906311084242428,0.8057841658592224
47,0.8176113589137208,0.7477465867996216,0.8151227313708636,0.7452425956726074,0.7972011710304061,0.7318089604377747,0.8612554003210628,0.7770597338676453,0.8637440278639201,0.7795637249946594,2.4886262681749134,2.503999948501587,0.6624664035108354,0.6366261839866638,0.8194414244757758,0.751385509967804,0.9096957082841911,0.8074151277542114
48,0.8057785143260083,0.7427015900611877,0.8032025581870983,0.740200400352478,0.7808766832538679,0.725799560546875,0.8561243025306003,0.7748133540153503,0.8587002586695104,0.7773145437240601,2.575956692103467,2.5011632442474365,0.6225971910688612,0.6227015256881714,0.8133661863850612,0.7462549209594727,0.906666683215721,0.8084421753883362
49,0.8135274878514358,0.7507305145263672,0.8110301451745376,0.7482648491859436,0.7915188015676012,0.7359737753868103,0.859689833291995,0.7777627110481262,0.8621871790854759,0.7802283763885498,2.497341182496813,2.4656946659088135,0.6481245569154328,0.6480728387832642,0.8173782942341823,0.7534785270690918,0.9090535710839664,0.8063699007034302
50,0.8179239533305948,0.7533868551254272,0.8154167287489947,0.750857949256897,0.7967752081895966,0.735245943069458,0.8622438771272797,0.7834782600402832,0.8647511017088797,0.7860071659088135,2.507230133792154,2.528920888900757,0.6590652724886252,0.6337918639183044,0.8211277088308646,0.7625786066055298,0.9101326816222247,0.8093673586845398
51,0.805859768312741,0.7498911023139954,0.8032485176535213,0.7472658157348633,0.7809451117235071,0.7346840500831604,0.8556880639269461,0.7770419716835022,0.8582993145861657,0.7796672582626343,2.6112517017165042,2.6252784729003906,0.6237271689122019,0.6455864310264587,0.8138531064675525,0.7530438303947449,0.905255035637251,0.8054220080375671
52,0.8012566878125559,0.7477502822875977,0.7986231847526202,0.7451068758964539,0.7753446148891076,0.7330987453460693,0.8528296238456676,0.7757651209831238,0.8554631269056033,0.7784085273742676,2.6335055080114627,2.6434004306793213,0.6123589230518715,0.6433521509170532,0.8102444947934618,0.7482660412788391,0.9034304463006313,0.8076780438423157
53,0.7851216707354277,0.7461110353469849,0.7824723486806832,0.743507444858551,0.753795963097242,0.7310195565223694,0.8452053533660041,0.7751158475875854,0.8478546754207487,0.7777194380760193,2.649327379426146,2.603602170944214,0.5615210774677252,0.6382652521133423,0.8010402898383296,0.7470820546150208,0.8988265675656936,0.8077113032341003
54,0.773119672451144,0.7435722351074219,0.7705047644820868,0.7410044074058533,0.7398603581914714,0.7277458310127258,0.8368022286034877,0.7741972804069519,0.8394171365725449,0.7767651081085205,2.6149114331388783,2.5678060054779053,0.535948194904265,0.6300376653671265,0.7911262177174387,0.7451844215393066,0.8925066859114403,0.8080154657363892
55,0.7673962205843209,0.7446513175964355,0.7647857475124933,0.7420204877853394,0.7325683641277887,0.7292332649230957,0.8334395106321846,0.7736654877662659,0.8360499837040122,0.7762963175773621,2.6104687600353964,2.630814790725708,0.520391115955278,0.6357723474502563,0.787566597165625,0.7464386820793152,0.8897473815999,0.8054887652397156
56,0.7645551644119561,0.7429453730583191,0.761927501048917,0.7403252124786377,0.7291143450861662,0.7251863479614258,0.8319754222639246,0.7755531072616577,0.8346030887435464,0.7781732678413391,2.627670400282916,2.6201813220977783,0.5127512915851244,0.6192425489425659,0.7849986693438362,0.7479085922241211,0.8895930188154083,0.8084080219268799
57,0.7632243804682314,0.7469188570976257,0.7605855055883819,0.7442758679389954,0.7271897056523491,0.7328283786773682,0.8312717165822298,0.7741168737411499,0.8339105914620792,0.7767598628997803,2.6388735163445567,2.6430084705352783,0.5082586300528906,0.6459800601005554,0.7847029835570092,0.7466416954994202,0.8886075463949465,0.8058633208274841
58,0.7614104066019743,0.7455376982688904,0.7587787493381625,0.7429046630859375,0.7253054150568894,0.7285698056221008,0.8300054988829918,0.7774053812026978,0.8326371561468037,0.7800384163856506,2.6316562680637134,2.633026361465454,0.5050741609405068,0.625846803188324,0.7825564496657428,0.7488824129104614,0.8882855959967071,0.8109802603721619
59,0.7680412301051072,0.7417518496513367,0.7653953078525518,0.7391327619552612,0.7334488560171688,0.7254441380500793,0.8336127373128156,0.7732056379318237,0.8362586595653708,0.7758247256278992,2.645922325794993,2.619084358215332,0.5227593405573976,0.6249805092811584,0.7878362867567275,0.7436549663543701,0.8897509438539642,0.8076971769332886
60,0.7660973523956498,0.7373465299606323,0.7634394702568553,0.7347270250320435,0.7324393633144354,0.720038115978241,0.8307579303878585,0.7707934975624084,0.833415812526653,0.7734130024909973,2.6578783770791845,2.6194846630096436,0.5256312962840585,0.6132768988609314,0.784035812405979,0.7401019334793091,0.8876509639172773,0.8067354559898376
61,0.7556226911887624,0.7381753921508789,0.7529813993990032,0.7355285286903381,0.7183898695154127,0.7198272347450256,0.8257334933561438,0.772341251373291,0.8283747851459029,0.7749881148338318,2.6412961810242894,2.6468589305877686,0.4925980791936513,0.609366774559021,0.7784515759524178,0.7431033849716187,0.8841199181438272,0.807011604309082
62,0.7569733410099753,0.7375279664993286,0.7543053003697614,0.734900712966919,0.720715105144027,0.7171223759651184,0.8257637600493587,0.7747445702552795,0.8284318006895726,0.7773718237876892,2.6680442102594313,2.6272411346435547,0.49975067221261316,0.5959169864654541,0.7781838513667287,0.7454112768173218,0.8842107680887957,0.8100388050079346
63,0.7626734270769007,0.740294337272644,0.7600144607568878,0.7376282811164856,0.7306144451783374,0.7217400074005127,0.8253809735665913,0.7738476395606995,0.8280399398866043,0.7765136957168579,2.658963829863305,2.6660304069519043,0.5312779378267675,0.6121342778205872,0.7779462068688636,0.7463783025741577,0.88261917837305,0.8067074418067932
64,0.7507375291749543,0.7435752749443054,0.748045393844056,0.7408872842788696,0.7122829088977739,0.7274401783943176,0.8224535588345496,0.7741314768791199,0.8251456941654479,0.7768194675445557,2.692139203252356,2.6879684925079346,0.4805446323616053,0.6292273998260498,0.7752261644874523,0.7455688714981079,0.8810779074438257,0.8075244426727295
65,0.7702608568216461,0.741383969783783,0.7675976776609233,0.738763689994812,0.7381966281560511,0.7230891585350037,0.8330679204728868,0.7744399309158325,0.8357311027501922,0.7770602107048035,2.6631784641664793,2.6202566623687744,0.5386397433436774,0.6150754690170288,0.7854234377543131,0.7474548816680908,0.8905266947995604,0.8067370653152466
66,0.7823105579108195,0.7473270893096924,0.7797103980008293,0.7447222471237183,0.754851337741403,0.7344241142272949,0.8386452572018492,0.7733383774757385,0.8412454171118393,0.7759432196617126,2.600160029978534,2.6048455238342285,0.5785952159781861,0.6525698900222778,0.7910184451178008,0.744987964630127,0.894940386800205,0.8057143688201904
67,0.7885218087364646,0.7405846118927002,0.7858077840867386,0.7378751635551453,0.7635025572932623,0.7225973010063171,0.8409083403793036,0.7748961448669434,0.8436223650290295,0.7776055932044983,2.7140209472257326,2.7094242572784424,0.6006834686192033,0.6125895380973816,0.7936190744630651,0.7439826130867004,0.8962051350306841,0.8112198114395142
68,0.7559112310409546,0.7480284571647644,0.7531946028759277,0.7453237771987915,0.7206079550817901,0.7306661605834961,0.8238642667633256,0.7792292237281799,0.8265808949283525,0.7819339036941528,2.71662534296123,2.7046804428100586,0.5034136390374377,0.6285162568092346,0.7749439746725792,0.7528791427612305,0.8834662538727903,0.8106030225753784
69,0.7492806171280106,0.7448912262916565,0.746542751789093,0.7421466708183289,0.711080310001872,0.7282527089118958,0.8211786930077996,0.7746745347976685,0.8239165583467172,0.7774190902709961,2.737856924144271,2.744584798812866,0.4794940927059822,0.6306067705154419,0.7725993055923313,0.7488994598388672,0.8811475408622642,0.805251955986023
70,0.7812735368223751,0.7460145950317383,0.7785262905694301,0.7432627081871033,0.7527317646282171,0.7299858927726746,0.8388436498984791,0.7757333517074585,0.8415908961514242,0.7784852385520935,2.747244587131575,2.7519161701202393,0.5715998483249565,0.6337581872940063,0.7911383657673605,0.7482563257217407,0.8954570760913924,0.8079429864883423
71,0.7627780717961928,0.7416336536407471,0.7600115514269062,0.7389109134674072,0.7291852894172169,0.7248150706291199,0.8278671479692646,0.7733217477798462,0.8306336683385512,0.776044487953186,2.766525609820497,2.7227203845977783,0.5216131500558916,0.6227837800979614,0.7795304258664449,0.7442788481712341,0.8864123135610343,0.8073825240135193
72,0.7523579784468108,0.7387644648551941,0.7496466558743147,0.7360674142837524,0.7167647083600363,0.7223739624023438,0.8207249431049123,0.7708331346511841,0.8234362656774085,0.7735301852226257,2.711318341735142,2.6970317363739014,0.49808967775768703,0.6204425692558289,0.7718368725839004,0.7398752570152283,0.8803675529224421,0.8068041801452637
73,0.7456836856268589,0.7424817085266113,0.7429663320772009,0.7397578954696655,0.709586506185968,0.7270534634590149,0.8152751233063492,0.7729740738868713,0.8179924768560073,0.7756978869438171,2.7173511483310873,2.723839521408081,0.48727591403948717,0.6304618120193481,0.7653302869765587,0.7422796487808228,0.8761532922196232,0.8084189891815186
74,0.7376288884605458,0.7446767091751099,0.7348966205042172,0.741955041885376,0.7001125286607182,0.7297549247741699,0.8097082395958745,0.7739876508712769,0.812440507552203,0.7767093181610107,2.732268790014429,2.7216386795043945,0.46958363932721753,0.6367135047912598,0.7587684252682854,0.7442349791526794,0.8719855523576924,0.808316171169281
75,0.7343671341347539,0.740378201007843,0.7316356464928272,0.737661600112915,0.6961008135010215,0.7228761315345764,0.807424308817371,0.7734721302986145,0.8101557964592977,0.7761887311935425,2.7314914722068635,2.716613531112671,0.4619375589041928,0.6164501905441284,0.7566932770940993,0.7435902953147888,0.8696715827860864,0.8085880279541016
76,0.731268075166964,0.7447127103805542,0.7285490819052154,0.7420219779014587,0.6921819354973587,0.7284523844718933,0.8054327964782715,0.7753906846046448,0.8081517897400201,0.7780814170837402,2.718998352686564,2.6907365322113037,0.45396465355274723,0.6297200918197632,0.754908950500239,0.7469341158866882,0.8676722166584987,0.8087029457092285
77,0.7958468413041309,0.7596161961555481,0.7931345525909873,0.7569032311439514,0.7733728028590383,0.7483539581298828,0.8423978994095248,0.7816782593727112,0.8451101881226682,0.7843912243843079,2.712293137132732,2.7129878997802734,0.6281820779142816,0.678257942199707,0.7995861647954954,0.7560523748397827,0.8923501629455417,0.8107514381408691
78,0.7904824501548717,0.7479056715965271,0.7876567996405308,0.7450850605964661,0.7664165512409086,0.7323319911956787,0.8402502957512351,0.7762598991394043,0.8430759462655759,0.7790805101394653,2.8256560493918026,2.820594549179077,0.6111110698163899,0.6399319171905518,0.7949649399402094,0.7498972415924072,0.8931736653926325,0.8071668744087219
79,0.7715423188957513,0.7489837408065796,0.7686462223140242,0.7461273670196533,0.7432743852434595,0.7342200875282288,0.8279512844054527,0.7758184671401978,0.8308473809871798,0.778674840927124,2.8960940230126475,2.856398582458496,0.5651609313254263,0.6467199921607971,0.7810767772150975,0.7500065565109253,0.8835854370609607,0.8059336543083191
80,0.7771005673346176,0.7388109564781189,0.7741813757061179,0.7359734773635864,0.7487554706000035,0.7197263836860657,0.8323779846328536,0.772743821144104,0.8352971762613534,0.7755813002586365,2.9191856882930582,2.837477922439575,0.5728598747378081,0.6082072257995605,0.7879371082081514,0.7452020645141602,0.885469440930809,0.8057699799537659
81,0.7538474007369647,0.7404196262359619,0.7509865554329617,0.737591028213501,0.7208604925598194,0.7209404110908508,0.8177547221090279,0.7746465802192688,0.8206155674130309,0.7774751782417297,2.860841821221744,2.828582525253296,0.5170485003321779,0.6079723238945007,0.7695847126393537,0.7477090954780579,0.8759482635392083,0.8071399927139282
82,0.7398391767264971,0.7353482842445374,0.7370124252793057,0.7325578927993774,0.7041289533664977,0.712634265422821,0.8086952672285193,0.7744401693344116,0.8115220186757106,0.7772305607795715,2.826747297461516,2.790400266647339,0.48417911186716917,0.5826285481452942,0.7585713504965789,0.7472497820854187,0.8696364000731823,0.8080242872238159
83,0.7716072926334306,0.7416556477546692,0.7687996368782193,0.7388503551483154,0.7441572282049391,0.7224079966545105,0.8269434084300122,0.7753124833106995,0.8297510641852236,0.7781177759170532,2.8076516646964875,2.805283784866333,0.5700207527946023,0.6111261248588562,0.7803009701710121,0.748978853225708,0.8821499526890275,0.8071190118789673
84,0.7712563630802179,0.7413228750228882,0.7684561072611341,0.7384835481643677,0.7434231031174753,0.7218092083930969,0.8274911451183893,0.7758039832115173,0.8302914009374731,0.7786433100700378,2.80025538743711,2.8393094539642334,0.5665903757600224,0.6082342863082886,0.7801716569202398,0.7483929991722107,0.8835072778408823,0.8088005781173706
85,0.7499226904382893,0.7343717813491821,0.7470628880207835,0.7315282821655273,0.716793609990014,0.7131132483482361,0.8148754024817273,0.7722775340080261,0.8177352045096603,0.7751210331916809,2.8597973218930313,2.8434982299804688,0.5104836241092557,0.5886640548706055,0.7649848990970187,0.7429637908935547,0.8749123258528366,0.8077118992805481
86,0.7352215152939939,0.741278350353241,0.7323740093536626,0.7384373545646667,0.6987513993300644,0.7226783633232117,0.8052887542575013,0.7756851315498352,0.8081362601978327,0.7785261273384094,2.847504422555562,2.8409910202026367,0.47465557989731333,0.611181378364563,0.7548165001900368,0.745724618434906,0.8667821186819887,0.8111291527748108
87,0.7501598923814063,0.7402830123901367,0.7472895991568472,0.7374683618545532,0.719574968799267,0.7204815745353699,0.811650118796654,0.7754929065704346,0.8145204120212131,0.7783075571060181,2.8702973057242,2.8146278858184814,0.5258996132152532,0.6047677993774414,0.7613104044222364,0.7475588321685791,0.8715148665546592,0.8091179132461548
88,0.7314031708474252,0.7374929189682007,0.7285885242075701,0.734683632850647,0.6942451389786465,0.7169819474220276,0.8027147798756369,0.7736559510231018,0.805529426515492,0.7764652371406555,2.814642334296033,2.809263229370117,0.46608490998448887,0.597771406173706,0.7518818814770069,0.7458847165107727,0.8647686352137647,0.8072898983955383
89,0.7396249891885744,0.7414098978042603,0.7368095450931125,0.7386016845703125,0.7070365559821036,0.7208784222602844,0.8046160277977489,0.7765706181526184,0.8074314718932109,0.7793788313865662,2.815442989075106,2.808197021484375,0.5017832272193011,0.603732705116272,0.7532747154142342,0.7509218454360962,0.8660517327146593,0.8079807758331299
90,0.7488026085242726,0.7379620671272278,0.7459731327941994,0.7351879477500916,0.7172959594944723,0.7173271179199219,0.8118438767451867,0.7745521664619446,0.8146733524752598,0.7773262858390808,2.8294761554867613,2.7741477489471436,0.5184192990555483,0.5969572067260742,0.7612434687957265,0.7464461326599121,0.8722250882317039,0.8085780739784241
91,0.7359907198575587,0.7355784773826599,0.7332015660853167,0.732816755771637,0.7006560793889114,0.715214192867279,0.8045653159322302,0.7726203203201294,0.8073544697044721,0.7753820419311523,2.7891517355551128,2.761697769165039,0.4820883449386148,0.5944633483886719,0.7540995786392611,0.7428519129753113,0.8657803036808188,0.8083271384239197
92,0.7246785261272605,0.7340639233589172,0.721871906635808,0.7312854528427124,0.6874568789613014,0.7130414843559265,0.796565370622024,0.7722309231758118,0.7993719901134765,0.7750093936920166,2.806613478006101,2.778451681137085,0.4579528270204083,0.5885394811630249,0.7447799058521495,0.7420104742050171,0.8596378962198893,0.8085743188858032
93,0.7185926484126671,0.73251873254776,0.7157780941015754,0.7297250032424927,0.6810649290583493,0.7089903354644775,0.7913737230830722,0.7739329934120178,0.7941882773941639,0.7767267227172852,2.814552302454032,2.7937066555023193,0.4490360851381339,0.572386622428894,0.7386161548639435,0.7443616986274719,0.8555425814553803,0.8102226853370667
94,0.720011387385574,0.7300439476966858,0.7171897549255222,0.7272517085075378,0.6846389493911095,0.7053899765014648,0.7901026415669061,0.7733295559883118,0.792924274026958,0.7761217951774597,2.821629661360597,2.792247772216797,0.4628015070958854,0.562482476234436,0.7364741665085935,0.7432449460029602,0.8546411846977433,0.8104423880577087
95,0.7152434751099231,0.735024631023407,0.7124151439448587,0.7322349548339844,0.6782860565029718,0.7141817212104797,0.7879896837901446,0.7726125121116638,0.790818014955209,0.7754021883010864,2.828331193113639,2.789689302444458,0.44753017709925286,0.5912755727767944,0.7335534960615868,0.7429945468902588,0.8537744899201237,0.8082751035690308
96,0.7287732892566257,0.7382010221481323,0.7259284795499316,0.7353901267051697,0.6934883240001654,0.7169334292411804,0.797942133510814,0.7755334377288818,0.8007869432175082,0.7783443331718445,2.8448058047325784,2.8108932971954346,0.47377517936276453,0.5936710834503174,0.7458324128506231,0.7475858926773071,0.8608574029666926,0.8095431923866272
97,0.7239710766505572,0.7386955618858337,0.7211274609846228,0.7358713150024414,0.6874872979774974,0.7175466418266296,0.7955901751331255,0.7752721309661865,0.7984337907990599,0.7780963778495789,2.8436171338449117,2.824275016784668,0.4600985040462095,0.5961241126060486,0.7419936053114,0.7484585642814636,0.8603698061961754,0.8080572485923767
98,0.7170443612765642,0.7352798581123352,0.7141735740736419,0.7324416637420654,0.6787732150040421,0.7121593356132507,0.7911517627878126,0.776218831539154,0.7940225499907351,0.7790570259094238,2.870790988012077,2.8382198810577393,0.44239072452962785,0.5774134397506714,0.7375836493143069,0.746198296546936,0.8563452764274249,0.8128660917282104
99,0.7381300314579134,0.7484884262084961,0.7352604316730126,0.7456533312797546,0.7082358345486759,0.7321997284889221,0.7998767619818644,0.7777418494224548,0.8027463617667653,0.7805769443511963,2.869600612353655,2.835099458694458,0.5154738831364252,0.6364043951034546,0.7469777799899282,0.7515698671340942,0.8622558346760818,0.8086249828338623
100,0.7592265411140093,0.7411386370658875,0.7563455922930848,0.7382475137710571,0.7329492280685824,0.718830406665802,0.8138309966504963,0.7794860601425171,0.8167119454714208,0.7823771834373474,2.880944557439268,2.8911478519439697,0.5628185630623811,0.5912443995475769,0.7648656773411371,0.7521229386329651,0.8711634157529844,0.8131238222122192
101,0.7395630482754676,0.7487351894378662,0.7366510949103661,0.7457732558250427,0.7069853571505328,0.7324498295783997,0.8041973137388042,0.7779075503349304,0.8071092671039057,0.7808694839477539,2.9119576394947524,2.9619064331054688,0.5025050679063485,0.6368317604064941,0.7530737963377261,0.7512578964233398,0.8653772227904376,0.8092597723007202
102,0.7412885482015173,0.7437304854393005,0.7383209685094996,0.740800142288208,0.7064820952664793,0.7258581519126892,0.8078289943582871,0.7756814360618591,0.8107965740503049,0.7786117792129517,2.967578499924903,2.930316209793091,0.49330413536308637,0.6210572123527527,0.7590873455689624,0.7481679916381836,0.8670548134379916,0.808349072933197
103,0.7166968065928789,0.7355163097381592,0.7137655830071643,0.7326343059539795,0.677499808127584,0.7116589546203613,0.7918901642163595,0.7766401171684265,0.7948213878020741,0.7795221209526062,2.9312285441978303,2.8820126056671143,0.43688561674816156,0.5749749541282654,0.7385215607343936,0.7481933832168579,0.8570922465106241,0.8118086457252502
104,0.7323566803745195,0.7414004802703857,0.7294532621608061,0.7385286092758179,0.6974026030964322,0.7233877182006836,0.8015574497335097,0.7740781903266907,0.8044608679472232,0.7769500613212585,2.903411478778116,2.8718974590301514,0.4783182529842152,0.6167628765106201,0.7481136711594326,0.7457797527313232,0.8657758726793177,0.8076204657554626
105,0.719385522642946,0.7415233850479126,0.7165376045345481,0.7387038469314575,0.6807562147869783,0.7205191254615784,0.7942637189540988,0.7784031629562378,0.7971116370624967,0.7812227010726929,2.8479180289249793,2.819563150405884,0.44199908169266444,0.598763108253479,0.7402845558777355,0.7505645751953125,0.8599850009469425,0.8122298121452332
106,0.7109793615497015,0.7374757528305054,0.708127985592761,0.7346347570419312,0.6723733754719005,0.717688262462616,0.7863585072405198,0.7728802561759949,0.7892098831974603,0.7757212519645691,2.8513748863943262,2.8409664630889893,0.4326115583672243,0.6015945672988892,0.7312653824394825,0.7443737387657166,0.8532432158008899,0.8070964217185974
107,0.6920319109960319,0.7423979043960571,0.6891488912058812,0.7395150065422058,0.6486530701319376,0.722052812576294,0.7746501623415479,0.7783058881759644,0.7775331821316988,0.7811887860298157,2.883020650327595,2.882885694503784,0.38362470639297386,0.6037272214889526,0.7186178927328072,0.7502009868621826,0.8437166377609852,0.8122302293777466
108,0.7097821714831334,0.7386062741279602,0.7069180436383665,0.7357693314552307,0.6700343824679555,0.7178404331207275,0.7860694734099644,0.7750824689865112,0.7889336012547312,0.7779194116592407,2.8641299406687417,2.836942672729492,0.4259605820662056,0.5974344611167908,0.7324157411756079,0.7472818493843079,0.8517268518217249,0.8088049292564392
109,0.7043362957200193,0.74104243516922,0.7014078007024878,0.7381565570831299,0.6633709213312935,0.7219095230102539,0.7830719924440571,0.7753974199295044,0.7860004874615888,0.7782832980155945,2.928496635038089,2.8858633041381836,0.4115858820139193,0.6094006299972534,0.7276627686288621,0.7468899488449097,0.8508641186103322,0.8094381093978882
110,0.6882665749468835,0.740861177444458,0.6853528774641697,0.7379845976829529,0.6439743883469525,0.7224071025848389,0.7718217992315105,0.7744656205177307,0.7747354967142243,0.7773422002792358,2.9136992513743882,2.8765575885772705,0.3750539788233688,0.6129046678543091,0.7164065744362625,0.7455431818962097,0.8404626156769547,0.8087735176086426
111,0.6882568056287329,0.7396366000175476,0.6853266393437105,0.73673415184021,0.6460989717564551,0.7214654088020325,0.7694112931201661,0.7734543085098267,0.7723414594051885,0.7763567566871643,2.9301642327526816,2.9024734497070312,0.3867178302185208,0.6121095418930054,0.7125466711380902,0.7431309223175049,0.839032410017026,0.8091558218002319
112,0.6820813760258793,0.7347406148910522,0.6791503078797284,0.7318735718727112,0.6375356632120469,0.7124361991882324,0.7665721084557328,0.7737993001937866,0.7695031766018836,0.7766663432121277,2.9310628526351032,2.867055892944336,0.36611414306304035,0.5833622813224792,0.709898056937199,0.7450859546661377,0.836594775611279,0.8088604211807251
113,0.6768586612215229,0.7373142242431641,0.6739519526755887,0.734430730342865,0.6313722698517095,0.7155352234840393,0.7633565761684592,0.775566577911377,0.7662632847143933,0.778450071811676,2.906713654013241,2.8834760189056396,0.3537501161004983,0.5892624855041504,0.7054595031769447,0.7468762993812561,0.834907187745462,0.8104669451713562
114,0.6715052973211201,0.739743709564209,0.6685840756285424,0.7368629574775696,0.6252176570736505,0.7190883755683899,0.7593474430975571,0.7766367197036743,0.7622686647901348,0.7795174717903137,2.921217530381446,2.8807373046875,0.34308260776638205,0.598038375377655,0.7009821534156799,0.7474361658096313,0.8315882215312883,0.8117905855178833
115,0.6711771624540191,0.7371863722801208,0.6682639905050689,0.7342970371246338,0.6251213429800047,0.7163999676704407,0.7589020542069977,0.7745398283004761,0.761815226155948,0.7774291634559631,2.9131747086842856,2.8893203735351562,0.34372055998035506,0.5941058993339539,0.7001341273582059,0.7447383999824524,0.8315093614696677,0.8103556036949158
116,0.6681653381952273,0.7352197170257568,0.6652426310614044,0.7323408126831055,0.621217766618417,0.7118902802467346,0.7573020688069412,0.7756872177124023,0.7602247759407642,0.7785661220550537,2.9227111168157043,2.87893009185791,0.33497147661408566,0.5776966214179993,0.698218876629873,0.7470461130142212,0.8304629497278749,0.8109281063079834
117,0.6683884115000955,0.7358599305152893,0.6654672887590196,0.7329601049423218,0.6219104925791422,0.7143707275390625,0.7566134002473619,0.7738110423088074,0.7595345229884378,0.7767108678817749,2.9211368763368895,2.899832010269165,0.33856988381716163,0.5893409848213196,0.6980240905986113,0.7448026537895203,0.8291374963093427,0.8089684844017029
118,0.6651590236651352,0.7375022172927856,0.6622085111593109,0.7345914840698242,0.618909165750142,0.7159113883972168,0.7536595296236425,0.7759870886802673,0.7566100421294667,0.7788978219032288,2.9505117531695397,2.910722017288208,0.33546868999019946,0.5895453691482544,0.6936856165430905,0.746128499507904,0.8275731801986694,0.8120604157447815
119,0.667220617821014,0.7368041276931763,0.6642919365876641,0.7339233160018921,0.6206732890964334,0.7157537341117859,0.7554695267303317,0.7746793031692505,0.7583982079636817,0.7775601148605347,2.928675276002074,2.8807926177978516,0.3371363788648368,0.5918070077896118,0.6969980305316401,0.7446281909942627,0.8278854446473465,0.8108260631561279
120,0.6629660881422703,0.7387503385543823,0.6600204639964633,0.7358664274215698,0.6165225946046169,0.7174637913703918,0.7515944624258801,0.7764737010002136,0.7545400865716871,0.7793576121330261,2.9456206910750447,2.8839128017425537,0.3324058855475943,0.593339741230011,0.6919534985536064,0.7474145293235779,0.825208414613811,0.811637282371521
121,0.6586888568853241,0.7375401258468628,0.6557625119203057,0.7346359491348267,0.61212625690535,0.7160501480102539,0.7481522388707579,0.7758423089981079,0.7510785838357763,0.778746485710144,2.9263464189043233,2.9041738510131836,0.32600273396454604,0.5902805924415588,0.6872456217902938,0.746094286441803,0.8231304459322512,0.8117756247520447
122,0.660337979887046,0.7372661828994751,0.6574037772378111,0.7343610525131226,0.6128596710223778,0.715817928314209,0.7505517270829942,0.7754955291748047,0.7534859297322292,0.7784006595611572,2.9341982127794255,2.905137777328491,0.3232315716400645,0.5902891755104065,0.6907661210477741,0.7457688450813293,0.8245813071338179,0.8113958835601807
123,0.6606808904728858,0.736083447933197,0.6577414819617676,0.7331609725952148,0.6142378009222691,0.7134926915168762,0.7496630958482331,0.7759331464767456,0.7526025043593513,0.7788556218147278,2.93940985436533,2.9224660396575928,0.3293776471240848,0.5821524262428284,0.6893260397163092,0.7461637258529663,0.8240097165107727,0.812161922454834
124,0.6570561021761178,0.7388852834701538,0.6540864417755526,0.735927164554596,0.6106713840774461,0.7184209823608398,0.7462618261380912,0.7761792540550232,0.7492314865386563,0.779137372970581,2.9696539585886437,2.9581387042999268,0.3254639114819321,0.596929669380188,0.6851427874533959,0.7452061176300049,0.8214074805671093,0.8131272196769714
125,0.6542037947505128,0.7363988161087036,0.6512207462896709,0.7334499955177307,0.6074169371642318,0.7152607440948486,0.7441174991769728,0.7747275233268738,0.7471005476378147,0.7776763439178467,2.983043807783937,2.9488308429718018,0.3198744210542417,0.5901752710342407,0.6826646230579202,0.7436643242835999,0.8197117950402054,0.8119425177574158
126,0.6527654887024873,0.7387984991073608,0.6498001280173756,0.7358765602111816,0.6058826068647547,0.7174408435821533,0.7426307084513646,0.7764719724655151,0.7455960691364762,0.7793939113616943,2.9653606227799956,2.9219167232513428,0.31824002020499287,0.5932718515396118,0.6816488395329394,0.7475348711013794,0.8177589816984787,0.8115158081054688
127,0.6507545853751937,0.7384383082389832,0.6477828430973627,0.7354811429977417,0.6039110387072844,0.7162114977836609,0.7410447102746153,0.7777459621429443,0.7440164525524463,0.7807031273841858,2.9717419053993974,2.957169771194458,0.31545741885316136,0.586776852607727,0.6790431741795508,0.7478424310684204,0.8172325133498198,0.8140150904655457
128,0.6497810747888353,0.7387213706970215,0.6467967434646258,0.7357702851295471,0.6030619471680885,0.7184521555900574,0.740047512490765,0.7754748463630676,0.7430318438149746,0.778425931930542,2.9843258592817516,2.9511051177978516,0.31491990650401397,0.5985075235366821,0.6776648635178609,0.7450705170631409,0.81660107966342,0.8117783069610596
129,0.6486659459039277,0.7411254644393921,0.6456856813306123,0.7381950616836548,0.6016212078480939,0.7206212878227234,0.739291676508835,0.7773879766464233,0.7422719410821503,0.7803183794021606,2.9802627579059475,2.930382490158081,0.31203848415730046,0.6012155413627625,0.6771521498175228,0.7487873435020447,0.8156729835310793,0.8118609189987183
130,0.6456948713539472,0.7380569577217102,0.6427103008320129,0.7350981831550598,0.598544554383147,0.7162790298461914,0.7368661301587921,0.7762395143508911,0.7398507006807264,0.7791982889175415,2.984569443596734,2.958765983581543,0.30759234093373117,0.5901552438735962,0.6738971117275213,0.7473128437995911,0.8141442307459763,0.8113690614700317
131,0.6444827540248048,0.7390074729919434,0.6414976766686035,0.7360897064208984,0.5970712607982112,0.7170991897583008,0.7359087922993828,0.7773746848106384,0.7388938696555842,0.7802924513816833,2.985077189464195,2.917766809463501,0.3050336765697579,0.5903128385543823,0.673184492619209,0.7486588954925537,0.8129955931426653,0.8123257160186768
132,0.642234838476368,0.7407999038696289,0.6392745200325461,0.7378655672073364,0.5946869885220247,0.7218508720397949,0.733886640056286,0.776031494140625,0.736846958500108,0.7789658308029175,2.960316631529066,2.934340715408325,0.3018877212128608,0.6078847050666809,0.6712249984928206,0.7449412941932678,0.8109482367054309,0.8127264976501465
133,0.6412593644428877,0.7408190369606018,0.6382689694173975,0.7378677129745483,0.5938185270315681,0.7187623381614685,0.7331419696215711,0.7787839770317078,0.7361323646470612,0.7817353010177612,2.9903983446507674,2.9513161182403564,0.30075887137768315,0.5925098657608032,0.6695408443220301,0.7511627078056335,0.8111558529286603,0.8126144409179688
134,0.6408255439178616,0.7379230856895447,0.6378084931498259,0.7349603176116943,0.5938203683476043,0.7161996364593506,0.7318682943294251,0.7759975790977478,0.7348853450974607,0.7789603471755981,3.0170519710366244,2.962754249572754,0.30344368838796426,0.5904176831245422,0.668572684518652,0.7471120357513428,0.8094447146054187,0.8110691905021667
135,0.639312160950081,0.7394199967384338,0.6363006097818512,0.7364481687545776,0.5920209487279257,0.7190055847167969,0.7310816988446354,0.7758964896202087,0.7340932500128653,0.7788683176040649,3.0115535134583515,2.9718210697174072,0.2995138413765851,0.5993385314941406,0.6671656459764718,0.7463849186897278,0.8093833533767002,0.811293363571167
136,0.6389196608580795,0.7447306513786316,0.6359020962434656,0.7417516708374023,0.5916230417544546,0.7268630862236023,0.7307572497261895,0.7776963710784912,0.7337748143408034,0.7806753516197205,3.0175677031473396,2.9789679050445557,0.2989613935838338,0.6199377775192261,0.6666874012915917,0.7478437423706055,0.8092203109092961,0.812807559967041
137,0.6391975719944324,0.7404038906097412,0.6361768424900529,0.737424373626709,0.5920855266595978,0.7189297676086426,0.7305130120975519,0.7781767249107361,0.7335337416019315,0.7811562418937683,3.020730930216172,2.9795169830322266,0.3009105099766862,0.5943066477775574,0.6669545473616108,0.7490915060043335,0.8083915402686673,0.8133910894393921
138,0.6359587837668026,0.7389129996299744,0.6329226018556582,0.7359232306480408,0.5888385030568815,0.7175025939941406,0.7277670896131229,0.7768198251724243,0.7308032715242673,0.7798095941543579,3.0361800521027806,2.989772081375122,0.29660940900737165,0.5927316546440125,0.6631443445978601,0.7472203373908997,0.806761762675117,0.8125556707382202
139,0.6348221687709584,0.7431602478027344,0.6317900606230193,0.7401894330978394,0.5878116932569766,0.7253105044364929,0.7262216459691914,0.7764659523963928,0.7292537541171304,0.7794367671012878,3.03211290696088,2.9707908630371094,0.2966735672717001,0.6177077889442444,0.6621344264815835,0.7459038496017456,0.8046271107555215,0.8123198747634888
140,0.6359341752295401,0.7380739450454712,0.6329061517528459,0.7350534200668335,0.5886262503324771,0.7166604399681091,0.7277344005559784,0.7753052711486816,0.7307624240326726,0.7783257961273193,3.028024048587076,3.0205538272857666,0.2960194485639435,0.593303918838501,0.6637222977245555,0.746947169303894,0.8061369848407172,0.8097301125526428
141,0.6314452485321393,0.7366271615028381,0.6283887001424054,0.7336274981498718,0.5845802056243996,0.7134258151054382,0.7231868926216575,0.7771810293197632,0.7262434410113915,0.7801806926727295,3.056551616955427,2.999690294265747,0.29302820212700786,0.5793200135231018,0.657846670135174,0.7473809719085693,0.8028657303916084,0.8135765790939331
142,0.634148996639875,0.7367458939552307,0.6311249062905904,0.7337297797203064,0.5871760346531089,0.7153304219245911,0.7257882021611033,0.7753446698188782,0.7288122925103879,0.7783607840538025,3.0240945956286263,3.0160858631134033,0.2956124688285628,0.589093804359436,0.661138579736348,0.7442086935043335,0.8047770382532107,0.8126888871192932
143,0.635104125621272,0.7393770813941956,0.6320574353722965,0.7363555431365967,0.5887447848818661,0.7196176052093506,0.725887665951174,0.7750351428985596,0.7289343562001497,0.7780566811561584,3.0466887608073114,3.0215489864349365,0.30027184951928704,0.603049635887146,0.6610714921764299,0.7450230717658997,0.8048910370060042,0.8107801079750061
144,0.6298312529239779,0.7353965044021606,0.6267750200882457,0.7323786616325378,0.5820443937981051,0.7120521664619446,0.7227334641163645,0.7765461206436157,0.7257896969520968,0.7795639634132385,3.056230266109791,3.017843008041382,0.2861122239648906,0.5763923525810242,0.6577313281352224,0.7458546757698059,0.8022896378648048,0.8139094114303589
145,0.6286670066951926,0.7384020090103149,0.6256177226702372,0.7353887557983398,0.5801343064682156,0.7151601910591125,0.7226434646089093,0.7789033651351929,0.7256927486338647,0.781916618347168,3.049287345674303,3.0132315158843994,0.2803736691381417,0.5810799598693848,0.6576710296612159,0.7492628693580627,0.8023582245010177,0.8151377439498901
146,0.6235872655133017,0.7383073568344116,0.620521644361658,0.7352854013442993,0.575658501752841,0.717086136341095,0.7172878252135383,0.7761774063110352,0.720353446365182,0.7791993618011475,3.065625002181608,3.0219457149505615,0.27774855562674455,0.592790961265564,0.6510191707829245,0.7459343671798706,0.7982077937500149,0.8125332593917847
147,0.6212747338550543,0.7389200329780579,0.6182200016539081,0.7359251379966736,0.573461823993259,0.716566264629364,0.7152279701108247,0.7777534127235413,0.7182827023119708,0.7807483077049255,3.05473806811314,2.9949047565460205,0.2752640400252311,0.5878623127937317,0.6481538173419977,0.7490087151527405,0.7969675808171042,0.8128277659416199
148,0.6189064866577099,0.7363520860671997,0.6158649204603208,0.7333537340164185,0.5706258720042658,0.7119228839874268,0.7135191528625737,0.7785344123840332,0.7165607190599629,0.7815327644348145,3.0415612560471676,2.9983437061309814,0.27005721287789686,0.5718090534210205,0.6465367211235894,0.7490202784538269,0.795283681816525,0.8149392604827881
149,0.6213189686825072,0.736414909362793,0.6182867354816861,0.7334051728248596,0.573265908979902,0.7123608589172363,0.7154804094164979,0.7773932814598083,0.7185126426173192,0.7804030179977417,3.0322345160191357,3.0097131729125977,0.27412502847465814,0.5755683779716492,0.6487995760113585,0.7491865158081055,0.796873102780261,0.81232750415802
150,0.6202446148286458,0.7374377846717834,0.6171955306545581,0.7344372272491455,0.5728462817622166,0.7155793309211731,0.7140478425555759,0.775221049785614,0.7170969267296635,0.778221607208252,3.0490809873817795,3.000577926635742,0.27583614361831565,0.5901260375976562,0.6460873827435611,0.7471421360969543,0.7966153473635904,0.8094698190689087
151,0.6323308508380566,0.7443698644638062,0.6292875370168998,0.741353452205658,0.5863825351584191,0.7237269282341003,0.7226520091100456,0.7803497910499573,0.7256953229312024,0.7833662033081055,3.0433098116731334,3.016439437866211,0.2997467104905571,0.6046236157417297,0.6575896280263763,0.7523078322410583,0.8018112583877215,0.8142493367195129
152,0.6331525737164068,0.7388508915901184,0.6300835251029021,0.7358219027519226,0.5863495554799348,0.716008186340332,0.7240887946552701,0.7785457372665405,0.7271578432687746,0.7815747261047363,3.069047281165528,3.0289809703826904,0.2966221999498754,0.5844637155532837,0.660155659407572,0.7493042349815369,0.802270807082357,0.8142567276954651
153,0.6270667879410039,0.7303358912467957,0.6239849582217099,0.7273078560829163,0.5803549180622973,0.7047545313835144,0.7190003539222518,0.7741979360580444,0.7220821836415459,0.7772259712219238,3.081825432434581,3.0280215740203857,0.28872138739021774,0.5586839318275452,0.6526883493841084,0.74448561668396,0.799654985954559,0.8110941648483276
154,0.6202311605409859,0.7443071603775024,0.6171553057003645,0.7412760853767395,0.5728665816238503,0.7247211933135986,0.7136210164213492,0.7789780497550964,0.7166968712619707,0.7820091247558594,3.0758544744229783,3.0310497283935547,0.27679693134002437,0.6105946898460388,0.6462753146302467,0.7504324316978455,0.7955274874088811,0.8131363987922668
155,0.6155172769540276,0.743417501449585,0.6124366373797647,0.7403754591941833,0.5682338589157154,0.7229981422424316,0.7089445890943988,0.7790572643280029,0.7120252286686617,0.7820993065834045,3.0806379738975975,3.042048454284668,0.27225609737284046,0.6050806045532227,0.6412588015101315,0.75092613697052,0.7911866786433202,0.8129875659942627
156,0.6124541977651758,0.7372902631759644,0.6093785318673826,0.7342388033866882,0.564420702800252,0.7140223979949951,0.7071761348668266,0.7775565981864929,0.7102518007646199,0.780608057975769,3.0756726561028973,3.0514395236968994,0.2641420553322711,0.580381453037262,0.6390704968396355,0.7482839226722717,0.7900495646046657,0.8134018182754517
157,0.6096362471580505,0.7392269372940063,0.6065430711297428,0.7361795902252197,0.5616531738268784,0.7198870182037354,0.704530208718543,0.7743568420410156,0.7076233847468507,0.7774041891098022,3.093179515763825,3.047360420227051,0.26111870711924984,0.6053124666213989,0.6358354243577695,0.7440627217292786,0.7880053722780515,0.810285747051239
158,0.6069950979519514,0.7377139329910278,0.6038840884476705,0.7346435785293579,0.5587088074169907,0.7163023948669434,0.7025186633752063,0.7753777503967285,0.7056296728794871,0.7784481048583984,3.11101054366118,3.0703375339508057,0.25621221346013684,0.5920403003692627,0.6333369160789291,0.7458774447441101,0.7865772745967691,0.8109893202781677
159,0.6124639760435017,0.7412042617797852,0.6093580835784962,0.7381607294082642,0.5655040456578623,0.7207276225090027,0.7063821367188996,0.7777188420295715,0.7094880291839051,0.7807623744010925,3.1058878259721143,3.043513536453247,0.2691742676535463,0.6008495092391968,0.6366092761357626,0.7479541301727295,0.7907285927947051,0.8133792281150818
160,0.6127466687969133,0.7369247674942017,0.609649596650616,0.733879029750824,0.5661691279193155,0.7137996554374695,0.7059579129312553,0.7770557999610901,0.7090549850775525,0.7801015377044678,3.0970648675183066,3.045713424682617,0.27213062706336477,0.580743670463562,0.6365521561865713,0.7476685047149658,0.7898245999236512,0.8129867911338806
161,0.6094513270590041,0.7398814558982849,0.6063502843863045,0.7368261814117432,0.5622692945735907,0.7202634215354919,0.7038342037232094,0.7748174071311951,0.7069352463959089,0.7778726816177368,3.101037101807937,3.0552990436553955,0.26449482444844213,0.6055120229721069,0.633787007892833,0.7457014322280884,0.7885260531325745,0.8095768094062805
162,0.6027549072807911,0.7381420731544495,0.5996338475763409,0.735079824924469,0.5551757615765714,0.7169991135597229,0.6977509038121092,0.7758395671844482,0.7008719635165594,0.7789018154144287,3.12105976054871,3.0622596740722656,0.255276336194643,0.5932310223579407,0.6275164352522956,0.7455186247825623,0.7827345128932031,0.8122476935386658
163,0.5994132242950738,0.7384865880012512,0.5963004621025784,0.7354157567024231,0.5511867557865342,0.7171499729156494,0.6955674906182133,0.7758485674858093,0.6986802528107089,0.7789193987846375,3.1127639331069648,3.0708208084106445,0.24748934191815994,0.5936805605888367,0.6249065597852071,0.7467441558837891,0.7811643617605072,0.8110251426696777
164,0.5978811457266215,0.7385313510894775,0.5947676811342925,0.7354763150215149,0.5499758560673084,0.7161843776702881,0.6937970511274401,0.7771581411361694,0.696910515719769,0.7802131772041321,3.1134573073168985,3.055027723312378,0.24745539794949925,0.5879293084144592,0.6226747448927437,0.7485163807868958,0.7797974164969002,0.812107503414154
165,0.5968576693067363,0.7374474406242371,0.5937460964801264,0.7343877553939819,0.548583750631295,0.7164766192436218,0.693271134024352,0.7745276093482971,0.6963827068509619,0.7775872945785522,3.111575860603183,3.059678077697754,0.24424134808428147,0.5943692326545715,0.6222242210425583,0.744978666305542,0.7792856899741428,0.8100820183753967
166,0.5957296260821274,0.7346019148826599,0.5926055039455688,0.7315386533737183,0.5481721377061084,0.7112885117530823,0.6916750311072356,0.7751749753952026,0.6947991563603769,0.7782382369041443,3.1241276981004704,3.0632660388946533,0.24632120268796784,0.5769068002700806,0.619413491947199,0.7453483939170837,0.7787817081594779,0.8116104006767273
167,0.5940315142955656,0.73856520652771,0.5909176519493652,0.7354925274848938,0.5461243712434581,0.7160946726799011,0.690497041138169,0.7779828906059265,0.6936109034843694,0.7810555696487427,3.113865149566551,3.0726633071899414,0.2424439872596778,0.5859158635139465,0.6182505764992409,0.7479947805404663,0.7776785563020145,0.8143731951713562
168,0.5922530083095326,0.7385331988334656,0.5891419890659307,0.7354894280433655,0.5447299922603408,0.7179131507873535,0.6882785671676686,0.7751769423484802,0.6913895864112705,0.7782207131385803,3.1110270693411235,3.043762445449829,0.24278300387017868,0.5974616408348083,0.6158164837001975,0.7455687522888184,0.7755904852175245,0.8107090592384338
169,0.5908429942099876,0.7370879650115967,0.5877220147575428,0.7340138554573059,0.5435283359359292,0.713970422744751,0.6869354551913691,0.7771807312965393,0.6900564346438139,0.7802548408508301,3.1209884172950693,3.0741188526153564,0.24187888477752412,0.5810106992721558,0.6136719483176089,0.747707724571228,0.7750341588375615,0.8131927847862244
170,0.5896158931302089,0.7394576072692871,0.5865065455436707,0.7364023923873901,0.5419795863768634,0.718210756778717,0.6864436354512483,0.77752685546875,0.6895529830377866,0.780582070350647,3.1093474042181874,3.05523419380188,0.23810694361823836,0.5934425592422485,0.6126780034669863,0.7467844486236572,0.7751538176941716,0.8144053816795349
171,0.5890471736590067,0.7336456775665283,0.5859188998446745,0.7305569648742676,0.5418693571308859,0.7097361087799072,0.6848720109540652,0.7750060558319092,0.6880002847683975,0.7780947685241699,3.1282706525590687,3.0887210369110107,0.24107067433058046,0.5724440813064575,0.6117177071914174,0.7451943159103394,0.7728196811052709,0.8115699291229248
172,0.5887277597695394,0.7369018197059631,0.5855875599618051,0.7338215708732605,0.5413131748928743,0.712947428226471,0.6851380864779154,0.7785196900367737,0.6882782862856497,0.7815999388694763,3.140199385437311,3.0802390575408936,0.23878491207275515,0.5750196576118469,0.6114209134594287,0.7483541369438171,0.7737337054769977,0.8154685497283936
173,0.5881078395189023,0.7316246628761292,0.5849689050437579,0.7285855412483215,0.5405226069338182,0.70743727684021,0.6846366832458896,0.7734588384628296,0.687775617721034,0.7764979600906372,3.1389394834929822,3.039144277572632,0.23738610121159773,0.5685645341873169,0.6111858537773681,0.7437419891357422,0.7729958537357305,0.8100053668022156
174,0.5854721564093447,0.7360685467720032,0.5823095760314293,0.7329698801040649,0.5380246526275585,0.7133658528327942,0.6819433223188313,0.7758392691612244,0.6851059026967466,0.7789379358291626,3.1625796611012977,3.0986392498016357,0.23529918881413203,0.5819560289382935,0.6080864960072088,0.7456813454627991,0.7706882879624959,0.8124600648880005
175,0.5929875369944604,0.7471836805343628,0.589831996197794,0.7440927028656006,0.546030278299369,0.7265923619270325,0.6881494876606012,0.7823836803436279,0.6913050284572676,0.7854746580123901,3.155536603304296,3.091001510620117,0.24708991541581996,0.6092384457588196,0.6155685953844606,0.7554168701171875,0.7754323459139058,0.8151219487190247
176,0.6640656968347387,0.7492847442626953,0.6609052446932574,0.7461475729942322,0.6291729262451721,0.7246748805046082,0.7368493126887902,0.7895459532737732,0.7400097648302714,0.7926831245422363,3.16045347849528,3.137197494506836,0.40268125526266163,0.5882217288017273,0.6745885902760076,0.7638117671012878,0.8102489546233532,0.8219910860061646
177,0.6385422403516333,0.7410580515861511,0.6353327834528256,0.7379868030548096,0.5981119684144562,0.7242349982261658,0.7211142388823765,0.7739453911781311,0.7243236957811842,0.7770166397094727,3.209455270393222,3.071242570877075,0.3393830461244957,0.6196718811988831,0.6548515168669956,0.7407124042510986,0.8001013585165435,0.8123207688331604
178,0.6181116680693782,0.744117021560669,0.6149439266304565,0.7409811615943909,0.5768704515656614,0.7246163487434387,0.7038667657796074,0.7789973020553589,0.7070345072185292,0.782133162021637,3.167744987151202,3.1358718872070312,0.3097402955971512,0.6102287769317627,0.6336726854050082,0.7492465376853943,0.7871983581119113,0.8143737316131592
179,0.6317769472115959,0.7431303262710571,0.6285822446050208,0.7399949431419373,0.593781678894766,0.7210672497749329,0.7122443610546636,0.7811594009399414,0.7154390636612388,0.7842947840690613,3.1946971385307563,3.135403633117676,0.3446016028231266,0.5946668386459351,0.6431944755946889,0.7525051832199097,0.7935489607013129,0.8160299062728882
180,0.6863506572698456,0.7446692585945129,0.6831203827670976,0.7415498495101929,0.6581915223520566,0.7233169078826904,0.7528929242900774,0.7816384434700012,0.7561231987928253,0.7847578525543213,3.230272916407367,3.1194190979003906,0.45899202046441095,0.6006406545639038,0.6832360274651471,0.753143310546875,0.8323465013036541,0.8161668181419373
181,0.6556194046743555,0.734004557132721,0.6524209010055642,0.7308480739593506,0.6208213182056651,0.7096406817436218,0.732367461023767,0.7756871581077576,0.7355659646925583,0.7788436412811279,3.1984974231595307,3.156512498855591,0.3861898072794372,0.5707154870033264,0.6615034306750578,0.7462151050567627,0.8147707332193462,0.8119914531707764
182,0.6358427911802055,0.7408028841018677,0.6326496710185132,0.7376532554626465,0.5980617926011678,0.722912073135376,0.7170708117142223,0.7742525935173035,0.7202639318759145,0.7774022221565247,3.193123811210682,3.149651527404785,0.34773248083451214,0.6149199604988098,0.6458364947169435,0.7426218390464783,0.8006164151079515,0.8111944794654846
183,0.621918519337972,0.7367693185806274,0.6186736584488862,0.7335861921310425,0.5825263086487266,0.7167897820472717,0.7061110115518757,0.7739341855049133,0.7093558724409614,0.7771173119544983,3.244861216326944,3.183126449584961,0.3225722900208305,0.5965896844863892,0.6332859541076461,0.7406715154647827,0.7917207050946803,0.8131082653999329
184,0.6037541885001987,0.7463597655296326,0.6004917524219339,0.7432060837745667,0.560554647757337,0.7311232686042786,0.6935974655587689,0.7755402326583862,0.6968599016370337,0.7786939144134521,3.2624320235906863,3.1536705493927,0.28070595276122,0.6376944780349731,0.6203158077071694,0.7448230385780334,0.780642195075166,0.8108522295951843
185,0.5956961878764084,0.7439491748809814,0.5924662324338178,0.7407917976379395,0.5513893591812233,0.7257248759269714,0.6876364685351553,0.7776457071304321,0.6908664239777459,0.7808030843734741,3.2299512414371265,3.1573617458343506,0.2648005833228429,0.6165119409561157,0.6134793135075788,0.7464529871940613,0.7758881975622738,0.8142095804214478
186,0.588454874122844,0.741126537322998,0.5852082293797163,0.7379680275917053,0.5435989806854647,0.7223793864250183,0.6815881382406147,0.7762511968612671,0.6848347829837426,0.7794097065925598,3.2466427282570236,3.1585209369659424,0.25334594491260504,0.6090627312660217,0.6065186242652095,0.7436644434928894,0.7709324036548341,0.8144108653068542
187,0.5844598132021287,0.7410977482795715,0.5812178145047107,0.7379180192947388,0.5393419542343788,0.7202131748199463,0.6783412114467496,0.7783831357955933,0.6815832101441677,0.781562864780426,3.2419933820861617,3.1797091960906982,0.24696420639558556,0.5978557467460632,0.6025323248377034,0.7475587129592896,0.7685293368264741,0.8152251243591309
188,0.5829106160238677,0.7369368076324463,0.5796733264829598,0.7337883710861206,0.5374202634774002,0.7124409675598145,0.6773915477827483,0.7788803577423096,0.680628840440239,0.7820287942886353,3.2372867936402363,3.148423910140991,0.24299788163378347,0.5726892352104187,0.601474340445076,0.7493022084236145,0.7677885644576129,0.8153313994407654
189,0.5807938119944405,0.7390510439872742,0.5775496811648599,0.7358961701393127,0.5355524222056071,0.7197089195251465,0.6753601646111682,0.774924099445343,0.6786042954407486,0.7780789732933044,3.2441321728276273,3.1548469066619873,0.24147409375976114,0.6035666465759277,0.5984994434063731,0.7425738573074341,0.7666837569155724,0.8129863739013672
190,0.5805479151750702,0.7415304780006409,0.5773252334470064,0.738370954990387,0.5353243035428664,0.719850480556488,0.6748732971210106,0.779489278793335,0.6780959788490745,0.7826488018035889,3.222679002612245,3.1595287322998047,0.24179021692743488,0.5944034457206726,0.5985618810248531,0.7497293949127197,0.7656208229999916,0.8154184818267822
191,0.5777092996765586,0.7379143834114075,0.5744746650745666,0.7347640991210938,0.5321624208899105,0.7148562073707581,0.6729605965364992,0.7781916260719299,0.6761952311384911,0.7813419103622437,3.234629909976635,3.1502561569213867,0.2360007702525145,0.581633448600769,0.5956427852312723,0.7477842569351196,0.7648437163409065,0.8151509761810303
192,0.5747653904304005,0.7448471188545227,0.571523201231863,0.7416915893554688,0.5295482258391536,0.7265432476997375,0.6695864613539253,0.7787930965423584,0.6728286505524629,0.7819486260414124,3.2421892826853234,3.1555378437042236,0.23498504574781928,0.6166386604309082,0.5921414720466713,0.7473323345184326,0.761518148035785,0.8156589269638062
193,0.5738526578822167,0.7419010400772095,0.5706171377811556,0.7387535572052002,0.5279864616253797,0.7211766839027405,0.6696715818511115,0.7785800695419312,0.6729071019521726,0.7817275524139404,3.235522284227259,3.147458076477051,0.2299591515188903,0.6004317998886108,0.5921261217079911,0.7486883401870728,0.7618741124284034,0.8144100308418274
194,0.5705913667585335,0.7361742258071899,0.5673644897205378,0.7330098152160645,0.5250902304462358,0.7112910151481628,0.6660965587578568,0.7788751125335693,0.6693234357958525,0.7820395231246948,3.2268716696820228,3.1644294261932373,0.22849073402242723,0.569131076335907,0.5881617501670239,0.7488051056861877,0.7586181962412167,0.8159366846084595
195,0.5692262910549937,0.7405126690864563,0.5659785901798922,0.7373784184455872,0.5231129889394722,0.7195568084716797,0.6659178998735216,0.7779995203018188,0.6691656007486231,0.781133770942688,3.247703838971705,3.134270429611206,0.2227301982298396,0.5966254472732544,0.5872495891221987,0.7471990585327148,0.7593591587216246,0.814845860004425
196,0.5689616320179958,0.7381954193115234,0.5657288116567275,0.7350174188613892,0.5227274742780947,0.7155303955078125,0.6655157827863506,0.7778743505477905,0.6687486031476189,0.7810523509979248,3.2328215751772613,3.178006887435913,0.2223796498736525,0.5843932628631592,0.5875602329478544,0.7473967671394348,0.7582425443954717,0.8148013353347778
197,0.569999403813306,0.7353613972663879,0.5667248278661491,0.7321820259094238,0.5243231167201123,0.7084802985191345,0.6662129058557398,0.7804174423217773,0.6694874818028967,0.7835968136787415,3.274575281766505,3.1793763637542725,0.22586528693928437,0.5571641325950623,0.5871026792557411,0.751331090927124,0.7600014135728475,0.8169455528259277
198,0.566441696064145,0.7366108298301697,0.563192711936103,0.7334458827972412,0.520417219283534,0.7124361991882324,0.6629567228111566,0.777768611907959,0.6662057069391986,0.7809335589408875,3.2489864763870737,3.164926528930664,0.22059271898534563,0.5750129222869873,0.5843823692377876,0.7487728595733643,0.7562765486879286,0.8135228753089905
199,0.5648779296407512,0.734354555606842,0.5616181870691137,0.7311707735061646,0.5188138615461736,0.7094252109527588,0.6618683194023331,0.7772140502929688,0.6651280619739707,0.7803978323936462,3.2597334057677028,3.183781862258911,0.2179061864910562,0.5668348073959351,0.5823815690925698,0.7468576431274414,0.7561538383072498,0.8145831823348999
200,0.5635539534824346,0.7402382493019104,0.5603045201769062,0.7370848655700684,0.5181099341975318,0.7187735438346863,0.6599527161105786,0.7781732082366943,0.663202149416107,0.7813265919685364,3.2494342093374216,3.153402328491211,0.2197509413840724,0.5938290953636169,0.5799033591170716,0.7478580474853516,0.7546754997540144,0.814633309841156
201,0.5668522805170296,0.7372421622276306,0.5636031806858537,0.734030544757843,0.5238005791614259,0.7124209403991699,0.6596866811023039,0.7801447510719299,0.6629357809334798,0.7833563685417175,3.2490993574553846,3.211599349975586,0.23797120017553466,0.5699674487113953,0.5798988490322836,0.7492420673370361,0.7535316893477845,0.8180533051490784
202,0.5659406492912692,0.7405542135238647,0.5626833399916007,0.7373696565628052,0.5208399065958909,0.716413676738739,0.6612033727122288,0.7818241119384766,0.6644606820118972,0.7850086688995361,3.257312872830559,3.1845862865448,0.22559261244106915,0.5788260698318481,0.5824333850075217,0.7524000406265259,0.754493718832926,0.8180147409439087
203,0.5668917271046857,0.7352896928787231,0.5636563234859042,0.7321386337280273,0.5214836632504183,0.7104744911193848,0.6629617502486783,0.7784351706504822,0.6661971538674598,0.781586229801178,3.235403626572852,3.151038408279419,0.22389188418590944,0.5675226449966431,0.5835509876799739,0.7473194599151611,0.7570081283064449,0.8165812492370605
204,0.5613622408287198,0.7414351105690002,0.5581213504660363,0.7382698059082031,0.5161617109978122,0.7181872725486755,0.6576303173513973,0.781635582447052,0.6608712077140808,0.7848008871078491,3.240889680151846,3.1653053760528564,0.21858982323041928,0.5847270488739014,0.5771739475088182,0.751869797706604,0.7527213466712852,0.8179649710655212
205,0.5579239874104269,0.7336450815200806,0.5546819770258237,0.7304716110229492,0.512054044826358,0.7076894640922546,0.6552023353919484,0.7783808708190918,0.6584443457765516,0.7815543413162231,3.242002345378103,3.1734609603881836,0.2109489984372083,0.5589938163757324,0.5746411424057156,0.7472522854804993,0.7505719946100821,0.816822350025177
206,0.5542052719328139,0.7336915135383606,0.5509502342323852,0.7305198907852173,0.5087627521137786,0.7058100700378418,0.6512063640395022,0.7801717519760132,0.6544614017399308,0.7833433747291565,3.2550410678963257,3.171607255935669,0.20913996815291885,0.5493941307067871,0.5698887561660966,0.7511508464813232,0.7472595256917617,0.8168853521347046
207,0.5545051670541951,0.7329912781715393,0.5512359461753197,0.7297919392585754,0.5086473129154031,0.70672208070755,0.6522909644382452,0.7781342267990112,0.6555601822005378,0.7813335657119751,3.269227506288516,3.199340581893921,0.206500359025656,0.556510329246521,0.5705169302965302,0.7469652891159058,0.7489246710453158,0.8166906237602234
208,0.5561963931407804,0.7348465323448181,0.5529259392638611,0.7316856980323792,0.5104434833027958,0.708482563495636,0.6531510275173811,0.7797360420227051,0.6564214813943002,0.782896876335144,3.2704542135101518,3.160824775695801,0.21026548762726627,0.5586045980453491,0.5727667446229973,0.7495591640472412,0.7482982048022202,0.8172839879989624
209,0.5528014765845405,0.7401823401451111,0.5495677664389018,0.7370043992996216,0.5072826037999072,0.7152042388916016,0.6500231740521449,0.7824810147285461,0.6532568841977836,0.7856589555740356,3.233715245926302,3.177912712097168,0.20703518604920582,0.5736910104751587,0.5685846248483346,0.7534483075141907,0.7462280139424442,0.8184733986854553
210,0.5516927218904683,0.7345440983772278,0.5484376876961952,0.7313400506973267,0.5069292380529291,0.7094619274139404,0.6480825512237798,0.7783830761909485,0.651337585418053,0.7815871238708496,3.255038205315085,3.2040717601776123,0.21002056444782058,0.5644898414611816,0.5660170891316109,0.7463666200637817,0.7447500622350406,0.8175293207168579
211,0.5467561925548354,0.7352420687675476,0.5434709413378846,0.7320375442504883,0.501743424172495,0.7092860341072083,0.6439945464040718,0.7794508934020996,0.647279797815809,0.7826554179191589,3.2852534047918382,3.204503297805786,0.2025255391410753,0.5616981387138367,0.5607720689446318,0.7492493987083435,0.7419326492384368,0.8169106841087341
212,0.5466780156091927,0.7347317337989807,0.5433996456121307,0.7315182685852051,0.501717175533569,0.7101120948791504,0.6436700108004552,0.7773573398590088,0.646948380797517,0.7805708050727844,3.2783678575278885,3.213491439819336,0.20312672093802808,0.5686651468276978,0.5608342356152005,0.746419370174408,0.7411905729692746,0.8152517676353455
213,0.5458254510281133,0.7347080707550049,0.542559706697277,0.731485903263092,0.5011219240091984,0.7058990001678467,0.6428805990935931,0.7825336456298828,0.6461463434244293,0.7857558131217957,3.265748703401852,3.2221810817718506,0.20293987917354683,0.5447019934654236,0.5592197440808115,0.7532350420951843,0.7412061562725142,0.8197599649429321
214,0.5458261059000601,0.7369577884674072,0.5425342539556666,0.733739972114563,0.5013381951774647,0.7083095908164978,0.6427280154882693,0.7841278314590454,0.6460198674326628,0.7873456478118896,3.291857802010829,3.2178115844726562,0.20393198786997327,0.5488297939300537,0.5586153237648259,0.7557216286659241,0.7414672729236628,0.8203772902488708
215,0.5691384883487925,0.7351506948471069,0.5658545922609716,0.7319162487983704,0.5320049175639557,0.7093741297721863,0.655701721805373,0.7792524695396423,0.6589856178931941,0.7824869155883789,3.283890130473118,3.234471559524536,0.27181509361158007,0.56238853931427,0.5711583339310939,0.7485918402671814,0.7530413121958963,0.8171420097351074
216,0.5518862624573552,0.7410376667976379,0.5486066099864985,0.7378362417221069,0.5081773957395865,0.7187175750732422,0.6473488024636811,0.7811635732650757,0.6506284549345378,0.7843649983406067,3.2796560175278606,3.2014074325561523,0.21543759321854786,0.587365448474884,0.5639535239319396,0.7486347556114197,0.7451410698734857,0.8201524615287781
217,0.5451460655997781,0.7416636347770691,0.5418856077724032,0.7384581565856934,0.5006024786849427,0.7188636660575867,0.6417935724351921,0.7815232276916504,0.6450540302625669,0.7847287058830261,3.260455369949341,3.2054855823516846,0.20361430563178717,0.5870624780654907,0.5585239891912422,0.7509353756904602,0.7396691192209331,0.8185931444168091
218,0.5421111120118035,0.7368564009666443,0.538818295485054,0.7336288690567017,0.497714666954053,0.7104875445365906,0.638908336365145,0.781627357006073,0.6422011528918946,0.7848548889160156,3.2928121308096094,3.2275445461273193,0.20072115188330605,0.560848593711853,0.5547359336435406,0.7513747811317444,0.737686945721994,0.8192391991615295
219,0.540497520001106,0.7416658401489258,0.5371823614718867,0.7384108901023865,0.4959276154929516,0.717261791229248,0.6375066688637329,0.7834020853042603,0.6408218273929521,0.7866570353507996,3.315159440819734,3.2549521923065186,0.19812342076519734,0.5781388282775879,0.5532991722518322,0.7534458637237549,0.736360261642855,0.8202005624771118
220,0.5386203749507081,0.7410144805908203,0.5353091588986465,0.73776775598526,0.49366141631712324,0.7142601013183594,0.6363584512199452,0.7858048677444458,0.6396696672720068,0.7890515923500061,3.3112129744361427,3.2467429637908936,0.19350560369834402,0.5637691617012024,0.5518221500652288,0.756553053855896,0.7356565053166907,0.8224579095840454
221,0.5369679246073454,0.7409507632255554,0.5336715949127098,0.7377023696899414,0.49207045167100194,0.7163788676261902,0.6347682339693207,0.7829127311706543,0.6380645636639564,0.7861611247062683,3.296328892115674,3.2483913898468018,0.1919130379078435,0.576428234577179,0.5499974302217072,0.7530210018157959,0.734300882598154,0.8196873068809509
222,0.5361485305954429,0.7382279634475708,0.5328553611156988,0.7349884510040283,0.49112190023746366,0.7119262218475342,0.6340391811202554,0.7828838229179382,0.6373323505999995,0.7861233353614807,3.2931668898638558,3.2395083904266357,0.1905028224965326,0.5626705884933472,0.5494796290896298,0.7526094913482666,0.7333832531193503,0.820498526096344
223,0.5421323312653435,0.7370477318763733,0.5388378672350466,0.7338088154792786,0.4976150262979121,0.7083136439323425,0.6386878833272098,0.7842154502868652,0.6419823473575068,0.78745436668396,3.294466902227963,3.238898277282715,0.20087554028221205,0.5486580729484558,0.5553594473140692,0.7559617757797241,0.7366100814607408,0.8203210234642029
224,0.5369825246287327,0.7339003682136536,0.533662441119649,0.7306182384490967,0.4927501033723744,0.7054216265678406,0.633762488957324,0.7819451093673706,0.6370825724664078,0.7852272391319275,3.320086165970447,3.2821121215820312,0.1961378319785486,0.5444586277008057,0.5490055477697086,0.7509233355522156,0.7331069365046383,0.8208828568458557
225,0.532771896497876,0.734687089920044,0.5294374414518768,0.731422483921051,0.48848337597317165,0.7088000774383545,0.6301863138971765,0.7789601683616638,0.6335207687483894,0.7822247743606567,3.334453863256118,3.2646076679229736,0.19041859149153717,0.5612219572067261,0.5442212823948829,0.7481228709220886,0.7308102686420764,0.8170554637908936
226,0.531825055873472,0.7411404848098755,0.528498009918562,0.7378792762756348,0.4875612079707626,0.7163042426109314,0.6291562603190054,0.7836397886276245,0.6324833062739154,0.7869009971618652,3.32704648005417,3.261204481124878,0.18972332152276258,0.5746673941612244,0.5433262793067234,0.7533608078956604,0.7296340169470295,0.8208845257759094
227,0.5346879187752219,0.737635612487793,0.5313347153414308,0.7343572974205017,0.49081160391078277,0.7101357579231262,0.6311267310497808,0.7843810319900513,0.6344799344835718,0.7876593470573425,3.353204572902006,3.2783310413360596,0.19566601865431843,0.5539647936820984,0.5458543542163824,0.7531578540802002,0.7309144306806178,0.8232846856117249
228,0.5310084808106516,0.7409946322441101,0.5276463927786335,0.7376767992973328,0.4869258337550693,0.7145975232124329,0.6282095675374947,0.7854021191596985,0.6315716555695129,0.7887199521064758,3.3620848063549964,3.3178603649139404,0.189742783023641,0.5656638741493225,0.5419370859277015,0.7555268406867981,0.7290976195553549,0.8226020336151123
229,0.5311408907759423,0.732240617275238,0.5277719353538712,0.72894686460495,0.4871685027686599,0.7046008110046387,0.6283266672901079,0.7792528867721558,0.6316956227121789,0.7825466394424438,3.3689533386355133,3.2937581539154053,0.19024965400789298,0.5475739240646362,0.5417261984613206,0.7478175163269043,0.7295296593429217,0.818411111831665
230,0.5289256510391734,0.7405321002006531,0.5255837284661586,0.7372615933418274,0.4853643363986919,0.7173038125038147,0.6259231882936814,0.7812712788581848,0.6292651108666962,0.7845417857170105,3.3419268614326425,3.270479440689087,0.18970609821525275,0.5827516317367554,0.5386321330382153,0.749816358089447,0.7277548036544151,0.8193435668945312
231,0.5248902817956762,0.7344412207603455,0.5215553317973817,0.731203019618988,0.4809654715404012,0.7066309452056885,0.6224570960001229,0.7813581824302673,0.6257920459984174,0.7845963835716248,3.334950224246854,3.238208770751953,0.1833451310403986,0.5494459867477417,0.5351045856288835,0.7508988976478577,0.7244466886021732,0.8195478916168213
232,0.5279596426518135,0.7359389662742615,0.5246338805342032,0.7326927781105042,0.48413630579811295,0.7062781453132629,0.6251586044535917,0.7844186425209045,0.6284843663764156,0.7876648306846619,3.325764997332704,3.2461698055267334,0.18750322128043456,0.5419136881828308,0.538307606394774,0.7561691403388977,0.7265980898165235,0.8207516074180603
233,0.5270906534849429,0.7343384623527527,0.5237660595014983,0.7310551404953003,0.48342523193047715,0.7072312235832214,0.6241951105641383,0.7814435958862305,0.6275197045475829,0.7847269177436829,3.324590749989927,3.283308744430542,0.1873230659494213,0.5511292219161987,0.5370782095622393,0.7483000159263611,0.7258744193058387,0.8222643136978149
234,0.5242957091019824,0.7385480999946594,0.5209443304273818,0.7352674007415771,0.48107462614969493,0.7141150832176208,0.6210817679081088,0.7807403206825256,0.6244331465827094,0.7840210199356079,3.3513857024947025,3.280700445175171,0.1865768231013242,0.5739723443984985,0.5331742276553235,0.7498054504394531,0.7234728172713635,0.8185673952102661
235,0.522710380600948,0.7348474264144897,0.5193749385721543,0.7315836548805237,0.4796285777310141,0.7061358094215393,0.6194573364226647,0.782985270023346,0.6227927784514583,0.786249041557312,3.3354373383366203,3.2637674808502197,0.18550605029841655,0.544486939907074,0.5312990663098354,0.7525506615638733,0.7220806187274409,0.8213698267936707
236,0.5208686788876852,0.7358689904212952,0.5175340715187048,0.7325862050056458,0.4776426707607469,0.7088375687599182,0.6179054539188061,0.7818775773048401,0.6212400626512914,0.7851603627204895,3.334610554127911,3.282761812210083,0.18260714139034545,0.5552018880844116,0.5295818596104391,0.7507626414299011,0.720739011281456,0.8205483555793762
237,0.5217073863627864,0.7305229902267456,0.5183602353326635,0.7272179126739502,0.47840017430922566,0.7017845511436462,0.6186910049588072,0.7797362208366394,0.6220381544306387,0.7830412983894348,3.347155444762286,3.3050730228424072,0.18330567237598444,0.537817120552063,0.530653159213222,0.7469677329063416,0.7212417067265978,0.8205687403678894
238,0.5196228372115715,0.736841082572937,0.5162704012362785,0.7335559129714966,0.47638546816663807,0.7070509791374207,0.6168025151576871,0.7866086959838867,0.620154946458106,0.7898938655853271,3.3524338326422995,3.2851479053497314,0.18102545880414303,0.5397055149078369,0.5281301000538994,0.7559030055999756,0.7200008494402069,0.8255444169044495
239,0.5173716584062265,0.7421221733093262,0.5140154922709745,0.7388343214988708,0.4742927588278951,0.7154005169868469,0.614480477922103,0.7864293456077576,0.6178366456156462,0.7897171974182129,3.3561729169359396,3.2878284454345703,0.1794151325825772,0.5659950375556946,0.5254675897897458,0.7578667998313904,0.7179955337561813,0.822339653968811
240,0.5161574342671562,0.7401022911071777,0.5128010974989997,0.7367992997169495,0.47352373638963385,0.7129896283149719,0.6128581298722161,0.7864879965782166,0.6162144681986641,0.7897909879684448,3.3563388204262927,3.3029768466949463,0.18044104470926173,0.5583893060684204,0.5233691603529687,0.754737913608551,0.716760988718544,0.8258415460586548
241,0.5175660706423466,0.7361992001533508,0.5141798479884279,0.7328537106513977,0.4744822330334607,0.7076166272163391,0.6146435624633739,0.7841489911079407,0.6180297868703705,0.7874944806098938,3.3862171001683654,3.345494270324707,0.17966013426095054,0.5466349720954895,0.5255591931685902,0.7533108592033386,0.7182273790727254,0.8229042291641235
242,0.5152153310432933,0.7427210211753845,0.5118151879778096,0.7394154071807861,0.4720858481584811,0.7154722213745117,0.6121658355581994,0.7878437042236328,0.6155659786236831,0.7911493182182312,3.4001386508443,3.3056185245513916,0.17743487743770375,0.5632426738739014,0.5234069399584352,0.7590731978416443,0.7154157488953834,0.8241008520126343
243,0.5138661160188562,0.7315608859062195,0.5104919508391735,0.7282466292381287,0.4709608734043595,0.7016791701316833,0.610915865773469,0.7825300693511963,0.6142900293948603,0.7858443260192871,3.3741699340296725,3.3142659664154053,0.1765727679324306,0.5316134095191956,0.5214221707356521,0.7494836449623108,0.7148876642090043,0.8239403367042542
244,0.5137267946417815,0.734282374382019,0.510332797087875,0.7309597134590149,0.47112634758544125,0.7037073969841003,0.6104651370079689,0.7850092053413391,0.6138591361201666,0.7883318662643433,3.393994058658874,3.322660446166992,0.17803440345268623,0.5326931476593018,0.5206125849991842,0.7544618844985962,0.7147320512852637,0.8239671587944031
245,0.5126282280566645,0.7401334047317505,0.5092539261369144,0.736812174320221,0.46981857200853183,0.7088285088539124,0.6095029848073822,0.7909363508224487,0.6128772836105496,0.7942575812339783,3.374301478753682,3.3212063312530518,0.17599960401946424,0.5361190438270569,0.5200858716092078,0.7623918652534485,0.7133702070884456,0.8279746770858765
246,0.5117022102954341,0.7406368255615234,0.5082996222707961,0.7373369336128235,0.46917294852094715,0.7130122184753418,0.6084888877432331,0.7865985035896301,0.6118914757678712,0.7898983955383301,3.4025913702896218,3.299896240234375,0.17612906608706205,0.5582271814346313,0.5182843171303568,0.7572432160377502,0.7131054471520817,0.8235662579536438
247,0.5100159323682972,0.740670919418335,0.5066381739635094,0.7373596429824829,0.46736231329394323,0.7114272713661194,0.6070588192129447,0.7887116074562073,0.6104365711897807,0.7920228838920593,3.377761479296715,3.311269998550415,0.17351793463713203,0.5488637685775757,0.5168193847525353,0.7598074078559875,0.7117496171807931,0.8256105780601501
248,0.5080227061034808,0.735063374042511,0.5046334765315835,0.7317418456077576,0.46550670227194146,0.702462375164032,0.6050061443272758,0.7874888777732849,0.6083953785740472,0.7908104062080383,3.3892352238200067,3.321546792984009,0.17207681431489832,0.5236133337020874,0.5144255860568652,0.7594351172447205,0.7100177002108954,0.8243386149406433
249,0.5072805254287969,0.7349740266799927,0.50388830043132,0.731667160987854,0.46499747524853624,0.7024145722389221,0.6041141631556493,0.7877251505851746,0.6075063865948347,0.7910320162773132,3.392221321467481,3.306875228881836,0.17237271407460855,0.5229682326316833,0.5131391879000695,0.7589541673660278,0.70948053224414,0.8253213763237
250,0.5055956821036495,0.7364232540130615,0.5022090618906457,0.7330932021141052,0.4633312053929747,0.7036571502685547,0.602517250316595,0.7891020774841309,0.6059038705295987,0.7924321293830872,3.3866183009802127,3.330064535140991,0.17056056925284316,0.5239282846450806,0.5113351621658974,0.7609729766845703,0.7080978856367224,0.8260701894760132
251,0.5047625461045433,0.7397010326385498,0.5013837592274535,0.7363830208778381,0.4625604781839583,0.7072282433509827,0.6017469105377696,0.7912112474441528,0.6051256991679372,0.7945292592048645,3.378783585978489,3.318037748336792,0.16978905423014773,0.5305742621421814,0.5102910972109028,0.764674961566925,0.707601295966728,0.8264355659484863
252,0.5034210804630729,0.7357742786407471,0.5000335441695319,0.732439398765564,0.46126113432684757,0.7067363858222961,0.6001470131811752,0.7841523885726929,0.6035345496695026,0.787487268447876,3.3875369589313182,3.3348686695098877,0.16912186847013586,0.5438958406448364,0.5090534780539718,0.7538312077522278,0.705608072234135,0.822482168674469
253,0.5035566617460812,0.7318975925445557,0.5001558322532504,0.728569746017456,0.46187752076223787,0.6983556747436523,0.600084229232439,0.7864755988121033,0.6034850618418526,0.7898034453392029,3.400827139810799,3.327842950820923,0.17116682299601485,0.5130000710487366,0.5079136712878358,0.7567481398582458,0.7065520520303764,0.8253189325332642
254,0.5013115145022573,0.7372420430183411,0.49791966700086404,0.7339054942131042,0.4593091379193699,0.7060785889625549,0.5983009961695452,0.7887928485870361,0.6016928389960644,0.792129397392273,3.391843311147752,3.3365261554718018,0.16694699110938052,0.5320935845375061,0.5061806288419985,0.7582205533981323,0.7047998211742227,0.8279216289520264
255,0.5024435362395119,0.7486189603805542,0.4990127815140618,0.7452837228775024,0.4602682876820658,0.7214958071708679,0.5996668568623611,0.7928264737129211,0.603097612951316,0.7961617112159729,3.4307585744296802,3.3352510929107666,0.16705058310546128,0.5714553594589233,0.5073818952039956,0.765415370464325,0.7063723693486132,0.8276166319847107
256,0.5043547036601048,0.7364330887794495,0.5009433233660031,0.7331021428108215,0.46292034570687735,0.7043135166168213,0.6002599861886766,0.7880256175994873,0.6036713727159437,0.7913565635681152,3.41138374883365,3.3309357166290283,0.17403351189264285,0.5282293558120728,0.5085917980063195,0.7602145671844482,0.7061357213780771,0.8244965672492981
257,0.5068871939883512,0.7360754609107971,0.5034758612221363,0.7327403426170349,0.466415338851268,0.6998333930969238,0.6012842086405535,0.7926795482635498,0.6046955460816427,0.796014666557312,3.41134077427434,3.3351199626922607,0.18272565451322817,0.5045362710952759,0.5098731007451326,0.7667196393013,0.7066472499978309,0.828244149684906
258,0.5042855568181456,0.7386482954025269,0.5008855551676034,0.7353039383888245,0.46335043392929376,0.7061843872070312,0.5993346595296672,0.7909053564071655,0.6027346611802095,0.7942497134208679,3.4000049619113697,3.3443660736083984,0.17731464162371516,0.527978241443634,0.5080081088091034,0.7626792192459106,0.7047285628474615,0.8278955817222595
259,0.4999488786934248,0.7315056324005127,0.4965117207539627,0.7281808257102966,0.4583033184989605,0.698453426361084,0.5964558837460536,0.7860755920410156,0.5998930416855157,0.7894003987312317,3.437151327631832,3.324786424636841,0.16770654936241947,0.5141447186470032,0.5040468912498623,0.7549359202384949,0.7031565144950268,0.8262796401977539
260,0.497134515467812,0.7321178913116455,0.4937175356484706,0.7287694811820984,0.4557584900092455,0.6980231404304504,0.593501511742087,0.7873633503913879,0.5969184855230494,0.7907117605209351,3.4169815583945877,3.348383903503418,0.16602317667474933,0.5101007223129272,0.5006860288140041,0.7577935457229614,0.7005662754470227,0.8261752128601074
261,0.49585527162146725,0.7384494543075562,0.49244022096683776,0.7351018786430359,0.45456458384694615,0.708302915096283,0.5921999605652554,0.7883584499359131,0.5956150114146712,0.7917060256004333,3.41505028219784,3.3475990295410156,0.16505569979256274,0.5399101376533508,0.49918826304230035,0.758101224899292,0.6994497998088014,0.826897382736206
262,0.5004622951831693,0.7446457147598267,0.4970600893294889,0.7413382530212402,0.45948833421944013,0.7140998840332031,0.5956455952201793,0.793938934803009,0.5990478026321511,0.7972463965415955,3.402203548967449,3.3074910640716553,0.17308856352092394,0.5461624264717102,0.5041471700263179,0.766322910785675,0.7012292649231705,0.8298142552375793
263,0.49972796011594384,0.742682933807373,0.49632956876474266,0.7393631935119629,0.4581528031358532,0.7124903798103333,0.5957562639043222,0.7919129133224487,0.5991546503858629,0.7952326536178589,3.3983888891008167,3.319735527038574,0.16871105222141042,0.5454291701316833,0.5043157578683367,0.7633238434791565,0.7014315880202,0.8287181854248047
264,0.4950989406872419,0.7399305701255798,0.49170693794107123,0.7366029620170593,0.45350467710713155,0.7111594080924988,0.5917943961480084,0.7881695032119751,0.5951864018159754,0.7914971113204956,3.3920046566358577,3.3275909423828125,0.16261941155577017,0.5491727590560913,0.4990732936687719,0.7573837041854858,0.6988213299925811,0.826921820640564
265,0.4917687750330158,0.7351606488227844,0.48836634205836876,0.7318369746208191,0.45116422534768097,0.7024886012077332,0.5874571959956799,0.787808895111084,0.5908596305286183,0.7911325693130493,3.4024306340934403,3.3236865997314453,0.16447900274610208,0.5230217576026917,0.49383218070260837,0.7594970464706421,0.6951814780827441,0.8249468803405762
266,0.4897780965745839,0.7399153113365173,0.48639032926434783,0.7365779876708984,0.4491396324307311,0.7073435187339783,0.5857938828032001,0.7919915914535522,0.589181651866514,0.7953289151191711,3.387768637900259,3.3373396396636963,0.16169449462999705,0.5292906165122986,0.4916704626254786,0.7644894123077393,0.6940539646771998,0.8282504081726074
267,0.4893683964520498,0.7382914423942566,0.4859712930286632,0.7349401116371155,0.4486137431821013,0.7078928351402283,0.5857139140172721,0.7887378931045532,0.5891110223103193,0.7920892238616943,3.397102865518308,3.3513193130493164,0.1602306151701734,0.537839412689209,0.4912099119494943,0.7581026554107666,0.6944006868437225,0.8277363181114197
268,0.48723437310823425,0.7394251227378845,0.48381145171869816,0.73611980676651,0.44677578915957533,0.7078517079353333,0.5830891673860986,0.7901481986045837,0.5865120841007606,0.7934535145759583,3.422918050117742,3.305293083190918,0.16004763933178645,0.5347452759742737,0.48858996271307953,0.7626388072967529,0.6916897608563791,0.8261711001396179
269,0.4869902484557208,0.7402170896530151,0.4835788858871834,0.7368767857551575,0.4465685999081805,0.7085339426994324,0.5829294717389774,0.7913315892219543,0.5863408263212715,0.794671893119812,3.4113623488183116,3.3403284549713135,0.15974055318271413,0.53437340259552,0.4882059169361015,0.7631677985191345,0.6917593447990666,0.8280606865882874
270,0.48690689428179873,0.7362500429153442,0.48347797541836507,0.7328764796257019,0.44643592561771667,0.7020229697227478,0.5827516029083651,0.7906927466392517,0.5861805217717987,0.794066309928894,3.428918279074376,3.3735439777374268,0.1597029336916855,0.5155107378959656,0.48827964067459106,0.7630342841148376,0.691325196253708,0.8275238871574402
271,0.48686381999184103,0.7445275187492371,0.4834282063191233,0.741146445274353,0.44667859891660855,0.7105636596679688,0.5819507728215136,0.7978708148002625,0.58538638493594,0.8012518882751465,3.435611106211843,3.381074905395508,0.16214056595478182,0.526917576789856,0.48815758867201464,0.7716543674468994,0.6897376421230291,0.8331190347671509
272,0.4841136766804589,0.7306022047996521,0.48068082059910094,0.7272421717643738,0.44427572726424225,0.6956459879875183,0.5794930411320106,0.7875224947929382,0.5829258939019994,0.7908825278282166,3.4328570287991194,3.360008478164673,0.15985308957645317,0.5023883581161499,0.4840898379391315,0.7569984197616577,0.6888842520370982,0.827551007270813
273,0.4827267387334038,0.7428087592124939,0.479297655470231,0.739447295665741,0.4424972201094908,0.7089269757270813,0.5784330025217892,0.7960451245307922,0.581862085784962,0.7994065880775452,3.429086527793236,3.3614470958709717,0.15656335710310468,0.5256786942481995,0.4835323952381907,0.7699041962623596,0.6873959213300468,0.8311981558799744
274,0.482085005520216,0.7331221103668213,0.47864073592852924,0.7297545671463013,0.44181420814757255,0.6996057629585266,0.577966182060491,0.7878620028495789,0.5814104423024296,0.7912295460700989,3.4442647937076543,3.367548942565918,0.1554255561501372,0.5139632821083069,0.4827524635916442,0.7575286030769348,0.6872646025582856,0.8273254632949829
275,0.4811273357447456,0.7394077777862549,0.4776798397107841,0.7360246181488037,0.44094361121358433,0.7083612084388733,0.5767757117358687,0.7902992367744446,0.5802232062115389,0.7936823964118958,3.447497737173941,3.3831770420074463,0.15522781520887138,0.5360088348388672,0.48176676853030337,0.7605019211769104,0.6858362730811624,0.8285729885101318
276,0.48117563225864585,0.7391869425773621,0.4777231076184441,0.7358278632164001,0.4409356991839565,0.7075212001800537,0.5770118497555552,0.7907529473304749,0.5804643681625915,0.7941120266914368,3.4525254240223004,3.3590962886810303,0.15470651162216087,0.5324474573135376,0.48175812293501463,0.7615176439285278,0.6863424450743432,0.8285985589027405
277,0.48026921468622547,0.7414827942848206,0.4768231398139904,0.7380855083465576,0.44038720165981965,0.7070834040641785,0.5756041536144182,0.7958023548126221,0.5790502300449446,0.799199640750885,3.4460741289300856,3.3972949981689453,0.155965289454055,0.5204679369926453,0.480355929899839,0.768785834312439,0.6848403643938451,0.8319965600967407
278,0.4789303328866273,0.737801194190979,0.4754708222314423,0.7344001531600952,0.4392249013473785,0.7046208381652832,0.5743429995829763,0.7915601134300232,0.5778025116016662,0.794961154460907,3.459508660572027,3.401045083999634,0.15501098149742176,0.5217487215995789,0.47834749549042943,0.7620809674263,0.6843162284177893,0.8300328850746155
279,0.47758275893778585,0.740385115146637,0.47413286586212955,0.7369953393936157,0.4381229735277837,0.7057672142982483,0.5726441339729658,0.7952650785446167,0.5760940286069135,0.7986548542976379,3.4498917277342356,3.389768362045288,0.1551646693469652,0.5175131559371948,0.4766931938969232,0.7677805423736572,0.682511073311949,0.8320080637931824
280,0.4777832370178372,0.737389862537384,0.47430916003931584,0.733991801738739,0.43848791095166423,0.7011826634407043,0.5727097785550784,0.7949702143669128,0.5761838555335999,0.7983682751655579,3.474073829214557,3.3980891704559326,0.1561591597943524,0.5039054155349731,0.47642968487895393,0.7665897607803345,0.6828748965575024,0.8330527544021606
281,0.4768969977603239,0.7419866323471069,0.4734095194760491,0.738579273223877,0.4377219466602101,0.7075181603431702,0.5713888336630428,0.7972142100334167,0.5748763197387745,0.8006215691566467,3.4874793594958735,3.4073636531829834,0.15656058042267568,0.5188473463058472,0.47557907010994704,0.7684879899024963,0.6810261864288181,0.8352192044258118
282,0.48096264772165837,0.7470743656158447,0.4774801699943792,0.7436873316764832,0.44127339436337837,0.7143383622169495,0.5759900344742669,0.7986607551574707,0.5794725106432547,0.8020477890968323,3.482478380203247,3.387049913406372,0.15790390763797013,0.5369706153869629,0.4806225019342759,0.7723991870880127,0.6852937632916021,0.8336452841758728
283,0.4913257605889264,0.7412782907485962,0.48783062934096344,0.7378618717193604,0.45159856536809134,0.7117218375205994,0.5851889050084781,0.7914121747016907,0.5886840407365288,0.7948285937309265,3.495127079533596,3.4164047241210938,0.17059819186045452,0.5440972447395325,0.4922586837235619,0.75860995054245,0.6919388213967965,0.8324581980705261
284,0.4833649864383772,0.7382653951644897,0.4798584175265692,0.7348264455795288,0.44375666138393427,0.7038728594779968,0.5776975408099057,0.7937253713607788,0.5812041190714617,0.7971643209457397,3.506570016636568,3.4389688968658447,0.16201898562752343,0.5148727893829346,0.48339653638453267,0.764140784740448,0.6858544813262092,0.8326050043106079
285,0.4798683812415678,0.7426087260246277,0.47635435045155045,0.7391900420188904,0.4403677335362029,0.7097783088684082,0.5743662489005943,0.7952808737754822,0.5778802765740289,0.7986995577812195,3.5140300217796776,3.418703079223633,0.15850877138524275,0.5299283266067505,0.4793713501855439,0.7669116854667664,0.6832230581956751,0.8324950337409973
286,0.47580863291921177,0.7474727034568787,0.472325462920993,0.7440535426139832,0.4367486863744025,0.7113938927650452,0.5700294406585444,0.8029798269271851,0.5735126200065114,0.8063989877700806,3.483170058992174,3.4191620349884033,0.15639952068624932,0.5187475681304932,0.4744579453094333,0.7783688902854919,0.6793885975102194,0.8370652198791504
287,0.47242873712302813,0.7426327466964722,0.4689389342576071,0.7392512559890747,0.43343813590754093,0.7079824805259705,0.5670249290715635,0.7973240613937378,0.5705147303786933,0.8007055521011353,3.489801082735747,3.381485939025879,0.1524451961314756,0.5200568437576294,0.4704456103393455,0.7703639268875122,0.677423599109151,0.8335265517234802
288,0.47071586481106825,0.7445406913757324,0.4672323517939624,0.7411248683929443,0.43201716176045485,0.7105708122253418,0.5651522387866101,0.7988842129707336,0.5686357519985025,0.8023000359535217,3.4835170811297846,3.4157962799072266,0.15197443864703958,0.5248080492019653,0.46807170790784497,0.770459771156311,0.6760053420378491,0.836444616317749
289,0.4689297744261673,0.7421719431877136,0.4654160753574247,0.7387727499008179,0.43009649908620545,0.7092394232749939,0.563312380532034,0.7948961853981018,0.5668260844704373,0.7982953786849976,3.5136992121054456,3.399195909500122,0.1498838110881693,0.5290647149085999,0.4665879975346958,0.7668188810348511,0.6738176887331445,0.8318344950675964
290,0.47889960065386655,0.7457799911499023,0.4754069874099657,0.7423507571220398,0.4404473914430032,0.7132866978645325,0.5718850692113241,0.7973663806915283,0.5753776777803509,0.8007956147193909,3.4926114066753513,3.4292280673980713,0.1639750383648218,0.5364294648170471,0.47700916571554797,0.7701784372329712,0.6803579774557376,0.8332521915435791
291,0.47699396399890676,0.7380702495574951,0.4735031757089827,0.7346782684326172,0.43842506194426345,0.7037834525108337,0.570703965386534,0.7931549549102783,0.5741947569878273,0.7965469360351562,3.490788939731573,3.3920106887817383,0.16018326113037035,0.5157950520515442,0.47469471657977386,0.7642633318901062,0.6803971949745627,0.831291913986206
292,0.47067434783854517,0.7430853843688965,0.4671994155528499,0.7396900057792664,0.4323361325108148,0.7100661396980286,0.5645303695030461,0.7954978942871094,0.5680053051001106,0.7988932728767395,3.474930044872309,3.395401954650879,0.15427236930996763,0.5303650498390198,0.4676206191770392,0.7683345675468445,0.6751154076819327,0.831498920917511
293,0.4665537694700403,0.742821216583252,0.4631034564348607,0.7394404411315918,0.4281490653558494,0.7086159586906433,0.5607116386002186,0.7966525554656982,0.5641619485188154,0.8000333309173584,3.450311475329929,3.3807976245880127,0.14931056945542104,0.5234352946281433,0.4635017132447436,0.7701483368873596,0.6716349144387089,0.8322640657424927
294,0.4654676754490223,0.74355149269104,0.4619870345576916,0.7401299476623535,0.4270380478279263,0.708110511302948,0.5596494647412519,0.7990670800209045,0.5631301009577084,0.8024886250495911,3.4806417717653164,3.421544075012207,0.14809679293554592,0.5167879462242126,0.46231233099706814,0.7725467681884766,0.6707050114675285,0.8349967002868652
295,0.4645673052158231,0.7461562156677246,0.4610883453313042,0.7427302598953247,0.42640986960697796,0.7139272689819336,0.5584235284842697,0.7973971962928772,0.5619024899270799,0.8008231520652771,3.4789612480238374,3.425978899002075,0.14872594586774415,0.5383526682853699,0.4609602658577215,0.7701547145843506,0.669543403426027,0.8332744836807251
296,0.46374887968200484,0.7474536299705505,0.4602591348629372,0.7440237402915955,0.4258703608918034,0.7143471240997314,0.5573352914230496,0.7991763353347778,0.5608250393587,0.8026062250137329,3.48974602518518,3.4298808574676514,0.14934063658994787,0.5359131693840027,0.45954930938147254,0.7735133171081543,0.6687211296916787,0.8336148262023926
297,0.46192409536417794,0.7465888857841492,0.4584314975084043,0.743160605430603,0.42351091862504,0.711449384689331,0.5561952863643372,0.8009031414985657,0.5596878922063541,0.8043314218521118,3.4926007526372773,3.42826771736145,0.1444162007153424,0.5232880115509033,0.45856645683837094,0.775924801826477,0.6675500912603989,0.8351354002952576
298,0.4607537020655239,0.7454633116722107,0.4572477784811282,0.7420293092727661,0.4224947833157832,0.7118712067604065,0.5551487974871218,0.7984133958816528,0.558654721266304,0.8018473982810974,3.5059240144841812,3.4339840412139893,0.14346391912184508,0.5298342704772949,0.4567443003841475,0.7716430425643921,0.6672761280552234,0.8341363668441772
299,0.45795713316381365,0.7410402297973633,0.45445604320445093,0.7376463413238525,0.4200748939529743,0.7046645283699036,0.5520362826733808,0.7973775863647461,0.5555373741910349,0.8007714748382568,3.5010909644606847,3.393878221511841,0.1425009747735815,0.5096474885940552,0.4531936014399809,0.7720649242401123,0.664530125318789,0.8322813510894775
300,0.45912757963916057,0.7415810227394104,0.45564597845077515,0.7381554841995239,0.42132246318985433,0.707749605178833,0.5530111388443342,0.7957398891448975,0.5564927337995542,0.7991654276847839,3.4816000399246714,3.425546407699585,0.1443221529130063,0.5226666331291199,0.4544398502197141,0.7672373652458191,0.6652053937413334,0.8333448171615601
301,0.4581452360729766,0.7456623911857605,0.45465313239035265,0.7422330379486084,0.42038196422695334,0.7103471159934998,0.5520636451010611,0.8005396127700806,0.5555557472253937,0.8039689660072327,3.492104416579203,3.429370164871216,0.14339635331256717,0.5206316709518433,0.45324495045188207,0.7749191522598267,0.6645045821962793,0.8354904055595398
302,0.4558952982519187,0.7457504868507385,0.4523984435337042,0.7423134446144104,0.4183134121053359,0.7111310958862305,0.5496984291699977,0.7993128895759583,0.5531952790185517,0.8027499318122864,3.4968533609427657,3.437037706375122,0.14195182072181328,0.5256450176239014,0.4505577399060617,0.7742996215820312,0.6624306763698852,0.8334487080574036
303,0.45510918992796756,0.7443605065345764,0.4515871522473354,0.740933895111084,0.41739120884658465,0.7074592113494873,0.548755035680883,0.8021084070205688,0.5522770749198066,0.8055350184440613,3.5220376666075266,3.42659068107605,0.14107417592815324,0.508369505405426,0.45021237072601816,0.7752876281738281,0.6608870761846405,0.8387206196784973
304,0.45485080885731316,0.7431169152259827,0.4513468083992503,0.739683985710144,0.41738301729844285,0.7062893509864807,0.5484476510216209,0.799927830696106,0.5519516561545578,0.8033607602119446,3.5040028843225217,3.432931661605835,0.14169533989008734,0.5093256235122681,0.4493580655334822,0.7747805714607239,0.6610956569902258,0.834761917591095
305,0.4542701618344176,0.7482688426971436,0.45076339229259615,0.7448270320892334,0.41685190543629763,0.7109756469726562,0.5476397891449772,0.8047961592674255,0.55114656024509,0.8082379698753357,3.506767134261287,3.44183349609375,0.14174632713490842,0.5136290192604065,0.44885651075762084,0.7815592288970947,0.6599528637586856,0.8377387523651123
306,0.4529276018828348,0.7467133402824402,0.44940949304431094,0.7432702779769897,0.41526852460468516,0.7108673453330994,0.5466895403425678,0.801914632320404,0.5502076445062176,0.8053576946258545,3.5181087278852274,3.443040609359741,0.1388312056173686,0.5193537473678589,0.44775469201842166,0.777125358581543,0.6592196693607405,0.8361228704452515
307,0.45151810864217923,0.7531260848045349,0.4479895929495494,0.7496655583381653,0.41450774065809315,0.7148616909980774,0.5447781206735598,0.8089030385017395,0.5483066410410637,0.8123635649681091,3.528515803268532,3.4605424404144287,0.1404907317722545,0.5170508623123169,0.4449084757589826,0.7899752855300903,0.6581240070411583,0.8375590443611145
308,0.4506658683804905,0.7530392408370972,0.44712543916078956,0.7495758533477783,0.4135499166117774,0.716322124004364,0.544010695289163,0.8081604242324829,0.5475511289889516,0.8116238117218018,3.540433180877586,3.4633610248565674,0.13913240181464775,0.5231448411941528,0.4442187424968271,0.786001980304718,0.6572985945184247,0.8398194313049316
309,0.44995778234176387,0.7473365664482117,0.4464378238113877,0.7438889741897583,0.41280292315420763,0.7099446654319763,0.5432372926886565,0.8046770095825195,0.5467572496607412,0.8081246018409729,3.519958444670135,3.447575330734253,0.1384409672878926,0.5106798410415649,0.44379641729242664,0.7800338864326477,0.6561713693967832,0.839120090007782
310,0.4484061867583032,0.7505889534950256,0.44487199421022455,0.7471487522125244,0.4111551110650979,0.71430903673172,0.5421377915182924,0.8058009147644043,0.5456719762749143,0.8092411160469055,3.5341907825345307,3.4402291774749756,0.13563982509320077,0.521860659122467,0.44198186062519845,0.782283365726471,0.6558436455290302,0.8387830853462219
311,0.4466669487407784,0.7520941495895386,0.44314242889678557,0.7486574053764343,0.409966044760997,0.7162704467773438,0.5394915876045726,0.8069579005241394,0.5430161014101864,0.8103946447372437,3.5245174099417294,3.4367189407348633,0.13751574824838078,0.5255141854286194,0.43962279916588776,0.7828270196914673,0.6527595648578569,0.8404701948165894
312,0.4484684375766056,0.75270676612854,0.4449532353410534,0.7492812871932983,0.41131825832759633,0.7140712141990662,0.5419790195483788,0.8100108504295349,0.5454942217839309,0.8134363293647766,3.515200762966879,3.4254963397979736,0.13648010800087373,0.512266993522644,0.4420739938231075,0.7892197370529175,0.6554006883521485,0.8407267928123474
313,0.44608240891126244,0.7425855398178101,0.44256993368560194,0.7391461133956909,0.40898945382217955,0.7071699500083923,0.5397053493393792,0.7985875606536865,0.543217833914788,0.8020269870758057,3.5124777080186833,3.43945574760437,0.13403532386215683,0.5148776769638062,0.43941472675286086,0.7709048390388489,0.6535183214673809,0.8357271552085876
314,0.4456367956267463,0.7479048371315002,0.44209914308747433,0.7444671392440796,0.4089711789601769,0.7098357081413269,0.5388983951674567,0.8061509132385254,0.5424360414735632,0.809588611125946,3.5376512739393444,3.4377129077911377,0.13567599410714667,0.5072415471076965,0.4379633394331714,0.7816957831382751,0.6532742073333341,0.8405697345733643
315,0.44499001530260823,0.7545536756515503,0.4414742277338614,0.7511160373687744,0.40834542914153704,0.7198867201805115,0.5377237025429221,0.808085024356842,0.5412394868002998,0.8115226626396179,3.515786618189095,3.4376237392425537,0.1362049165212251,0.5343660116195679,0.43791913246017655,0.7832729816436768,0.6509122303108764,0.8420210480690002
316,0.4443559839445002,0.7494898438453674,0.44082530300601636,0.7460321187973022,0.40809592000799244,0.7130047678947449,0.5368538249551861,0.805894672870636,0.5403845010240094,0.8093523979187012,3.530680869919023,3.457719087600708,0.13726034916304294,0.5176157355308533,0.43632498987359936,0.7804468870162964,0.6507024204029757,0.8409517407417297
317,0.44162652422400084,0.7522157430648804,0.43810393724566193,0.7487581372261047,0.405369130030177,0.7170000076293945,0.5340601622668746,0.8056900501251221,0.5375827508035049,0.8091476559638977,3.5225875642564564,3.4575767517089844,0.13467419405583464,0.5304450392723083,0.4336956618658078,0.7825132608413696,0.6477375353863036,0.8380416631698608
318,0.44137004037308536,0.7477683424949646,0.4378187927155713,0.7442850470542908,0.4053560442784253,0.7115890383720398,0.5332869969162286,0.8037551641464233,0.5368382432102378,0.8072384595870972,3.551245753282036,3.483318567276001,0.13625988812228434,0.5177222490310669,0.43312163602292925,0.7781357765197754,0.6466866291426365,0.8389089703559875
319,0.44191356636340323,0.7517752647399902,0.4383685547931522,0.7482984066009521,0.40584837124238604,0.7156541347503662,0.5342799421229394,0.8067775964736938,0.5378249505766077,0.8102544546127319,3.5450105745028826,3.4768455028533936,0.13569923334456738,0.5239806771278381,0.43337466767410826,0.7830387353897095,0.6484712167503008,0.8399429321289062
320,0.4409351722866881,0.7525438070297241,0.43739575322936564,0.7490449547767639,0.40452803914843044,0.7197906970977783,0.5333177147347943,0.8041352033615112,0.5368571277537377,0.8076340556144714,3.539417657976836,3.4988410472869873,0.13362560211833008,0.5423764586448669,0.43341537082896514,0.7773545980453491,0.6465431385570102,0.8396411538124084
321,0.4413987205309026,0.7431130409240723,0.4378377082301121,0.7396588325500488,0.40572163306809716,0.7088901996612549,0.5331053854593264,0.7986423373222351,0.5366663963966121,0.8020965456962585,3.5610122353422877,3.454197883605957,0.13777646091249254,0.5201013088226318,0.4323293870570613,0.7683386206626892,0.6470590502608056,0.8382306694984436
322,0.4396216709629383,0.7465649247169495,0.4360636823317584,0.7431259155273438,0.40350599947318533,0.709773600101471,0.5318664818807365,0.8042598366737366,0.5354244673953337,0.8076988458633423,3.5579869155011146,3.4390382766723633,0.13350639321835212,0.5110265016555786,0.43129455536798716,0.7771614789962769,0.6457170493462506,0.8411328196525574
323,0.4420044488377041,0.7526000142097473,0.4384406851787193,0.7491344213485718,0.4057589054497239,0.7166423201560974,0.5343420178282494,0.8079168200492859,0.5379057830455256,0.8113824129104614,3.5637646407083747,3.465574264526367,0.1352910009864109,0.5246511101722717,0.4339337643065484,0.7831071615219116,0.6480519794950298,0.8421685695648193
324,0.43778836805056903,0.7488518357276917,0.43422489267548703,0.7453962564468384,0.4018208908489327,0.7142484784126282,0.530328252346687,0.8038074374198914,0.5338917261634777,0.8072630167007446,3.563473890030306,3.4555959701538086,0.13151229752434623,0.525865912437439,0.42868658549645366,0.7757957577705383,0.6452637883572797,0.8410837650299072
325,0.43637769810514515,0.7523285150527954,0.43283392615567623,0.7488734722137451,0.400625076169282,0.7156471610069275,0.5284484642393449,0.8091267347335815,0.5319922299556483,0.8125817775726318,3.5437717624739107,3.4550724029541016,0.1317551765176985,0.5190176963806152,0.42723435221933853,0.7834638357162476,0.6428856861357596,0.8444599509239197
326,0.4357694856871187,0.7552136182785034,0.43219653492659527,0.7517397403717041,0.4007058652008281,0.7226924300193787,0.5269313218936421,0.8071125149726868,0.5305042773290397,0.8105863928794861,3.57295330521328,3.4738826751708984,0.13519718536948847,0.5451193451881409,0.42540479368633694,0.7791423797607422,0.641515634418313,0.8438156247138977
327,0.4350020086843204,0.7521212697029114,0.4314412275950114,0.7486175894737244,0.3993952143815608,0.7173133492469788,0.5268607334373823,0.8072049617767334,0.5304215145266913,0.8107086420059204,3.560780113818599,3.50368595123291,0.13127807571607478,0.5282312631607056,0.4255666958740334,0.7792932987213135,0.6413408623022192,0.8444156050682068
328,0.4344340153768951,0.756278932094574,0.4308539280314851,0.7527891397476196,0.3988998138826657,0.7220398783683777,0.5263073740441815,0.8092375993728638,0.5298874569095038,0.8127273917198181,3.580086373036204,3.48980450630188,0.13090461745760798,0.5386238694190979,0.42467274599605137,0.7840783596038818,0.6411220797526291,0.8434173464775085
329,0.4334135464593476,0.7563924789428711,0.429843102015701,0.752918004989624,0.39762639687731377,0.7219480872154236,0.5254643836052589,0.8091768026351929,0.5290348296071968,0.8126512765884399,3.5704443517074087,3.4744713306427,0.12872578218287112,0.5384670495986938,0.4242595856875376,0.7850569486618042,0.6398938204727921,0.8423201441764832
330,0.4321429735305263,0.7569069266319275,0.42859263805782094,0.7534245252609253,0.39656805836297326,0.7217301726341248,0.5238057772318522,0.811784565448761,0.5273561080296835,0.8152669668197632,3.5503312076618467,3.482421875,0.12893008250816196,0.5323051810264587,0.4228719445615033,0.7854893207550049,0.637902146850536,0.8473958969116211
331,0.43156292352801057,0.758858323097229,0.42801327526179794,0.755377471446991,0.3962341841139825,0.7226683497428894,0.5235289915714388,0.8133658766746521,0.5270786289296119,0.8168467283248901,3.549645335066552,3.480851173400879,0.12847616869250153,0.5318906307220459,0.4212505846631293,0.7908248901367188,0.6389758029794381,0.8452895879745483
332,0.43077582081938104,0.7491627335548401,0.4272008612264995,0.7456746101379395,0.3955308395663118,0.712451159954071,0.5221873233520907,0.8068968653678894,0.5257622845032636,0.81038498878479,3.5749603954015994,3.488126754760742,0.12911548441142037,0.5137895941734314,0.4206732269985224,0.7792373895645142,0.6368038034906575,0.8443265557289124
333,0.4284335372884289,0.7562026977539062,0.42486457672773625,0.7527328729629517,0.3935110808587542,0.7204466462135315,0.5198283865560893,0.8118293881416321,0.5233973486750734,0.8152992129325867,3.5689593966490305,3.4698078632354736,0.12780912537005992,0.5282277464866638,0.41742753982543945,0.7857682704925537,0.6352965769424938,0.8473438620567322
334,0.42886456340746165,0.7493758201599121,0.4253097092793658,0.7458871603012085,0.3937969825236626,0.7138015627861023,0.5202708032006532,0.8060376048088074,0.5238256588870404,0.809526264667511,3.5548548791922774,3.4886553287506104,0.12776586588691263,0.5197877287864685,0.41834499828176563,0.7772228717803955,0.6352800972321454,0.8443940281867981
335,0.4280204157424129,0.7546071410179138,0.42446193605466603,0.7511200904846191,0.3930812760505801,0.7217151522636414,0.5190874334254296,0.8068064451217651,0.5226459191515554,0.8102934956550598,3.5584812491547826,3.4870498180389404,0.12803384700631784,0.5427299737930298,0.4174608255133909,0.779247522354126,0.6337491530998081,0.8431679010391235
336,0.4279071279600555,0.7467538118362427,0.4243314609028935,0.7432810068130493,0.3927352662179984,0.7094923853874207,0.5189627938800387,0.8063490390777588,0.5225384593789094,0.8098218441009521,3.5756657933877185,3.472784996032715,0.12722218426224452,0.5057592391967773,0.41795960867327026,0.7765690684318542,0.6330240209118213,0.8461486101150513
337,0.42896411835757736,0.7568588256835938,0.425423210352854,0.7533547878265381,0.3938176828661775,0.7209134101867676,0.5200079254854738,0.8120071887969971,0.5235488270622453,0.8155112266540527,3.540907685273613,3.504056215286255,0.12838301457026424,0.5293022990226746,0.4191279461960387,0.7873143553733826,0.6339420824269064,0.8461236953735352
338,0.4287177579465255,0.753042995929718,0.4251333054374246,0.7495591640472412,0.39358002862899133,0.7175195813179016,0.5197659785451453,0.8087112307548523,0.5233504324177511,0.8121950626373291,3.5844560074650382,3.483849287033081,0.12815438425229267,0.5257024765014648,0.4186335815713296,0.7818090319633484,0.6339521037986855,0.845047116279602
339,0.4265063771235397,0.7474963068962097,0.42293772218274134,0.7440057992935181,0.39167449579519387,0.7150312066078186,0.517362951842788,0.8014717698097229,0.5209316081470914,0.8049622774124146,3.568652718674903,3.49048113822937,0.12729536610491135,0.533208429813385,0.4158009690007353,0.7689924240112305,0.6319271789656745,0.8428929448127747
340,0.4253986639524597,0.7542098760604858,0.42184634730706805,0.750706672668457,0.39104072194473416,0.7213426232337952,0.5159265909319609,0.8066512942314148,0.519478912447013,0.8101544976234436,3.5523163726906373,3.5031745433807373,0.1283497600968367,0.5419002175331116,0.41372336184277253,0.7784414291381836,0.6310490338630925,0.8436863422393799
341,0.4232258633071301,0.7607429027557373,0.41965679093903185,0.7572572827339172,0.3888260186497682,0.7289144992828369,0.5135409200892729,0.8120176196098328,0.5171099971322453,0.8155032396316528,3.5690723057665856,3.485593795776367,0.12649469174980338,0.5541115999221802,0.4118141526100682,0.7832269668579102,0.6281692261010213,0.8494049310684204
342,0.4342513551899031,0.767660915851593,0.4306729687195198,0.7641624212265015,0.40048729769544666,0.7337737679481506,0.5229365985377942,0.8184155821800232,0.526514984813391,0.8219140768051147,3.578383275885987,3.498507261276245,0.14292152917463016,0.5557341575622559,0.42263272268320223,0.7966969609260559,0.6359076492147508,0.8488902449607849
343,0.4501364147351458,0.7572575211524963,0.44654640925475975,0.753746509552002,0.4191799590400621,0.7245946526527405,0.5342317504041335,0.8083184957504272,0.5378217545210147,0.8118295073509216,3.5900065088583752,3.511004686355591,0.17717445052527134,0.5484861135482788,0.4350094485516642,0.7822994589805603,0.6453559628499099,0.8429984450340271
344,0.45038476936957417,0.7554702162742615,0.44681667346580356,0.7519725561141968,0.418952105871213,0.7184298038482666,0.5351839170736425,0.8122209310531616,0.5387520112243354,0.8157185912132263,3.5680961562137976,3.4976556301116943,0.17446448298451167,0.5211451053619385,0.4360310807337169,0.7875009775161743,0.6463607514605803,0.8466432690620422
345,0.43895168884906893,0.7598232626914978,0.4353724573951921,0.7563228011131287,0.4063851132112391,0.7270330786705017,0.5260251931894838,0.8109419345855713,0.5296044199684866,0.8144423961639404,3.579228083292643,3.500457763671875,0.15472840775851332,0.5505350232124329,0.42549339832823263,0.7852326035499573,0.6389335573109147,0.8453315496444702
346,0.4335746862529929,0.753813624382019,0.43000445412654503,0.7503215670585632,0.40062693365259106,0.7217382788658142,0.5215136710724799,0.805783748626709,0.5250839031989278,0.8092758059501648,3.570233463461882,3.492063283920288,0.146347921852972,0.5449529886245728,0.4203749713944454,0.7762619853019714,0.6351579112165114,0.8439998626708984
347,0.42904073077868793,0.758569598197937,0.4254826357941222,0.7550836205482483,0.3952755976736156,0.7211567759513855,0.5185105002004337,0.8162157535552979,0.5220685920684166,0.8197017312049866,3.5580928232155595,3.485961675643921,0.1360573248049013,0.5212051868438721,0.41670161096099156,0.7908151149749756,0.6330678575958302,0.8514500260353088
348,0.424065661586188,0.7568626999855042,0.420484308323829,0.7533866763114929,0.39011799120435525,0.72195965051651,0.5139279342165181,0.8121669292449951,0.5175092937120425,0.8156429529190063,3.581352812012816,3.4760100841522217,0.12969015246512844,0.5322132110595703,0.41173563381425693,0.784221351146698,0.6289281697055094,0.8494443893432617
349,0.4198376063038321,0.7536222338676453,0.41627292305815455,0.7501148581504822,0.3858906589691935,0.7201524376869202,0.5098541055629456,0.8067008852958679,0.5134187921199923,0.810208261013031,3.564685642329696,3.5073578357696533,0.12513993782740013,0.5381022691726685,0.4074265824423896,0.7789391875267029,0.6251054542516571,0.8434159755706787
350,0.4177650065203897,0.750063419342041,0.4141947545257269,0.7465749979019165,0.38385094750940413,0.7169287204742432,0.5077007395379683,0.8042278289794922,0.5112709962075053,0.8077162504196167,3.570251481984955,3.488415479660034,0.12333931496330336,0.533299446105957,0.4053140913738924,0.7733456492424011,0.6228994528452555,0.8441409468650818
351,0.4175647113447875,0.761890172958374,0.4140067965376611,0.7584048509597778,0.38394607652246565,0.7277572751045227,0.507483491710588,0.8141078948974609,0.5110414096342972,0.8175932168960571,3.5579178302116645,3.485302686691284,0.1240915181784848,0.546123206615448,0.40432235559606866,0.790178120136261,0.6234243640712663,0.8469704389572144
352,0.41927068919138194,0.7535361051559448,0.41570279177497416,0.7500263452529907,0.3857401794467876,0.7175984382629395,0.5088134762508417,0.8104246854782104,0.5123813736672495,0.8139344453811646,3.5678954233531077,3.5097618103027344,0.12686188022295633,0.522343099117279,0.4061140809573379,0.7821105122566223,0.6242445722904081,0.8483416438102722
353,0.4156938300413244,0.7529870271682739,0.41211394157285003,0.749468982219696,0.38203247232374804,0.7156170010566711,0.5055516946549509,0.8119580149650574,0.5091315846817166,0.8154760599136353,3.5798891058155133,3.5180227756500244,0.12221619063148312,0.512968897819519,0.40253162306118634,0.7835525274276733,0.6213496085865046,0.8503297567367554
354,0.4165156450536516,0.7551870346069336,0.41292254928669897,0.751685380935669,0.38286586076605555,0.7182207107543945,0.5060743333077898,0.8135663866996765,0.5096674321913252,0.8170680403709412,3.5930979220695747,3.5016345977783203,0.1237032414456598,0.5176659822463989,0.4035679440872342,0.7852667570114136,0.6213264029010449,0.8517293334007263
355,0.4136641220329634,0.7598961591720581,0.41006797045664073,0.7563905715942383,0.37997905549660227,0.7233503460884094,0.5033349312987982,0.8165507316589355,0.5069310844334123,0.8200563192367554,3.596150923398585,3.505591630935669,0.12050635362762252,0.5273083448410034,0.40068725160523955,0.7905299067497253,0.6187435633995954,0.8522129654884338
356,0.4135788252540663,0.7554248571395874,0.40999475744814656,0.7518892884254456,0.38004371017412425,0.7174385190010071,0.503191332022349,0.8143709897994995,0.5067754029448516,0.8179065585136414,3.584069608862883,3.5355403423309326,0.12100907181407891,0.513546347618103,0.4002815806398205,0.7877459526062012,0.6188404856164471,0.8510234355926514
357,0.4110896754888148,0.7570814490318298,0.4074864107019761,0.7535573244094849,0.3777373501288345,0.7207822203636169,0.5005984286856807,0.8142942190170288,0.5042016950308108,0.8178183436393738,3.6032609300675733,3.524129867553711,0.11930541762339524,0.5240842700004578,0.3972666758337831,0.786308765411377,0.6166399460212857,0.8519535064697266
358,0.4108401747310863,0.7541065812110901,0.4072590949488621,0.7505881786346436,0.377292928547641,0.7188016772270203,0.5006003586295383,0.810349702835083,0.5041814368534712,0.8138681054115295,3.581081248576345,3.518399953842163,0.1179221011454763,0.5262351036071777,0.39743835980596104,0.7814511060714722,0.6165183015119017,0.8487187623977661
359,0.4094390534107981,0.7601073980331421,0.4058631245606865,0.7565982341766357,0.376156229404063,0.7244833111763,0.49888990634407093,0.8161569833755493,0.5024658336358911,0.8196661472320557,3.5759281223895503,3.5091564655303955,0.11799228580948574,0.531652569770813,0.39560872335839115,0.788642168045044,0.6148676755381566,0.8531553745269775
360,0.4099237722119475,0.7493581175804138,0.4063325138653026,0.7458382844924927,0.37702581247473077,0.713808000087738,0.4986340506793627,0.8074867129325867,0.502225315259173,0.8110065460205078,3.5912577233283347,3.5198402404785156,0.12122916152664259,0.5167595744132996,0.39566097968544056,0.7754352688789368,0.6141872912450553,0.849229097366333
361,0.410716424580493,0.7523916959762573,0.40711166617137934,0.7488555908203125,0.3773688566840552,0.7172908782958984,0.4998555467798819,0.8096697926521301,0.5034603145387437,0.813205897808075,3.6047597211949967,3.5361249446868896,0.11972440545465432,0.5229765772819519,0.3972606596603892,0.777957022190094,0.6151214954899806,0.850939154624939
362,0.4097844572628246,0.7572084665298462,0.4061757172244826,0.7536913156509399,0.3769230624429541,0.7224810123443604,0.4987954995990579,0.8127059936523438,0.5024042443122739,0.81622314453125,3.608741768045363,3.5171470642089844,0.1205706944555239,0.5326972603797913,0.3950101224815144,0.7836406826972961,0.6151883641099618,0.8511050939559937
363,0.40836213402498783,0.7577745318412781,0.4047614226933398,0.7542351484298706,0.37546132806858984,0.7224740386009216,0.4972688711546605,0.8143662214279175,0.500869582291522,0.817905604839325,3.600713369893093,3.5393781661987305,0.11924546114564721,0.5291835069656372,0.3938538063974941,0.7846344709396362,0.613284724210602,0.8536041378974915
364,0.4070310723158269,0.750084400177002,0.4034065132826761,0.7465483546257019,0.37403109650206723,0.7153717875480652,0.49577980142792843,0.8060394525527954,0.4994043526696224,0.8095754981040955,3.6245550641826556,3.536064386367798,0.11793899083254385,0.5246567130088806,0.39286211171960517,0.7758970856666565,0.611292169764151,0.8455614447593689
365,0.4065583009345859,0.7565402388572693,0.40295322385488774,0.7530123591423035,0.3740392245498358,0.7202325463294983,0.49515396200753503,0.8139601349830627,0.49875904532039866,0.8174880146980286,3.6050781471277373,3.527886152267456,0.11928063241484897,0.5230814218521118,0.39122988897211414,0.7855559587478638,0.6116071444710874,0.8520603179931641
366,0.4054362699876424,0.7642718553543091,0.4018247930053013,0.7607107162475586,0.3728536116141899,0.7282991409301758,0.49380801842103594,0.8200908899307251,0.4974194938450857,0.8236520290374756,3.611474411160338,3.5611343383789062,0.11843225588790732,0.5352199077606201,0.3904988156035056,0.7938172817230225,0.609629757653654,0.85586017370224
367,0.405154111922956,0.7611150741577148,0.4015508559015062,0.7575908899307251,0.37245870123501695,0.7245664000511169,0.4940498097270143,0.8181381225585938,0.4976530675015418,0.8216623067855835,3.603256418814067,3.5241639614105225,0.11669809210534189,0.5277430415153503,0.39003916815215467,0.7912775874137878,0.6106388241636986,0.8546784520149231
368,0.4054117341057148,0.7558705806732178,0.4017953923325133,0.752320408821106,0.37289390162704816,0.7181050777435303,0.4936835547677832,0.8154211044311523,0.497299898099276,0.8189712762832642,3.6163413431130205,3.5501773357391357,0.11881907303738438,0.5134058594703674,0.3903639289288739,0.786832332611084,0.609498681975346,0.8540770411491394
369,0.4026613443895103,0.7576429843902588,0.39904042338234147,0.7541123628616333,0.3699837572434369,0.7214250564575195,0.4916064700270011,0.8139758706092834,0.4952273941507526,0.8175064921379089,3.620924681619881,3.530627489089966,0.11415668221470578,0.5267491340637207,0.3873535229100121,0.7875233888626099,0.6084410614437528,0.850002646446228
370,0.40177933706177604,0.7604053616523743,0.39817903789819453,0.756885290145874,0.36960339292981265,0.7243614196777344,0.4901685309565924,0.8170382976531982,0.4937688316784653,0.8205583691596985,3.60029612023846,3.5200541019439697,0.11600084505439584,0.5294204950332642,0.38568033969480225,0.7895101308822632,0.6071289711528354,0.8541537523269653
371,0.4031834189408745,0.7572990655899048,0.3995886347652261,0.7537572979927063,0.37077077755741045,0.7194892764091492,0.4914938587378832,0.8161900043487549,0.4950886397969489,0.8197317719459534,3.5947824365952434,3.5417683124542236,0.11683604408518161,0.5160841941833496,0.387892649454229,0.7891268134117126,0.6075836564201156,0.8532567620277405
372,0.4015462262178558,0.762686014175415,0.3979142602362664,0.7591664791107178,0.36936300311213227,0.7266013026237488,0.4896070626046922,0.8188269734382629,0.49323903033935945,0.8223465085029602,3.6319680603501063,3.519519090652466,0.11643587471612918,0.5326095223426819,0.3856557151850532,0.7924313545227051,0.6059974244996613,0.8547630906105042
373,0.40380556287329183,0.7573994994163513,0.400201919421651,0.7538638114929199,0.37102708610054713,0.7211470007896423,0.4923035416727752,0.8149129748344421,0.4959071835661246,0.8184486627578735,3.603642116185107,3.535705327987671,0.11592836940989774,0.5239149928092957,0.3893518340743445,0.7861152291297913,0.6078010805292067,0.8534106612205505
374,0.39958399709533243,0.7632736563682556,0.39598296787224563,0.7597507238388062,0.36736463000571806,0.7269501686096191,0.4875914764170553,0.820509135723114,0.4911925056401421,0.8240320682525635,3.601026000540241,3.522930145263672,0.11447370807135027,0.5301535129547119,0.3840108118415658,0.7925545573234558,0.6036093760939205,0.8581423163414001
375,0.40161372205011203,0.7654438614845276,0.3980182409286499,0.7619231939315796,0.36940063662778316,0.7316574454307556,0.489747733656877,0.8186265230178833,0.4933432178949219,0.8221471905708313,3.59548042023104,3.52069354057312,0.11625672399608139,0.5487225651741028,0.3859166674364626,0.7915186285972595,0.6060284968295129,0.8547311425209045
376,0.4004592143632228,0.7592262029647827,0.3968491154948091,0.7556896209716797,0.36849797161576014,0.7242498397827148,0.4880637569365159,0.8156391978263855,0.49167386067459007,0.8191757798194885,3.610098926070469,3.536595582962036,0.11699751574619144,0.5320168137550354,0.38450346000833446,0.7853323221206665,0.6039929284768946,0.8554002046585083
377,0.39963327825459,0.7598572373390198,0.39602261879085715,0.7563288807868958,0.3677348778917899,0.7251458168029785,0.4868614597647798,0.8156805634498596,0.49047211767022125,0.8192089200019836,3.610658497592203,3.5283620357513428,0.11715829362666685,0.5347105264663696,0.3838852153104894,0.7858433127403259,0.6021611406133066,0.85488361120224
378,0.39804870844666473,0.7604578733444214,0.3944154183069865,0.7569182515144348,0.3661531202154222,0.7257139682769775,0.4856763429501477,0.8158713579177856,0.4893096315315346,0.8194109797477722,3.633290510551602,3.5396387577056885,0.11474221331231735,0.5360724925994873,0.3817591380839254,0.7869146466255188,0.6019580118796405,0.8541547656059265
379,0.399617266616011,0.7560815811157227,0.3959938739639482,0.7525485754013062,0.36758840999572107,0.7192431092262268,0.4871229996868208,0.8158770203590393,0.4907463890275145,0.8194100260734558,3.623391548792521,3.533015012741089,0.11615357445735558,0.5159788727760315,0.3838982870376188,0.7841379046440125,0.6027133675182567,0.8576126098632812
380,0.40040066779828537,0.7656653523445129,0.3968012691323274,0.7621598243713379,0.3681226836310493,0.7311498522758484,0.48793883222380496,0.8206762075424194,0.49153823400634566,0.8241817355155945,3.5994005748649047,3.5055487155914307,0.1160955873190188,0.5428357124328613,0.38550203882790857,0.7920427322387695,0.6027704204609191,0.8585709929466248
381,0.4615117379652908,0.7649085521697998,0.45791804342488057,0.7612683773040771,0.4295213056935204,0.7326927781105042,0.5434488393122854,0.819546639919281,0.5470425322944042,0.8231868147850037,3.5936932033962674,3.6401631832122803,0.18988066531863868,0.5500001311302185,0.4516846075946209,0.7842243313789368,0.6469986497187147,0.8638538718223572
382,0.4664301922897887,0.7748084664344788,0.4627390449343164,0.7711808681488037,0.4336487395701066,0.7408900260925293,0.5500526237331964,0.8269695043563843,0.5537437695303774,0.8305971026420593,3.6911491069918365,3.6276209354400635,0.1887992212390588,0.5598264932632446,0.4566754998724445,0.8018121123313904,0.6554714826976552,0.8610315918922424
383,0.4434320714349061,0.7651457190513611,0.439773590346567,0.76157146692276,0.4113272989497465,0.7307989001274109,0.5279033454804639,0.818780243396759,0.531561826568803,0.8223544955253601,3.6584816960727466,3.574228048324585,0.16611565615421806,0.5457350015640259,0.43095288323421105,0.7921296954154968,0.6369133872144362,0.8545320630073547
384,0.4280114754352694,0.771202802658081,0.4243624239575629,0.7676550149917603,0.39529559405800563,0.7381035685539246,0.5147935958469615,0.822126567363739,0.5184426519995421,0.8256743550300598,3.649055925070071,3.5477664470672607,0.1439377463915769,0.5613654851913452,0.41495077711304806,0.7974917888641357,0.6269982667530284,0.855453372001648
385,0.4157012932830387,0.7717776894569397,0.41208479801813763,0.7682571411132812,0.3833356563951455,0.7405547499656677,0.5030490234007243,0.8209366202354431,0.5066655169125476,0.8244571685791016,3.6164970631692923,3.5205471515655518,0.13152479102798537,0.571475625038147,0.4011758994432836,0.7945270538330078,0.6173062721888224,0.8556615114212036
386,0.41334641680997963,0.7679262757301331,0.4097045130199856,0.7643882036209106,0.38171760767113927,0.7350513339042664,0.4995202402663387,0.8194577097892761,0.5031621440563326,0.8229957818984985,3.641902956308103,3.5380423069000244,0.13392586631128212,0.5575072169303894,0.3977561867704578,0.7929636240005493,0.6134707783561906,0.8546832203865051
387,0.40146440696092994,0.7701818943023682,0.3978208059968512,0.7666294574737549,0.3694137358197979,0.7377934455871582,0.4892536483558954,0.8218033909797668,0.49289724931997414,0.8253558278083801,3.6436005869722057,3.5524654388427734,0.11733668964672712,0.5610830187797546,0.38541053420577953,0.7936180233955383,0.6054939783476536,0.8586794137954712
388,0.39832238239400525,0.7648605108261108,0.3946688173253552,0.7612953186035156,0.3664771495691312,0.7304108738899231,0.4858018054681666,0.8189769387245178,0.48945536742023393,0.822542130947113,3.653563217399946,3.565176248550415,0.11548388520486993,0.5441170930862427,0.3819388538793801,0.7916857600212097,0.6020086976437787,0.855430006980896
389,0.3966410668457256,0.7624325156211853,0.3929694711772445,0.7589002847671509,0.36514201020103654,0.7292893528938293,0.4838733891256494,0.815651535987854,0.48754498791071327,0.8191837668418884,3.671598663517073,3.532238245010376,0.11539670230905993,0.5476309657096863,0.3794066403426376,0.7865142822265625,0.6006226886331646,0.8537229299545288
390,0.394449519565682,0.7651551365852356,0.390825124737484,0.7616147994995117,0.3627421596860574,0.7296584248542786,0.48169506316870647,0.8200276494026184,0.48531945799690446,0.8235679864883423,3.624395733565287,3.5403223037719727,0.11253089710972668,0.5395714044570923,0.37805130766108147,0.7943969964981079,0.5976442788161483,0.8550068140029907
391,0.39366021284870073,0.7636047005653381,0.3900323042682573,0.7600562572479248,0.36197612488191894,0.7292044162750244,0.4809523462470061,0.8183241486549377,0.48458025482744954,0.8218725919723511,3.627908923267539,3.5484511852264404,0.11171579390179877,0.5417455434799194,0.3771268370883917,0.7897340655326843,0.5970857369354348,0.8561336398124695
392,0.39412575726415594,0.767180323600769,0.39046179663901237,0.763622522354126,0.36259840360653944,0.731544017791748,0.48088131056112404,0.8229463696479797,0.4845452680696849,0.8265041708946228,3.6639629610223707,3.5577733516693115,0.11379639341745501,0.539283812046051,0.37751435551768037,0.7958059906959534,0.5964844460580864,0.8595423102378845
393,0.394216539813023,0.7681641578674316,0.3905821701670005,0.7646104097366333,0.36262772461168125,0.734011173248291,0.4813917518830767,0.8226062059402466,0.4850261215290992,0.8261599540710449,3.6343702070074144,3.553755760192871,0.11281372684668871,0.5476561784744263,0.3774929052474452,0.793829619884491,0.5975765336572735,0.8605477809906006
394,0.3923080107745002,0.7753931879997253,0.38866935524286006,0.7718392610549927,0.36120617136456606,0.7357657551765442,0.4789611412808786,0.8349928855895996,0.48259979681251874,0.8385468125343323,3.6386574779460634,3.5539042949676514,0.11351466193503025,0.5270468592643738,0.37467629886141013,0.8117737174034119,0.5954275598712996,0.8684768676757812
395,0.4257244136598375,0.7778311371803284,0.4220826033673255,0.7742162942886353,0.396410003986234,0.7444401383399963,0.5076279192188986,0.828618586063385,0.5112697295114106,0.8322334289550781,3.641814325370041,3.6148433685302734,0.16246884360032923,0.5673753023147583,0.40780241018027263,0.8047881722450256,0.6189587388942445,0.8611570000648499
396,0.4190628045524647,0.7723115086555481,0.4153795793555141,0.7687330842018127,0.38877247887499194,0.7407002449035645,0.5024331186721528,0.8223165273666382,0.5061163376359379,0.8258949518203735,3.683223990833058,3.5784265995025635,0.14969319660289615,0.5690244436264038,0.40226828370218964,0.7950266599655151,0.6143559533007005,0.8580495119094849
397,0.40859180513550253,0.7614844441413879,0.404940635160683,0.7579357624053955,0.37729990034321553,0.7305128574371338,0.4939657882148144,0.8130226135253906,0.4976169630592945,0.8165712952613831,3.6511691099677988,3.548661231994629,0.13189927839181004,0.5569579005241394,0.3928031960344003,0.7808497548103333,0.6071972418454737,0.8537308573722839
398,0.39828667317340577,0.7629289031028748,0.394608966080971,0.7593705654144287,0.3671853729322845,0.730767548084259,0.4840492138675615,0.8145338892936707,0.4877269225182876,0.8180922269821167,3.6777073277367487,3.5583322048187256,0.12136831694568684,0.5545695424079895,0.38139477079989864,0.7856835722923279,0.5987930367974674,0.8520495891571045
399,0.394084538899216,0.7676239013671875,0.3904356196814892,0.764067530632019,0.36312980219429614,0.7315567135810852,0.4801780554204205,0.8241354823112488,0.4838269746381473,0.8276918530464172,3.6489170532600554,3.5563604831695557,0.11692489703106725,0.5368220210075378,0.3765563629811106,0.7967434525489807,0.5959081544595606,0.8611046075820923
400,0.3933834357588899,0.7684281468391418,0.38972725081287957,0.7648607492446899,0.36233702204585855,0.7330513000488281,0.4793984075776892,0.8231777548789978,0.48305459232891307,0.8267451524734497,3.65618440372492,3.567415952682495,0.11610442633722343,0.5434749126434326,0.3761718582873251,0.7973103523254395,0.5947347704102012,0.8583686351776123
401,0.3898472711930867,0.7675700783729553,0.386169368340299,0.7640163898468018,0.3588129780650918,0.7319207787513733,0.4763793103835162,0.8226710557937622,0.4800572130415175,0.8262247443199158,3.6779039124258204,3.5536882877349854,0.11151823479365679,0.5410324931144714,0.3719475181663738,0.7969544529914856,0.5929731718854967,0.8577754497528076
402,0.387949405931959,0.7702071070671082,0.3843047562377905,0.7666285037994385,0.3571004865605847,0.734385073184967,0.4743194823561151,0.8255964517593384,0.477964133608575,0.8291750550270081,3.644649214214749,3.578608751296997,0.1105364190012801,0.5425268411636353,0.36983975183730033,0.7996728420257568,0.5909253051078397,0.8609555959701538
403,0.3850238601756252,0.7684028744697571,0.38137177412026846,0.7648485898971558,0.3542155863023272,0.7323222160339355,0.4710444350258198,0.824870765209198,0.47469652108117644,0.8284250497817993,3.6520842134562974,3.5542547702789307,0.108472129488303,0.5376511812210083,0.3671247653322282,0.7976186275482178,0.5870498660343145,0.8616968989372253
404,0.38410257455570246,0.7660866975784302,0.38045542847876457,0.7625320553779602,0.353525764801923,0.729108989238739,0.46996991638264624,0.8236110210418701,0.4736170624595842,0.8271656632423401,3.6471431769576728,3.5546247959136963,0.10859155177680496,0.5303285717964172,0.3657068966650495,0.7968345880508423,0.5862788737209794,0.8601635694503784
405,0.3848770029015011,0.7700900435447693,0.3812377474276848,0.7665510177612305,0.35421694941770016,0.7324333190917969,0.4709775332921471,0.8271728157997131,0.47461678876596336,0.830711841583252,3.6392576616573957,3.538999319076538,0.10861713205482446,0.5331536531448364,0.3665209615152646,0.8033819198608398,0.587512770898981,0.8607643842697144
406,0.38448548745485694,0.7715142369270325,0.3808660709780026,0.7679469585418701,0.3538116947108624,0.7363373637199402,0.47055842985514723,0.8248177766799927,0.47417784633200155,0.828385055065155,3.619417221717585,3.567254066467285,0.10824096981996024,0.5502232313156128,0.36629820941320435,0.8013284206390381,0.5868958850312077,0.8574603199958801
407,0.39417991412231346,0.7768130898475647,0.3905145083767137,0.7732576131820679,0.3633590623054629,0.742443859577179,0.4797310377258101,0.8287280201911926,0.48339644366619633,0.8322834968566895,3.665407556334352,3.555462598800659,0.11857662695685244,0.5609496831893921,0.3767450430424385,0.8057650923728943,0.5947555136057286,0.8606169819831848
408,0.3887062855795318,0.7727847099304199,0.3850594053860583,0.769251823425293,0.3577528264787462,0.7373412251472473,0.4743662441478056,0.8267604112625122,0.4780131227829877,0.8302932977676392,3.646878197302226,3.53286075592041,0.11246251845671461,0.5492527484893799,0.3716405645694608,0.8028499484062195,0.589155390761257,0.8599210381507874
409,0.3895861522045011,0.7709355354309082,0.38594728357651653,0.7673925161361694,0.3589840698865504,0.7380186915397644,0.4749034165946487,0.822908341884613,0.47854228366434187,0.8264513611793518,3.6388676571690177,3.543041229248047,0.11515373546703189,0.5594576597213745,0.37188490426618287,0.795607328414917,0.5899135817110149,0.8589910864830017
410,0.38574082789078257,0.7725233435630798,0.3821043627324447,0.768966794013977,0.3551443626288495,0.737650454044342,0.4712765454466826,0.8260916471481323,0.47491301060502045,0.8296481966972351,3.636466350430757,3.556565999984741,0.11086633640761469,0.551619291305542,0.3678053167520785,0.8012164235115051,0.586761445001839,0.8601157665252686
411,0.38335733748728934,0.7748888731002808,0.3797004368959689,0.7713321447372437,0.35339464081658256,0.7396507859230042,0.4683247280666252,0.829288125038147,0.47198162865794563,0.8328448534011841,3.656900812597836,3.5567171573638916,0.11164511038976557,0.551103413105011,0.3640488436798644,0.8037840127944946,0.5844899536737429,0.8640649318695068
412,0.38296132364304236,0.7697758078575134,0.37932347238453384,0.7662153244018555,0.35255323886092194,0.737699031829834,0.46862319033909466,0.8207374215126038,0.47226104315589457,0.8242979049682617,3.6378553365570268,3.5604870319366455,0.10840608199047887,0.5630320310592651,0.36433081767138314,0.7929471135139465,0.5849228037728204,0.8571178913116455
413,0.3809575181381375,0.7710914611816406,0.37730691129086064,0.7675454020500183,0.3505925316047045,0.7359316945075989,0.46632200284721026,0.8255547881126404,0.4699726112527785,0.8291008472442627,3.650608467899896,3.546041250228882,0.10716158375630971,0.5474141240119934,0.36244890853470446,0.7997413277626038,0.5821671018413469,0.8606395721435547
414,0.3795681671769011,0.7687140703201294,0.37592000626271066,0.7651526927947998,0.34937023785379195,0.735593855381012,0.4649015129391664,0.8221324682235718,0.46854967385335683,0.8256938457489014,3.6481602004930083,3.561370849609375,0.10635619561851414,0.5535644292831421,0.36061200187876336,0.7923732995986938,0.5811425342279322,0.8608438372612
415,0.3789670147926979,0.7701586484909058,0.3753281995361927,0.7666008472442627,0.348864127802693,0.735274612903595,0.4645170982367073,0.8245754837989807,0.4681559134932125,0.8281332850456238,3.6388165218378203,3.5578010082244873,0.105594090630416,0.5474351644515991,0.3595493994896708,0.7979854345321655,0.5814488947001937,0.8604034185409546
416,0.37845125697017495,0.7643269300460815,0.3748064991695429,0.7607929706573486,0.3483348562826518,0.7306236624717712,0.46380148389760184,0.8185214400291443,0.4674462416982339,0.8220553994178772,3.6447567394356324,3.533982276916504,0.1054567644019532,0.5457351803779602,0.35925402691940855,0.7890260815620422,0.5802937703194961,0.8571096658706665
417,0.3769490013714709,0.765686571598053,0.3733153167892905,0.7621524333953857,0.34701891603812673,0.7305135726928711,0.4619886401821585,0.8215581178665161,0.46562232476433896,0.8250922560691833,3.633686749763738,3.534163236618042,0.10518605856139676,0.5390059947967529,0.3575844359553717,0.7929542064666748,0.5782862601716534,0.8595804572105408
418,0.3757742939431683,0.7693431973457336,0.3721315993203057,0.7657763957977295,0.345950365845674,0.7365748286247253,0.46081311913097606,0.8219572901725769,0.46445581375383865,0.825524091720581,3.6426927778455944,3.566807985305786,0.10434248050053914,0.5569769144058228,0.35605255295248595,0.7927840948104858,0.5774560656422884,0.8599632978439331
419,0.3754555579104455,0.7736558318138123,0.3718128932846917,0.7701045274734497,0.3454845767784742,0.7395171523094177,0.46081314893329844,0.8269698619842529,0.4644558135590522,0.8305211663246155,3.642662028082056,3.5513193607330322,0.10289687843494166,0.5555651187896729,0.3558322824294271,0.8004778027534485,0.5777245537907469,0.8625085353851318
420,0.3759532615639805,0.7702865600585938,0.3723241223229302,0.7667195796966553,0.3458901433383717,0.7386996150016785,0.46097181006973864,0.8211243748664856,0.46460094931078894,0.8246913552284241,3.629138016233257,3.5669567584991455,0.10382181259931303,0.5653234720230103,0.35702582570462443,0.7921111583709717,0.5768227912242117,0.8586642742156982
421,0.37492502203174666,0.7711495161056519,0.3712755457248563,0.7675895690917969,0.3451897336377038,0.7390761971473694,0.45994239578060075,0.8226445317268372,0.4635918720874911,0.8262044787406921,3.6494777763591095,3.5599677562713623,0.10381346210545185,0.5632944703102112,0.3549306131655874,0.7937522530555725,0.5768251200906591,0.8601818680763245
422,0.37509943729911754,0.7670533061027527,0.3714616074671153,0.7634983062744141,0.34537290143810845,0.7329349517822266,0.4600834080985948,0.8214713931083679,0.46372123793059705,0.8250263929367065,3.6378279153038475,3.555004358291626,0.10408527180065516,0.5467029809951782,0.3551725585476246,0.7926357984542847,0.5768608780078639,0.8594659566879272
