epoch,train_total_loss,val_total_loss,train_reconstruction_loss,val_reconstruction_loss,train_selection_score,val_selection_score,train_common_reconstruction_loss,val_common_reconstruction_loss,train_common_total_loss,val_common_total_loss,train_kl_loss,val_kl_loss,train_market_loss,val_market_loss,train_sector_loss,val_sector_loss,train_idio_loss,val_idio_loss
1,1.0109436381359693,0.9214407801628113,1.0109304078571044,0.9214256405830383,1.0109329342456468,0.945669412612915,1.01277322512236,0.8827497363090515,1.0127864554012251,0.8827648758888245,0.013218768087870623,0.015131373889744282,1.007061978920336,1.0780173540115356,1.0089847285690647,0.8906248211860657,1.016752089077386,0.8683659434318542
2,0.9923120659707868,0.9028316736221313,0.9922895495389282,0.9027994275093079,0.9929846881181182,0.9262455105781555,0.9954391827093557,0.8662242293357849,0.9954616991412143,0.8662564754486084,0.022526989500025144,0.032236114144325256,0.9878218009603973,1.0524975061416626,0.9869274692741715,0.8721408247947693,1.0042048106538686,0.8540983200073242
3,0.9703648089880506,0.8725430965423584,0.9703047717094807,0.8724480271339417,0.9736951165868356,0.8939197659492493,0.9745306466399924,0.8453702330589294,0.9745906839185623,0.8454653024673462,0.06003626030777516,0.09508385509252548,0.9719376285886938,0.9960413575172424,0.9558645885481413,0.8376219272613525,0.9932831317559939,0.8480960130691528
4,0.9440800130391381,0.8463274836540222,0.9439302227345739,0.8461548089981079,0.9470094184474428,0.8614144921302795,0.9534126114517486,0.8307552337646484,0.9535624017563128,0.8309279084205627,0.14979093497429982,0.172677680850029,0.933540668556963,0.9259045720100403,0.9248789503561838,0.8173609375953674,0.9826086446962229,0.8409779667854309
5,0.9227219537786274,0.8260188698768616,0.9224931403205214,0.8257526159286499,0.9207972121826801,0.8370823860168457,0.9405771941006834,0.818817675113678,0.9408060137289428,0.8190839290618896,0.22882704942321855,0.26627951860427856,0.8791910841115033,0.8755010962486267,0.9084736129266744,0.7996430397033691,0.9747269416067507,0.8361029028892517
6,0.9086283851720716,0.8097029328346252,0.9082823068662736,0.809285044670105,0.9038158619977471,0.8153463006019592,0.9321225673574887,0.811840295791626,0.9324686487483631,0.8122581839561462,0.34608384506499,0.4178680181503296,0.8442742171144851,0.8227211833000183,0.8963771959668078,0.7887272238731384,0.9707961966043728,0.8345905542373657
7,0.8961357617734946,0.8008061647415161,0.8955917921424924,0.800114631652832,0.890622753919593,0.8060839176177979,0.922016248257595,0.8049725890159607,0.9225602148035206,0.8056641221046448,0.543968014470296,0.6915291547775269,0.8245881562092214,0.8084216117858887,0.8824505021684911,0.7774062156677246,0.9648296053574436,0.832423985004425
8,0.8870895594852538,0.79244464635849,0.886249507095377,0.791447639465332,0.8813503065718555,0.7958213686943054,0.9141751611661776,0.7993858456611633,0.9150152135560544,0.8003828525543213,0.8400519617983458,0.9969900846481323,0.81230491845655,0.7883237600326538,0.8713235609501516,0.7702038288116455,0.9604224299449358,0.8289365768432617
9,0.8803039296551654,0.7887144088745117,0.8792072330656873,0.787512481212616,0.8744228882583297,0.7921168804168701,0.9079604267929423,0.7953686118125916,0.9090571264674969,0.7965705394744873,1.0966960487219182,1.2019195556640625,0.8038784279015398,0.7852770686149597,0.8630722457466943,0.7656750082969666,0.9563180197601225,0.8253985047340393
10,0.873977038959622,0.7853009700775146,0.8727266931167461,0.7839621901512146,0.8678881033586193,0.7878302931785583,0.9022750107325189,0.7932674288749695,0.9035253565753948,0.7946062088012695,1.2503429761166232,1.3388078212738037,0.7955570552834026,0.7763934135437012,0.8559153762077736,0.7627713680267334,0.9521918910454991,0.8243260979652405
11,0.8677024805637396,0.7788441777229309,0.8663262026636792,0.7773985862731934,0.8611634867277118,0.7802134156227112,0.8969320612690297,0.788647472858429,0.8983083360840134,0.7900930643081665,1.3762751738166115,1.4455835819244385,0.7859260989884062,0.7624728083610535,0.8493583548228074,0.7572689056396484,0.9482059784857213,0.8208985924720764
12,0.8599346033532852,0.770643413066864,0.8584375243605364,0.7690774202346802,0.8521081358134096,0.7691577076911926,0.8910804746414166,0.7846994400024414,0.8925775536341654,0.7862654328346252,1.4970739428639364,1.5660139322280884,0.7701318164706664,0.7364664077758789,0.8427668448358329,0.7524105310440063,0.9434257266350811,0.8185963034629822
13,0.8494870015305158,0.7600275278091431,0.8478543063286004,0.7582728862762451,0.8381471140057849,0.7526392936706543,0.8853573273224142,0.7816702127456665,0.8869900225243297,0.7834248542785645,1.6327011839272376,1.7546331882476807,0.7388428534229323,0.6915746331214905,0.8370308419783685,0.7502744197845459,0.9385676178621755,0.8160690069198608
14,0.8376220501823749,0.7471596002578735,0.8357918484221573,0.745221734046936,0.8212240472092496,0.7327895164489746,0.8798913885310166,0.7779409885406494,0.8817215902912342,0.7798788547515869,1.8302014470823467,1.9378637075424194,0.6978203353253252,0.6378159523010254,0.8323611666015706,0.7474636435508728,0.9334906161289392,0.8130889534950256
15,0.8267416368116988,0.7381895184516907,0.824733202702306,0.7360789179801941,0.8070033551997807,0.7211401462554932,0.873374451884267,0.7725825309753418,0.8753828890787364,0.7746931314468384,2.0084287822367064,2.1105942726135254,0.6673951567641357,0.6129336953163147,0.8258484964229971,0.7417306900024414,0.9277663676785979,0.8087560534477234
16,0.8179799466300869,0.7305768728256226,0.8158058851198103,0.72831130027771,0.7967123708838738,0.713056743144989,0.8665125755901236,0.7657329440116882,0.8686866371004002,0.7679985165596008,2.174057288638407,2.265601873397827,0.64989119916371,0.6022549867630005,0.8187693222013505,0.7339284420013428,0.9214765691969301,0.8029868006706238
17,0.8097325098500096,0.7229129672050476,0.8074207513668833,0.7204880714416504,0.7879473223312152,0.7057074904441833,0.8593482698836984,0.7584161758422852,0.8616600283668246,0.7608410716056824,2.311763813849456,2.4248950481414795,0.637759138999851,0.5948373675346375,0.8102202880396999,0.724175214767456,0.9158625399540948,0.7981098294258118
18,0.8005753245808748,0.7143352031707764,0.7981186785584174,0.7117894291877747,0.7790788840389522,0.6973792910575867,0.8509659178094058,0.7503952980041504,0.8534225638318631,0.7529410719871521,2.4566465834591775,2.5457842350006104,0.6278681938483365,0.5858627557754517,0.7986725313770496,0.713671863079071,0.9106958954863542,0.7926031351089478
19,0.7903625376784652,0.7054855227470398,0.7877829118243509,0.7028037905693054,0.7690316455787461,0.6881101727485657,0.8420994155955517,0.7428056597709656,0.844679041449666,0.7454873919487,2.5796171570903996,2.6817469596862793,0.6153373019660575,0.5730611085891724,0.7859407612489777,0.704053521156311,0.9058168462496078,0.7872160077095032
20,0.7808479806984479,0.6978970766067505,0.778140678754761,0.6951091885566711,0.7595032871227442,0.6800885200500488,0.8339737318712258,0.7368128299713135,0.8366810338149127,0.7396007180213928,2.7073023622931616,2.78790020942688,0.6028585750541849,0.5607718825340271,0.7743677653815165,0.6955333948135376,0.901283540491435,0.7839603424072266
21,0.7711191786429779,0.6909034252166748,0.7683208510068762,0.6880396604537964,0.7486725458238851,0.6712191700935364,0.8266434391355688,0.7322297096252441,0.8294417667716706,0.7350934743881226,2.7983298028860313,2.863776206970215,0.5846648253364887,0.5428867340087891,0.7649101518543442,0.6911554932594299,0.896442677128233,0.7796152830123901
22,0.7624096140849942,0.6829956769943237,0.7595282655662725,0.6800596714019775,0.7386798721742303,0.6616620421409607,0.8203423219656492,0.7276403903961182,0.8232236704843708,0.7305763959884644,2.8813499771917197,2.9359982013702393,0.5669070870539846,0.5228800177574158,0.7570354253764678,0.6842590570449829,0.892097086136128,0.7778470516204834
23,0.7535973535681176,0.6733667254447937,0.75061840137103,0.6703355312347412,0.7271274056600454,0.6491857767105103,0.8154902987715401,0.722883403301239,0.8184692509686277,0.7259145975112915,2.9789513007764437,3.0312135219573975,0.5412606016687184,0.4941665530204773,0.7516489793210197,0.6774247288703918,0.8884726046455375,0.7759660482406616
24,0.7448865800216233,0.6659271121025085,0.741832114210796,0.6628128290176392,0.715401574493274,0.6399314403533936,0.811108633086501,0.7181460857391357,0.8141630958122519,0.7212603688240051,3.0544617641709664,3.114281177520752,0.5140867522743324,0.4754108488559723,0.7468967622848739,0.6720778942108154,0.8852212155246079,0.7723056077957153
25,0.7374664528910756,0.6591956615447998,0.7343301301633015,0.6560134887695312,0.7071849197884392,0.6329285502433777,0.8055903592718983,0.713508665561676,0.8087266819996723,0.7166908383369446,3.1363210884415085,3.182157516479492,0.5001941030439075,0.4634324312210083,0.7394155761851409,0.663605272769928,0.8819450348483084,0.7717478275299072
26,0.7296081185581903,0.6547938585281372,0.7264025453319928,0.6515506505966187,0.6984374098482761,0.6301882863044739,0.8000260068490059,0.7075831294059753,0.8032315800752035,0.7108263373374939,3.2055786857227058,3.2432355880737305,0.48475105310325145,0.4673922657966614,0.7314198570505984,0.6556020379066467,0.8791413129798035,0.7675705552101135
27,0.7241714270405089,0.6491255760192871,0.7209108426076316,0.6458411812782288,0.6934621236703197,0.6245815753936768,0.7948653326794246,0.7025412917137146,0.7981259171123019,0.705825686454773,3.260583675394548,3.284409761428833,0.48016568921955305,0.4605973958969116,0.7240574437502758,0.6488873958587646,0.8761632242185405,0.764259934425354
28,0.7160362281203511,0.6452764272689819,0.7127294889886612,0.6419335007667542,0.6846739978044081,0.6222644448280334,0.7887988272486454,0.6976228356361389,0.7921055663803354,0.7009657621383667,3.3067440756216637,3.3429384231567383,0.46565278625854634,0.46375203132629395,0.7154407788759487,0.6413533687591553,0.8729284452466506,0.7616880536079407
29,0.7111246810960133,0.6405846476554871,0.7077586339930508,0.6372101902961731,0.6805121891661496,0.6173744797706604,0.7838387422796883,0.6932782530784607,0.7872047893826507,0.6966527104377747,3.3660430524496716,3.374436616897583,0.46317016850634235,0.45771461725234985,0.7080733196435551,0.6367231607437134,0.8702930834820721,0.7576855421066284
30,0.7061484095011942,0.6361783742904663,0.7027515392770085,0.6327491998672485,0.6759318885078229,0.6132746338844299,0.7791685920421093,0.6894270777702332,0.782565462266295,0.6928562521934509,3.396874224758804,3.429147243499756,0.4587788651985434,0.45309197902679443,0.7014534968959625,0.6305562257766724,0.8675633265670378,0.756175696849823
31,0.699350475276765,0.631524384021759,0.6959101932520236,0.6280688047409058,0.6682346852212313,0.6110715866088867,0.7744829766286611,0.6826282143592834,0.7779232586534024,0.6860837936401367,3.44028638086963,3.455583095550537,0.44474689853466143,0.46055588126182556,0.6948682223309209,0.6207998991012573,0.8650889544172707,0.7518590092658997
32,0.6926560252483104,0.6257439255714417,0.6891766418294294,0.6222356557846069,0.6612247258268095,0.6047574877738953,0.7693666351309104,0.6778424978256226,0.7728460185497915,0.6813507676124573,3.4793838259183683,3.5082778930664062,0.433753835120955,0.4510266184806824,0.6872487411873089,0.6152832508087158,0.8626716248043337,0.7479624152183533
33,0.6875928875843716,0.6228609085083008,0.6840743032776292,0.6193339228630066,0.6557665612839322,0.6014740467071533,0.7654465489478136,0.6755161881446838,0.768965133254556,0.679043173789978,3.5185817455503074,3.5269687175750732,0.42506034232998396,0.4457303583621979,0.6819520640652815,0.6129015684127808,0.8602872788785587,0.7457902431488037
34,0.6825068826334129,0.6195337772369385,0.6789515620776144,0.6159651279449463,0.6498251546745207,0.5989094972610474,0.7618154624527492,0.6708134412765503,0.7653707830085477,0.6743820905685425,3.555321667293667,3.5686709880828857,0.4142593691043414,0.44766321778297424,0.6776742762609189,0.608564555644989,0.8575418330954966,0.7405006885528564
35,0.6774201945548978,0.6143402457237244,0.6738355676509858,0.6107516884803772,0.643605464896932,0.5917730927467346,0.7585867132390505,0.6686594486236572,0.7621713401429623,0.6722480058670044,3.5846250093855745,3.5885441303253174,0.4017483597817905,0.43004679679870605,0.6738273541646789,0.6058026552200317,0.8552406930846335,0.7394699454307556
36,0.6715529598883179,0.6130342483520508,0.667932564702248,0.609404981136322,0.6363952710374955,0.5900682806968689,0.7550509169281999,0.6674998998641968,0.7586713121142697,0.6711291670799255,3.6203989221940773,3.629239320755005,0.38680925094016017,0.42719486355781555,0.6692886668277375,0.605315089225769,0.8530878916087539,0.7376949191093445
37,0.6667277369236975,0.6104933023452759,0.6630668094463787,0.6068215370178223,0.6301176551619475,0.5859847664833069,0.7526588436808125,0.6668301224708557,0.7563197711581312,0.6705018877983093,3.660930097705673,3.6717731952667236,0.37235861092359973,0.4159308075904846,0.6659838721379066,0.6051414608955383,0.8520104624315934,0.7368820309638977
38,0.6597327185795464,0.6015353202819824,0.6560337717987196,0.5978153347969055,0.6201167731838481,0.5724417567253113,0.7502143222987773,0.6650852560997009,0.753913269079604,0.6688052415847778,3.6989419131543153,3.7199573516845703,0.3464633737360472,0.3775708079338074,0.6628749586771338,0.6018739938735962,0.8510120087338998,0.737880527973175
39,0.650529411053108,0.5943344235420227,0.6467825099855987,0.5905678272247314,0.6060644393260306,0.5601551532745361,0.7482138943971047,0.6646735668182373,0.751960795464614,0.6684401631355286,3.7469079995801273,3.7665884494781494,0.3070604093900057,0.3403061628341675,0.6601526649722289,0.6022939085960388,0.850980260306604,0.7378654479980469
40,0.6443856926254545,0.586083710193634,0.6406169632427904,0.582291305065155,0.597753691374412,0.5483531355857849,0.7459694536600912,0.6617382764816284,0.7497381830427553,0.6655306816101074,3.7687323620769595,3.7923808097839355,0.2859895394379149,0.3098534643650055,0.656187839345126,0.5987940430641174,0.8510837110728808,0.7364119291305542
41,0.6372113279663885,0.5808139443397522,0.6334183574976152,0.5770320892333984,0.588479703645498,0.5406074523925781,0.7426910726251845,0.6609126329421997,0.7464840430939579,0.6646944880485535,3.792971977472209,3.78187894821167,0.26410406803824477,0.2875517010688782,0.6509851367185341,0.5962028503417969,0.8503498861869723,0.7380678057670593
42,0.6298342626971173,0.5807805061340332,0.6260300121517544,0.5769616961479187,0.5788878518176667,0.5429522395133972,0.7391633407046715,0.6581290364265442,0.7429675912500344,0.6619478464126587,3.8042450196049833,3.81880521774292,0.24175662979079893,0.3006837069988251,0.6460330082586406,0.5918653011322021,0.8488739047559514,0.7363077402114868
43,0.6233854605946231,0.5759509801864624,0.6195539804156667,0.572101354598999,0.5709236726749295,0.5352275967597961,0.73559585947572,0.6571863293647766,0.7394273396546764,0.66103595495224,3.831476046207025,3.849637746810913,0.22454424492270658,0.2786938548088074,0.6408854159950198,0.5913292169570923,0.8473413658681979,0.7356597781181335
44,0.6193428709831885,0.5766576528549194,0.6154827880223078,0.5727867484092712,0.566396614462077,0.5373615622520447,0.7328131725274258,0.6559891104698181,0.7366732554883066,0.6598600149154663,3.86008257322161,3.870917558670044,0.21634802448812207,0.2878345847129822,0.6368031512133949,0.589724063873291,0.8460386687331579,0.7345260381698608
45,0.6153826441207589,0.5739453434944153,0.6114992009836606,0.5700477957725525,0.5620193119671872,0.5358706116676331,0.7300249222218629,0.6523969769477844,0.7339083653589612,0.6562945246696472,3.8834365385050145,3.8975765705108643,0.20862814908778674,0.2907634973526001,0.6327231343439413,0.5842028260231018,0.8447066488605349,0.7326456308364868
46,0.6105078954567468,0.5715367794036865,0.6066022138821178,0.56761634349823,0.5566776961847398,0.5321285724639893,0.7265932459461029,0.6523134112358093,0.7304989275207319,0.6562338471412659,3.9056804935989042,3.920422077178955,0.19926914085852102,0.2793259620666504,0.6275959369917413,0.5831660628318787,0.8431680058594229,0.7338936924934387
47,0.605921933634581,0.5690411329269409,0.6019944575601294,0.5651038885116577,0.5517138308761479,0.5297393202781677,0.7233300614925806,0.6501233577728271,0.7272575375670323,0.6540606021881104,3.9274816015592915,3.937239408493042,0.19072795664425374,0.27651774883270264,0.6226239662829846,0.5799514651298523,0.8417895700687635,0.7327486276626587
48,0.6019509312020012,0.5685572624206543,0.5980013185216501,0.5645936727523804,0.5476948142148106,0.5310232043266296,0.7202491593707973,0.6481329202651978,0.7241987720511484,0.6520965099334717,3.9496037110692326,3.963609218597412,0.18473562347565978,0.28468912839889526,0.6177477369509001,0.5757085680961609,0.8406010534037379,0.7326719164848328
49,0.5972971461149926,0.5675959587097168,0.5933300141038752,0.5636183619499207,0.5427679893848051,0.5310431718826294,0.7167250608992972,0.6466278433799744,0.7206921929104146,0.6506054401397705,3.9671322219631135,3.9776225090026855,0.17685828734832498,0.28791677951812744,0.6126232361243988,0.5723557472229004,0.8388224419340449,0.7328569889068604
50,0.5936534428615778,0.566168487071991,0.5896710662334688,0.5621669888496399,0.5390162618595051,0.5300261378288269,0.7140411428965588,0.6449805498123169,0.718023519524668,0.648982048034668,3.9823744384759454,4.001509666442871,0.17086049078617604,0.28822556138038635,0.6082123681402766,0.5698298215866089,0.8379759181379741,0.7320231199264526
51,0.5903758722377411,0.5663662552833557,0.5863775767346794,0.5623552799224854,0.5363789515798023,0.5318575501441956,0.7106671737988276,0.6440219879150391,0.714665467759351,0.6480329632759094,3.998288640887256,4.011004447937012,0.16977263453804045,0.29592567682266235,0.6030689185561317,0.566379964351654,0.836295274433895,0.7332671284675598
52,0.5874294500769366,0.5592393279075623,0.5834289186645798,0.5552316308021545,0.5338719364751268,0.5220853686332703,0.7078703254087705,0.6408247351646423,0.7118708568211273,0.64483243227005,4.000524528008263,4.007717132568359,0.16787531701987252,0.27232298254966736,0.5986584814945504,0.5629354119300842,0.8350820177921244,0.730997622013092
53,0.5829286100745827,0.5596756339073181,0.5789294027385565,0.5556630492210388,0.5286291453503811,0.5220012664794922,0.7048902569682888,0.6417772173881531,0.7088894643043151,0.6457898020744324,3.999206890618324,4.012579441070557,0.15787302081130847,0.2700587511062622,0.594752308115321,0.5643389225006104,0.8332621057988948,0.7316060662269592
54,0.5798805466172573,0.559596598148346,0.5758721750128669,0.5555725693702698,0.5257580722578614,0.5239045023918152,0.7021299525884497,0.6400848031044006,0.7061383257353783,0.6441088318824768,4.008371465754712,4.024045467376709,0.15476893012672122,0.27952513098716736,0.5908339828361252,0.5600550174713135,0.8316713053834038,0.7321333885192871
55,0.5768915249710376,0.5585960149765015,0.572877408327287,0.5545635223388672,0.5226222902861771,0.5235034823417664,0.6997329227074987,0.6385451555252075,0.7037470393512493,0.6425776481628418,4.014116160164852,4.032491683959961,0.1500792697258821,0.28151923418045044,0.5876262844500636,0.5578114986419678,0.8301613332046173,0.7311796545982361
56,0.5742060586695626,0.5563877820968628,0.5701813397502012,0.5523470640182495,0.5201130353917586,0.520837664604187,0.6972442937437167,0.637398362159729,0.7012690126630781,0.6414390802383423,4.024711152102559,4.04074239730835,0.14752654555930428,0.27565813064575195,0.5841612752709271,0.5557949542999268,0.828651283199952,0.7310599088668823
57,0.5721602451449409,0.5536838173866272,0.568120559506507,0.5496270656585693,0.5181227342541576,0.5170927047729492,0.69541936630765,0.6366019248962402,0.6994590519460839,0.6406586766242981,4.0396817959709495,4.056732654571533,0.14518844792705965,0.2657112181186676,0.5816446774843681,0.5540736317634583,0.82753507489865,0.7314932942390442
58,0.5686162156081133,0.5490723848342896,0.5645702609854867,0.5450117588043213,0.5137644576197253,0.5110731720924377,0.6934257555576746,0.6349353790283203,0.6974717075893188,0.6389960050582886,4.045951004506507,4.060620307922363,0.13585623256407237,0.25053536891937256,0.5788393018460688,0.5504969358444214,0.8265978403772075,0.7321873307228088
59,0.56495965763571,0.5460792183876038,0.5608992800267177,0.5419849753379822,0.5094780666935169,0.5070064067840576,0.6910953296373308,0.6334677934646606,0.6951557057037847,0.6375620365142822,4.060373511239193,4.094235420227051,0.12745556781829923,0.2410014271736145,0.5755728462713237,0.548896849155426,0.8254057773683797,0.7311208844184875
60,0.560849217307071,0.5357460379600525,0.556760061066786,0.5316412448883057,0.5037488614770501,0.4870811402797699,0.6894563287556822,0.6360155344009399,0.6935454849959674,0.6401203274726868,4.089154147253411,4.10477876663208,0.11312282779862222,0.1738053411245346,0.5734917701037847,0.5532437562942505,0.8246319874837916,0.734194278717041
61,0.5518839613561248,0.528191089630127,0.5477663859441798,0.5240374803543091,0.49011349688885525,0.4779038429260254,0.6872369335385117,0.6315416097640991,0.6913545074079184,0.635695219039917,4.117578808807237,4.153624057769775,0.07547451572751064,0.1547347456216812,0.5710584224596035,0.5469872355461121,0.8238075373628773,0.7319896221160889
62,0.549745038218022,0.5229898691177368,0.5456126990272022,0.5188475847244263,0.48808078889031187,0.4707504212856293,0.6852934522229652,0.6300436854362488,0.6894257883287084,0.6341859698295593,4.132337334182067,4.142279148101807,0.07325417188090734,0.13568539917469025,0.5683269701985468,0.5437039136886597,0.8226612429844432,0.7328619360923767
63,0.5426737555501145,0.51577228307724,0.5385425693343826,0.5116274356842041,0.47947689341332234,0.46010687947273254,0.6812104740655717,0.6280447244644165,0.6853416618238419,0.6321895718574524,4.1311900115331275,4.1448540687561035,0.055140697424029994,0.10685829818248749,0.5626372026375224,0.5410853624343872,0.8206527641896434,0.7323769927024841
64,0.53879515652564,0.5125964283943176,0.53464906687106,0.5084332227706909,0.4752155470910749,0.4576279819011688,0.6784581503210596,0.6245891451835632,0.6826042389271957,0.6287523508071899,4.146093111504826,4.163192272186279,0.04770522583931311,0.10643373429775238,0.5586279576190126,0.5360570549964905,0.8193134486410139,0.73039311170578
65,0.5356335771310392,0.5137269496917725,0.5314807902450654,0.5095561742782593,0.472316630977009,0.46085962653160095,0.6755697350727611,0.6234005689620972,0.6797225188736582,0.6275713443756104,4.152784629433057,4.170775413513184,0.04478422127245314,0.11896327137947083,0.5543711345734694,0.5333942770957947,0.8177945647122067,0.7302213311195374
66,0.5333924040204352,0.5092704892158508,0.5292285037243168,0.5050928592681885,0.4704891883358028,0.45549261569976807,0.6732930619852581,0.6212617754936218,0.6774569622813763,0.6254394054412842,4.163899831428636,4.177652835845947,0.04390176322674202,0.10680583119392395,0.550892010132311,0.5291503667831421,0.8166738090802435,0.7305216789245605
67,0.5305450586861943,0.5067959427833557,0.5263695585983175,0.5026019811630249,0.46793280878724525,0.4527609348297119,0.670833124836784,0.6198665499687195,0.6750086280097375,0.6240605115890503,4.175494547464854,4.1939377784729,0.04114246316739195,0.10126292705535889,0.5467213432026257,0.5262173414230347,0.8159346224516449,0.7308024764060974
68,0.5279139697527625,0.5039247870445251,0.523724112899208,0.4997103810310364,0.4655644225172798,0.45066753029823303,0.6683006500166242,0.6166204810142517,0.6724905114977937,0.6208348870277405,4.189854021068531,4.214396953582764,0.039119262355984195,0.10159417241811752,0.5431402363229559,0.5213448405265808,0.8144337820033047,0.7290636897087097
69,0.5255839210312423,0.500758707523346,0.5213823883677127,0.4965399503707886,0.463748235561276,0.44632935523986816,0.6658987469919962,0.6154026389122009,0.670100275027911,0.6196213960647583,4.201531560229137,4.218745708465576,0.03853509300815833,0.09069225937128067,0.5393123575612403,0.5195638537406921,0.8133972729211677,0.7287319302558899
70,0.5231819028464879,0.5011178851127625,0.5189771577746002,0.4968982934951782,0.4615890900109203,0.4491160809993744,0.6637088484818088,0.6140364408493042,0.6679135889260817,0.6182560324668884,4.204748306976269,4.2196197509765625,0.03644065432976577,0.10221465677022934,0.535955166990247,0.5145763754844666,0.8123714490260762,0.7305572628974915
71,0.5216421237538519,0.4976661503314972,0.5174327736145757,0.4934430718421936,0.4610749742086243,0.4443836212158203,0.6613653078524632,0.6123876571655273,0.6655746569432954,0.6166107654571533,4.2093496700553725,4.223092555999756,0.03977464849496124,0.09099586308002472,0.5322137594439942,0.5129870772361755,0.8112365201904954,0.7291678786277771
72,0.5181286068783084,0.495956689119339,0.5139131563615086,0.4917173981666565,0.4575834332137179,0.44365715980529785,0.6584568525729659,0.6103611588478088,0.6626723004987835,0.614600419998169,4.215454789534591,4.239289283752441,0.03505657062241774,0.0930040031671524,0.5279685461323511,0.5086315870285034,0.8097251649573898,0.7293359637260437
73,0.5156263962864056,0.4925329089164734,0.5114041437179128,0.4882897138595581,0.45542388221680563,0.4398065507411957,0.6560040130771416,0.6080693006515503,0.6602262671881729,0.6123124957084656,4.222254079409182,4.243184566497803,0.033513937321718625,0.08587448298931122,0.5243701873835985,0.5052564144134521,0.8083875095897294,0.7282887101173401
74,0.5128215127178305,0.49163031578063965,0.508584717748814,0.4873664975166321,0.4529614701379035,0.4397064745426178,0.6532968214972512,0.6066629886627197,0.657533622636421,0.6109268069267273,4.23680227852716,4.263823509216309,0.03156642642006236,0.08852199465036392,0.5203800955090598,0.5024141073226929,0.8069379102639037,0.728183388710022
75,0.5103554849773103,0.4894897937774658,0.5061007551803697,0.4852107763290405,0.4509304146678931,0.4370969831943512,0.6507407033486835,0.6056253910064697,0.6549954316030858,0.609904408454895,4.254725775543225,4.279023170471191,0.030639809721631172,0.08260628581047058,0.5166367656587831,0.5004205703735352,0.8055146608186838,0.7282640933990479
76,0.508381034264524,0.48769718408584595,0.5041161967924236,0.4834080934524536,0.44957702138430666,0.4353671967983246,0.6484017815611115,0.6037327647209167,0.6526666174906736,0.6080218553543091,4.264834335155927,4.289101600646973,0.03135945620388094,0.08121887594461441,0.513164042884215,0.49849745631217957,0.8042075771385004,0.726385235786438
77,0.5056669896207162,0.48641395568847656,0.5013951573880925,0.4821217656135559,0.44739490309997554,0.43483713269233704,0.6455564473835119,0.6022904515266418,0.6498282734459824,0.6065826416015625,4.271830573623787,4.292177677154541,0.030572333056411907,0.08260788768529892,0.5089848667708573,0.4951454699039459,0.8026274933874776,0.7267580628395081
78,0.5034957390490978,0.48524123430252075,0.49922260132290985,0.4809398949146271,0.44586491234091385,0.4329597055912018,0.643082563423021,0.6023582816123962,0.6473557026917472,0.6066596508026123,4.273139762916982,4.301339149475098,0.031027745696525076,0.07663866877555847,0.505234725215972,0.4946999251842499,0.8013322629573805,0.7275406122207642
79,0.5010459213135361,0.4838724434375763,0.49675849895943913,0.47955840826034546,0.4438914149168094,0.4328426420688629,0.6406157178238631,0.5996904969215393,0.6449031417204983,0.6040045619010925,4.287420755256008,4.314037799835205,0.03009202813498414,0.08188687264919281,0.5013270964397866,0.49094358086586,0.8002551136545165,0.7256975173950195
80,0.49888635064926024,0.4806138575077057,0.49459118897067456,0.4762967824935913,0.4422977345822747,0.4286222457885742,0.6382821815678141,0.5984963178634644,0.6425773417038615,0.6028134226799011,4.295158069624478,4.317075252532959,0.030054608687571652,0.07130087912082672,0.49764332689835966,0.4883342385292053,0.7991952750059067,0.726231575012207
81,0.4963462518334533,0.4800860583782196,0.4920396801917311,0.4757574796676636,0.4404089435772331,0.42788782715797424,0.6354778463475096,0.598392128944397,0.6397844179892318,0.6027207374572754,4.306566573134136,4.32858943939209,0.0300915915409033,0.06924077123403549,0.493403932342537,0.4879125654697418,0.7977313038746549,0.7265101671218872
82,0.49445947046661687,0.4803811013698578,0.49014799372175183,0.4760405421257019,0.43884726511627087,0.4290107786655426,0.6334765565043464,0.5975363850593567,0.6377880301641348,0.601876974105835,4.311478335414876,4.340561389923096,0.029454630034724517,0.07452592253684998,0.4906545968321813,0.48691704869270325,0.796432569472355,0.7255893349647522
83,0.49233277242674406,0.4784834086894989,0.4880127488385797,0.4741436839103699,0.43730280387753473,0.4276439845561981,0.631013009478773,0.5953013896942139,0.6353330330669373,0.5996410846710205,4.3200275152740915,4.33971643447876,0.029843368769005344,0.07498512417078018,0.4871227510101729,0.4838130474090576,0.794942278009747,0.7241337299346924
84,0.4898141428520937,0.4746604859828949,0.48548976911304936,0.4703153967857361,0.4350505137776152,0.4230690896511078,0.6285427408424699,0.5930832028388977,0.6328671114964375,0.5974282622337341,4.324374372449135,4.345086097717285,0.028049604524359305,0.06545303016901016,0.48374626665909765,0.4804927706718445,0.7933556845300939,0.7232613563537598
85,0.4884728070362059,0.47650882601737976,0.4841423936570843,0.4721620976924896,0.4340138362334221,0.4260638654232025,0.6269588919000205,0.5931097865104675,0.6312893114492953,0.5974565148353577,4.330415871670696,4.346741199493408,0.028163907049977725,0.07469146698713303,0.48173158363056146,0.4808688163757324,0.7921460247502556,0.7226312756538391
86,0.48656872998255735,0.47271353006362915,0.4822319311937532,0.4683586359024048,0.43254927179131775,0.42146575450897217,0.6247666615057319,0.5911843180656433,0.6291034572094595,0.5955392122268677,4.336796546917524,4.354889869689941,0.028229909883100302,0.06447147578001022,0.4788028388142923,0.4774329960346222,0.7906150692298833,0.7224928140640259
87,0.4850351583895007,0.4720233082771301,0.48069653967060255,0.46766942739486694,0.4312847627713234,0.4215001165866852,0.6229963111482166,0.5894200205802917,0.6273349236969614,0.5937739014625549,4.3386173518235225,4.353882312774658,0.028029449821102972,0.06828947365283966,0.4767159180895693,0.47574126720428467,0.7891089219194745,0.7204696536064148
88,0.4833051020131148,0.4705768823623657,0.4789719923613672,0.46622592210769653,0.42970772955854364,0.4193855822086334,0.6211605043098891,0.5891384482383728,0.6254936103824658,0.593489408493042,4.333110393997729,4.350947856903076,0.0269966662981541,0.06231936067342758,0.4746735026322537,0.4750540852546692,0.7874529947407372,0.7207834124565125
89,0.4814889206247102,0.4673527777194977,0.4771523667018133,0.46298694610595703,0.42821447613313524,0.4157319962978363,0.6191948740481367,0.5864460468292236,0.6235314382747075,0.5908119082450867,4.336553766232871,4.365843772888184,0.026497076756218835,0.05664374306797981,0.47204516416515746,0.4724627733230591,0.7861011955499938,0.7180894017219543
90,0.480056666214361,0.4696597158908844,0.4757114962147066,0.465298056602478,0.42724313864426433,0.41957131028175354,0.6174054362009375,0.5866872668266296,0.6217506046580535,0.5910488963127136,4.34517131948876,4.361653804779053,0.027246574777469574,0.06805165857076645,0.46958661378273536,0.47244518995285034,0.7848962192057214,0.7182170748710632
91,0.4792573904634438,0.4692564308643341,0.4749087736378109,0.46489155292510986,0.42688800385496756,0.4193110764026642,0.6160259537739258,0.5862665176391602,0.6203745736846353,0.590631365776062,4.348618284874101,4.364870548248291,0.02904610710238885,0.06812907010316849,0.4680708368876373,0.47162240743637085,0.7835470715901459,0.7181817889213562
92,0.4780409373207416,0.4641187787055969,0.4736838244712165,0.4597390294075012,0.4258487115155045,0.41315963864326477,0.6146513005523512,0.5829744338989258,0.6190084144503204,0.5873541831970215,4.357112151815782,4.379754543304443,0.028712177633323316,0.05596315860748291,0.46645601263086756,0.46745821833610535,0.7823779250126448,0.716057538986206
93,0.47576492419861804,0.46463701128959656,0.47140174696814713,0.4602568745613098,0.4237070224856829,0.41458120942115784,0.6125634800698465,0.5823227167129517,0.6169266511301641,0.586702823638916,4.363173206759714,4.380124568939209,0.026457211799585188,0.06174568831920624,0.4635556856847417,0.46654176712036133,0.7811081636255683,0.7154561877250671
94,0.47407195865023344,0.4632417559623718,0.469705586437267,0.45885640382766724,0.42199733894313823,0.41244885325431824,0.6110098047676812,0.5817183256149292,0.6153761831508009,0.5861036777496338,4.36637113106863,4.385340690612793,0.024419372002761758,0.0563993901014328,0.4617495563075555,0.46646180748939514,0.7798230824950635,0.7144853472709656
95,0.4726755447441684,0.4620048701763153,0.46830799605650697,0.4576127529144287,0.42081079090649043,0.4121073782444,0.6094456028706913,0.5798884630203247,0.6138131561859677,0.5842806100845337,4.3675488955185,4.392129421234131,0.02402718544000322,0.05918867886066437,0.45990498636928684,0.4631747305393219,0.7785002022101914,0.7139587998390198
96,0.47110316186263596,0.46130508184432983,0.46672913729782967,0.45691627264022827,0.4196850738687357,0.4115029275417328,0.6076807496618077,0.5790450572967529,0.6120547700930934,0.5834338665008545,4.374024648392581,4.388801574707031,0.02424594927225164,0.05908679962158203,0.4571857811153248,0.46236148476600647,0.7776235006523672,0.7130604982376099
97,0.4692749038332636,0.4597393572330475,0.46490185180271487,0.4553470015525818,0.41818585233846467,0.41047897934913635,0.6056443605883807,0.57687908411026,0.6100174110763911,0.5812714099884033,4.373049500593038,4.3923516273498535,0.023876601243387866,0.060465019196271896,0.4546111541217607,0.45981213450431824,0.7760698156370309,0.7111597657203674
98,0.46885002310151663,0.4583192467689514,0.46447485073153616,0.45392122864723206,0.41838332550322244,0.4090159833431244,0.6045713712462423,0.5762052536010742,0.6089465328184545,0.580603301525116,4.3751704308170085,4.3980183601379395,0.02674640893779493,0.057342030107975006,0.45302240040154773,0.4577052593231201,0.7753811766876656,0.7120006084442139
99,0.4668233004649834,0.4567433297634125,0.4624344429601507,0.45233625173568726,0.41633563984322536,0.4081644117832184,0.6028899612380482,0.5738670825958252,0.6072788156578043,0.5782741904258728,4.388857432526227,4.407088279724121,0.02392826798144883,0.05961737409234047,0.4506259415610522,0.45475009083747864,0.7744527102673627,0.7101258039474487
100,0.4655556680459124,0.45780134201049805,0.4611615055107752,0.4533907175064087,0.4156418500691833,0.4081093966960907,0.601186437255884,0.5758326649665833,0.6055806028760978,0.5802432894706726,4.394164800740329,4.410612106323242,0.025358421108137488,0.055312205106019974,0.4480983647097955,0.45811736583709717,0.7734687541883771,0.7108985781669617
101,0.4640276226927961,0.45399007201194763,0.4596292758658016,0.4495735764503479,0.4143664770843623,0.40559372305870056,0.5996246074695024,0.5718653202056885,0.6040229532480529,0.5762817859649658,4.39834258646026,4.416487693786621,0.024685546712105544,0.05585005134344101,0.4458400072764155,0.45062100887298584,0.7725738609941006,0.710310161113739
102,0.46214913424093906,0.45276543498039246,0.45774561657242285,0.44834572076797485,0.4126661179208389,0.4044966697692871,0.5979040665902254,0.5705806612968445,0.6023075873438183,0.5750004053115845,4.403516475748447,4.419717788696289,0.0230276592006531,0.05514761060476303,0.44324433937325347,0.44906723499298096,0.7717263506724678,0.7092752456665039
103,0.46025057573864153,0.45193639397621155,0.4558415794199023,0.4475085735321045,0.41119627406902753,0.4043806493282318,0.5958379637698533,0.5691370964050293,0.6002469657646515,0.5735649466514587,4.40899732553472,4.42783260345459,0.02281203752724786,0.05782407149672508,0.44023062202595914,0.4467417597770691,0.7705461665343236,0.7085761427879333
104,0.458733574031964,0.45406290888786316,0.45432044490358386,0.4496324062347412,0.4100747912387061,0.40838441252708435,0.5941151012498939,0.5689977407455444,0.5985282272931973,0.5734282732009888,4.4131260737686375,4.430512428283691,0.02295550772919498,0.0705425888299942,0.43774338411841374,0.4457035958766937,0.7695254696509735,0.7089069485664368
105,0.45793983223367885,0.4497513175010681,0.4535272201207597,0.4453238844871521,0.40974321997556135,0.40191158652305603,0.5929423120404562,0.5677066445350647,0.5973549195257604,0.5721340775489807,4.412612263509439,4.427444934844971,0.024393392013505648,0.053170278668403625,0.43598828393343825,0.4446024000644684,0.768847986917191,0.7079620361328125
106,0.4573504823304071,0.449054479598999,0.4529362526491399,0.44461846351623535,0.40957267542045417,0.40279722213745117,0.5919913530012301,0.5654727816581726,0.5964055795974207,0.5699087977409363,4.414229425784311,4.436009883880615,0.025864379892477467,0.0606175996363163,0.4345363784043643,0.44081348180770874,0.7683172634724803,0.7069606184959412
107,0.4558074276938016,0.44908350706100464,0.4513910435323912,0.4446554183959961,0.4082791203315857,0.40406903624534607,0.5904487943147967,0.5645301342010498,0.5948651826097278,0.5689582228660583,4.416386695897295,4.428094863891602,0.02509466236177794,0.06654734909534454,0.43224642216990555,0.4382401406764984,0.7674962957764366,0.7074196338653564
108,0.45422554317390296,0.449153870344162,0.4498094254498341,0.4447210431098938,0.40729486359018957,0.4038122594356537,0.588354159066709,0.5647280812263489,0.5927702721631628,0.5691608786582947,4.4161144824245895,4.4328131675720215,0.026445997155844274,0.0653342455625534,0.4294432034219656,0.4391171932220459,0.7659953860584849,0.706985354423523
109,0.45246019900399476,0.4466027319431305,0.4480476292867772,0.44217240810394287,0.4059547645405531,0.40090417861938477,0.5863394904030608,0.5632110834121704,0.5907520570352017,0.5676413774490356,4.412568457734956,4.430323600769043,0.026524848402980555,0.05950012803077698,0.42670407975631064,0.43654322624206543,0.7646353780572539,0.7066692113876343
110,0.45017898616596025,0.4446716010570526,0.44576307014082783,0.4402369260787964,0.40355163734305305,0.3985615670681,0.5844315637522172,0.561974048614502,0.5888474761981787,0.5664087533950806,4.415915496909469,4.434682846069336,0.02308007512954122,0.05483197793364525,0.4243729782041827,0.435073584318161,0.7632018580785705,0.7057791352272034
111,0.448578235848057,0.4440236985683441,0.44415707602416077,0.43958529829978943,0.4023174804759999,0.3988741934299469,0.5826846924427787,0.5602123737335205,0.5871058507241366,0.5646507740020752,4.421158525078971,4.438394069671631,0.022924385093426685,0.059507668018341064,0.4218188808049165,0.4327463209629059,0.7622091774028465,0.7043686509132385
112,0.44698890094037874,0.44347384572029114,0.44256764052611247,0.4390316903591156,0.4011813306851856,0.3984067738056183,0.580807611593292,0.5596903562545776,0.5852288730560022,0.5641325116157532,4.4212603258594925,4.442162036895752,0.0233467183178656,0.05915513634681702,0.4191955471636552,0.4319053888320923,0.7610017144385977,0.7041598558425903
113,0.44542551194903246,0.44288837909698486,0.4410020981392203,0.4384523034095764,0.39975351660395264,0.3977442681789398,0.5792920314441362,0.5595965385437012,0.5837154390837951,0.5640326142311096,4.423412461248044,4.436090469360352,0.022103566804420983,0.05729636177420616,0.41717140649524814,0.43106043338775635,0.759985572381681,0.7048760056495667
114,0.4443917103108731,0.44252800941467285,0.43996448358735524,0.4380742907524109,0.39908227253384404,0.39893460273742676,0.5779348781269859,0.5575543642044067,0.5823621033079655,0.5620080828666687,4.42722870240171,4.453716278076172,0.02287508122279511,0.06528612971305847,0.41538967561538626,0.4278087019920349,0.758982069859657,0.7037090063095093
115,0.44311905794186096,0.44135725498199463,0.4386882192925601,0.436908483505249,0.39845899212615865,0.397480845451355,0.5762361093807259,0.5570236444473267,0.5806669511151035,0.5614724159240723,4.430839069835387,4.448761940002441,0.02451404850000536,0.06189082935452461,0.41263260845708016,0.42682400345802307,0.7582303095914746,0.703727662563324
116,0.4409255023263892,0.4396190643310547,0.43648893708793246,0.4351625442504883,0.39646607557868263,0.3950571119785309,0.5742271440355969,0.5565207004547119,0.5786637164926509,0.5609772205352783,4.43656628227311,4.456516265869141,0.022554887869171994,0.05542689561843872,0.40962474034278923,0.42576923966407776,0.7572186090085268,0.7039752006530762
117,0.4393405622911511,0.43774035573005676,0.434904250498971,0.43327879905700684,0.3951776976702043,0.3939678966999054,0.5725622426340371,0.5537486672401428,0.5769985513411405,0.5582102537155151,4.436312000615559,4.461562633514404,0.022058489915093477,0.0578773058950901,0.4072508181558656,0.42247697710990906,0.756223793050031,0.7015494704246521
118,0.4371373400218661,0.43699905276298523,0.4326865833826601,0.4325334429740906,0.3935257436965961,0.39377763867378235,0.5702005948704165,0.5526526570320129,0.5746513571856815,0.55711829662323,4.450754225229956,4.46562385559082,0.021899311665070476,0.05959216505289078,0.40351665293548544,0.4204639196395874,0.7551612674683826,0.7012768387794495
119,0.4351592100539094,0.43605366349220276,0.4307065963793322,0.43158066272735596,0.39195004963604874,0.3932994604110718,0.5681714266116832,0.5517488121986389,0.5726240341161072,0.5562217831611633,4.452612419915113,4.472996711730957,0.02127751623823775,0.060009513050317764,0.4003964785472902,0.4180604815483093,0.7541761533287533,0.7018284201622009
120,0.43362430215267533,0.4345512390136719,0.42916606086446746,0.4300738275051117,0.39090799929832476,0.39259591698646545,0.5664212660561966,0.549975574016571,0.5708795165996343,0.5544529557228088,4.458242891290821,4.477406978607178,0.021724939105291864,0.06155598536133766,0.39760669535632276,0.4144655168056488,0.7533923741347193,0.7017662525177002
121,0.43084926307321897,0.432159423828125,0.4263855833251419,0.4276745915412903,0.3889527692999186,0.3911854028701782,0.5633485172376236,0.5470695495605469,0.567812193900624,0.5515543818473816,4.4636806762994565,4.484846591949463,0.022120335257962028,0.06329113990068436,0.392700584381638,0.4096842408180237,0.7520373953868636,0.7005808353424072
122,0.4286684783976231,0.431490421295166,0.4241967514199474,0.4270012378692627,0.3871680687204624,0.390715092420578,0.5611982820393632,0.5464096665382385,0.5656700136446539,0.5508988499641418,4.471728957716483,4.4891815185546875,0.021104536190616953,0.0632195845246315,0.38927965491009875,0.40839797258377075,0.7511200205883515,0.7005277276039124
123,0.42710265924561325,0.42852020263671875,0.4226333867838351,0.42402714490890503,0.3865096958552205,0.38838234543800354,0.5588845506497254,0.5437175035476685,0.563353820026427,0.5482105612754822,4.469275462979303,4.493068218231201,0.023928139931938448,0.06164289638400078,0.38583732726262543,0.40323659777641296,0.7497636329245577,0.7002675533294678
124,0.4246254563452115,0.42739060521125793,0.42014962413076734,0.4228956699371338,0.3842157057504928,0.38679739832878113,0.5566329913875905,0.5433518290519714,0.5611088318088207,0.547846794128418,4.4758338567654326,4.49493932723999,0.02154486590082762,0.05749313160777092,0.38254986337645547,0.4026365578174591,0.748552373604788,0.7002624869346619
125,0.42244046479403324,0.4250952899456024,0.4179610580242071,0.420596182346344,0.3822729682396936,0.38497304916381836,0.5544895739435812,0.5405270457267761,0.5589689776283308,0.5450261831283569,4.479407447964568,4.499111652374268,0.02002423869433116,0.05777323246002197,0.3795890133003932,0.39948877692222595,0.7472056506907366,0.6976571083068848
126,0.42099629776997455,0.4241078495979309,0.4165100594233078,0.4196019768714905,0.3814500722140857,0.38420340418815613,0.5525379929762353,0.5398622155189514,0.5570242287319197,0.5443680882453918,4.486239247027072,4.505858421325684,0.021575480859969194,0.056783031672239304,0.37681269313081095,0.3974861800670624,0.7459620333036044,0.6983409523963928
127,0.4193456320448342,0.4243718981742859,0.4148541786291799,0.41986382007598877,0.37989909881240097,0.3848915100097656,0.5509830379457161,0.5393400192260742,0.5554744836486789,0.5438480973243713,4.491449230747863,4.508081912994385,0.020032863770986297,0.06001711264252663,0.37474134169124274,0.3973158001899719,0.7449230902888155,0.6973416805267334
128,0.41762701821770687,0.4200771450996399,0.4131334222524792,0.4155592918395996,0.3785443346942912,0.38113558292388916,0.5491000691551551,0.5354192852973938,0.5535936599986735,0.5399371385574341,4.493594918133419,4.517855167388916,0.019789152903338457,0.05660780891776085,0.37211216909654987,0.3909901976585388,0.7437316747363454,0.6958087682723999
129,0.4157915573297509,0.4197075068950653,0.41128851802928507,0.41518139839172363,0.3769798535617122,0.3808867037296295,0.5471867980910755,0.5350652933120728,0.5516898512743862,0.5395914316177368,4.503041458091319,4.526113033294678,0.018958413971944275,0.056580133736133575,0.36951238120609675,0.3902067542076111,0.7424687822724083,0.6958733201026917
130,0.41428937594561843,0.41929930448532104,0.40978256057160034,0.41477084159851074,0.37597912592151317,0.38019073009490967,0.5453202561646688,0.5349708795547485,0.5498270653685335,0.5394993424415588,4.506813888842887,4.528449058532715,0.019778835542388545,0.054618656635284424,0.36689611258315885,0.3903050720691681,0.7412624246332745,0.6956484913825989
131,0.41297289908679446,0.4175540506839752,0.40846295836142477,0.4130229651927948,0.37475795573278137,0.37906643748283386,0.5440532545112089,0.532864511013031,0.5485631916574076,0.5373955965042114,4.509942254507248,4.531099796295166,0.018654059453009113,0.05556008592247963,0.3652309712325326,0.38709592819213867,0.740388833338849,0.6945432424545288
132,0.41168474957039614,0.4159742295742035,0.4071669004920808,0.4114287495613098,0.3739649934104421,0.3779406249523163,0.5423171471546788,0.5310183167457581,0.5468350044397801,0.5355637669563293,4.51785036373177,4.545467853546143,0.01984494487015742,0.05594942346215248,0.36291445781477927,0.3843858242034912,0.7391355770394911,0.6934865713119507
133,0.4101308342468579,0.41516798734664917,0.40560541534250294,0.4106268286705017,0.37263851709516244,0.375841349363327,0.5406948179066832,0.5315922498703003,0.5452202383535766,0.5361334085464478,4.525419725756678,4.5411553382873535,0.019140771303583482,0.04822723567485809,0.36072413174430223,0.38596171140670776,0.7380506377252932,0.6933350563049316
134,0.40892951075383827,0.41253140568733215,0.40440573997937185,0.4079902172088623,0.3717590380163266,0.37468966841697693,0.5392866037752867,0.5275678634643555,0.5438103822624447,0.5321090817451477,4.52377369603405,4.541196346282959,0.019373478574299444,0.053118251264095306,0.3587996900515473,0.3804066777229309,0.7371039643154614,0.6905440092086792
135,0.40738784575144193,0.41298431158065796,0.40286237396694513,0.40844088792800903,0.37067589771154674,0.37639689445495605,0.5374069298947817,0.5268938541412354,0.5419323924240486,0.5314372777938843,4.525469882932694,4.543421268463135,0.019965804519799863,0.05983433872461319,0.3562531725289221,0.37833547592163086,0.7358087257388339,0.6910209059715271
136,0.40615830723206814,0.4107430577278137,0.4016343758166969,0.406200647354126,0.36984776075533227,0.37344393134117126,0.5358539460836226,0.5255005359649658,0.5403778667012256,0.5300429463386536,4.5239287589274095,4.54239559173584,0.020662322705946756,0.05360082909464836,0.3541880825898255,0.3773057758808136,0.7346928707752158,0.6894252300262451
137,0.4040214590128742,0.40941864252090454,0.39949244272839046,0.40486961603164673,0.3677946017596387,0.3730236291885376,0.5339614320297835,0.5234895944595337,0.5384904498568055,0.5280386209487915,4.5290176661160135,4.549016952514648,0.018271278168929282,0.056526292115449905,0.35152211825085034,0.3740047514438629,0.7335903999586603,0.6885398626327515
138,0.40281795431041445,0.40872493386268616,0.3982862424161142,0.404173344373703,0.3668153977109698,0.37286409735679626,0.5325806386500681,0.5224691033363342,0.5371123541235393,0.5270206928253174,4.5317110211271725,4.551578521728516,0.01813676275291811,0.05817751958966255,0.34983027835775377,0.37206706404685974,0.7324791421689729,0.6883476972579956
139,0.40217346920689445,0.4079706072807312,0.39763750508879536,0.40341752767562866,0.3664860631283892,0.3713410794734955,0.5316106020753508,0.5224167108535767,0.5361465682300826,0.5269697904586792,4.535963022414847,4.55307674407959,0.01915515501020507,0.0535612478852272,0.34857776374215305,0.3728332221508026,0.7317252766734138,0.6876288056373596
140,0.40136808784828465,0.40751519799232483,0.396831693783782,0.4029559791088104,0.3660021764736546,0.37223008275032043,0.5304803338023848,0.5201737880706787,0.5350167201541958,0.5247330069541931,4.536392901043057,4.55922794342041,0.02003091903538223,0.061038244515657425,0.3471640672005963,0.3702636659145355,0.730811542699176,0.6853883266448975
141,0.39941662200491196,0.4034579396247864,0.39487413542019034,0.3988962173461914,0.3644906538751412,0.3674605190753937,0.5283113250812441,0.5178449153900146,0.5328538147510423,0.5224066376686096,4.542485139941668,4.5617170333862305,0.01990237229590685,0.05113466456532478,0.3441138569637681,0.3664761185646057,0.7294557470808711,0.6847707629203796
142,0.39787607678892734,0.40496698021888733,0.3933291220491442,0.4003998637199402,0.36314887877326235,0.3698735535144806,0.5267452338278849,0.5177042484283447,0.5312921962803595,0.5222713351249695,4.546955887238795,4.567101955413818,0.019032437752765103,0.05891924351453781,0.3419918053264903,0.36702775955200195,0.7284224116749191,0.6836736798286438
143,0.39662023672583224,0.40270572900772095,0.39206974717513104,0.3981315493583679,0.36217970269390604,0.36694058775901794,0.5252896098535262,0.5166165232658386,0.5298400916915358,0.5211907029151917,4.550486504284419,4.5741705894470215,0.01908644262115289,0.05210515111684799,0.34008326034675085,0.3654775321483612,0.7273694034100928,0.6832391023635864
144,0.3960498239509114,0.4013424217700958,0.391497538945861,0.39677560329437256,0.36171397935558414,0.3660283088684082,0.5245218954730313,0.5150790810585022,0.5290741743079285,0.5196459293365479,4.552284298567844,4.566824436187744,0.01925595209538768,0.052507735788822174,0.33940272384503567,0.3630044460296631,0.7264832570106454,0.6825727820396423
145,0.3942033373967289,0.4016401469707489,0.3896509716253362,0.39706850051879883,0.36011554983478783,0.36726176738739014,0.5226520651079989,0.5143976211547852,0.5272044308793916,0.5189692378044128,4.552363542039241,4.571631908416748,0.01822838552290136,0.05776899307966232,0.3368490466307977,0.36154904961586,0.7252692023222137,0.6824672222137451
146,0.3929628316709208,0.4002443253993988,0.388405046142936,0.3956710696220398,0.3590456740098399,0.3659141957759857,0.5213710019162344,0.5131232738494873,0.5259287828166043,0.5176965594291687,4.557783708175184,4.57326078414917,0.017602713121831103,0.05626741051673889,0.3351210200299727,0.3598751127719879,0.7244132788519699,0.681600034236908
147,0.39208338845610086,0.39947736263275146,0.38752485032608,0.39489662647247314,0.3584151326453112,0.36451292037963867,0.5202700967881249,0.5131824016571045,0.5248286344240515,0.5177631378173828,4.5585381397582045,4.580746650695801,0.017961570457545938,0.051794469356536865,0.33373691892990254,0.36007216572761536,0.723546904323075,0.6816721558570862
148,0.3909550434512452,0.3986779749393463,0.38639671619103305,0.3941030502319336,0.3575307478366764,0.36449429392814636,0.5189982451411138,0.5117124319076538,0.5235565651827286,0.5162873268127441,4.558326941388751,4.574913501739502,0.017892193750414682,0.054828401654958725,0.33204124604599994,0.3577052056789398,0.7226588114330849,0.6809492707252502
149,0.3894896505576032,0.39741024374961853,0.3849280001034488,0.3928264379501343,0.35629994764146755,0.3639838993549347,0.5175162574997133,0.5098410248756409,0.5220779079538678,0.5144248604774475,4.561651415348631,4.583812713623047,0.01718977074640823,0.057180993258953094,0.3298850686768024,0.35479506850242615,0.7218250054316245,0.679975688457489
150,0.38868716374804896,0.39630430936813354,0.3841207296174401,0.391715943813324,0.3559237937429777,0.36241891980171204,0.5163660526299737,0.5095068216323853,0.5209324883031209,0.5140951871871948,4.566437720481172,4.588357448577881,0.018441770623448983,0.05302714556455612,0.3281674292759523,0.35420820116996765,0.7211621718468378,0.6800214052200317
151,0.38719879880734315,0.3949072062969208,0.38262587800182124,0.39031171798706055,0.35465010871686675,0.3612687587738037,0.5148162189110348,0.5081151723861694,0.5193891443441717,0.512710690498352,4.572922715666417,4.595489025115967,0.017748961436045926,0.052384957671165466,0.32607833016174215,0.352041631937027,0.7201230266631204,0.6793797016143799
152,0.38604966794195994,0.3931461274623871,0.3814755646362027,0.3885570168495178,0.3537573270647332,0.36026880145072937,0.5136733010043705,0.5060706734657288,0.5182474022734951,0.5106598138809204,4.574101181585587,4.589119911193848,0.01738234562064972,0.05358186364173889,0.3241609848321713,0.34836649894714355,0.7197286487107715,0.6788579821586609
153,0.3845330216337012,0.392306923866272,0.3799623065495173,0.3877161145210266,0.35245367264005273,0.3595924377441406,0.5121453359837577,0.5054528117179871,0.5167160479828649,0.5100436210632324,4.570714792258529,4.590824127197266,0.01655052807837351,0.05278267711400986,0.3220452158691138,0.3468059003353119,0.7187652819030351,0.6791886687278748
154,0.3840986233802638,0.39335760474205017,0.3795239959127547,0.38876089453697205,0.35238249148620654,0.3606354296207428,0.5114044081909281,0.5066365599632263,0.5159790372009756,0.5112332701683044,4.574628143140868,4.596703052520752,0.017888104453459956,0.05352949723601341,0.32084280512760005,0.3477097749710083,0.718416537319751,0.680666983127594
155,0.3828613635045625,0.39107072353363037,0.3782766930159412,0.3864591121673584,0.35129100931495777,0.35901007056236267,0.5101524110848827,0.5036661624908447,0.5147370800309657,0.5082777738571167,4.584670188694023,4.611621856689453,0.017134237893639766,0.0547332763671875,0.3191410089992484,0.3441169857978821,0.7175977730432889,0.6781798601150513
156,0.3813575484759404,0.3885428309440613,0.3767598807522511,0.38392725586891174,0.35010038924226866,0.3568696677684784,0.5085398726047796,0.5015420913696289,0.5131375387859306,0.506157636642456,4.597664791998765,4.615573406219482,0.016831114543982232,0.052558716386556625,0.3167631648182628,0.3400021195411682,0.7167068779637251,0.6780481338500977
157,0.37999834619790884,0.38774022459983826,0.3754011293654012,0.3831217288970947,0.3490583061376565,0.35656654834747314,0.5071176046357192,0.5001615881919861,0.5117148230107651,0.5047800540924072,4.597216555814824,4.618488788604736,0.016588716589598294,0.054521702229976654,0.31453761724725793,0.3383200168609619,0.7160485676315407,0.6768579483032227
158,0.3795095681662122,0.38669130206108093,0.3749118313054734,0.38207781314849854,0.34888923293513613,0.3548103868961334,0.5063274887665726,0.5003061294555664,0.5109252240847731,0.5049196481704712,4.5977370763085315,4.613490581512451,0.017726051612477336,0.048767656087875366,0.3134205628998406,0.3381262421607971,0.7155210947007049,0.6775372624397278
159,0.3782137479441782,0.3845457136631012,0.37361559342913814,0.3799213767051697,0.3476984938098215,0.35353410243988037,0.5051049410549677,0.49795860052108765,0.5097030919908369,0.5025829672813416,4.598151982095721,4.624349594116211,0.01660218319128423,0.04974464699625969,0.31173578594023044,0.3335757553577423,0.7147575194566683,0.67728191614151
160,0.3771626047768961,0.38227492570877075,0.37255807639710875,0.3776555061340332,0.34682173991415405,0.35142502188682556,0.5040866589671534,0.49605122208595276,0.5086911837677699,0.5006706714630127,4.604526951107668,4.619420051574707,0.01602313722857774,0.047211356461048126,0.31010408334967293,0.33047062158584595,0.7143380021788647,0.6765931248664856
161,0.3762594857921593,0.3804575502872467,0.371658460685612,0.37584054470062256,0.3461880939381835,0.3504200875759125,0.5030084409021531,0.4939247965812683,0.5076094716847593,0.49854180216789246,4.601023166130489,4.6170172691345215,0.01632460010615718,0.04856526479125023,0.3086081642854855,0.3265949785709381,0.7136315089027938,0.676099956035614
162,0.3748080054613631,0.37900879979133606,0.37020741870082247,0.37438714504241943,0.3449031314987718,0.3491695821285248,0.5015900917998991,0.492372065782547,0.5061906816455164,0.4969937205314636,4.60058490014298,4.621644973754883,0.01532020699722392,0.0479503870010376,0.30663304312287964,0.32464784383773804,0.7127561488230605,0.6749104261398315
163,0.3736640531501932,0.3770390748977661,0.36906158046784115,0.37241536378860474,0.3438816006806424,0.34765875339508057,0.5004376903073874,0.4903973639011383,0.5050401681114487,0.4950210750102997,4.602471595537407,4.62371301651001,0.014573956361086418,0.047415606677532196,0.30512762916893116,0.32132017612457275,0.711943214979916,0.6742404699325562
164,0.3728344138339614,0.37483304738998413,0.36823412765147373,0.370216429233551,0.34329870342003205,0.34562501311302185,0.49944211196137783,0.48855435848236084,0.5040423950587889,0.49317097663879395,4.60028319507295,4.616631507873535,0.014859110879189468,0.044980574399232864,0.3037560229907863,0.3182598948478699,0.7112809625223393,0.6736345887184143
165,0.37208876832024174,0.37292060256004333,0.36748336195897535,0.3682926297187805,0.34282175847696383,0.3437357246875763,0.49850516325541466,0.48666781187057495,0.5031105665316044,0.49129578471183777,4.605406296865399,4.627971172332764,0.015349745297381933,0.04308527708053589,0.3023937306469672,0.31619498133659363,0.7107218034200904,0.6719269156455994
166,0.37090363027207823,0.3728875517845154,0.3662933460913156,0.36826199293136597,0.3418065282168583,0.3448328971862793,0.4971717109672463,0.4857127368450165,0.5017819966905472,0.4903382956981659,4.610288994446295,4.62556791305542,0.015003886199610898,0.04849943146109581,0.30083924449989297,0.31381168961524963,0.7095764544489314,0.6721875667572021
167,0.3702131113420842,0.37215834856033325,0.3656054912816644,0.3675285577774048,0.34144970292607346,0.34404492378234863,0.4961665188355143,0.4852043092250824,0.5007741358108575,0.48983410000801086,4.607617087659207,4.62977933883667,0.016010898949101633,0.04712354391813278,0.29950919556945527,0.31300225853919983,0.708829022229947,0.6720089912414551
168,0.369387000341238,0.36990973353385925,0.36478111520258943,0.3652837872505188,0.3406101252282625,0.34211716055870056,0.49535260905970746,0.4832301139831543,0.49995848802820275,0.48785606026649475,4.605885350072716,4.625956058502197,0.015117320958547538,0.04529327154159546,0.2987186306107637,0.3095383942127228,0.7079944381143128,0.6715198159217834
169,0.36826271063347266,0.36977121233940125,0.36365863134925586,0.3651544451713562,0.3397038489688614,0.3418065309524536,0.4941154329872208,0.4831969439983368,0.49871951486241994,0.48781371116638184,4.604083296069721,4.616771697998047,0.01490705808209616,0.0443989634513855,0.29707932544535487,0.3098422586917877,0.7071251638061934,0.67117840051651
170,0.36765784771154153,0.3689960837364197,0.3630606713586137,0.36437270045280457,0.33925376700525867,0.3414088487625122,0.49333986699026794,0.48196062445640564,0.4979370464282724,0.48658400774002075,4.59717840440737,4.623371601104736,0.015141598248362444,0.045765578746795654,0.29623219872166934,0.30840641260147095,0.7063874882384924,0.67005455493927
171,0.36670562032018167,0.367778480052948,0.36210743232723963,0.3631631135940552,0.33839711452899457,0.34032702445983887,0.4922253470574127,0.4808458685874939,0.4968235304227398,0.4854612350463867,4.5981866583571565,4.615355491638184,0.014827350950643595,0.04475284740328789,0.2951637853676618,0.3067202866077423,0.705200192926386,0.6695079207420349
172,0.36590098582729363,0.3675001561641693,0.36130540676074524,0.362881600856781,0.3377202410857975,0.3398653566837311,0.49134244689370665,0.48079007863998413,0.4959380259602551,0.48540863394737244,4.595575469927512,4.618566036224365,0.01458387931201003,0.04343758895993233,0.29407786472191755,0.30673280358314514,0.7044989747216333,0.6694256663322449
173,0.3651063791832074,0.36659467220306396,0.3605032506448944,0.3619718551635742,0.33710684020221354,0.3388194739818573,0.49033307108472246,0.4801025986671448,0.4949361965379588,0.4847254157066345,4.603126792930853,4.622827529907227,0.014803377720890767,0.04163767397403717,0.2929370801457499,0.3059904873371124,0.7035800741840074,0.6688302159309387
174,0.36390144757254617,0.3663475811481476,0.3592953945623445,0.3617212474346161,0.3359015483606503,0.33894243836402893,0.4892112355795265,0.47968074679374695,0.4938172916748048,0.48430708050727844,4.606051895042879,4.62632417678833,0.013422554307999492,0.04290682449936867,0.29163121396214,0.3048185408115387,0.7026508767210516,0.6691020131111145
175,0.3628698127427855,0.36520543694496155,0.3582674447843241,0.36058348417282104,0.3349698838607242,0.33762839436531067,0.4881177142087718,0.4785383939743042,0.4927200867948482,0.4831603467464447,4.602365651691774,4.621964931488037,0.012831329716406416,0.041231535375118256,0.2903883742673938,0.30420538783073425,0.7016899333374249,0.6674482822418213
176,0.36222269840680105,0.3653171956539154,0.35762060934649853,0.36068952083587646,0.33451916421419015,0.3380979597568512,0.48719717388060524,0.47811049222946167,0.4917992598558311,0.4827381670475006,4.602088489177687,4.627665996551514,0.013368886136636289,0.043588802218437195,0.28945118734771985,0.30380117893218994,0.7007374372310693,0.6669038534164429
177,0.361743105347225,0.3643457591533661,0.35713006319230356,0.35971176624298096,0.3341576780715646,0.3367806375026703,0.48654395145440554,0.4779232144355774,0.49115699360932696,0.4825572073459625,4.613042346485414,4.633980751037598,0.013621031708888834,0.03989442065358162,0.288751255619926,0.30299320816993713,0.7001007375233191,0.667454183101654
178,0.36080370417404795,0.36396586894989014,0.35619018183176787,0.3593294024467468,0.333365473051183,0.3369036912918091,0.4854697740805858,0.47724953293800354,0.4900832990138482,0.48188599944114685,4.613521920685049,4.6364545822143555,0.013421938204034423,0.04169346019625664,0.2875172052723745,0.30142712593078613,0.699157276449539,0.6675904989242554
179,0.3601134351232107,0.3633791506290436,0.35549735781927605,0.3587457537651062,0.3328194637145294,0.33651137351989746,0.48457833836544295,0.47661682963371277,0.4891944141268393,0.48125022649765015,4.61607664777738,4.633389949798584,0.01360251312210005,0.04180671274662018,0.2866004494053123,0.3003309965133667,0.6982554164050419,0.6673963665962219
180,0.35922812494824785,0.36183708906173706,0.3546168078452626,0.35720813274383545,0.3321271149846064,0.3346865475177765,0.4835673748145352,0.47555217146873474,0.4881786950025971,0.48018112778663635,4.611319557163719,4.628956317901611,0.013580352565054464,0.038383014500141144,0.2853021404302607,0.2991427481174469,0.6974988514433204,0.666533887386322
181,0.35867224028126893,0.36134958267211914,0.35406049021911,0.35671812295913696,0.3316720058524652,0.3341995179653168,0.4828600191751859,0.4752694368362427,0.4874717712739774,0.47990089654922485,4.611751682306175,4.631473064422607,0.013655823928458797,0.03746633976697922,0.2846062708325199,0.2984257936477661,0.6967539394427252,0.6667064428329468
182,0.35762726473654033,0.36170056462287903,0.3530139342113106,0.357071191072464,0.3306929456213925,0.3345693051815033,0.4817012866715695,0.47557640075683594,0.4863146187393375,0.480205774307251,4.613332249787574,4.629382133483887,0.013054725447021126,0.03796800971031189,0.2834787165713705,0.29877811670303345,0.6955453999554441,0.6669617295265198
183,0.3570113088913018,0.3603116273880005,0.35240427169344757,0.3556893467903137,0.3302217036473621,0.3338586986064911,0.48102616145453664,0.47390520572662354,0.48563319865239085,0.4785274863243103,4.607039342464535,4.622272491455078,0.013012286829974937,0.03927800431847572,0.28252981751976447,0.2957216799259186,0.6951229910931508,0.6665763854980469
184,0.3560316082899068,0.361021488904953,0.3514249296117012,0.35639244318008423,0.32940515410644633,0.3346799612045288,0.47992036398537863,0.47418102622032166,0.48452704266358426,0.47881007194519043,4.606678951716934,4.629038333892822,0.012804193151802173,0.04124673083424568,0.28120348846869,0.29652559757232666,0.6942077693407033,0.6662675738334656
185,0.35541733743881243,0.3619443476200104,0.3508094482536601,0.35732072591781616,0.3289808779412612,0.3353111743927002,0.4790857918364675,0.4751598536968231,0.48369367793654316,0.47978347539901733,4.607886386891391,4.6236162185668945,0.01324293217585967,0.04114669933915138,0.28025475584250736,0.2982766628265381,0.6934449237895985,0.6665101647377014
186,0.3552458190238288,0.3598023056983948,0.35064052120664563,0.35517221689224243,0.32885893047747705,0.3339090049266815,0.47860986900580255,0.4726521372795105,0.4832151652804474,0.47728222608566284,4.605295609521615,4.630098819732666,0.0138656097124197,0.04207003861665726,0.2802701863534432,0.2943054735660553,0.6924409995520592,0.6653515100479126
187,0.355611750340105,0.36157897114753723,0.35100183391011874,0.3569539189338684,0.329562044714898,0.3355812132358551,0.47856380158091577,0.4742060601711273,0.48317371801090203,0.47883111238479614,4.609916616633408,4.625058174133301,0.016144543190234787,0.04399114474654198,0.28005219022850736,0.29664960503578186,0.6924894020184302,0.666102945804596
188,0.35541401914966,0.35978347063064575,0.3508043057321779,0.3551488518714905,0.3298800388088219,0.33355283737182617,0.4777415619174141,0.4733223021030426,0.4823512753348962,0.4779569208621979,4.609712331149437,4.634632110595703,0.018860975051433557,0.03955497592687607,0.2789917813830177,0.29453393816947937,0.6917873569167292,0.6665696501731873
189,0.35452993140016253,0.36024996638298035,0.34991279871079106,0.355612576007843,0.3287348198085674,0.333547443151474,0.47712776434840914,0.4739265441894531,0.4817448970377807,0.47856393456459045,4.6171364695544765,4.637379169464111,0.01659793388347032,0.03826727345585823,0.27855620252136465,0.2962329387664795,0.6910503371688358,0.6661421060562134
190,0.3531643439293679,0.3598477840423584,0.34853774545359506,0.35519665479660034,0.3272840824148407,0.33420756459236145,0.4758599416668773,0.47228777408599854,0.48048654014265013,0.4769389033317566,4.626596630511378,4.651122570037842,0.014762469141428113,0.04376298934221268,0.27729152053221007,0.2939305901527405,0.6897982747700356,0.6649291515350342
191,0.35251884424537,0.3587504029273987,0.34789099089057157,0.35410571098327637,0.32669759780060076,0.33261415362358093,0.47499732699078007,0.4722500741481781,0.4796251788030402,0.4768947660923004,4.6278567059629125,4.644704818725586,0.014756793529473115,0.03889697790145874,0.27669411539742206,0.29321345686912537,0.6886418888166854,0.6657319664955139
192,0.3514564858363121,0.35921353101730347,0.34683266567692217,0.3545726239681244,0.3257273142871903,0.3332468569278717,0.4738988789213461,0.47196683287620544,0.478522699080736,0.4766077399253845,4.623819666838193,4.640907287597656,0.014056103028360042,0.04145658016204834,0.2754184262163476,0.2939804792404175,0.6877074091963762,0.6643035411834717
193,0.35041653940034595,0.3580426275730133,0.3457963600893325,0.3534072935581207,0.32477053511832055,0.3323120176792145,0.47265635408518336,0.4708329141139984,0.4772765349387351,0.475468248128891,4.620177613160796,4.635329723358154,0.013700386353388423,0.04094043746590614,0.27436456233684803,0.2921026051044464,0.6862466485935139,0.6638929843902588
194,0.34950700975891263,0.3576423227787018,0.344887075699441,0.35299861431121826,0.32388138722852805,0.3316594362258911,0.4717516617957176,0.47062718868255615,0.47637159431265086,0.4752708971500397,4.6199345338021605,4.643707752227783,0.0128439353730754,0.03934791311621666,0.2733910493628004,0.29219943284988403,0.6854091807024902,0.6634309887886047
195,0.3484567983329802,0.3571857213973999,0.34383276132644547,0.35254448652267456,0.3228777291150022,0.3309338092803955,0.47056092316449727,0.4706260561943054,0.475184960171032,0.47526729106903076,4.624039290166316,4.641249656677246,0.012233758086524677,0.0370984748005867,0.27233085631601156,0.2920694053173065,0.6840685728441787,0.6636335849761963
196,0.34801207247216165,0.35637223720550537,0.34339297162440446,0.3517440855503082,0.322526935751603,0.33062267303466797,0.46992677947889683,0.4690167009830475,0.4745458772415774,0.47364485263824463,4.6190990478077545,4.6281609535217285,0.012479001392557271,0.03951794654130936,0.2718330791639597,0.29067733883857727,0.6832687299453051,0.6616727113723755
197,0.34702307813764344,0.35591864585876465,0.34240963369354854,0.35129058361053467,0.3215957548856446,0.3300774395465851,0.46876710074853184,0.4688347578048706,0.47338054568672105,0.4734628200531006,4.613445180753344,4.628058433532715,0.012028445087123196,0.03820855915546417,0.27088146332878843,0.2902085781097412,0.6818773523545487,0.6618151664733887
198,0.34636473958182806,0.3561599552631378,0.3417518951971908,0.35152775049209595,0.3210987570046704,0.3302055299282074,0.4678086997572825,0.4688500463962555,0.47242154105684314,0.47348225116729736,4.612843328769806,4.632193565368652,0.012501969717720164,0.038573890924453735,0.2700660376234475,0.29100075364112854,0.6807282532317118,0.6610419154167175
199,0.3461283133958353,0.3554953336715698,0.34151593051938167,0.35086506605148315,0.3208909421689203,0.3297170102596283,0.467400986079113,0.46808210015296936,0.47201336895556667,0.47271236777305603,4.612382210269902,4.630268096923828,0.012714642266868291,0.03867320716381073,0.26992768501155634,0.2899353802204132,0.6800305075217392,0.6605424284934998
200,0.34549690700473934,0.3552863597869873,0.3408840373971903,0.35065293312072754,0.32033346397549917,0.32960644364356995,0.46655453179367534,0.46773165464401245,0.47116739831614773,0.4723650813102722,4.612868470216251,4.633419036865234,0.012765013170306181,0.039067190140485764,0.2693020911820254,0.28956925868988037,0.6789332755991576,0.6601828932762146
201,0.34510681609176114,0.35481786727905273,0.3404901103601251,0.35018178820610046,0.31997824365968314,0.32904472947120667,0.4659859352130134,0.4671955704689026,0.4706026394021111,0.47183164954185486,4.616705867282977,4.636074542999268,0.012858607334766825,0.03845158964395523,0.26897773405727565,0.28943338990211487,0.6780983854824842,0.6592491865158081
202,0.34396370859749636,0.35478824377059937,0.33934302725051513,0.3501511812210083,0.3188922928862373,0.3292546272277832,0.4647983510847088,0.46702051162719727,0.46941903243169003,0.47165757417678833,4.620679994367946,4.6370673179626465,0.011986455948646016,0.039471086114645004,0.26769298775399497,0.2888455390930176,0.6769974517812625,0.6594472527503967
203,0.34345452172332963,0.3541930913925171,0.33883449171315405,0.34955209493637085,0.3185196003473292,0.32846567034721375,0.46402921823176885,0.46655720472335815,0.46864924824194437,0.4711982011795044,4.620031042904976,4.64100456237793,0.012447645387989256,0.037997376173734665,0.26705801376099053,0.28866374492645264,0.6760531447457245,0.6587358713150024
204,0.34293567554650883,0.35412082076072693,0.33831040414778557,0.34947651624679565,0.317995264999692,0.3289361298084259,0.46342586075493164,0.46612411737442017,0.4680511306111166,0.47076842188835144,4.625271298940298,4.6443047523498535,0.012089509953429499,0.040368348360061646,0.2666180451727087,0.28735411167144775,0.6752782378464732,0.6590859293937683
205,0.34244469957847223,0.354771226644516,0.3378154293299203,0.35012489557266235,0.3176365639461567,0.3287406265735626,0.4627492600397402,0.46732616424560547,0.4673785287457538,0.4719724953174591,4.629268644119244,4.646332740783691,0.012399507973838734,0.03723322972655296,0.26591230573993535,0.2899080812931061,0.6745978791464016,0.6590806245803833
206,0.3421702453398868,0.35470134019851685,0.33753832091313357,0.3500494360923767,0.3173497320426605,0.3289830982685089,0.4622867801172069,0.4667944014072418,0.4669187045439602,0.47144630551338196,4.631924644443992,4.6519060134887695,0.012482141164156694,0.03910408541560173,0.2658588433742909,0.2893752455711365,0.6737082052751442,0.6584699749946594
207,0.3415914954104695,0.35364028811454773,0.33695732525279054,0.34899067878723145,0.31691037985510156,0.32805806398391724,0.46160502059952335,0.465692937374115,0.4662391907572023,0.4703425467014313,4.6341725051330735,4.649594783782959,0.012552686983525898,0.03855029121041298,0.26496621986848834,0.28796717524528503,0.6732122263009858,0.657656729221344
208,0.34111831276656834,0.35332241654396057,0.33648528540081407,0.3486744463443756,0.3164273796899088,0.32774752378463745,0.4610003380220138,0.46545279026031494,0.4656333653877681,0.4701007604598999,4.633028488722206,4.647960186004639,0.012325608297305772,0.03809159994125366,0.26466599322502976,0.28755414485931396,0.672290536372034,0.6575968265533447
209,0.3404780215114126,0.35397136211395264,0.33585147741011556,0.34933412075042725,0.31588184350278276,0.32834914326667786,0.4602851781872087,0.4660509526729584,0.4649117238310441,0.47068819403648376,4.626543659552649,4.637227535247803,0.012136899298633153,0.038700345903635025,0.2638574855509819,0.28844961524009705,0.6716511527681177,0.6578974723815918
210,0.34022168732586056,0.35357901453971863,0.335605054912999,0.348954975605011,0.31574018784635616,0.32781490683555603,0.4597260866433177,0.46576759219169617,0.46434271751364087,0.4703916311264038,4.616629249597435,4.624043941497803,0.012873288874431173,0.03763849660754204,0.2636310047843993,0.2884269654750824,0.6707162823794681,0.6573792695999146
211,0.34016397085644867,0.352792352437973,0.33555573793832366,0.3481709957122803,0.31572711641278484,0.32679399847984314,0.4595245825608057,0.46513089537620544,0.4641328139363924,0.4697522521018982,4.608231654786119,4.621352672576904,0.01325657696181097,0.035809531807899475,0.2636348899804866,0.28818681836128235,0.6702898866340693,0.6563856601715088
212,0.3391506012831918,0.3527556359767914,0.33454601932429995,0.34813880920410156,0.3148766804382573,0.32772257924079895,0.4584167923972619,0.46416422724723816,0.46302137435615376,0.468781054019928,4.604581752095298,4.616818428039551,0.01294745396396384,0.040724657475948334,0.2622587458956256,0.2863045930862427,0.669423824734308,0.65613853931427
213,0.33854640500293876,0.3522549271583557,0.33394078749468875,0.3476324677467346,0.31427853736759825,0.3269684612751007,0.4576314749189393,0.46429136395454407,0.46223709193309503,0.46891382336616516,4.6056157010699685,4.6224517822265625,0.012743077574925194,0.038116853684186935,0.2618219781828177,0.28586265444755554,0.668270575725449,0.6569259166717529
214,0.33774966146123586,0.35122963786125183,0.33313812555883077,0.3465993106365204,0.31349220499546965,0.32588040828704834,0.4568754376860895,0.46294504404067993,0.46148697513103293,0.4675753712654114,4.611536697390781,4.630317211151123,0.011892980558882828,0.037571981549263,0.2609221308857046,0.28532058000564575,0.6676615129778176,0.6547486782073975
215,0.33729309543780456,0.3533850610256195,0.33267518963545767,0.34875115752220154,0.3130715879601503,0.32820722460746765,0.45621562195701537,0.4648166000843048,0.4608335293019006,0.4694505035877228,4.617904697214597,4.633901596069336,0.011975530550799725,0.04085640609264374,0.26054151535178793,0.2872515022754669,0.6666977242135442,0.6565137505531311
216,0.3369622379842674,0.3516005873680115,0.3323476331175169,0.3469759225845337,0.31281691665500944,0.32616138458251953,0.4557125088395351,0.4635116159915924,0.46032711370628565,0.4681362807750702,4.614604500879704,4.6246514320373535,0.01224341388871638,0.03725240007042885,0.2601836843983249,0.2857794165611267,0.6660236476453942,0.6554523706436157
217,0.3360849651690683,0.350847065448761,0.331476790807144,0.34622156620025635,0.3120500146740128,0.3256232738494873,0.45470931528311626,0.4624219238758087,0.45931748964504054,0.46704742312431335,4.608173387907701,4.625492572784424,0.011973552598274892,0.03787432983517647,0.2591455895265393,0.2847401797771454,0.6650309104259998,0.6542553305625916
218,0.3354000152000955,0.35265591740608215,0.3307903083866056,0.34802740812301636,0.3114080624184144,0.32736286520957947,0.45391980104006785,0.46415236592292786,0.45852950939609605,0.46878087520599365,4.609707976563759,4.628502368927002,0.011642008626308584,0.03963325545191765,0.2584362382041362,0.2868206799030304,0.6641459366207995,0.6556347012519836
219,0.3350257144565289,0.351828008890152,0.33041100974657545,0.34719520807266235,0.311178999599348,0.32686707377433777,0.4532997757497703,0.46274203062057495,0.4579144804597238,0.4673748314380646,4.614704466232442,4.63280725479126,0.012235301199530693,0.041061047464609146,0.25786714468511357,0.2856047451496124,0.6634345512326507,0.6539353728294373
220,0.3346057057236063,0.35152527689933777,0.3299879211792327,0.346893310546875,0.31080754940634164,0.32635173201560974,0.4526510529681058,0.4628089666366577,0.45726883751247943,0.4674409329891205,4.617785301277911,4.6319708824157715,0.012447050471706907,0.039320919662714005,0.25752911703142134,0.2855440676212311,0.6624464743589517,0.6541902422904968
221,0.3345298299387405,0.35136139392852783,0.3299168840960554,0.3467356562614441,0.3109496754646494,0.3268482983112335,0.4523221056590522,0.46192190051078796,0.45693505150173724,0.4665476381778717,4.612946719521701,4.625740051269531,0.013580063632864533,0.04272796958684921,0.257100875265339,0.28422483801841736,0.6621680893832452,0.6535921096801758
222,0.3338080072181214,0.3508462905883789,0.3291955643513884,0.3462226092815399,0.3102696863591695,0.32579001784324646,0.4514395396718119,0.46229076385498047,0.4560519809960066,0.46691444516181946,4.6124434185760785,4.623692035675049,0.013326215499758215,0.03866761922836304,0.2564272826083315,0.2843917906284332,0.6610555577702335,0.6543105840682983
223,0.33324463891443146,0.35063406825065613,0.3286384101753721,0.3460131287574768,0.3098247330462552,0.32544568181037903,0.4508311079549153,0.4620146155357361,0.4554373366939747,0.4666355550289154,4.606229194397392,4.620928764343262,0.013225105672839726,0.038180019706487656,0.2555932772096911,0.28464993834495544,0.6606558082897173,0.6535071134567261
224,0.33287165164224447,0.3520081639289856,0.32826021553483803,0.3473793864250183,0.3093830551929528,0.32714417576789856,0.45030565189293315,0.4628872275352478,0.4549170895428779,0.4675160050392151,4.611440215860838,4.628769874572754,0.012959655631127215,0.041615575551986694,0.25555713934499247,0.28555598855018616,0.6596323618559138,0.6542609333992004
225,0.3332997321407659,0.3509983420372009,0.3286803757498441,0.3463641107082367,0.3099986389851792,0.32591813802719116,0.45043333990102447,0.46220529079437256,0.4550526962919463,0.4668395221233368,4.619353257737274,4.6342453956604,0.014601504566502678,0.0392451286315918,0.25570871362525155,0.28481143712997437,0.6596856981793059,0.6536978483200073
226,0.33574662025862745,0.35509422421455383,0.3311278062506914,0.3504678010940552,0.31256091306675216,0.3301429748535156,0.4524454944923345,0.46586206555366516,0.45706430850027063,0.4704884886741638,4.61881519260553,4.626412391662598,0.018320921932004793,0.04466485604643822,0.2582753407559894,0.2890278697013855,0.6610864694668993,0.6567361950874329
227,0.35821219889490025,0.3716810345649719,0.3535995147293799,0.3670293092727661,0.3396515812991459,0.3511969745159149,0.466515465721253,0.4740754961967468,0.4711281498867734,0.47872722148895264,4.612682894372381,4.651715278625488,0.07279999667588054,0.09272836893796921,0.27596538238832935,0.3011244833469391,0.670189374523803,0.6597380042076111
228,0.3671175511896586,0.3642403185367584,0.36250449653776656,0.3596116900444031,0.3502948288367048,0.3401244878768921,0.47291596118756934,0.47274336218833923,0.4775290158394614,0.4773719906806946,4.613055209519648,4.628639221191406,0.09236761936492348,0.0611676350235939,0.28237951032025005,0.29808205366134644,0.6761373662534051,0.6611238121986389
229,0.3499130408049497,0.3580067455768585,0.3453004701003535,0.3533843755722046,0.3290726763369147,0.33265334367752075,0.46213628224549486,0.46894922852516174,0.4667488529500911,0.4735715985298157,4.612568457503575,4.622365474700928,0.04918024113143426,0.04596192017197609,0.2702654021812073,0.2929627299308777,0.6677723722423179,0.6590353846549988
230,0.3376915750236488,0.35316377878189087,0.3330908130886002,0.34855055809020996,0.314747962894297,0.3284834325313568,0.4538293529921006,0.46398496627807617,0.4584301149271492,0.4685981869697571,4.600761677733906,4.6132073402404785,0.022197446053764065,0.04346306249499321,0.26018689953625274,0.2863088548183441,0.6618595492777147,0.655678391456604
231,0.3322335237127251,0.3503209054470062,0.3276421118254995,0.3457188606262207,0.30923299878847726,0.3253074586391449,0.44895582558459907,0.46180617809295654,0.4535472374718246,0.46640822291374207,4.591410448133728,4.60203742980957,0.015333265940226793,0.03818941488862038,0.25432866250171965,0.28380540013313293,0.6580370694965281,0.6539275646209717
232,0.3302632283330494,0.34943142533302307,0.32567706189558565,0.3448330760002136,0.3072429109188501,0.3240053057670593,0.4470852457749135,0.46132975816726685,0.4516714117182829,0.4659281075000763,4.586167589450625,4.598336696624756,0.013091800946801044,0.03515045344829559,0.2523380645098495,0.28371667861938477,0.6562988730369673,0.6531487703323364
233,0.32931691237032,0.3497348725795746,0.324732849967176,0.3451383113861084,0.30637684394558384,0.32460927963256836,0.4461477892123106,0.4610894024372101,0.45073185210954886,0.46568596363067627,4.584060337878025,4.596553802490234,0.012375884211113398,0.03753051906824112,0.2511563458112006,0.28371503949165344,0.6555983007942382,0.6525822877883911
234,0.32850504004661246,0.34804973006248474,0.3239249263005463,0.3434528708457947,0.3056302682451039,0.32320278882980347,0.4452178186845837,0.45930376648902893,0.44979793243064986,0.463900625705719,4.580115914103766,4.5968499183654785,0.012015102947868174,0.03692146763205528,0.25029592353999736,0.2813124358654022,0.6545797937850552,0.6513744592666626
235,0.3274859743975359,0.3491204082965851,0.3229046174499413,0.34452563524246216,0.3048312445666401,0.32434162497520447,0.44406530621367046,0.4602462351322174,0.44864666316126506,0.46484100818634033,4.581360797866655,4.594786643981934,0.011959589984278495,0.03847310692071915,0.24876224090225824,0.28232741355895996,0.6537719091759777,0.6522243022918701
236,0.32711990513253975,0.34875914454460144,0.3225424246078457,0.34416770935058594,0.30447541282719753,0.32394465804100037,0.4436138348930334,0.4600960612297058,0.44819131541772744,0.4646874964237213,4.577481252675687,4.591426372528076,0.011804970706637167,0.03755715861916542,0.248475185089684,0.28186601400375366,0.6531460893043274,0.6524108052253723
237,0.3263434172038168,0.346863716840744,0.3217655278944169,0.34227079153060913,0.30381058625879914,0.322270005941391,0.4427811865545312,0.45855051279067993,0.44735907586393114,0.4631434381008148,4.577889180212333,4.59293794631958,0.011493145959701101,0.03561113402247429,0.24742651332788895,0.2789444625377655,0.6525121017645787,0.6522544622421265
238,0.32567827214945966,0.34755727648735046,0.32109891571740223,0.3429601192474365,0.30332563175781024,0.3229188323020935,0.44192311240023463,0.4589103162288666,0.4465024672897538,0.4635074734687805,4.579355307161398,4.597167015075684,0.01179298659160679,0.03686777129769325,0.24642564867292877,0.2800997793674469,0.6517582707351102,0.6517889499664307
239,0.3249988729443764,0.3472721576690674,0.3204202435540131,0.3426753282546997,0.30265527082704313,0.32290133833885193,0.44121694579280635,0.45821884274482727,0.4457955736406313,0.46281567215919495,4.578628745003842,4.59683084487915,0.011197957365400411,0.038268107920885086,0.2457514488885049,0.2794544994831085,0.6510164040907934,0.6509814262390137
240,0.324700331740952,0.3473055362701416,0.3201181685037571,0.34271007776260376,0.3025673657137519,0.32274264097213745,0.44067571045558945,0.458351731300354,0.4452578736927844,0.46294718980789185,4.5821603980567644,4.595450401306152,0.012063647728086458,0.037495847791433334,0.24506947301777085,0.2799564599990845,0.6505689879105827,0.6507756114006042
241,0.3238927992282972,0.3472517728805542,0.3193123477145433,0.34265458583831787,0.30184111840272787,0.32271623611450195,0.43979208691371774,0.4585747718811035,0.4443725384274717,0.46317195892333984,4.58044991626269,4.597176551818848,0.011668384068009467,0.0369449146091938,0.24411084286317236,0.2795224189758301,0.6497441298846913,0.6516813635826111
242,0.3233718953776639,0.34559696912765503,0.31879130416778334,0.34099745750427246,0.3014156555555824,0.32114914059638977,0.43919954976474423,0.45660650730133057,0.44378014251716313,0.46120601892471313,4.580589372524596,4.599497318267822,0.011594356895562636,0.03622140362858772,0.24338320648433995,0.27792683243751526,0.6492694005327961,0.649299144744873
243,0.322744973073158,0.34605318307876587,0.3181594757116906,0.34145236015319824,0.30091336473153757,0.3214626610279083,0.4384360986106848,0.4576665163040161,0.4430215975146905,0.46226733922958374,4.585495485837191,4.600810527801514,0.011641374257047843,0.03496481105685234,0.24250790677449505,0.27816224098205566,0.6485908075570578,0.6512609124183655
244,0.32224292988676895,0.3453647196292877,0.3176575408765675,0.3407673239707947,0.3005228763016139,0.32083049416542053,0.43781451147623596,0.45693278312683105,0.44239990048643746,0.4615301787853241,4.585389312153349,4.5973944664001465,0.011737032598385409,0.034546442329883575,0.24180323431427259,0.27737265825271606,0.6480283598113147,0.6505723595619202
245,0.32160333967912647,0.3448611795902252,0.3170201607407031,0.3402560353279114,0.2999364496651228,0.3208850920200348,0.4370947851736537,0.45572641491889954,0.44167796411207705,0.4603315591812134,4.583178383880813,4.605154037475586,0.011430982479601918,0.03725318983197212,0.241102233396529,0.27592384815216064,0.6472761378662335,0.6494781970977783
246,0.321300157001999,0.3451847434043884,0.3167104705402931,0.3405786156654358,0.29977668035478666,0.32059428095817566,0.436562046450832,0.45645421743392944,0.44115173291253795,0.4610603451728821,4.58968352307398,4.606123924255371,0.012055736360111147,0.034819815307855606,0.24058511093999999,0.277628630399704,0.6466891943227411,0.6493343710899353
247,0.3207504000805478,0.34513550996780396,0.31616292019580666,0.3405308723449707,0.29919846158879904,0.32069915533065796,0.43607197794121766,0.4563184976577759,0.4406594578259588,0.46092313528060913,4.587479770496891,4.604629039764404,0.01129209049071648,0.03543081879615784,0.24006753730306343,0.2772235572338104,0.6462357569647086,0.6494430899620056
248,0.3200777031562611,0.34453415870666504,0.315493044959742,0.3399316668510437,0.2986833510903082,0.32010579109191895,0.43523999679874326,0.4558226764202118,0.4398246549952623,0.46042516827583313,4.584660577716202,4.602495193481445,0.011443491755494018,0.03463229164481163,0.23911187861354255,0.2764984369277954,0.6454946773523654,0.6491866111755371
249,0.3197240059765254,0.34443286061286926,0.31514014518796024,0.33983510732650757,0.2984664876283637,0.3202097713947296,0.4346541851047943,0.45562639832496643,0.43923804589335946,0.4602241516113281,4.583859702039719,4.59775447845459,0.01200271299273812,0.03536805510520935,0.23860286523878357,0.2759155035018921,0.6447938811523539,0.6493457555770874
250,0.3188130864719124,0.3437614440917969,0.31422919782124886,0.3391595482826233,0.29768188314017524,0.31973108649253845,0.43361371651960684,0.4546845257282257,0.4381976051702704,0.4592864215373993,4.5838873223452445,4.601898193359375,0.011756305341046564,0.035863570868968964,0.23745562974325907,0.2749395966529846,0.643833707519451,0.6483901143074036
251,0.31828398227064997,0.34437939524650574,0.3136924963656872,0.33976733684539795,0.2971432327477015,0.3206824064254761,0.4330571966522192,0.4545671343803406,0.4376486840997203,0.45917919278144836,4.5914857945748775,4.612053871154785,0.011255248736332555,0.039062678813934326,0.2369455242754716,0.2752971053123474,0.6432289235079959,0.6476874351501465
252,0.31784315762180476,0.34402263164520264,0.3132489803008015,0.33941125869750977,0.296838786743741,0.32051733136177063,0.4324102054421255,0.4543454051017761,0.43700438276312875,0.458956778049469,4.59417706465268,4.611374855041504,0.011671300852438529,0.03901701048016548,0.23630597898823213,0.274236798286438,0.6425390699302143,0.6482982039451599
253,0.3172002698408174,0.34274357557296753,0.3126069912171007,0.33813416957855225,0.29633580509149926,0.3185805082321167,0.43159196474896333,0.4537505805492401,0.43618524337268,0.4583600163459778,4.593280534246794,4.6094207763671875,0.011831459785509197,0.034257177263498306,0.23543952479566874,0.2741871774196625,0.6417364224556531,0.6472971439361572
254,0.3165597394560688,0.3420228958129883,0.3119656986256047,0.3374071419239044,0.2957067731368701,0.3180994987487793,0.43094091542182644,0.4532158672809601,0.4355349562522905,0.45783162117004395,4.594038823139702,4.61575984954834,0.011248762027149228,0.03388920798897743,0.2347723639691064,0.27253246307373047,0.6410991982366698,0.6478768587112427
255,0.3159562688316356,0.3442508280277252,0.3113581960349733,0.339638888835907,0.29515510719168586,0.32048478722572327,0.4301831809147813,0.45482781529426575,0.4347812537114436,0.459439754486084,4.5980709282627865,4.611945152282715,0.011130541867323844,0.037901315838098526,0.23415821191756483,0.2749634385108948,0.6401765796032407,0.6485896706581116
256,0.3155881539921119,0.34204378724098206,0.3109875512879916,0.33742499351501465,0.2949379454052405,0.3182220160961151,0.4296613250287785,0.4527547359466553,0.4342619277328988,0.4573735296726227,4.600603289127928,4.618801116943359,0.011554326923481979,0.03523947298526764,0.23349410941424373,0.27274560928344727,0.6397654153632578,0.646681010723114
257,0.31511063753859603,0.3420553505420685,0.3105098663001132,0.3374350666999817,0.2944454312975282,0.31860780715942383,0.4289976061957113,0.45237889885902405,0.4335983774341941,0.45699918270111084,4.600770830577845,4.620279788970947,0.011421878142768176,0.03722730651497841,0.233255792226909,0.27205392718315125,0.6386586161600738,0.6465421915054321
258,0.3143817810722078,0.34210309386253357,0.3097772008968759,0.33747753500938416,0.2939219749557119,0.3183395564556122,0.4281463537845735,0.4527350664138794,0.4327509339599054,0.4573606252670288,4.6045763983304235,4.62554407119751,0.01158790965668113,0.03564555197954178,0.23203104908558891,0.2726824879646301,0.638146950920921,0.6466906070709229
259,0.3139223122567818,0.34240642189979553,0.3093168539312558,0.33778616786003113,0.29348685672251357,0.31858381628990173,0.4275679266915551,0.45311832427978516,0.43217338501708114,0.45773857831954956,4.605459324319595,4.6202569007873535,0.011454278621272766,0.03559740632772446,0.231620498492657,0.27310237288475037,0.6373857985707463,0.6470516324043274
260,0.313302005176066,0.3426774740219116,0.30869983609658813,0.33806097507476807,0.2928817506579797,0.318578839302063,0.426885982503112,0.45327067375183105,0.43148815158258985,0.4578871726989746,4.602168158389661,4.616501331329346,0.011010769319302921,0.03526149317622185,0.23103663254810933,0.274330735206604,0.6365978505945957,0.6461443305015564
261,0.31300311549154314,0.3403262495994568,0.3084014040156988,0.33570045232772827,0.29262490655505313,0.31664684414863586,0.42648470061923444,0.450592041015625,0.43108641209507875,0.4552178382873535,4.601714145399711,4.625795364379883,0.011057775470646972,0.034900035709142685,0.23072378838708224,0.2710413634777069,0.6360931589060643,0.6439991593360901
262,0.31260189692404317,0.3402487635612488,0.3079958689680381,0.33562660217285156,0.29236284397268314,0.31690216064453125,0.42583980295902024,0.4502764940261841,0.4304458309150253,0.4548986554145813,4.606026861188482,4.6221699714660645,0.01160098577398028,0.03635623678565025,0.23014699883707804,0.2702513337135315,0.6353405536884149,0.6440989375114441
263,0.3122190910580184,0.3420332670211792,0.30761487292125067,0.33741170167922974,0.29196981389754895,0.3181951940059662,0.4253110226184985,0.452515572309494,0.42991524075526627,0.4571371376514435,4.604217472994226,4.621556758880615,0.011493475167732272,0.03565925732254982,0.22995688284499124,0.27300968766212463,0.634459080673932,0.6459166407585144
264,0.3119029764265268,0.34033021330833435,0.30729981596490125,0.33570873737335205,0.29184054056980135,0.3168714940547943,0.424809086084173,0.4504014551639557,0.42941224654579857,0.455022931098938,4.60315902156961,4.621488571166992,0.01214807845947355,0.0359981469810009,0.22929064661348778,0.27062106132507324,0.6340829026250766,0.6439952850341797
265,0.3113375011601045,0.34045499563217163,0.3067316706731066,0.33582884073257446,0.29129470878171865,0.31647586822509766,0.4241149731363018,0.4509105384349823,0.42872080362329973,0.45553669333457947,4.605829102184143,4.626140594482422,0.011914165272519409,0.03369943052530289,0.2287891593735757,0.27185243368148804,0.633180815465914,0.643875777721405
266,0.3107020093321656,0.34105077385902405,0.3060899272988887,0.3364197909832001,0.29080956597054386,0.31752872467041016,0.42323358882982337,0.45091429352760315,0.42784567086310027,0.4555452764034271,4.612083229129728,4.630972862243652,0.012262472337555461,0.036959148943424225,0.2279377948452093,0.2716991901397705,0.6322284305910326,0.6439278721809387
267,0.31028929457604715,0.33982694149017334,0.3056776686400187,0.3352004885673523,0.2903850092562017,0.316232293844223,0.42274339743533984,0.44962644577026367,0.42735502182882995,0.4542528986930847,4.611623517810407,4.626461029052734,0.011976001771024567,0.03564454987645149,0.22764374287418637,0.2707793414592743,0.6315352937686409,0.6422730088233948
268,0.3096618170300525,0.3417688310146332,0.30505609199001005,0.33714815974235535,0.289893247810781,0.31827512383461,0.4221042161449651,0.45143938064575195,0.4267099411850076,0.4560600519180298,4.605727831651168,4.620672702789307,0.011794323980238844,0.03817097470164299,0.2266579814589655,0.27258819341659546,0.6312274407193191,0.6440662145614624
269,0.3094316845209166,0.3403891623020172,0.304824957120192,0.33576440811157227,0.28973998257711836,0.316987544298172,0.4215985799288875,0.4504605829715729,0.4262053073296121,0.4550853371620178,4.6067276602566505,4.6247639656066895,0.01238224928949316,0.03623393550515175,0.226485943365232,0.2704949378967285,0.6303517593818785,0.644233763217926
270,0.30887980459674474,0.33909183740615845,0.30427174647954425,0.3344670534133911,0.28922600601300796,0.31600287556648254,0.42092742187939236,0.44864216446876526,0.4255354799965929,0.4532669484615326,4.60805570129629,4.624788284301758,0.012198886756506155,0.03700317069888115,0.2259411217228295,0.2688237428665161,0.6295380059206385,0.6421817541122437
271,0.3083560389277909,0.34026938676834106,0.30374970139157564,0.3356471657752991,0.28864672469119046,0.3165709972381592,0.42041965436945067,0.4502379596233368,0.4250259919056659,0.4548601806163788,4.606336601147804,4.6222333908081055,0.01146917107970342,0.03540944308042526,0.22557279147626513,0.27137109637260437,0.6288982027945035,0.6429324746131897
272,0.3077501470845959,0.33897480368614197,0.303144063392343,0.33435189723968506,0.28814711301518603,0.3162095844745636,0.419615815561212,0.4481797516345978,0.4242219007960033,0.4528026580810547,4.60608559333502,4.622894287109375,0.01160948166719367,0.03861728310585022,0.22486301226216773,0.26812487840652466,0.6279688454619121,0.6418866515159607
273,0.30721073270181487,0.3387839198112488,0.3026051420192703,0.3341596722602844,0.28769614892453255,0.3156191408634186,0.4189788482471656,0.44849681854248047,0.42358443892971015,0.4531210660934448,4.605590922698481,4.624247074127197,0.01154975417370238,0.03611785173416138,0.22416787575576355,0.26857104897499084,0.6273708179611163,0.6421685218811035
274,0.3067351932280757,0.34002935886383057,0.30212829287024195,0.3354090452194214,0.28726445939248746,0.3169170320034027,0.4184171892808026,0.44950616359710693,0.42302408963863636,0.4541264772415161,4.606897100956875,4.620323657989502,0.011391481725454596,0.03802257776260376,0.22364711081191108,0.2699299454689026,0.6267547799998143,0.6427985429763794
275,0.30641987193127274,0.33955118060112,0.3018135666196471,0.334928035736084,0.28706179862315484,0.316290944814682,0.41787895843464984,0.44952139258384705,0.4224852637462755,0.45414453744888306,4.6063074928712515,4.623139381408691,0.011894675392357747,0.036047544330358505,0.22323704590163054,0.26935458183288574,0.6260536702065829,0.6434707045555115
276,0.3059351736121558,0.33901649713516235,0.3013283102752417,0.33439403772354126,0.28662758553457124,0.31588444113731384,0.41728416061141066,0.4488184452056885,0.4218910239483247,0.45344090461730957,4.606863609750503,4.62246036529541,0.011798257902611064,0.03626450523734093,0.22271649999821952,0.2686224579811096,0.6253680095853855,0.6427663564682007
277,0.30547272146736326,0.3395516276359558,0.3008655868244711,0.33492571115493774,0.2862071343100702,0.31696367263793945,0.4166504613214594,0.4484018087387085,0.42125759596435153,0.45302772521972656,4.607134539252874,4.625912189483643,0.011826344734465262,0.04049044847488403,0.22230896443502168,0.26853710412979126,0.6244860904398979,0.6418634653091431
278,0.30499130932126894,0.3390209674835205,0.3003826612193142,0.33439499139785767,0.2858086834901554,0.3159930408000946,0.4161275535448331,0.4481843113899231,0.4207362016467878,0.45281028747558594,4.608647912415329,4.625964164733887,0.011689682167250885,0.037935543805360794,0.22161905001735957,0.2689740061759949,0.6241173193949319,0.6410695910453796
279,0.3047655747334966,0.3390323221683502,0.3001567746915173,0.3344070017337799,0.2856233106105857,0.315716415643692,0.4157791809543057,0.44905126094818115,0.420387980996285,0.45367658138275146,4.608802038023841,4.625333786010742,0.011847154635392217,0.03525354340672493,0.2214025178396215,0.2689378261566162,0.6236202546425113,0.6429579257965088
280,0.3042572206251543,0.33734139800071716,0.29964871677463467,0.33271560072898865,0.2851461386131074,0.31375524401664734,0.41516684328936104,0.447782963514328,0.4197753471398807,0.4524087607860565,4.608503104702355,4.625805854797363,0.01165431774580257,0.03183482214808464,0.2209130763959364,0.2675967216491699,0.6228710195095588,0.6418341994285583
281,0.303626078743227,0.33758750557899475,0.29901515201089646,0.3329634368419647,0.28460388044042234,0.31436625123023987,0.4143727349213054,0.447601854801178,0.41898366165363593,0.452225923538208,4.610925195094693,4.624068260192871,0.011641829940416988,0.03411209583282471,0.22017915595098397,0.267225056886673,0.6219906651486861,0.6417616009712219
282,0.3030974734808046,0.3372220993041992,0.2984838336284374,0.3325914144515991,0.28413595095897465,0.31441059708595276,0.4138152009072788,0.44642171263694763,0.41842884075964604,0.45105239748954773,4.613637246441561,4.630692958831787,0.011362374685267856,0.03673212602734566,0.21948854046773197,0.2664754092693329,0.6215569438164985,0.6400242447853088
283,0.3026428502723364,0.33897602558135986,0.29802798788604395,0.3343456983566284,0.28379128852258845,0.3158874809741974,0.4131476160995979,0.4482453465461731,0.4177624800284286,0.45287567377090454,4.614861944355176,4.630316734313965,0.011696934175413603,0.037479598075151443,0.21892756735246963,0.2689744234085083,0.6207493706073445,0.6412084698677063
284,0.3022272174796063,0.33876723051071167,0.2976155438092475,0.33414486050605774,0.2833652949458522,0.31540611386299133,0.4127096559444131,0.44856885075569153,0.4173213296147719,0.45319122076034546,4.611675376020556,4.622365474700928,0.011296113191140093,0.03530531004071236,0.21858190815312825,0.26904943585395813,0.6202178699161377,0.6418635845184326
285,0.302152847380856,0.3376513123512268,0.297546109905428,0.3330289125442505,0.2834058059307905,0.3147594630718231,0.4124200534733789,0.4472638666629791,0.41702679094880685,0.45188626646995544,4.606736112788193,4.622411251068115,0.01203098596596026,0.036043159663677216,0.2184198618875165,0.2667486369609833,0.619766573962826,0.6414865255355835
286,0.3014839193115242,0.337718665599823,0.2968760902853664,0.33309704065322876,0.2828664426204891,0.3146735727787018,0.41168194196988733,0.4473915696144104,0.41628977099604514,0.45201319456100464,4.60783098122874,4.621615409851074,0.011909713422570014,0.035508304834365845,0.21743624969214212,0.2672082483768463,0.6192533683545475,0.6413041949272156
287,0.30111147466334454,0.3359900712966919,0.29650192227240185,0.33136114478111267,0.2824024645076124,0.3130433261394501,0.41129709301185763,0.44554319977760315,0.41590664540280037,0.4501721262931824,4.6095549309248876,4.628925323486328,0.011279313164521002,0.034336719661951065,0.21733813953698525,0.26527905464172363,0.6185899375664093,0.6395142078399658
288,0.30085356399157825,0.3373403549194336,0.2962408141958728,0.33271390199661255,0.2823172926155604,0.3145773708820343,0.41079470524892026,0.4466453492641449,0.4154074550446257,0.45127180218696594,4.6127516616947775,4.626461505889893,0.012071698742854272,0.03677929937839508,0.21681205884339208,0.26636096835136414,0.6180681256306977,0.6405918002128601
289,0.30060372426593734,0.33535492420196533,0.29598916427741107,0.330722451210022,0.2822841459977882,0.3129149377346039,0.41022099733497275,0.44467106461524963,0.414835557323499,0.449303537607193,4.614562406937121,4.632476806640625,0.013175617772038895,0.035772621631622314,0.21625494587604593,0.26338133215904236,0.6174218758753905,0.6395907998085022
290,0.29993783070691143,0.3369588553905487,0.29532205675277834,0.33233052492141724,0.28169495953127194,0.31424275040626526,0.4096736075229313,0.44649508595466614,0.4142893814770644,0.4511234164237976,4.615777470349205,4.6283278465271,0.012498484982054844,0.03605673834681511,0.21523218849290493,0.2655886709690094,0.6173541953435466,0.6410828232765198
291,0.2996306758730989,0.33699554204940796,0.2950162220907462,0.33236709237098694,0.28143628462817666,0.3139258921146393,0.40918657470462877,0.4462229013442993,0.41380102848698147,0.45085135102272034,4.6144526379820885,4.628437042236328,0.012720154243601607,0.0356459841132164,0.21497787045314154,0.26699185371398926,0.6166108333529415,0.6391398906707764
292,0.29901409732442225,0.3358195722103119,0.2944024302821578,0.3311886787414551,0.2808628661570836,0.31321728229522705,0.4085460208925794,0.4450382590293884,0.41315768793484386,0.44966915249824524,4.611668012521068,4.630893230438232,0.012287950261469269,0.035938810557127,0.21427319676973441,0.2644348442554474,0.6160274518919627,0.6392782330513
293,0.2987725430179886,0.33646848797798157,0.2941596884983925,0.33184128999710083,0.28062769524780207,0.31398263573646545,0.4082838069727389,0.44597938656806946,0.4128966599497967,0.4506065845489502,4.61285311810362,4.6272101402282715,0.01210966064706535,0.036334287375211716,0.214028583163922,0.2644515633583069,0.6157448483149724,0.641162097454071
294,0.2989510837784191,0.3361639678478241,0.29433645295364097,0.33152785897254944,0.2810955188183277,0.31348520517349243,0.40808380177953296,0.445677250623703,0.4126984341468495,0.45031335949897766,4.614632897274821,4.636109828948975,0.013982239356313429,0.035426065325737,0.21374348532657028,0.2646688222885132,0.6155608457878828,0.6403607130050659
295,0.2979576474999398,0.3345039188861847,0.2933391555571334,0.3298722803592682,0.27998833139560697,0.31194007396698,0.40715996715591546,0.4439513087272644,0.41177845909872185,0.4485829472541809,4.618494176498271,4.631650447845459,0.012489376464249318,0.0342613160610199,0.2129929182479317,0.2627616226673126,0.6144827013308829,0.6387972831726074
296,0.29683886090609113,0.3333582282066345,0.2922195564673779,0.32872194051742554,0.2788927090274049,0.3112545311450958,0.4061810824006278,0.4423593282699585,0.410800386839341,0.4469956159591675,4.619303467299742,4.636292934417725,0.011148223708795358,0.03548246622085571,0.21165465951279208,0.2607053518295288,0.6138752451851163,0.6375758051872253
297,0.29630889131672894,0.33464571833610535,0.29169114960189585,0.3300122320652008,0.2784346353896851,0.3123347759246826,0.4054912670850272,0.44398096203804016,0.4101090087998603,0.4486144483089447,4.6177412866823015,4.633492469787598,0.011177590885868064,0.035423800349235535,0.21108860643923258,0.26226648688316345,0.6130377253780372,0.6393140554428101
298,0.2959928822527036,0.3343861401081085,0.2913768063707965,0.3297567367553711,0.27822688231572323,0.31220749020576477,0.40510712675464045,0.44342708587646484,0.4097232010940092,0.44805648922920227,4.616075218615626,4.629414081573486,0.011340846757231649,0.03619399666786194,0.21053343415380826,0.2619469165802002,0.6128063614051255,0.638481616973877
299,0.2956358344989704,0.3346535563468933,0.2910230308228835,0.33002668619155884,0.27793506285559055,0.31279993057250977,0.4046775231802941,0.44342681765556335,0.409290326856381,0.4480536878108978,4.61280248659707,4.626870632171631,0.011338851287331338,0.0380331315100193,0.21007675207244497,0.26155030727386475,0.6123895767098537,0.6388163566589355
300,0.29517386808503365,0.3342556953430176,0.2905638903512002,0.3296293616294861,0.2776362543953511,0.3126122057437897,0.40404178651055006,0.44310227036476135,0.4086517642443835,0.44772860407829285,4.609979400835296,4.626333236694336,0.011748767839017855,0.03813297301530838,0.20933065972273232,0.2604583501815796,0.6118293306242345,0.639245331287384
301,0.2953212524516063,0.3331074118614197,0.2907105164637799,0.32847917079925537,0.2779553137505725,0.31086674332618713,0.4039132167248894,0.4425683319568634,0.4085239511701774,0.4471965730190277,4.610738095415781,4.628252983093262,0.013009398906000991,0.03383932635188103,0.2092583388017827,0.26041489839553833,0.611598211987222,0.6383460760116577
302,0.2946759388483443,0.3342663645744324,0.2900639273319657,0.32964009046554565,0.27717659149124607,0.3119995594024658,0.40347926534962375,0.4437812268733978,0.40809127816149354,0.44840750098228455,4.612012675162322,4.626283168792725,0.011505472646281274,0.03480367735028267,0.2087776620066026,0.26160410046577454,0.6112466454264899,0.6395909190177917
303,0.2937853645805979,0.33325329422950745,0.28917052432008955,0.32861730456352234,0.2764325229518094,0.31104353070259094,0.40247887680273137,0.44316041469573975,0.40709371706323977,0.44779640436172485,4.614841699696628,4.63598108291626,0.011300525930813701,0.033142540603876114,0.20755650420035615,0.2599617540836334,0.610440532109345,0.640026330947876
304,0.29369378792482786,0.33297857642173767,0.2890714513016673,0.3283342719078064,0.27646294777276686,0.3112039864063263,0.4022676792165985,0.44214099645614624,0.40689001583975914,0.4467853009700775,4.622337836270577,4.64429235458374,0.011839222263513164,0.03578483313322067,0.20719356470945824,0.25914570689201355,0.6103560583002404,0.6386814713478088
305,0.29301341263041825,0.3334819972515106,0.28838707633192995,0.32884347438812256,0.2758249368170616,0.3117276430130005,0.4015339593799597,0.44255703687667847,0.40616029543140086,0.44719555974006653,4.62633666016532,4.638517379760742,0.01140249741075013,0.03653473034501076,0.2064243877194355,0.25971028208732605,0.609647929740733,0.6389379501342773
306,0.29246146973935017,0.3323133587837219,0.28783907757275895,0.3276767134666443,0.27543237910210916,0.31016823649406433,0.40083274967121874,0.4419281482696533,0.40545514183780995,0.44656479358673096,4.622391557288565,4.636643409729004,0.011659182054154482,0.03301813453435898,0.20557924775497854,0.25913551449775696,0.6090587034574463,0.6383510828018188
307,0.2917126939212847,0.33040034770965576,0.28709662564360944,0.3257672190666199,0.27469157243469106,0.30868610739707947,0.4001325813325079,0.4396730959415436,0.40474864961018314,0.44430622458457947,4.616064313448155,4.633134841918945,0.010832879444139114,0.03316163271665573,0.20478745550218497,0.2563292384147644,0.6084543728558486,0.6365674734115601
308,0.29164172031114904,0.3324616849422455,0.28702985020817606,0.3278321623802185,0.27465318639269737,0.3109724223613739,0.3999663520765555,0.44128113985061646,0.40457822217952855,0.44591066241264343,4.611867657278503,4.629526615142822,0.011063423403152752,0.03687470033764839,0.20474158225636033,0.2582221031188965,0.6081545518999683,0.6378204822540283
309,0.2909991020284777,0.3311501443386078,0.2863841510787938,0.32651713490486145,0.27415785612820903,0.3093509078025818,0.3992044783486946,0.44052067399024963,0.4038194292983785,0.44515368342399597,4.6149483185955935,4.633007049560547,0.011128765670601481,0.03344208374619484,0.20377474660532127,0.2572275996208191,0.607570059232947,0.6373830437660217
310,0.2905877101917861,0.3316189646720886,0.2859680284457895,0.3269805908203125,0.2738462230766827,0.30989113450050354,0.39868452023071554,0.44071558117866516,0.40330420197671213,0.4453539550304413,4.619686952738255,4.638360977172852,0.011255320775809555,0.034708667546510696,0.20315977392941895,0.2577471137046814,0.6071235785781253,0.63721764087677
311,0.29041311462977326,0.33113372325897217,0.28579265084095057,0.3264971971511841,0.2738012610853707,0.309418648481369,0.3983819382276508,0.4403564929962158,0.4030024020164735,0.4449930191040039,4.620464525095519,4.636523246765137,0.011752237578619722,0.03399749472737312,0.20273365755819667,0.25710082054138184,0.6069178883960938,0.6371575593948364
312,0.28961771007158765,0.32975539565086365,0.28499600855242707,0.32511717081069946,0.27300395182979,0.30793246626853943,0.3976109116076459,0.4395301938056946,0.4022326131268064,0.44416841864585876,4.621702729474665,4.638233661651611,0.01089965510854307,0.031123479828238487,0.20191207828186225,0.2554515302181244,0.6062001124886044,0.637222409248352
313,0.28919415606740895,0.3301422595977783,0.2845713088640644,0.32550686597824097,0.27261677629013464,0.3085080683231354,0.3970718095888746,0.4394374191761017,0.40169465679221916,0.44407281279563904,4.622845519760385,4.635390281677246,0.010832051210274134,0.03310494124889374,0.20149707095226776,0.2558005452156067,0.6055211988818149,0.6366186738014221
314,0.28908565431965827,0.3299533724784851,0.28446540495571315,0.3253142833709717,0.2725894325207565,0.30859506130218506,0.3968733960903467,0.4392186403274536,0.40149364545429184,0.44385772943496704,4.6202503986027,4.63907527923584,0.011164512125616295,0.033835116773843765,0.20125681326980296,0.2548111081123352,0.6053469560669831,0.6371389627456665
315,0.2887224129732929,0.330185204744339,0.28410360778674776,0.32555219531059265,0.27232532482179994,0.30888864398002625,0.3963775490875722,0.43893495202064514,0.40099635427411734,0.4435679614543915,4.618807596954025,4.633017539978027,0.011387898256415497,0.03534293919801712,0.2007479767145245,0.25543344020843506,0.6048401112359784,0.6358895897865295
316,0.2880180700799978,0.3300614058971405,0.2834004060102772,0.32542529702186584,0.2717452594928302,0.3084964454174042,0.3955535155845662,0.4392469823360443,0.40017117965428683,0.44388309121131897,4.617664544629607,4.636107444763184,0.011320987237286723,0.03346943482756615,0.19980885299337667,0.25562721490859985,0.6041059308672935,0.6363926529884338
317,0.28758481999326707,0.32967910170555115,0.2829666544901327,0.3250408172607422,0.2713366955024628,0.308190256357193,0.39503645634198065,0.4388469457626343,0.39965462338765334,0.44348523020744324,4.618168436560224,4.638273239135742,0.01114063069722971,0.033360715955495834,0.19938840695686588,0.25502827763557434,0.603481049485598,0.6361817717552185
318,0.2870540663364972,0.33010363578796387,0.2824279007957958,0.3254575729370117,0.27087982144135964,0.30892908573150635,0.3944185747822624,0.4390046000480652,0.3990447387804254,0.44365066289901733,4.626165944364357,4.646068572998047,0.011022467215142894,0.03532189503312111,0.19869153202785156,0.2547679841518402,0.6029254627092812,0.6366973519325256
319,0.2869798681584631,0.3290582597255707,0.2823533347103213,0.3244163990020752,0.27089560310873384,0.3080672323703766,0.39417058887435413,0.43761682510375977,0.3987971223224959,0.44225868582725525,4.626533539922817,4.641851902008057,0.011593033078706945,0.03556634485721588,0.19853294572389613,0.25356265902519226,0.6025608306561604,0.6350727081298828
320,0.28633398141785765,0.3285824954509735,0.2817122485056321,0.3239401578903198,0.2703632575102388,0.3073660135269165,0.3934582122366196,0.43755489587783813,0.39807994514884515,0.4421972334384918,4.621733959319859,4.642333984375,0.011439403940822207,0.0335204117000103,0.19764622366842932,0.2533138692378998,0.6020041541006225,0.6352637410163879
321,0.2857728013373366,0.3274681568145752,0.2811485204771854,0.3228267431259155,0.26980357031758573,0.30650797486305237,0.3928197409718132,0.43633750081062317,0.39744402337450274,0.44097891449928284,4.624281262368072,4.641414165496826,0.011045401243306923,0.03341822326183319,0.1971492277638323,0.251556932926178,0.6012160742133434,0.6345487833023071
322,0.2854658128686921,0.3276509940624237,0.28084030778746444,0.32300686836242676,0.269499175253543,0.3064272999763489,0.39248456007259075,0.43637919425964355,0.3971100651538184,0.4410233199596405,4.625503129145417,4.644130706787109,0.01080578182297851,0.03308017924427986,0.19685813403785157,0.2526516020298004,0.6008336018127707,0.6335501074790955
323,0.2849816722856376,0.3272000551223755,0.2803606722357781,0.3225652277469635,0.26920618315095896,0.3062154948711395,0.39173913140601585,0.4356706142425537,0.39636013145587534,0.4403054416179657,4.620997220844187,4.634832382202148,0.01146446980175958,0.033913254737854004,0.19610774815926127,0.2518130838871002,0.6000463359036814,0.6329200863838196
324,0.2847617538386012,0.32826903462409973,0.2801447510960321,0.32363182306289673,0.2689718436216276,0.30745530128479004,0.39143414749002053,0.43651458621025085,0.3960511486900513,0.44115179777145386,4.61700091880678,4.637200355529785,0.011378725553424769,0.0359857976436615,0.19603978760850801,0.25260308384895325,0.5994970208471524,0.6337770223617554
325,0.2845166266277836,0.3279595971107483,0.27989985633850867,0.32332849502563477,0.26893694610235136,0.3072170913219452,0.39083256921062476,0.4362064599990845,0.395449341042438,0.440837562084198,4.6167695621609255,4.631098747253418,0.012535800130000685,0.035894572734832764,0.19555088872857485,0.25211283564567566,0.5987241485800475,0.6336438059806824
326,0.28482818927689696,0.3285940885543823,0.2802131948951184,0.3239644169807434,0.2692263014599518,0.3071989119052887,0.39111817953223116,0.4372975528240204,0.3957331739140097,0.4419272243976593,4.614989619287845,4.629663467407227,0.012833028251822665,0.03354316204786301,0.19596410253801858,0.2541983723640442,0.5988817670496668,0.6338552236557007
327,0.28427000946956177,0.3281024396419525,0.2796563964549511,0.3234667181968689,0.26868709225284393,0.30747637152671814,0.39047812549054645,0.43623870611190796,0.39509174081896464,0.4408744275569916,4.613615757533041,4.635709285736084,0.012505928924389325,0.03663158789277077,0.19544302697756297,0.25200554728507996,0.5981123042742925,0.633791983127594
328,0.2836040454117142,0.3285060226917267,0.27898437871751736,0.3238708972930908,0.26811746033974326,0.30760058760643005,0.3896360967837024,0.43699711561203003,0.39425576347789926,0.4416322410106659,4.619667799425569,4.6351237297058105,0.012509303324502993,0.035421643406152725,0.19464792434715136,0.25286248326301575,0.5971951647851808,0.6345176696777344
329,0.28342007247002754,0.32769057154655457,0.2787982922452594,0.3230527341365814,0.2680938204579444,0.30668196082115173,0.3891129855366309,0.4364160895347595,0.39373476576139893,0.44105392694473267,4.621778329084916,4.6378397941589355,0.013536268091254806,0.0337928831577301,0.1943373560085983,0.25209128856658936,0.59640784365804,0.6341617107391357
330,0.28229369427383644,0.3261334300041199,0.27767916384661095,0.3215019106864929,0.26681869806931946,0.30511876940727234,0.388260758578705,0.4346201419830322,0.3928752890059305,0.4392516613006592,4.61453275491581,4.6315226554870605,0.011371592357242536,0.03271937742829323,0.19339745714989356,0.25083476305007935,0.5956870399165433,0.6318022012710571
331,0.2815741754788115,0.32679659128189087,0.2769555793905663,0.32216158509254456,0.26616994588904375,0.30564966797828674,0.3873565318224838,0.43510180711746216,0.3919751279107289,0.43973681330680847,4.618599869295792,4.634993076324463,0.01126024648705343,0.03335381671786308,0.19264323988329096,0.25206127762794495,0.594606361743944,0.6315339207649231
332,0.2810420695341313,0.3273996412754059,0.2764231260132317,0.3227599263191223,0.2656753196004813,0.3066347539424896,0.3867936215080619,0.4351883828639984,0.3914125650289615,0.439828097820282,4.6189438482069365,4.63970422744751,0.010909230663342076,0.036228884011507034,0.19203128005587713,0.2520574927330017,0.5940854479993735,0.6316179037094116
333,0.28102365334989376,0.32614946365356445,0.2764029237021814,0.3215098977088928,0.2655935828689617,0.30560916662216187,0.38667465889208047,0.4338923692703247,0.39129538853979284,0.43853193521499634,4.6207272781807065,4.639565467834473,0.01090581606797877,0.03577215224504471,0.19229636275956277,0.250194251537323,0.5935785762221525,0.6308611035346985
334,0.2803067481329795,0.3252392113208771,0.2756842940599871,0.320602148771286,0.2650087580500563,0.3047647774219513,0.3857274061144965,0.4327531158924103,0.39034986018748885,0.43739017844200134,4.622451902158917,4.637062072753906,0.011083318802177472,0.035548023879528046,0.1914236845514141,0.24934318661689758,0.592519268086214,0.6294031739234924
335,0.2800633368755322,0.3257320523262024,0.2754409072421313,0.32109349966049194,0.264886738364146,0.30512192845344543,0.3852867181972121,0.4331898093223572,0.389909147830613,0.4378283619880676,4.622428378642352,4.6385650634765625,0.011631593215883718,0.03573781996965408,0.19102998920842504,0.2502877116203308,0.5919986287688515,0.6293402910232544
336,0.27951203041408307,0.32551589608192444,0.2748920767957076,0.3208777904510498,0.26426948067682066,0.30481353402137756,0.3847687287437641,0.43319374322891235,0.3893886823621396,0.437831848859787,4.619955135172694,4.63811731338501,0.01080554430069853,0.03477238118648529,0.19065047232332472,0.2501140832901001,0.591352423361521,0.6295541524887085
337,0.27922884342017756,0.3255805969238281,0.2746107354489021,0.32094606757164,0.2641864498701358,0.3048824369907379,0.38413313060119186,0.4332243800163269,0.38875124011500567,0.437858909368515,4.618109295448214,4.634531497955322,0.01188480238713779,0.03492173179984093,0.19015701836388554,0.25022006034851074,0.5905175346186707,0.6295055747032166
338,0.27849707130329165,0.32504332065582275,0.2738773022833692,0.32040470838546753,0.2634347804128714,0.3043563663959503,0.3834144150468438,0.4327772557735443,0.38803418406676626,0.43741586804389954,4.6197682815286445,4.638610363006592,0.011063825983811717,0.03422978147864342,0.18946185813492916,0.24953477084636688,0.5897786667652569,0.6293045282363892
339,0.27819648975550865,0.3254156708717346,0.2735806412172375,0.3207879662513733,0.2631684098825057,0.3050832152366638,0.38300593833040236,0.43234068155288696,0.3876217868686735,0.4369683861732483,4.615845818679631,4.627711296081543,0.011096344639355481,0.037403661757707596,0.18919352542953938,0.24976715445518494,0.5892153467864003,0.628078818321228
340,0.27777094721456697,0.32386258244514465,0.2731587272687234,0.319229394197464,0.2627498230686373,0.30326828360557556,0.38248008659529004,0.4312645196914673,0.3870923065411336,0.43589770793914795,4.612219034396247,4.633191108703613,0.010903414532397616,0.034034911543130875,0.18887111147525965,0.2484571635723114,0.5884749465657785,0.6273127198219299
341,0.2772506399888333,0.3230356276035309,0.2726320781256571,0.3183920979499817,0.26233588614012615,0.30235791206359863,0.3817951266359714,0.43062692880630493,0.3864136884991476,0.4352704584598541,4.618566229812925,4.643540382385254,0.011059569796713749,0.03255055472254753,0.18817863209354602,0.24762505292892456,0.5877694631461619,0.6268981099128723
342,0.27705401225558574,0.32400813698768616,0.27242699507706764,0.31936341524124146,0.26212110680411616,0.3034508228302002,0.381458454343215,0.4315154552459717,0.38608547075046395,0.4361601769924164,4.6270175007158,4.644718170166016,0.011101121332961877,0.034073520451784134,0.18814053913985868,0.2483251988887787,0.5871216466539647,0.6279537081718445
343,0.2768431153318634,0.32331302762031555,0.27221733027993067,0.31867021322250366,0.26193535159196246,0.30340376496315,0.3811604011724027,0.430165559053421,0.38578618622433547,0.4348083734512329,4.6257825505140575,4.642800331115723,0.011151647807188931,0.036766938865184784,0.18795333475513204,0.24641752243041992,0.5867010816793137,0.6270267963409424
344,0.27655908007444374,0.3251257538795471,0.27193593224484186,0.32048720121383667,0.261761018851967,0.30489444732666016,0.3807033303051018,0.4317452609539032,0.38532647813470366,0.43638381361961365,4.623150900313597,4.6385416984558105,0.011572037590385158,0.03807022422552109,0.18754104146145636,0.24944622814655304,0.5861699771553314,0.6271668672561646
345,0.2766872967875442,0.3232506513595581,0.2720619729425181,0.3186037540435791,0.26184244276153573,0.30284765362739563,0.3806287993485273,0.42996904253959656,0.3852541231935534,0.43461593985557556,4.625327913567357,4.646909236907959,0.011981475198610538,0.035454411059617996,0.18800958184833427,0.24793145060539246,0.5855362758528497,0.6251571178436279
346,0.2759287218742895,0.3241252899169922,0.27130187084401997,0.31948012113571167,0.2612723118372885,0.303821325302124,0.3796494026874368,0.4313647747039795,0.3842762552602446,0.43600994348526,4.626854368418853,4.645177364349365,0.012272244714745808,0.03554019704461098,0.18692002941060057,0.24797487258911133,0.5846246661949004,0.6279488801956177
347,0.27538913959585315,0.3218778371810913,0.2707669056720016,0.31723377108573914,0.2608262266386775,0.30196166038513184,0.3790165559993887,0.4284343123435974,0.38363878992324024,0.4330783784389496,4.62223293865156,4.644072532653809,0.012218960475747493,0.03593304008245468,0.18622598957060996,0.2453078180551529,0.5840337237654261,0.6246441602706909
348,0.27460368637415833,0.3221922516822815,0.26997691805045515,0.3175470232963562,0.2599172508890119,0.3018859624862671,0.3783260901423538,0.42931094765663147,0.38295285923732614,0.43395617604255676,4.626766999819671,4.645236968994141,0.010850386282453954,0.03385402634739876,0.18568211319689515,0.24617522954940796,0.5832192490711128,0.6256285905838013
349,0.27451517822479266,0.32321998476982117,0.2698836407582383,0.31857389211654663,0.2598541592881596,0.3033890426158905,0.37818177929543506,0.4294112026691437,0.38281331599072027,0.4340572953224182,4.631536606203627,4.6460957527160645,0.010958130982449505,0.03830810263752937,0.1855535157058001,0.24677281081676483,0.5830508370752331,0.62508624792099
350,0.27457400124852976,0.322359174489975,0.2699475577737559,0.3177187442779541,0.2599513371656937,0.3022176921367645,0.3780421061984354,0.4289329946041107,0.3826685489019401,0.4335734248161316,4.626442297045827,4.640425205230713,0.011553535675889825,0.03567850589752197,0.18573348745974846,0.24645337462425232,0.5825670016616933,0.6245211362838745
351,0.2740643361031262,0.32330557703971863,0.26944082972977357,0.31866323947906494,0.2595000751361739,0.30318644642829895,0.37732443223103695,0.4298260807991028,0.3819479386043896,0.43446841835975647,4.623504687647467,4.642345428466797,0.011662637443555496,0.03680647537112236,0.18528508440449418,0.24738048017024994,0.5815525107715374,0.6253723502159119
352,0.27350558912373246,0.3229508399963379,0.2688835238427032,0.31831222772598267,0.2590401127687409,0.3028630316257477,0.3767074549241535,0.42972612380981445,0.381329521747721,0.4343647360801697,4.622063460351964,4.638609409332275,0.0115329727916114,0.03601303696632385,0.18450357088592434,0.2466840296983719,0.581083798283177,0.6258919835090637
353,0.27325692207669616,0.3217563331127167,0.2686328178251315,0.3171115219593048,0.2588866063447506,0.3016611635684967,0.3762531703148976,0.4281506836414337,0.38087727379519304,0.4327954947948456,4.624099898232268,4.644800186157227,0.01201210523026461,0.03559699282050133,0.1841803648502683,0.24588075280189514,0.5804673535738019,0.6235057711601257
354,0.2732253411714721,0.3231719434261322,0.2685977249337361,0.31852591037750244,0.2588022080477172,0.30294400453567505,0.37613805157184793,0.4293700158596039,0.38076566935212225,0.43401604890823364,4.6276196619782715,4.646042823791504,0.011992332038612342,0.03701344504952431,0.1843748272875278,0.24788829684257507,0.5800394539981538,0.6239302754402161
355,0.2726271695638542,0.3224352300167084,0.26800133147511557,0.31778717041015625,0.2583139909817726,0.302691251039505,0.3753874625963958,0.42823028564453125,0.38001330068513445,0.4328783452510834,4.625837339547015,4.648056983947754,0.012056014643288362,0.03862635791301727,0.1836216879177807,0.24613851308822632,0.5792642704301935,0.6233088374137878
356,0.27235318042467443,0.3226408064365387,0.2677265659932708,0.3179979622364044,0.2581050821428978,0.3024667799472809,0.3750421284086734,0.4289857745170593,0.379668742840077,0.4336286187171936,4.62661723130346,4.642852306365967,0.01213403844778843,0.03634071722626686,0.18322696604566732,0.24705949425697327,0.5789542293866733,0.6240001916885376
357,0.27184189779528034,0.32109761238098145,0.2672156952698126,0.3164523243904114,0.25747876791784363,0.30116137862205505,0.37445809703291644,0.4274817109107971,0.37908429955838424,0.4321269989013672,4.626202979552519,4.645280361175537,0.011418803436459436,0.03545302897691727,0.18313340044942308,0.24476183950901031,0.5778840888958926,0.623269259929657
358,0.2713329145723251,0.3217264711856842,0.26671213518980297,0.3170846104621887,0.257088605638366,0.3020123243331909,0.37386135359886347,0.42775145173072815,0.37848213298138556,0.43239331245422363,4.620780086594461,4.641870975494385,0.01146316466181928,0.03752664849162102,0.18239352610783205,0.24513080716133118,0.577409118980326,0.6233795285224915
359,0.2711517111135792,0.32215192914009094,0.26652828830241965,0.31750810146331787,0.2570484441468169,0.3019835948944092,0.3734646342541108,0.4282070994377136,0.3780880570652704,0.4328509271144867,4.6234212029669575,4.643823623657227,0.012173012841238312,0.036478910595178604,0.18200992853401451,0.24685384333133698,0.5769623857107521,0.6226180195808411
360,0.271535020100169,0.3226477801799774,0.26691192484943194,0.3180050253868103,0.25746666549961433,0.302683025598526,0.37367189458348804,0.42868635058403015,0.37829498829168684,0.43332910537719727,4.623096983971694,4.642765045166016,0.013034971545006383,0.03764162212610245,0.18247709394079734,0.24677211046218872,0.5768879163231485,0.6236354112625122
361,0.2718652116591951,0.3223300576210022,0.2672391005893781,0.3176889419555664,0.25791514673022864,0.3020646274089813,0.37367723354963556,0.42875972390174866,0.3783033438481833,0.43340083956718445,4.626109125736606,4.641101360321045,0.014415585737957122,0.03556793928146362,0.18278510261777436,0.24693790078163147,0.5765447544752708,0.6236879825592041
362,0.2711224916296549,0.32248029112815857,0.2664993169140922,0.3178427815437317,0.2571428770292061,0.30221548676490784,0.37301657106343233,0.4283307194709778,0.37763974809280254,0.43296822905540466,4.623175235590952,4.637521743774414,0.013408561724095368,0.036938607692718506,0.18205786641315078,0.24771355092525482,0.5759622119623208,0.6219943165779114
363,0.27061053600766327,0.3220389783382416,0.26599071005843594,0.3174021244049072,0.25655166341426444,0.3018147051334381,0.37244884311261084,0.42826250195503235,0.37706866983310733,0.4328993558883667,4.619822892976877,4.636850833892822,0.012767941901122107,0.03583836928009987,0.18185500565010962,0.24676364660263062,0.5750320366023766,0.6228421330451965
364,0.269974210835448,0.3219349682331085,0.265350754630744,0.31729257106781006,0.25595503451368173,0.30232954025268555,0.37188483777674786,0.42757272720336914,0.37650829398145186,0.4322151243686676,4.623456842929209,4.642408847808838,0.012102682508371569,0.038886960595846176,0.18100742056959804,0.24542348086833954,0.5747550076383644,0.6226781606674194
365,0.26923229760165357,0.3231933116912842,0.26460802638236686,0.3185601532459259,0.2552452567637907,0.30293333530426025,0.3710311571210683,0.4298533499240875,0.3756554275690859,0.4344865083694458,4.6242698464276,4.633157730102539,0.011695609098466793,0.03596358746290207,0.1802842650175384,0.2475825399160385,0.5737559012541441,0.6252538561820984
366,0.2683121042542259,0.32031068205833435,0.2636937358651236,0.3156716525554657,0.25435096420742365,0.30030012130737305,0.37015387335143685,0.42630892992019653,0.374772241493492,0.4309479594230652,4.618364270862374,4.639035224914551,0.01076551331030156,0.035247113555669785,0.1792720513779096,0.2446313053369522,0.5730153238826371,0.6210219264030457
367,0.2678001572065781,0.3198302984237671,0.26318266640729476,0.31519457697868347,0.25392440995416127,0.30004605650901794,0.3695485401963397,0.4256119430065155,0.37416603099562307,0.4302476644515991,4.617492248112501,4.635732650756836,0.010715027781127318,0.03592491149902344,0.1786109525943834,0.24372804164886475,0.5724472540426582,0.620485246181488
368,0.26762131726602,0.3219708800315857,0.2630018619357262,0.3173345625400543,0.25374686989136375,0.30168452858924866,0.369293790137387,0.428135484457016,0.37391324701021905,0.43277180194854736,4.61945887822831,4.636312961578369,0.01069986816718602,0.03570163995027542,0.17849831572920988,0.2469431310892105,0.5720424182348487,0.6224088668823242
369,0.2671766233044118,0.32087311148643494,0.26255417314802065,0.3162279725074768,0.2533527432763523,0.30082300305366516,0.36865932007236996,0.4270336329936981,0.3732817710000303,0.43167877197265625,4.622450212501004,4.645143985748291,0.010811350066207268,0.035345543175935745,0.1780891670264361,0.24510914087295532,0.5711577178927698,0.6220143437385559
370,0.2672661412258742,0.3216473460197449,0.262640062850639,0.3170006573200226,0.25345875047451566,0.30127498507499695,0.3686390922732841,0.42785149812698364,0.37326517296232675,0.43249818682670593,4.626083206079578,4.64669132232666,0.011182866204986435,0.035027943551540375,0.1782273177465735,0.24677979946136475,0.5709660764748974,0.6220172047615051
371,0.2667712580504516,0.32174137234687805,0.2621440582076789,0.3170965015888214,0.2529821131051527,0.30185192823410034,0.36807382007962147,0.42751580476760864,0.37270101967534697,0.4321606755256653,4.627195818338421,4.644869327545166,0.01089265727386439,0.03752433881163597,0.1777470771944865,0.2459108978509903,0.5703066054067292,0.6221205592155457
372,0.2665978306418626,0.3197580575942993,0.26197015775199656,0.3151153326034546,0.2529041400526489,0.2999321520328522,0.36780100931920745,0.4258263111114502,0.37242868143780433,0.4304690361022949,4.627669054633733,4.6427130699157715,0.011224520536952302,0.03512024134397507,0.17739438594857834,0.24344216287136078,0.5700935156201719,0.6212340593338013
373,0.26621064829334673,0.3218534588813782,0.26158677340999964,0.3172109127044678,0.25248389222026113,0.30193793773651123,0.3673173081667569,0.42805594205856323,0.371941183050104,0.43269848823547363,4.623875048205865,4.642536163330078,0.010937730008581848,0.03665518760681152,0.17722519935141484,0.24566145241260529,0.5692887465046621,0.6234971880912781
374,0.26574206998171807,0.3195938766002655,0.2611200950717425,0.31495290994644165,0.2522402666765237,0.3002748489379883,0.3666659199632328,0.4250293970108032,0.3712878948732084,0.4296703636646271,4.621974043840346,4.6409783363342285,0.011551794320347938,0.03786015510559082,0.17629515041333194,0.2424578219652176,0.5688738473455673,0.6205065846443176
375,0.26536407429247405,0.32058200240135193,0.26073499211308643,0.3159317672252655,0.25177073253946075,0.30086395144462585,0.36630125097354993,0.4261184334754944,0.37093033238166845,0.4307686686515808,4.62908354819761,4.65023136138916,0.010861700345350455,0.037397537380456924,0.176137494476903,0.24446986615657806,0.5683130013089502,0.6207243800163269
376,0.2649941715305265,0.3205607831478119,0.2603619259183724,0.31590914726257324,0.2514659488340934,0.30105993151664734,0.3658848106499582,0.4257180094718933,0.37051705626211234,0.43036964535713196,4.632244932280346,4.6516242027282715,0.010791784855870405,0.03884802758693695,0.1756086972226896,0.24420005083084106,0.5679973709742356,0.6201317310333252
377,0.26489046863154075,0.3204326033592224,0.26026031922050397,0.31578588485717773,0.25142364370837367,0.3006027042865753,0.3655944358492688,0.42589765787124634,0.3702245829464981,0.430544376373291,4.630149726582307,4.6467084884643555,0.011271276205079159,0.037051282823085785,0.17553081843373847,0.24474303424358368,0.5674688289920377,0.6200137734413147
378,0.2649379906700634,0.3213476240634918,0.26030613635649724,0.31669488549232483,0.25150232770835346,0.3010317385196686,0.3655790685884296,0.42708081007003784,0.37021092444453413,0.43173354864120483,4.63185631365994,4.652747631072998,0.011547815043357187,0.0358940027654171,0.17554407642406344,0.2467784732580185,0.5674150943081243,0.6204227805137634
379,0.2652872873254021,0.32051029801368713,0.2606521355469507,0.31585925817489624,0.25199079922081435,0.30041244626045227,0.36561440075403084,0.42608678340911865,0.3702495525324822,0.43073782324790955,4.6351546267483625,4.651051998138428,0.012989422937970363,0.03606298565864563,0.1757967568786338,0.2454717755317688,0.5671862126891063,0.6197026371955872
380,0.26463104957421685,0.32062384486198425,0.2599980553971386,0.31597334146499634,0.25124016454766457,0.3008187711238861,0.36497596848652136,0.42609018087387085,0.3696089611210613,0.43074068427085876,4.632993451121169,4.650493621826172,0.012002766676536346,0.03731666877865791,0.17541090430660958,0.24484054744243622,0.5663068142440509,0.6202990412712097
381,0.26421806946535414,0.3210810720920563,0.25958537978293006,0.31643080711364746,0.25090344113422414,0.3009556233882904,0.36453912575573655,0.42690783739089966,0.36917181466689153,0.43155810236930847,4.63269064525723,4.650271892547607,0.011876672560185665,0.03602175414562225,0.1747997163328332,0.24586446583271027,0.566033930417935,0.6209806799888611
382,0.26373984955410895,0.3202243149280548,0.25911214522297354,0.31558096408843994,0.25046447944988187,0.3005279302597046,0.36393233297375405,0.42545202374458313,0.36856003807615856,0.430095374584198,4.62770338787321,4.64333963394165,0.011790728606991666,0.037756506353616714,0.17436589476578254,0.24440743029117584,0.5652368209210669,0.6194198131561279
383,0.2632208128979078,0.31957846879959106,0.2585983618135834,0.3149378299713135,0.2499263825394391,0.29978063702583313,0.36343927037315815,0.4253244996070862,0.36806171991494424,0.42996513843536377,4.622452334455281,4.64063024520874,0.011157895512562554,0.035705652087926865,0.1739020089943111,0.24352912604808807,0.5647192400474563,0.620107114315033
384,0.26273826020138974,0.32096150517463684,0.2581132902363462,0.31631553173065186,0.2494368785988499,0.3010084629058838,0.36290342203769616,0.42643389105796814,0.367528393545278,0.4310798645019531,4.624972709026406,4.645972728729248,0.010765876547571647,0.03718256577849388,0.1734834211259731,0.2456308901309967,0.5640613402714866,0.6202119588851929
385,0.2625843080199782,0.31918537616729736,0.2579528960292753,0.3145354390144348,0.24937350459297417,0.300062894821167,0.36254740814616987,0.4239477515220642,0.3671788209081419,0.42859768867492676,4.631412063973469,4.6499457359313965,0.011318062941268466,0.03947756066918373,0.17324270185096707,0.24213284254074097,0.5635597505793126,0.618578314781189
386,0.2622032726384636,0.3197331726551056,0.25757213411088226,0.3150830864906311,0.2490343948064716,0.30005595088005066,0.36211532325432266,0.42532384395599365,0.36674646101063485,0.42997393012046814,4.631136322137174,4.6500959396362305,0.011174508195341814,0.036561429500579834,0.17279311869364253,0.24344415962696075,0.5631355624472714,0.620162308216095
387,0.26173426888753565,0.3188481330871582,0.2571032337582261,0.31420081853866577,0.24860529719674535,0.29955121874809265,0.361587058446979,0.42383772134780884,0.3662180935762886,0.42848503589630127,4.631035381128949,4.647311210632324,0.010954009226285708,0.03812113404273987,0.17226932119778474,0.2420840710401535,0.5625925642779805,0.6184484958648682
388,0.26156990253583073,0.31987616419792175,0.2569394296737899,0.3152272701263428,0.2484544126962391,0.3005129098892212,0.36134531387808444,0.42457398772239685,0.36597578519758694,0.42922288179397583,4.630474747697496,4.648899555206299,0.010994255693770232,0.0395568311214447,0.17214940081011945,0.24360668659210205,0.5622195784880765,0.6183752417564392
389,0.26135426289727703,0.3191705048084259,0.25672525747724745,0.3145235776901245,0.24828621916837457,0.2996729910373688,0.3609611264159214,0.4245094358921051,0.365590132360173,0.4291563630104065,4.6290054442763955,4.646914482116699,0.011280377196231641,0.037086036056280136,0.17197845111575824,0.24263237416744232,0.5615998314451796,0.6193006038665771
390,0.26079875941802944,0.3197017312049866,0.2561689763236904,0.3150574564933777,0.24779631474024846,0.29975029826164246,0.360395317370719,0.4253469407558441,0.3650251012363272,0.4299912452697754,4.629782426612752,4.644289493560791,0.01095011188986448,0.03556424006819725,0.1712365133098104,0.24419312179088593,0.5612023096310191,0.6194934844970703
391,0.2605858988550767,0.31947576999664307,0.2559587472708564,0.3148316442966461,0.24751748838166307,0.3000200688838959,0.36017514892401503,0.42471668124198914,0.3648023012795045,0.4293608069419861,4.627149873448922,4.644123554229736,0.010547924586080296,0.037727247923612595,0.1712389765928691,0.24293158948421478,0.5607655679364942,0.6194013357162476
392,0.26041725063391463,0.32281312346458435,0.2557891239003522,0.31816554069519043,0.2474315195516493,0.3028143346309662,0.35983207113242466,0.4285890460014343,0.3644601978659871,0.43323662877082825,4.628127269883701,4.647586822509766,0.011002767977583061,0.0382537841796875,0.17100515607345262,0.24729014933109283,0.5602866345892249,0.622899055480957
393,0.26049395946177983,0.3213381767272949,0.25586997097289566,0.3166995346546173,0.24759325509822375,0.3012433648109436,0.3597484885007324,0.42672449350357056,0.36437247776088566,0.43136313557624817,4.623990431036296,4.638649940490723,0.011680536252682599,0.03730021044611931,0.17102042808255058,0.24655266106128693,0.5600788112213098,0.6198772192001343
394,0.2598900904527233,0.32034313678741455,0.2552682202786894,0.31569617986679077,0.24703672046826236,0.30070462822914124,0.3590928549425254,0.4254051148891449,0.3637147251165593,0.43005210161209106,4.6218682557910835,4.646971702575684,0.011332451924380387,0.0384037047624588,0.1703420476999256,0.24451178312301636,0.5594356610762461,0.6191984415054321
395,0.2595062254533756,0.3194209039211273,0.2548764829109229,0.3147761821746826,0.2466898944531671,0.2999822199344635,0.3586168282676987,0.42411720752716064,0.3632465700388822,0.42876192927360535,4.6297452516320545,4.644734859466553,0.011257399446370508,0.038870733231306076,0.16990656345130653,0.2433963268995285,0.5589057184451512,0.6176795959472656
396,0.25965063675810246,0.32136601209640503,0.25502514179978253,0.3167197108268738,0.2468734049225837,0.30137985944747925,0.3586226548205683,0.4262443780899048,0.3632481505501574,0.43089067935943604,4.62549422657832,4.646289825439453,0.011814632992686841,0.03873386234045029,0.17010266472104585,0.24675612151622772,0.5587029095800888,0.6186496019363403
397,0.2595436781030216,0.31928345561027527,0.25491881924894144,0.3146437406539917,0.24679268134348892,0.2992337942123413,0.3584287683827839,0.42490431666374207,0.36305362646559497,0.42954403162002563,4.624856595996898,4.639708995819092,0.01197194916207842,0.03489229083061218,0.17001296812423655,0.24411287903785706,0.5583931345280201,0.6186962127685547
398,0.2592667498860434,0.32015085220336914,0.25464230766192264,0.3155011236667633,0.2463812160132821,0.30071333050727844,0.3581834747947472,0.4248967170715332,0.362807917018868,0.42954644560813904,4.624441542318848,4.649733543395996,0.011210956777194782,0.03950009122490883,0.17010151202915846,0.24404557049274445,0.557831182129895,0.6185943484306335
399,0.25875299016305225,0.31949740648269653,0.25412611511497907,0.31485483050346375,0.24607783522844026,0.30000361800193787,0.3574587777949903,0.42452940344810486,0.36208565361433265,0.42917197942733765,4.626872911464816,4.642571449279785,0.011793761029071259,0.038070112466812134,0.1691771850224887,0.24329295754432678,0.5572625490465098,0.6186477541923523
400,0.25812063810558294,0.32015931606292725,0.2534951896764853,0.3155122995376587,0.24543158588889538,0.3003469705581665,0.3566555586894707,0.42534294724464417,0.36128100788983747,0.4299899637699127,4.625448918949965,4.647013187408447,0.011477712293641678,0.037424392998218536,0.16877267898647494,0.24471226334571838,0.5560443665014314,0.6189042925834656
401,0.2576259156132438,0.3197719156742096,0.2529998771511877,0.3151291608810425,0.2449528483536096,0.3000396192073822,0.35625812173902,0.4250154495239258,0.360884159429807,0.4296582043170929,4.626039013127976,4.642758846282959,0.010827958890004555,0.03715942054986954,0.16812554167510524,0.24404722452163696,0.5559050399814595,0.6189121603965759
402,0.25744478485866734,0.3205665946006775,0.2528209533712616,0.3159218430519104,0.24482377944834263,0.3008834421634674,0.3559155187961595,0.4255695343017578,0.36053934874102694,0.4302142858505249,4.62383073455064,4.644750595092773,0.011148057201650526,0.03861263766884804,0.16797174019848246,0.24493999779224396,0.5553515463091322,0.6190976500511169
403,0.256929795497639,0.3206094205379486,0.25230854919599804,0.31597232818603516,0.24434283379355376,0.30077195167541504,0.3553197098511026,0.4254988133907318,0.35994095461020525,0.43013590574264526,4.621244689881247,4.637101173400879,0.010908725047826744,0.0384155698120594,0.1674543211889614,0.2455955296754837,0.5546654553197435,0.6183047890663147
404,0.2567215554636112,0.32040101289749146,0.25209725700888225,0.315751850605011,0.24409945562837387,0.3009599447250366,0.35510842978737395,0.4249127209186554,0.3597327305559104,0.42956188321113586,4.6243015957225735,4.6491570472717285,0.010597821409044673,0.04023168608546257,0.16733763470878207,0.2445552796125412,0.5543629043361603,0.6180928349494934
405,0.25628992266805367,0.31898975372314453,0.25165648725270934,0.31433671712875366,0.24374445724525867,0.2995857894420624,0.35453491018361233,0.4237724244594574,0.3591683440564183,0.42842546105384827,4.6334362442658295,4.6530232429504395,0.010702474277016127,0.03836555406451225,0.16678357268941582,0.2427302896976471,0.553747329232763,0.6176615357398987
406,0.25605092391377754,0.3212778568267822,0.25141275479781017,0.3166200518608093,0.2434666245283986,0.30156126618385315,0.35424021321465216,0.42596420645713806,0.3588783831018887,0.43062201142311096,4.638167122718635,4.657815933227539,0.010460112465705966,0.03988608345389366,0.1666939794065207,0.2460174858570099,0.5532457776220039,0.618780255317688
407,0.25616010799371325,0.32026591897010803,0.2515187979081937,0.3156053423881531,0.24357881886584046,0.3010459244251251,0.354209076813537,0.42470937967300415,0.35885038458524904,0.4293699562549591,4.641311666139263,4.660566329956055,0.010873775473907681,0.04092618450522423,0.16692616555235718,0.24378307163715363,0.5529365127403824,0.6184285283088684
408,0.2557837701354777,0.3191465437412262,0.2511445062752441,0.31449687480926514,0.2433358864641074,0.2991311848163605,0.35362643922961196,0.42428308725357056,0.35826570540365305,0.4289327561855316,4.639263515379859,4.649658679962158,0.011345405936741269,0.03588060662150383,0.16638373060237047,0.2443341612815857,0.5522785188695751,0.6171788573265076
409,0.2554738002656396,0.3190807104110718,0.25084152758675843,0.3144356608390808,0.2430458247565182,0.30007174611091614,0.35334436467095903,0.42323747277259827,0.3579766350360327,0.42788252234458923,4.6322706504433055,4.645046234130859,0.011038541109171225,0.040999043732881546,0.16602067784939128,0.24235504865646362,0.5520782529030355,0.61686110496521
410,0.25535370506499877,0.3203827142715454,0.25072688413832867,0.3157392740249634,0.24296995705792743,0.3010384738445282,0.3530339396318057,0.4250692129135132,0.35766075978720663,0.4297126531600952,4.62682077058452,4.643441677093506,0.011456049389736498,0.040146127343177795,0.1659976264098083,0.2440962940454483,0.5514561885819472,0.6188729405403137
411,0.2551809957983809,0.32208818197250366,0.2505539421472673,0.31743937730789185,0.24286137262168703,0.30200982093811035,0.35276101757966216,0.42696624994277954,0.3573880694411903,0.43161505460739136,4.62705404152043,4.648804664611816,0.011693162294507653,0.03917049244046211,0.16574006288749604,0.24773786962032318,0.5511508981708183,0.6191210746765137
412,0.25468680474664634,0.3200376629829407,0.25005458294742755,0.31539177894592285,0.24230806277051803,0.3005165755748749,0.3522926310609817,0.42493292689323425,0.3569248528602005,0.4295788109302521,4.6322190901358695,4.645872116088867,0.010961213730406686,0.03881317749619484,0.16536721897496418,0.24404093623161316,0.5505957598634158,0.6186956167221069
413,0.25446931801486294,0.3198259472846985,0.24983914533318946,0.31517642736434937,0.24208207681528046,0.30028191208839417,0.35197637522697833,0.4246259927749634,0.3566065479086518,0.4292755126953125,4.630173213270768,4.6495280265808105,0.01092510391365672,0.03873055800795555,0.16528890477444447,0.2439788579940796,0.5500322242184202,0.6181362867355347
414,0.2539567017646825,0.3211401104927063,0.24932737408068031,0.31649649143218994,0.24172386592739853,0.3015417754650116,0.35125561238684927,0.4257146120071411,0.3558849408421206,0.43035823106765747,4.629326360889933,4.643611907958984,0.01132949982312976,0.04035056754946709,0.16454417763140053,0.24571987986564636,0.5492979284967915,0.6185548305511475
415,0.25375229832473384,0.32220372557640076,0.24912595499443999,0.31756266951560974,0.2414823247506172,0.302336722612381,0.3510345632833264,0.42719700932502747,0.3556609042998128,0.4318380653858185,4.6263405703071445,4.641061305999756,0.011044826372867406,0.03969966247677803,0.16448170461854228,0.24714787304401398,0.5489204383142265,0.6201626658439636
416,0.25352003940242146,0.3199774920940399,0.24889215730579575,0.3153320550918579,0.24119497418066196,0.3004259169101715,0.35075489894079864,0.4249347448348999,0.3553827810374243,0.4295801818370819,4.6278813991091585,4.645438194274902,0.010741347188692655,0.03852812573313713,0.16445402095446063,0.24400746822357178,0.548389559446729,0.6187422275543213
417,0.253049471005466,0.3196142613887787,0.24842254925945534,0.31496840715408325,0.24080736997804322,0.29997313022613525,0.3501675390204195,0.4243505895137787,0.354794459995161,0.4289964437484741,4.626922904167684,4.645848751068115,0.010773911877104834,0.038351576775312424,0.1638665198978508,0.24413862824440002,0.547781676813219,0.6174291968345642
418,0.2530361368282093,0.3219560980796814,0.24841320976235343,0.3173219561576843,0.2408913579960367,0.302622526884079,0.35000680729873357,0.4264291524887085,0.35462973282205107,0.43106329441070557,4.622928209455207,4.634146690368652,0.01137267609359979,0.042201679199934006,0.1637412394184937,0.24590922892093658,0.5475601617305615,0.6197566986083984
419,0.2525400460380993,0.32181456685066223,0.24792365315854187,0.31718194484710693,0.24038378258634568,0.30198970437049866,0.3494933565594241,0.4265105128288269,0.35410974968602865,0.4311431348323822,4.616391417568529,4.632620334625244,0.01087742062866254,0.040066637098789215,0.16332992502204619,0.24698935449123383,0.5469439954734552,0.6189131736755371
420,0.25236771086112625,0.31958773732185364,0.24775152551322827,0.3149532079696655,0.24024013959223858,0.3000010550022125,0.3491538370904101,0.42443495988845825,0.3537700221912609,0.42906948924064636,4.616185238233135,4.634538173675537,0.011145812746632981,0.03826085850596428,0.16324987176623462,0.24389159679412842,0.5463247384757008,0.6178507208824158
421,0.25192470459912986,0.31976085901260376,0.24730290769566615,0.3151235580444336,0.2398186643994679,0.3004574179649353,0.3486685564871795,0.4241073727607727,0.3532903541619123,0.42874467372894287,4.621798668416752,4.637312889099121,0.010858535346320126,0.040366031229496,0.1627597940736968,0.2437424212694168,0.5458376587907458,0.6172637939453125
422,0.2518889063278577,0.3211345970630646,0.24726402197971645,0.31649038195610046,0.2397887859383528,0.3009871244430542,0.34850873756254436,0.42597252130508423,0.3531336198439253,0.43061673641204834,4.6248836573251,4.644209861755371,0.011101996947156722,0.03808678314089775,0.16282154779370575,0.24705319106578827,0.5454428117018791,0.6178213953971863
423,0.25144537927841204,0.32003840804100037,0.24681540290884194,0.3153948187828064,0.2393809645657013,0.30071690678596497,0.3480576855472066,0.42437446117401123,0.3526876650018534,0.4290180504322052,4.6299787676387405,4.643585205078125,0.010785079265169247,0.04060966894030571,0.16225516795509506,0.24405288696289062,0.5451026480544013,0.6174881458282471
424,0.25104551646953355,0.3215804696083069,0.24641936235325662,0.31693893671035767,0.23902541171839206,0.30178865790367126,0.34750101677666684,0.42603182792663574,0.3521271701216746,0.43067336082458496,4.626154244404017,4.641529560089111,0.010852562543419007,0.04044964164495468,0.16190870261679186,0.24687063694000244,0.5443149701911719,0.6180456280708313
425,0.2509400092948076,0.32012590765953064,0.24631035012173064,0.31547725200653076,0.23897316479461184,0.30057036876678467,0.34729194808623304,0.42434632778167725,0.35192160571677167,0.4289949834346771,4.629660243309321,4.648647308349609,0.011130197197003039,0.04021406173706055,0.1617375600448852,0.2449265420436859,0.5440517446674705,0.6165704727172852
426,0.25058293048543967,0.3199866712093353,0.2459543772038785,0.3153418004512787,0.23865890305291965,0.3006461560726166,0.34676436968433966,0.4238908290863037,0.35139292296590086,0.42853569984436035,4.628552383225407,4.64487886428833,0.011264652095876673,0.041407302021980286,0.1614391185340253,0.24450498819351196,0.5432729388218489,0.6160261631011963
427,0.2502627803748598,0.32003962993621826,0.24563853164891505,0.3154046833515167,0.23835089871433163,0.30037400126457214,0.34643927602164426,0.42474400997161865,0.3510635237292727,0.4293789565563202,4.62424659863976,4.634960174560547,0.010992585955917521,0.03876814618706703,0.16110989276667717,0.24472452700138092,0.5429502161610623,0.6176292896270752
428,0.2500678953182538,0.32050591707229614,0.24544833904810873,0.31587061285972595,0.23817835810861268,0.301572322845459,0.34613902799956864,0.42384886741638184,0.35075858581225206,0.428484171628952,4.619556217795194,4.635300636291504,0.011088668543497441,0.04436992108821869,0.16098337074884075,0.24446259438991547,0.5424630401156665,0.6158844232559204
429,0.2499980718632531,0.3195500671863556,0.24538163765451468,0.314913809299469,0.23815473893659586,0.3002667725086212,0.3459678495455695,0.4238438606262207,0.35058428683938453,0.4284801185131073,4.6164364566024,4.636250972747803,0.011375433252051056,0.040328752249479294,0.16089953937079324,0.24353300034999847,0.5421892446011992,0.6169385313987732
430,0.2496050718856928,0.319868803024292,0.2449812401211122,0.31523025035858154,0.2377558906840931,0.30016112327575684,0.34558945102485333,0.4244665205478668,0.350213282789434,0.42910510301589966,4.623831832259472,4.6385674476623535,0.010933593239784361,0.03869112581014633,0.16047144388675305,0.24477174878120422,0.5418626349607654,0.6170204877853394
431,0.24892742891471684,0.31999027729034424,0.2443066408433656,0.3153526782989502,0.23712673011430593,0.30073824524879456,0.34481878273167976,0.42395809292793274,0.3494395715743002,0.4285956919193268,4.620786279885816,4.637587547302246,0.010602049081402899,0.04155167192220688,0.15976392125557948,0.24421699345111847,0.5410142207598811,0.6164461374282837
432,0.24850073985204107,0.32026565074920654,0.2438824699624463,0.3156347870826721,0.23681214189678854,0.30096036195755005,0.3442471605103073,0.42429396510124207,0.3488654288573637,0.4289248287677765,4.6182681259914204,4.630860328674316,0.010828136337271019,0.04153446853160858,0.1591717443616102,0.2446194440126419,0.54043654059284,0.6167271733283997
433,0.24858058241881006,0.3221214711666107,0.24396220552164488,0.3174896240234375,0.2368154161512924,0.30242136120796204,0.34428563691130354,0.4264352023601532,0.348904014826785,0.4310670495033264,4.618376769086296,4.631860733032227,0.010757363359174576,0.04156465828418732,0.15952032139269484,0.24733425676822662,0.540168558591973,0.6183651685714722
434,0.24860502614986546,0.3209974467754364,0.24398474779102033,0.31636279821395874,0.23692568154456498,0.3014429807662964,0.34417731330262663,0.4254617989063263,0.34879759243274094,0.43009644746780396,4.62027856573806,4.63463830947876,0.011327425300400122,0.0405757911503315,0.15942184978947677,0.24560847878456116,0.5400277804711354,0.6181446313858032
435,0.24854090436238582,0.3216882348060608,0.243921638848663,0.31705278158187866,0.23685512098521777,0.30182358622550964,0.34400049965486706,0.42651697993278503,0.3486197613122441,0.43115243315696716,4.619265060409379,4.635466575622559,0.011480382465510006,0.03953753039240837,0.15950029067698154,0.24682655930519104,0.5395846953046886,0.619106650352478
436,0.24810647837941194,0.3205273747444153,0.24348115023215,0.31588733196258545,0.23639348291502374,0.30091360211372375,0.3434988178201306,0.4246184825897217,0.3481241475099308,0.4292585253715515,4.625326516220457,4.640030860900879,0.011102955907001772,0.04070679470896721,0.15918651397923347,0.2456788867712021,0.5388909832360144,0.6163551211357117
437,0.24782974333523064,0.32124829292297363,0.24320403487996634,0.31660765409469604,0.23615750443270175,0.30172958970069885,0.34324266320773095,0.42530524730682373,0.3478683724342644,0.4299458861351013,4.62570756541251,4.640632152557373,0.010909399878214088,0.041794512420892715,0.1587660856276835,0.24615247547626495,0.5387970193214278,0.6172417402267456
438,0.24766688594753522,0.3221638798713684,0.24304514154460427,0.31752610206604004,0.23606504817458238,0.30238786339759827,0.34289923783887316,0.42664986848831177,0.3475209832601204,0.43128764629364014,4.621743630263857,4.637767314910889,0.01134483960524557,0.04100926220417023,0.1586053711571194,0.247389554977417,0.5382449366016712,0.6187648177146912
439,0.2477112686614782,0.3228044807910919,0.2430876186633467,0.3181638717651367,0.2361267193145613,0.3030664622783661,0.34284546764042517,0.4272288978099823,0.3474691153247492,0.4318695068359375,4.623649042046991,4.640603065490723,0.011649358978067941,0.04189730063080788,0.15869250319961398,0.2479688674211502,0.5380383000603293,0.6193332076072693
440,0.24724442432561097,0.3213236629962921,0.24261823284495856,0.31668102741241455,0.23564173229975688,0.3015061616897583,0.3423179766570707,0.4257040321826935,0.34694416452842447,0.43034666776657104,4.626190830906345,4.64264440536499,0.011253766779547947,0.0402623750269413,0.15833022419831747,0.24675868451595306,0.5373412117368048,0.6174973845481873
441,0.24679118803383318,0.32181695103645325,0.24216431812554587,0.31717348098754883,0.23518163925643107,0.3026216924190521,0.3418363842147591,0.4254702925682068,0.34646325668390104,0.4301137626171112,4.626869718988945,4.643467426300049,0.010838875974488196,0.04421589896082878,0.15792362673943985,0.24617767333984375,0.5367824120941888,0.61747145652771
442,0.2462237078773315,0.3211430311203003,0.24159257627309597,0.3165002465248108,0.2347029195868723,0.3013319969177246,0.3412194035697263,0.42592087388038635,0.34585053542100896,0.43056365847587585,4.631132329855185,4.642777919769287,0.010650995365214815,0.03926578536629677,0.15712521988348685,0.24614009261131287,0.5363325410124459,0.6185901165008545
443,0.2469847474896469,0.3219885230064392,0.24235047433138182,0.31734347343444824,0.23556537514652648,0.30250102281570435,0.3416729688017753,0.4260888695716858,0.346307245045117,0.43073391914367676,4.634272427487557,4.645052909851074,0.012373554137310566,0.042540475726127625,0.15789493217648545,0.24673296511173248,0.5364276354389059,0.6182296276092529
444,0.2461365034741233,0.3224349319934845,0.2415016300876855,0.31779104471206665,0.2346898772867884,0.3026686906814575,0.34089463710592094,0.4268800914287567,0.3455295151199737,0.43152397871017456,4.6348750233602,4.6438775062561035,0.01129364828796424,0.04139630123972893,0.15705049325954176,0.24764423072338104,0.5357255016292004,0.6189655065536499
445,0.2458152418140453,0.32104989886283875,0.24118243628458316,0.31640464067459106,0.23438990065504847,0.3017849922180176,0.3404803697608812,0.42473021149635315,0.3451131745190742,0.42937546968460083,4.632802057015573,4.645269393920898,0.011234093890546113,0.043176114559173584,0.15677466129321488,0.24557873606681824,0.5351609428595109,0.6166001558303833
446,0.24536440782685826,0.32149460911750793,0.24072890702500982,0.3168421685695648,0.23388239949809073,0.3018431067466736,0.340015613738699,0.4261391758918762,0.3446511145405474,0.43079161643981934,4.6355002849052855,4.652441501617432,0.010636667473549742,0.040392857044935226,0.15649205188952714,0.24611331522464752,0.5345184798911666,0.6190231442451477
447,0.2456460289274494,0.32174333930015564,0.24101079295412325,0.3170967996120453,0.23426832067089143,0.3027099668979645,0.3400963972538432,0.42541593313217163,0.3447316327029474,0.430062472820282,4.635234236572611,4.646543502807617,0.01166443531640594,0.04460430145263672,0.15667870956493013,0.24559126794338226,0.5344618167223547,0.6179343461990356
448,0.24527552030947447,0.3208272457122803,0.2406457481695677,0.3161936104297638,0.23383910409892275,0.30190151929855347,0.3397868562940157,0.42460185289382935,0.3444166292051916,0.4292354881763458,4.629771612840677,4.633625030517578,0.01098348309195179,0.04380763694643974,0.1564444595269235,0.2443150132894516,0.534089377762285,0.6175819039344788
449,0.24458742288746815,0.3213792145252228,0.2399647273047945,0.3167480230331421,0.2332763507438005,0.302406370639801,0.33900522847094616,0.42508161067962646,0.34362792275812865,0.42971280217170715,4.6226947742389655,4.631189346313477,0.010881150366186348,0.044365447014570236,0.15552058602049434,0.2450942099094391,0.5334273278110673,0.6177594661712646
450,0.2441431442000728,0.32283198833465576,0.23952159153586017,0.3181970715522766,0.23288558013782393,0.3030115067958832,0.3384776689410451,0.42767423391342163,0.34309922237652685,0.4323091506958008,4.6215528564514825,4.634925365447998,0.010778081726495236,0.04078999534249306,0.15501185631009667,0.24782845377922058,0.5328668015860277,0.6204161047935486
451,0.2444824066737669,0.3207704424858093,0.23986126978388692,0.3161356449127197,0.23328559839961696,0.3018445372581482,0.3386268521121673,0.4243980646133423,0.34324798977331644,0.4290328621864319,4.621134949270357,4.63478946685791,0.01170571149751285,0.044059570878744125,0.15537396037790682,0.2444075495004654,0.5327771231080182,0.617066502571106
452,0.2446809884415336,0.3218930661678314,0.2400576157387673,0.317254900932312,0.23351181342179506,0.3029535114765167,0.338702997214583,0.4257367253303528,0.34332636606100353,0.4303748905658722,4.623373673504969,4.638153076171875,0.012247606577164144,0.04468538239598274,0.15560868974161976,0.24532629549503326,0.5326791471958738,0.6188489198684692
453,0.2442889146799025,0.3206688165664673,0.2396597341154926,0.3160228431224823,0.23312473374246057,0.30133384466171265,0.3382185837589099,0.4246256649494171,0.3428477612382431,0.4292716383934021,4.6291784630870705,4.645969390869141,0.012065255982079007,0.04199589788913727,0.1552699767369468,0.24510985612869263,0.5320389634725106,0.6168957948684692
454,0.24366456360601,0.3200480043888092,0.23903050414955765,0.31540361046791077,0.23250134837588848,0.3011713922023773,0.337600150115086,0.42398473620414734,0.3422342111140767,0.4286291301250458,4.634059387905801,4.6443891525268555,0.011431473223330567,0.04283976927399635,0.15461215562440583,0.2431667596101761,0.531460416495342,0.6175075769424438
455,0.2432518850513378,0.32175904512405396,0.2386238443805677,0.31711870431900024,0.23207192412162184,0.30221232771873474,0.3371546007195707,0.42593616247177124,0.3417826442283703,0.43057650327682495,4.628040107020568,4.640344142913818,0.011035920349369635,0.04196567088365555,0.15431349297621644,0.24662074446678162,0.5308663592471606,0.6180505752563477
456,0.24283059103451324,0.32060229778289795,0.23820388244199117,0.3159622251987457,0.23177632112831806,0.30106982588768005,0.3366710083763271,0.42528557777404785,0.3412977144079945,0.4299256503582001,4.626707513179078,4.6400580406188965,0.011135746853699507,0.03978855535387993,0.1535938166976698,0.24489110708236694,0.5305993985030703,0.6185298562049866
457,0.24261593532451387,0.3223993182182312,0.23798737741533774,0.3177616596221924,0.23153296889706368,0.30336955189704895,0.33640595252244904,0.42624619603157043,0.34103450966035603,0.43088385462760925,4.62855645070614,4.637662410736084,0.010938070704305625,0.04490476846694946,0.1535075479524125,0.24609772861003876,0.5301532848277557,0.619106113910675
458,0.2421748606760011,0.32221055030822754,0.23754969584498384,0.3175768256187439,0.23120338372431254,0.3024955689907074,0.3358276715728854,0.42684003710746765,0.3404528394889793,0.4314737617969513,4.625164079222658,4.633724212646484,0.011131616994313778,0.04094351828098297,0.15289903434239752,0.24712572991847992,0.5295794944603145,0.6194174885749817
459,0.24214189100424577,0.32134854793548584,0.23752167237055624,0.31671464443206787,0.23109241554214557,0.302245169878006,0.33583666188390066,0.4250636100769043,0.3404568782037827,0.42969751358032227,4.6202164724005215,4.63391637802124,0.01076828159528961,0.04390285909175873,0.15307660969075915,0.2454214096069336,0.5294323541160735,0.617411196231842
460,0.2417218778787043,0.3213346302509308,0.2371013071726943,0.3167021572589874,0.23068638273062514,0.301917165517807,0.33532246597807175,0.4254123866558075,0.33994303668408177,0.43004485964775085,4.620572405405195,4.632467746734619,0.010589803538137947,0.04215138778090477,0.15271268807294347,0.24595923721790314,0.5287566615462158,0.6176408529281616
461,0.24170731031552434,0.3213978409767151,0.23708650671033016,0.3167620897293091,0.23066533489165594,0.3022516667842865,0.33524420814045613,0.4252846837043762,0.33986501328818863,0.4299204349517822,4.620801421441966,4.635743141174316,0.010689071912862273,0.043458133935928345,0.15278302210812814,0.24540694057941437,0.5285239130969573,0.617889940738678
462,0.24202244686323576,0.32171306014060974,0.23739868240996598,0.31707608699798584,0.23093922674246178,0.30287301540374756,0.3355441975704437,0.42512521147727966,0.34016796254793547,0.42976218461990356,4.623763344329328,4.636979103088379,0.010908073355137602,0.04572194069623947,0.15322088818655194,0.24531273543834686,0.52868872661606,0.6175843477249146
463,0.24168707006767218,0.3219643235206604,0.23706188121885122,0.31732821464538574,0.23067450631233635,0.30254659056663513,0.3350605300164059,0.42601296305656433,0.33968571886522686,0.430649071931839,4.625189721222788,4.636096954345703,0.011103911929395919,0.04284156486392021,0.15282606244617467,0.24660204350948334,0.5280935413144254,0.6181961894035339
464,0.24195996780676057,0.3231247365474701,0.23733798541908943,0.31848961114883423,0.2311117072554672,0.30436062812805176,0.33508872915943577,0.4264591932296753,0.3397107089862523,0.43109431862831116,4.621982001795539,4.635134696960449,0.012401430390464888,0.047532662749290466,0.15288794737232392,0.24659156799316406,0.5280457454030445,0.6189576387405396
465,0.24163555778379245,0.3234418034553528,0.2370153227365311,0.3188121020793915,0.2308418383144725,0.3041970431804657,0.3347311912400492,0.42760950326919556,0.33935142397350304,0.43223920464515686,4.620233934512758,4.629695892333984,0.012315980022418392,0.04460527375340462,0.15244628648091751,0.24747639894485474,0.5277632553231316,0.6205094456672668
466,0.2411244444961833,0.3222816586494446,0.2365080716153942,0.31765758991241455,0.2303915530973439,0.3037976324558258,0.3340728170973928,0.42514291405677795,0.3386891884356436,0.429766982793808,4.616373638079034,4.624063968658447,0.012303368812837414,0.04855430871248245,0.15193001539105594,0.24547560513019562,0.5269412822897889,0.6173630356788635
467,0.24060256156755563,0.32130545377731323,0.23599229717466738,0.31668010354042053,0.2298270835598808,0.30254828929901123,0.33358054054058184,0.4250641465187073,0.33819080339093177,0.4296894967556,4.6102635980953925,4.62536096572876,0.011587053480502738,0.04484257102012634,0.15153310227697792,0.24435442686080933,0.5263610959920717,0.6184478998184204
468,0.23996096310758225,0.3237827718257904,0.23534262300839176,0.3191536068916321,0.22918448390215454,0.30432578921318054,0.33296795398466894,0.42776843905448914,0.33758629408385943,0.43239760398864746,4.618339740261104,4.629170894622803,0.010881311753504897,0.04467056691646576,0.1508235564862867,0.24863728880882263,0.525848588659558,0.619669497013092
469,0.2396731861523178,0.32101473212242126,0.2350518165018411,0.3163810074329376,0.2289794047159364,0.30182698369026184,0.3324083276620241,0.4250718653202057,0.3370296962941845,0.42970559000968933,4.62136924387326,4.633737564086914,0.011422006728928243,0.04258781298995018,0.1505627482767969,0.24497750401496887,0.5249534464176493,0.6179156303405762
470,0.2394358059545784,0.3221777081489563,0.23481387026484465,0.31754207611083984,0.22870360559482975,0.3027852475643158,0.3323713113458543,0.4263436198234558,0.3369932498736175,0.43097925186157227,4.62193464027741,4.635632514953613,0.010643977379246347,0.04288656637072563,0.15022507071904792,0.24661996960639954,0.5252417751376657,0.6188491582870483
471,0.23980619392315963,0.3220534324645996,0.23518239939641816,0.3174203038215637,0.22909521391962492,0.30358538031578064,0.3325610790496599,0.42532578110694885,0.3371848697200556,0.42995890974998474,4.62379500338581,4.63311767578125,0.011460115053392329,0.047510772943496704,0.15071357405238725,0.24472258985042572,0.525111950557337,0.6185228228569031
472,0.23957523956647828,0.3210741877555847,0.23495950004228253,0.31645166873931885,0.22903925129820643,0.30185434222221375,0.33224735221928353,0.42508402466773987,0.3368630917434793,0.42970654368400574,4.615738409229777,4.622506618499756,0.011946343840542372,0.04264703020453453,0.1500940235505642,0.24523720145225525,0.5250773815023142,0.6176788210868835
473,0.23889125622070806,0.3196246027946472,0.23427754660463507,0.3149997293949127,0.2282168982641638,0.30110034346580505,0.33155900018204576,0.42336615920066833,0.3361727074843112,0.42799103260040283,4.613708464664532,4.624871253967285,0.01084213449592972,0.043920647352933884,0.14983272639860568,0.242007315158844,0.5239758353169708,0.6173731088638306
474,0.23898166312628605,0.32078441977500916,0.23436773133046512,0.3161616623401642,0.22828588495840682,0.30175891518592834,0.33161464493813614,0.42479854822158813,0.3362285764869099,0.4294213056564331,4.613930868225159,4.622752666473389,0.010939181662547627,0.04295143112540245,0.1500217435249567,0.24436883628368378,0.5238967264561435,0.6179565191268921
475,0.23880795163757348,0.32213929295539856,0.23418720229839537,0.31750139594078064,0.228196758510273,0.30353620648384094,0.3312455933078599,0.42550450563430786,0.3358663403332306,0.4301424026489258,4.620747104232918,4.637892723083496,0.011438877844871947,0.04698202386498451,0.14977000416337455,0.24508504569530487,0.5233813861917495,0.6185415387153625
476,0.2379839333550823,0.32000353932380676,0.23335588000054983,0.31536680459976196,0.22734663044085543,0.301310271024704,0.3304063007868209,0.4234711527824402,0.33503435722643,0.428107887506485,4.628054919437604,4.636727333068848,0.01056595223331037,0.04435114189982414,0.14900253051526624,0.24311336874961853,0.5224713961990363,0.6164662837982178
477,0.23764532891256918,0.3209679126739502,0.2330250253910677,0.3163333535194397,0.2271291016568262,0.30209049582481384,0.3299738986743784,0.4246886670589447,0.3345942021958798,0.4293232262134552,4.620304160305135,4.634554386138916,0.01080040713968761,0.04421157389879227,0.14844433319771091,0.2443653643131256,0.5221425701479558,0.6176945567131042
478,0.23748350238636154,0.32301783561706543,0.23286374207334484,0.3183916509151459,0.22697954912610832,0.30439481139183044,0.3297939335485243,0.4264703392982483,0.3344136913006864,0.43109652400016785,4.619760344783352,4.626192569732666,0.010714791512159722,0.04761533439159393,0.1482681018461161,0.24598917365074158,0.5219557511146089,0.6195799708366394
479,0.23746462442279104,0.3220514953136444,0.2328452264496155,0.3174159526824951,0.2269331390528461,0.30329206585884094,0.32967627150926615,0.42588508129119873,0.3342956700066637,0.430520623922348,4.619397405762447,4.635535717010498,0.010818293050769076,0.04542410373687744,0.1484361223264884,0.2449774444103241,0.521545000756939,0.6194747090339661
480,0.2370792279239131,0.3216366767883301,0.2324604051427903,0.31701087951660156,0.22666426035517195,0.30273035168647766,0.32912104960351735,0.42577576637268066,0.33373987392717847,0.4304015636444092,4.618822192258793,4.625796318054199,0.0111516895035513,0.043910689651966095,0.14788866691438957,0.24472305178642273,0.5209524266352501,0.6195573210716248
481,0.23681593719181435,0.3219946622848511,0.23220316125128948,0.3173728883266449,0.22642580664114484,0.30310145020484924,0.3288788645314727,0.4258946478366852,0.333491642261583,0.43051642179489136,4.612776370073589,4.62177038192749,0.010921090721912318,0.0448123924434185,0.14756018494576323,0.24531401693820953,0.5207961518370184,0.6191779971122742
482,0.23650549335297524,0.32165926694869995,0.23189134129352817,0.31703120470046997,0.2260336424000004,0.3029441833496094,0.3285246596517613,0.42562437057495117,0.33313880939740087,0.43025243282318115,4.614151708808834,4.628056049346924,0.010449080658324133,0.0448928140103817,0.14752983674557643,0.24435345828533173,0.520122001805481,0.6195862889289856
483,0.23631355203793591,0.3210560381412506,0.23169581415534646,0.31642889976501465,0.22596565486085207,0.3023463189601898,0.32818889635996545,0.42448434233665466,0.3328066334712857,0.4291114807128906,4.617738044845205,4.627125263214111,0.010944354266163265,0.04543532431125641,0.14710578053671486,0.24430371820926666,0.5198468273099598,0.6172998547554016
484,0.23573650188933873,0.3214263319969177,0.23111152398263304,0.3167853355407715,0.2253687305400789,0.3026086986064911,0.3275648347048252,0.4250670373439789,0.3321898187816842,0.4297080338001251,4.624978948208276,4.641009330749512,0.010404506619918746,0.04502377286553383,0.14660053413091667,0.24469944834709167,0.5191011590799531,0.6181028485298157
485,0.23557171612990033,0.31987226009368896,0.23094954522717495,0.31524407863616943,0.22525804437730074,0.30085670948028564,0.32729221976242034,0.42405304312705994,0.3319143881042911,0.42868122458457947,4.62217164878367,4.628170013427734,0.010634451941878892,0.041719671338796616,0.1464037115015677,0.24322497844696045,0.5187359738822317,0.6176254749298096
486,0.23547240839860625,0.32086122035980225,0.23085177050782177,0.31623390316963196,0.22517414460334514,0.3023552894592285,0.32716261324639556,0.4244759678840637,0.33178325190844926,0.429103285074234,4.620638067790771,4.6273064613342285,0.010646671962084868,0.04548073559999466,0.14629850401311473,0.24331103265285492,0.5185772583786409,0.6182740926742554
487,0.23524050822491305,0.31999391317367554,0.23061797959188485,0.315362811088562,0.22496544615826142,0.30183088779449463,0.3267961552376406,0.4230976104736328,0.33141868849828376,0.42772871255874634,4.622529444403365,4.631087303161621,0.010769818136690722,0.04675259441137314,0.146130267480969,0.24195130169391632,0.5179962471724039,0.6167888045310974
488,0.2353880030637418,0.32188257575035095,0.2307681069169698,0.317252516746521,0.2251531428236061,0.30307504534721375,0.32682255104491453,0.42580124735832214,0.3314424456491482,0.4304313063621521,4.6198958808769355,4.630064487457275,0.01129681251045306,0.044926661998033524,0.14629976538767275,0.2448883205652237,0.5178628512784339,0.6194100975990295
489,0.23506705543072273,0.3213534951210022,0.23044301808675774,0.31671997904777527,0.22478293782658196,0.3030177652835846,0.32643801095608127,0.42443183064460754,0.3310620459862388,0.4290653467178345,4.624035329699179,4.633505821228027,0.01095675442027349,0.04762958735227585,0.14617021448135956,0.24383462965488434,0.5172218490095212,0.6175891160964966
490,0.23467792140969948,0.31872087717056274,0.23005034598897356,0.31408607959747314,0.22448850591511463,0.30022820830345154,0.32598428413109215,0.4224739968776703,0.33061185878054894,0.4271087944507599,4.62757646010754,4.634784698486328,0.010997380900885525,0.043090399354696274,0.14555210653004066,0.24094858765602112,0.5169160290377564,0.6166455745697021
491,0.23418207870313526,0.3196498155593872,0.22955473387381156,0.3150119185447693,0.22401303410216764,0.30096644163131714,0.32541361541532093,0.42328009009361267,0.33004096126296095,0.4279179871082306,4.62734605231557,4.637911319732666,0.01072216267123957,0.04368595406413078,0.14507606411650265,0.24255356192588806,0.5162408726686801,0.6166598200798035
492,0.23394289341018212,0.3213691711425781,0.22931279651172914,0.3167300820350647,0.22375545359385723,0.3030042350292206,0.3251529094471991,0.4248436391353607,0.32978300659269927,0.42948272824287415,4.630095754323389,4.639100551605225,0.010471149359773611,0.046721380203962326,0.14489996964710714,0.24349196255207062,0.5158952469653173,0.6187993884086609
493,0.23394279172918933,0.3198988437652588,0.22931327538551996,0.3152632713317871,0.22375427422087732,0.3017865717411041,0.3250427627992495,0.4234808087348938,0.3296722768291114,0.4281163811683655,4.629513676331393,4.635573387145996,0.010699199638007457,0.04580899700522423,0.14502169917914917,0.24118123948574066,0.5155419316120202,0.618369460105896
494,0.23371140339501803,0.3218688368797302,0.22907598328720544,0.3172236680984497,0.22356681748652235,0.3030228912830353,0.3246872063064884,0.4258134067058563,0.3293226256430318,0.43045857548713684,4.635418906175218,4.645183086395264,0.01086529321121967,0.04473930597305298,0.14476186573336686,0.2448849081993103,0.5150732912614285,0.6194444894790649
495,0.2333265178318309,0.32089510560035706,0.22869350373431638,0.31625550985336304,0.22324533381541153,0.3027414381504059,0.32418776393611565,0.42388537526130676,0.32882077880489935,0.4285249710083008,4.6330148407287846,4.6396050453186035,0.010918147252624785,0.04792141541838646,0.1443225764162956,0.2429017424583435,0.5144952726518389,0.6174011826515198
496,0.2329575995106086,0.32106420397758484,0.22833084164724338,0.3164355158805847,0.22292044352675275,0.30285322666168213,0.32369455502334993,0.4240550994873047,0.32832131211544596,0.4286837875843048,4.626757627164021,4.628676414489746,0.010947317260837584,0.04791131988167763,0.1439858221400377,0.24329380691051483,0.5138281986533125,0.6173545122146606
497,0.23284388495344793,0.31936290860176086,0.22822548194159104,0.31473955512046814,0.2228391561679786,0.3009726107120514,0.32351752995143185,0.42272722721099854,0.3281359278114518,0.42735058069229126,4.618401813160009,4.623363018035889,0.01106738861577922,0.04486805573105812,0.14388487699226576,0.241754949092865,0.5135652023773178,0.6162948608398438
498,0.23234059842091748,0.3185952305793762,0.22772015843900456,0.31396475434303284,0.22227897400129096,0.3003828227519989,0.3229564034620664,0.4222378730773926,0.3275768444622956,0.42686834931373596,4.620440371644868,4.630467891693115,0.010509201690774551,0.04406697303056717,0.14359998434866386,0.2401345819234848,0.5127277359083217,0.6169468760490417
499,0.2325299162337812,0.31894803047180176,0.22790737229588057,0.31431329250335693,0.22252604976941157,0.30034372210502625,0.32298046879521564,0.42252427339553833,0.32760301119057794,0.42715901136398315,4.6225439467701985,4.634748458862305,0.011225373405862254,0.04334324598312378,0.14378228513060723,0.2416914701461792,0.5125704919139817,0.6159964203834534
500,0.23220014605284026,0.32027360796928406,0.22757625082124355,0.31564056873321533,0.22214442889217031,0.30173131823539734,0.3226016748905953,0.42368724942207336,0.3272255683326066,0.4283202886581421,4.623895191056883,4.633035182952881,0.010837793074927854,0.045203398913145065,0.1436501887167122,0.24301347136497498,0.5119453029043511,0.6169770956039429
501,0.2322437224169275,0.32170578837394714,0.22761763094216766,0.31707483530044556,0.22220041439859095,0.3029158413410187,0.32258924421298085,0.4255703091621399,0.3272153356877407,0.4302012622356415,4.626090998019085,4.630953788757324,0.011037714909679293,0.04491863399744034,0.1437051201934425,0.24471212923526764,0.5118584078764848,0.6191167831420898
502,0.23185014803666024,0.3205893635749817,0.22723065335958822,0.3159630596637726,0.221877394467773,0.30187538266181946,0.32205747027557197,0.42427629232406616,0.32667696418137476,0.42890259623527527,4.6194930379322265,4.626296043395996,0.011153789842331814,0.04441123083233833,0.14328184891364085,0.24358174204826355,0.5111965491518143,0.6176331639289856
503,0.2314192465609305,0.31970691680908203,0.22680443497596844,0.31508010625839233,0.22148481101171236,0.301068514585495,0.3215307180596131,0.4233626127243042,0.32614553094006626,0.4279894232749939,4.614812488648461,4.626824378967285,0.01104340011015191,0.043829143047332764,0.1428622064010074,0.242506742477417,0.5105488210783957,0.6168696284294128
504,0.2310794138662544,0.3189789354801178,0.22646574818239587,0.3143536448478699,0.22109165116451648,0.30094653367996216,0.32117968033645206,0.4219812750816345,0.3257933450019943,0.42660656571388245,4.613665504779499,4.625280857086182,0.010561644501857584,0.046356141567230225,0.14269711429707396,0.24068689346313477,0.5100161900801838,0.6157965660095215
505,0.2308613444827994,0.31900373101234436,0.22624450897910167,0.3143818974494934,0.22095971349950652,0.3014132082462311,0.32079479361033564,0.42146074771881104,0.3254116262760039,0.426082581281662,4.616834814231308,4.621840476989746,0.01096179146203636,0.04889937862753868,0.14238469682263305,0.23999978601932526,0.5095326577031174,0.6153404712677002
506,0.23050302684041973,0.3189001977443695,0.22588426276011067,0.3142803907394409,0.22077065161544207,0.3010098338127136,0.3202666107382892,0.4223265051841736,0.3248853740473291,0.4269463121891022,4.6187646249215035,4.619820594787598,0.011486065186096187,0.045826513320207596,0.14169638909119323,0.23977085947990417,0.5091294995744461,0.6174321174621582
507,0.23051208274546683,0.31773167848587036,0.22589800730679038,0.3131031394004822,0.22066677816956332,0.3001866340637207,0.3202872230512046,0.4199097454547882,0.32490129848988103,0.4245382845401764,4.614075857379202,4.628537654876709,0.011120313798855828,0.048355281352996826,0.14204965543274545,0.2388533651828766,0.5088303712664757,0.6133512258529663
508,0.23026507107101854,0.3196532130241394,0.22564352166059767,0.31502091884613037,0.22040666997721936,0.30143091082572937,0.3199037167040674,0.4230555593967438,0.3245252676570266,0.4276878535747528,4.62154918386056,4.6322922706604,0.011119792487184576,0.045599766075611115,0.14194746256428983,0.24146531522274017,0.5081527559708064,0.6172276735305786
509,0.229728588908971,0.3200569450855255,0.2251069610219131,0.315430223941803,0.21996302287490851,0.3024651110172272,0.3192545516477439,0.4230215549468994,0.3238761741359177,0.42764827609062195,4.621626615042249,4.626724720001221,0.011108424801498446,0.04888095334172249,0.14125538189257875,0.24049843847751617,0.5075252625655896,0.6180160045623779
510,0.2295447355561829,0.3178454041481018,0.22492630274200362,0.31322306394577026,0.2197715712073261,0.2995701730251312,0.3190628839103114,0.42123743891716003,0.323681317742807,0.4258597791194916,4.618432270000688,4.622330665588379,0.010917429156598416,0.0436493381857872,0.1411181557855768,0.23987416923046112,0.507279126124974,0.6151870489120483
511,0.22961553065366125,0.31757187843322754,0.2249957345067563,0.3129372298717499,0.21993993075690288,0.2994302809238434,0.3189169968905065,0.4204770624637604,0.3235367899523348,0.42511171102523804,4.619794288339087,4.634637832641602,0.011746792993412247,0.04481460899114609,0.14112233970987617,0.23965716361999512,0.506950657051004,0.6138190627098083
512,0.22941294320310315,0.3187262713909149,0.224789063378813,0.3140968382358551,0.21971070904433848,0.3009101152420044,0.3186564210620044,0.42092302441596985,0.3232803024288329,0.42555245757102966,4.623878848827468,4.6294403076171875,0.011583524624324862,0.04846925288438797,0.141038843116874,0.24062325060367584,0.5065097656994275,0.6136378645896912
513,0.22921644712188588,0.3193301856517792,0.22459104584866674,0.3146946430206299,0.21948991459220032,0.30091723799705505,0.3183526776721976,0.42288145422935486,0.3229780820304934,0.42751699686050415,4.625402414890325,4.635530948638916,0.011537207447194253,0.0443718321621418,0.141019194715668,0.2415316104888916,0.5059133414020917,0.6168482303619385
514,0.2289446760684529,0.3181295096874237,0.2243125626928065,0.3134838342666626,0.21933739751372508,0.30046573281288147,0.3179517475834656,0.42039743065834045,0.3225838571027662,0.42504310607910156,4.632112999749097,4.645676612854004,0.011907208785474951,0.04819565266370773,0.14049810447097066,0.2394210547208786,0.505606881602303,0.6137805581092834
515,0.2285886914851547,0.3180060088634491,0.22395692145082086,0.31337249279022217,0.2189407777410261,0.299936443567276,0.31747056777015464,0.4208263158798218,0.32210234036534313,0.4254598319530487,4.631769725199513,4.633519172668457,0.01168845073284948,0.045650798827409744,0.14039530721671947,0.239973783493042,0.5047385719590857,0.6141847372055054
516,0.22807191114072803,0.31863394379615784,0.22345030020351503,0.3140104413032532,0.2185390350840808,0.30039215087890625,0.31684241273650937,0.4212076961994171,0.3214640203415986,0.4258311986923218,4.621610441527962,4.623490333557129,0.01176295101264506,0.04626299813389778,0.1397072823060653,0.2414190173149109,0.5041468706610133,0.6134944558143616
517,0.22817138332106832,0.31835439801216125,0.22355244842271693,0.31372350454330444,0.21858227688606768,0.3007088005542755,0.3169493754287023,0.42046424746513367,0.32156830748902415,0.4250951409339905,4.618932602138496,4.6309075355529785,0.01167217953702276,0.04880944639444351,0.13997804996844876,0.23983266949653625,0.5040966055675696,0.6134843230247498
518,0.22762810741654785,0.3180941641330719,0.2230086968078143,0.3134665787220001,0.21808134208576813,0.3001693785190582,0.3163205345801096,0.42084628343582153,0.32093994210376653,0.4254738688468933,4.619408989646779,4.627572059631348,0.011440287824694535,0.04633165895938873,0.13939755283118355,0.23973654210567474,0.5034061949647394,0.6144399046897888
519,0.22747320321784345,0.31857240200042725,0.2228558537596592,0.31394630670547485,0.21785246344939255,0.30057206749916077,0.3161465532014209,0.42144083976745605,0.32076389827903734,0.42606693506240845,4.6173483105839574,4.626099109649658,0.01109595168412057,0.04633086919784546,0.13949114715117844,0.2403225600719452,0.5029702925556737,0.6150627732276917
520,0.2274135011220046,0.3165108263492584,0.22279585358636658,0.31188562512397766,0.21782065462208064,0.2986014187335968,0.31595534467041564,0.41916319727897644,0.32057299297732283,0.4237883985042572,4.617647833155082,4.625214576721191,0.011399394508302092,0.04500593990087509,0.13948599078903012,0.23822462558746338,0.5025765740625587,0.6125736832618713
521,0.2270033946053682,0.3184560239315033,0.22238290109858067,0.31382060050964355,0.21743499310186312,0.30051136016845703,0.3155150540170041,0.4210941195487976,0.32013554906632996,0.42572954297065735,4.620495348481866,4.635410308837891,0.011128680461176339,0.04687181115150452,0.13902132954257151,0.24023780226707458,0.5021549785035947,0.614424467086792
522,0.2267244930480397,0.3181527256965637,0.2221017150420001,0.313520610332489,0.21718762036498818,0.29999539256095886,0.3151294015772758,0.42120540142059326,0.3197521803545846,0.42583751678466797,4.622776464176139,4.632101058959961,0.011172140887465811,0.045036476105451584,0.13875032282290167,0.24014204740524292,0.5016403967342153,0.6148076057434082
523,0.22671972797845377,0.3198774755001068,0.2220978179755984,0.315250039100647,0.21718551477607909,0.3017539083957672,0.31503093301695556,0.42285439372062683,0.319652838392196,0.42748183012008667,4.621907343712115,4.6274285316467285,0.01137273940771782,0.047025371342897415,0.13884058635074795,0.24187026917934418,0.5013432252084105,0.6163660883903503
524,0.22611678809566244,0.31725698709487915,0.22150374799545025,0.31263667345046997,0.21654546487394055,0.29893359541893005,0.31444823486429935,0.4199885129928589,0.31906127598282785,0.42460882663726807,4.6130399189157325,4.620311737060547,0.010612067908464392,0.04430089145898819,0.13837015940937686,0.24013268947601318,0.5006541677491172,0.6123672127723694
525,0.22595104051537712,0.3181246817111969,0.22133632197078307,0.31349772214889526,0.2164070245964634,0.30038559436798096,0.31416100522693813,0.4206324517726898,0.31877572068645554,0.42525941133499146,4.61471830511498,4.6269612312316895,0.010786588101889193,0.04745256155729294,0.13824328263182897,0.2394796460866928,0.5001912039636457,0.6142246127128601
526,0.22594995827410705,0.3179093897342682,0.22132894937272887,0.31328141689300537,0.21647529085902997,0.29988619685173035,0.3140419378027085,0.4208890497684479,0.3186629500362105,0.4255170226097107,4.621011498386061,4.627986431121826,0.011248894590919094,0.045362912118434906,0.13813036156602104,0.23960067331790924,0.500046618400293,0.6146950125694275
527,0.22547597825840518,0.3182685673236847,0.2208565095755141,0.3136367201805115,0.21602288879728299,0.30035313963890076,0.3134906494178803,0.4211418926715851,0.31811011887204055,0.4257737398147583,4.619468219261925,4.631843566894531,0.011004480333329212,0.046280231326818466,0.13768176209020364,0.23973460495471954,0.499382420705486,0.6150445938110352
528,0.22525919323694452,0.3197317123413086,0.22063570251192008,0.3151003420352936,0.21578990856959085,0.30180951952934265,0.31324272042722584,0.421841025352478,0.3178662137131049,0.42647239565849304,4.623490617191362,4.631369113922119,0.010802962760385646,0.04932955652475357,0.13752536916727967,0.2420235425233841,0.4990413927424547,0.6140754818916321
529,0.22504682239375517,0.31844332814216614,0.2204230267462632,0.31380972266197205,0.21565619066472097,0.3003647029399872,0.31277258057272295,0.42110490798950195,0.3173963769914841,0.42573851346969604,4.623794782995647,4.6335906982421875,0.011376886200378213,0.04639393091201782,0.13735068596980854,0.24060437083244324,0.4982409982174165,0.6140958070755005
530,0.22479043565344048,0.3162749707698822,0.22016405486838808,0.31164485216140747,0.21538193265990693,0.2988286018371582,0.3125160323840811,0.4180348515510559,0.31714241548294103,0.42266497015953064,4.626381209828908,4.630132675170898,0.011065387351945302,0.04808437079191208,0.13713423423303364,0.23753774166107178,0.49794617749590936,0.6108636856079102
531,0.2246583809182078,0.31669411063194275,0.2200363379256522,0.31206458806991577,0.21521317421956146,0.2988358438014984,0.3122994498569282,0.41885992884635925,0.3169214992666842,0.42348945140838623,4.622044566764168,4.629526615142822,0.01099723357906105,0.04637148603796959,0.13722098691353565,0.23874728381633759,0.4974213123586657,0.6113888025283813
532,0.22493944742204303,0.3190830647945404,0.2203169699217499,0.31444889307022095,0.21556967796341303,0.30148807168006897,0.31256897463713684,0.4217190146446228,0.3171914529086991,0.42635318636894226,4.622475601139215,4.6341776847839355,0.01153667440379601,0.04858844727277756,0.13728960987603767,0.23984234035015106,0.4978827424513103,0.6160334348678589
533,0.2243099559054797,0.3177299499511719,0.21968828536362192,0.31309956312179565,0.2148893642801531,0.29985618591308594,0.31183294334297856,0.42046695947647095,0.3164546113239817,0.42509734630584717,4.621668789775276,4.630401611328125,0.010973562427720728,0.04615771770477295,0.13692603644406898,0.2392236739397049,0.49676849559594205,0.6141871809959412
534,0.22386578547294161,0.3183441162109375,0.21924609270020626,0.3137149214744568,0.21446952311750658,0.3008979856967926,0.311340385839325,0.4202989935874939,0.31596007784079116,0.4249281883239746,4.61969240387586,4.629185676574707,0.01070666329101409,0.049744125455617905,0.13647094457510073,0.23940564692020416,0.49623095167343595,0.6135441660881042
535,0.22381846362697033,0.31749123334884644,0.21919179440532865,0.3128587007522583,0.2144536474276013,0.30026349425315857,0.3111555642123363,0.4193696677684784,0.31578223472946915,0.42400220036506653,4.626668346395774,4.632538318634033,0.011046176206499784,0.04972976818680763,0.13644061520472742,0.23797257244586945,0.495874152666058,0.6130881309509277
536,0.22351331935327062,0.3190828561782837,0.21888999428240047,0.3144524395465851,0.21423760440322584,0.30112162232398987,0.31070047509704,0.4216502606868744,0.3153238006921322,0.426280677318573,4.623324658385761,4.6304097175598145,0.011332939384189566,0.04759592190384865,0.13604718072545513,0.2410127967596054,0.4953326929377198,0.614756166934967
537,0.22354784020397087,0.3194160461425781,0.21892820520411607,0.3147850036621094,0.2142586785979084,0.3013344705104828,0.3107006430650018,0.42248427867889404,0.3153202757510491,0.4271153211593628,4.619632865174599,4.631036758422852,0.011397999146440302,0.04650205001235008,0.1361759347299598,0.2411709874868393,0.49520210768113093,0.6163303852081299
538,0.22307282190331554,0.31817689538002014,0.21845425497265997,0.3135526180267334,0.21377961906377382,0.30027318000793457,0.31019318289376924,0.4206903278827667,0.3148117431300495,0.42531460523605347,4.6185651105085554,4.624287128448486,0.010978670874019287,0.046982135623693466,0.13575229760345253,0.24002476036548615,0.49460787892197,0.6138126850128174
539,0.22303716472006982,0.31761234998703003,0.2184185260975356,0.31298530101776123,0.21373775380249693,0.30005842447280884,0.3100772685986321,0.41999468207359314,0.3146959066969443,0.42462173104286194,4.618639154468911,4.627061367034912,0.011092561509518959,0.04777862876653671,0.1358189733643981,0.23855295777320862,0.494301725761928,0.6138436794281006
540,0.22229618822882352,0.31763941049575806,0.21767281045857778,0.3130059242248535,0.21307516303493385,0.2997727692127228,0.3091855361858843,0.4204825758934021,0.3138089113952754,0.42511606216430664,4.623377842986049,4.633480072021484,0.010911944553894742,0.0458659864962101,0.13498176142627585,0.23898497223854065,0.4933317795582643,0.6144673824310303
541,0.22201775383766104,0.31886857748031616,0.21739610217382105,0.3142390549182892,0.21279069216710278,0.3013303875923157,0.30886382770788995,0.4205769896507263,0.31348547705792246,0.4252065122127533,4.621651060418277,4.629508972167969,0.010705822682572289,0.05050128325819969,0.13477528003054595,0.240459144115448,0.4928909715399104,0.613030731678009
542,0.2222240002011655,0.3172331154346466,0.21760750680354457,0.31260526180267334,0.2130077195719481,0.2996038794517517,0.30893562051433326,0.4195382595062256,0.3135521121223687,0.42416611313819885,4.616491266652441,4.6278486251831055,0.011228326897129711,0.047328002750873566,0.13511693166712735,0.23847292363643646,0.4926778964918247,0.6130107045173645
543,0.22241082988164226,0.3194657564163208,0.21779642888904824,0.3148317337036133,0.21319071813556187,0.30189424753189087,0.30904969558559636,0.42132115364074707,0.3136640960539684,0.4259551763534546,4.614401968297716,4.63400936126709,0.01155629651331005,0.05068589001893997,0.135402030540872,0.24097739160060883,0.4926138296211195,0.6140194535255432
544,0.22202383618676802,0.3175855278968811,0.21739892215078965,0.31295108795166016,0.21283108816062976,0.30007028579711914,0.3085917121502151,0.41997015476226807,0.3132166292712701,0.424604594707489,4.624914635736548,4.634426116943359,0.011403571180110511,0.047867074608802795,0.134956462737331,0.2383725643157959,0.49213322751251154,0.6139712333679199
545,0.22173045586464715,0.31899183988571167,0.21710716250017015,0.31436195969581604,0.21259025501496293,0.30173447728157043,0.3082707074071249,0.4207351803779602,0.31289400024737996,0.42536506056785583,4.623292965007802,4.629894256591797,0.011331352111128385,0.0514226034283638,0.13454534738255666,0.2397158443927765,0.4918940513301754,0.6140649914741516
546,0.2216418854473479,0.3166239261627197,0.21701742491161008,0.3119843006134033,0.21245699702150853,0.299046128988266,0.3081195491241435,0.41930854320526123,0.3127440063277575,0.42394816875457764,4.624459839715583,4.639624118804932,0.011235785855487249,0.04608048126101494,0.13464848440497498,0.23725399374961853,0.4914867280949671,0.6138039231300354
547,0.221692915603645,0.3173900544643402,0.21705870199579486,0.31274721026420593,0.2126065739737413,0.29960009455680847,0.30797686877638236,0.41988247632980347,0.31261107954620304,0.42452532052993774,4.6342133507765215,4.642847537994385,0.01200009877366054,0.04659239947795868,0.13456394081408804,0.23883183300495148,0.4912556768234953,0.6133760213851929
548,0.22113473662783442,0.3189547657966614,0.21650165749666328,0.3143206834793091,0.21204716215430605,0.3015967607498169,0.30732034050979645,0.42080554366111755,0.3119534222018222,0.42543962597846985,4.6330794740484835,4.634085178375244,0.01164495408176484,0.05084718391299248,0.13411849653412347,0.2398415058851242,0.49037803645033706,0.6141015887260437
549,0.22136235964404297,0.31837987899780273,0.2167347225278098,0.3137441575527191,0.2123541619871196,0.2999545633792877,0.30748128870504376,0.4210965037345886,0.31210893069593904,0.42573222517967224,4.627637101916519,4.635720729827881,0.012259183535514286,0.0451388843357563,0.13420945093837094,0.2414945662021637,0.4905938499739331,0.613230288028717
550,0.22113652720149596,0.3176034986972809,0.21650928562583105,0.3129638731479645,0.2119917863000032,0.2999563217163086,0.3072046573664368,0.4195883572101593,0.3118318971525162,0.4242279827594757,4.627240520713303,4.639619827270508,0.011716428882033055,0.04831653833389282,0.13444159187457844,0.23917414247989655,0.4898173338938858,0.6123782992362976
551,0.22061265336204242,0.31868690252304077,0.21598027090384225,0.31404244899749756,0.21149983224216087,0.30086520314216614,0.3066540736082928,0.420714795589447,0.3112864581332533,0.42535924911499023,4.632382006284634,4.644447326660156,0.011347802274540712,0.04876789450645447,0.13382597941283123,0.2407027930021286,0.4893257063118687,0.6131249666213989
552,0.21992965000412312,0.31714966893196106,0.21529740619963111,0.3125128149986267,0.21084044553758258,0.30005016922950745,0.30593991188013836,0.4187738597393036,0.3105721556846304,0.42341071367263794,4.632242889766793,4.636853218078613,0.010803638731859688,0.05032104626297951,0.13310681414228193,0.2374987006187439,0.48861088470269254,0.6123307943344116
553,0.21966071010503604,0.31705960631370544,0.21503345654457146,0.3124208450317383,0.21067440213942112,0.2993869185447693,0.3054264288077796,0.4190463125705719,0.310053681596975,0.42368507385253906,4.6272527378096155,4.638758659362793,0.011368398008558536,0.047689568251371384,0.13281666873391226,0.23870790004730225,0.48783813395868464,0.6117632985115051
554,0.21956014175237648,0.3196888566017151,0.21493578639244484,0.3150535225868225,0.21054562725039372,0.30166342854499817,0.30532772493805904,0.4225403070449829,0.30995208106925987,0.4271756410598755,4.6243546858423885,4.6353230476379395,0.011176375459067696,0.047405291348695755,0.13281175517091084,0.24148468673229218,0.4876487497323156,0.6161003708839417
555,0.21974699299223646,0.317705363035202,0.21511775839078104,0.31306371092796326,0.21060674457091144,0.30019912123680115,0.30546188499105154,0.41970154643058777,0.31009112190631444,0.42434319853782654,4.629235978363691,4.641643524169922,0.011083861394550726,0.048831816762685776,0.13340034653096366,0.2388383150100708,0.4873360268172107,0.612927258014679
556,0.21925958440316334,0.3174346089363098,0.21462773370492136,0.3127965033054352,0.21018738520444283,0.29997944831848145,0.3049676721750654,0.41948601603507996,0.3095995197882307,0.4241241216659546,4.631849700605344,4.638094902038574,0.010821955579039639,0.04860356077551842,0.13270638307072208,0.23837681114673615,0.4870338148787298,0.6129579544067383
557,0.218994187708572,0.3177007734775543,0.2143666938134065,0.3130634129047394,0.2099408964866383,0.3000192642211914,0.3045699202816736,0.4201001524925232,0.3091974126343008,0.42473751306533813,4.6274940403569245,4.63735294342041,0.0108936389417113,0.04743530601263046,0.13254623541068414,0.2389480620622635,0.48638281067083877,0.6136744022369385
558,0.21869677334746704,0.31706392765045166,0.2140711796004137,0.31243300437927246,0.2096239199618603,0.29964911937713623,0.3041758485954877,0.41901060938835144,0.3088014428667631,0.42364153265953064,4.625592845873557,4.63091516494751,0.010738854107077528,0.04857838898897171,0.1324176347802826,0.23803319036960602,0.48571527705614836,0.6123358011245728
559,0.21856793657011508,0.32023006677627563,0.213943893905598,0.31559401750564575,0.2095298315114065,0.3023087680339813,0.3039736277629044,0.42249032855033875,0.3085976701803743,0.42712637782096863,4.624042387004811,4.636038303375244,0.010872193724383987,0.049513157457113266,0.132271308890249,0.24233700335025787,0.48544598140313566,0.6150761842727661
560,0.21829506143282842,0.3166736662387848,0.21366493304490175,0.3120366930961609,0.20923521277806173,0.29892483353614807,0.30360611852633534,0.4186134338378906,0.30823624820975315,0.4232504069805145,4.63012970732717,4.636983394622803,0.010730911874401753,0.04716614633798599,0.1321316349617248,0.23860470950603485,0.48484309811221893,0.6110036969184875
561,0.21815069901933565,0.31787288188934326,0.21352191727941353,0.3132392168045044,0.20912592072646916,0.30055609345436096,0.3034274219454323,0.419878751039505,0.30805620343830725,0.42451241612434387,4.6287829936683496,4.633659839630127,0.010767587017700276,0.049567077308893204,0.131926724352048,0.23847705125808716,0.4846834478304061,0.6136242151260376
562,0.21738799508047932,0.3176657259464264,0.21276424884844347,0.31303828954696655,0.2085037205957277,0.30042436718940735,0.30260920935539015,0.41924262046813965,0.30723295429193487,0.4238700568675995,4.623745929457328,4.627447128295898,0.010557690314086907,0.05049637332558632,0.130833323486074,0.23852984607219696,0.4841201426382254,0.6122469305992126
563,0.2175229661953001,0.3187170922756195,0.2129019528832264,0.31408530473709106,0.2086050043607886,0.3008771240711212,0.3026333129868737,0.4212682843208313,0.3072543257747254,0.42590007185935974,4.621012984621732,4.631785869598389,0.010821321215804439,0.047640617936849594,0.13119787177815884,0.24029962718486786,0.4837958187021517,0.6146911978721619
564,0.21734901808964496,0.318528950214386,0.21272297611469881,0.31389111280441284,0.2083624440301443,0.3006525933742523,0.30244417800095413,0.42090073227882385,0.30707022204266066,0.425538569688797,4.62604187241557,4.637849807739258,0.010466411063169666,0.04771684110164642,0.1312170511392558,0.24037720263004303,0.483403876538321,0.6138637661933899
565,0.21718264427495496,0.31797105073928833,0.21255308569827353,0.31333228945732117,0.208196892478762,0.30002638697624207,0.30210191885132176,0.42042404413223267,0.3067314776750504,0.42506280541419983,4.6295582153900305,4.638765335083008,0.010672517874030705,0.04677620530128479,0.13121565798613113,0.23993073403835297,0.48270249358324496,0.613372266292572
566,0.21717347786149852,0.318335622549057,0.21254397803986066,0.3136941194534302,0.20833002204987572,0.30046209692955017,0.30191421336458607,0.42068710923194885,0.30654371858510804,0.4253286123275757,4.629501157090387,4.641513824462891,0.011480498458290819,0.047574952244758606,0.13097502745528286,0.240178644657135,0.482534536672323,0.6136327385902405
567,0.21664161874705173,0.31881529092788696,0.21201465544891512,0.314186692237854,0.20779387371481262,0.30132797360420227,0.3014194044901011,0.42103111743927,0.30604636624569936,0.425659716129303,4.6269611400291115,4.628598213195801,0.010857398690655074,0.049538593739271164,0.13042951133923159,0.23972675204277039,0.48209470898527584,0.6147185564041138
568,0.2165270306191076,0.31811392307281494,0.2119111257179324,0.3134947121143341,0.2076185857579624,0.3003528416156769,0.3012856423999441,0.42051026225090027,0.30590154652985013,0.4251294732093811,4.615904184280501,4.619198799133301,0.01059476623339507,0.04760788008570671,0.13056935007230888,0.23968970775604248,0.4816916452888723,0.6137609481811523
569,0.21646643242901556,0.3180154263973236,0.2118486496621763,0.3133854269981384,0.20755589435542107,0.30009981989860535,0.3011163520731041,0.4204164445400238,0.3057341376779728,0.425046443939209,4.617782981493094,4.629995346069336,0.010756299858464676,0.047019924968481064,0.1306198449828728,0.23998785018920898,0.4812915326972457,0.6132916212081909
570,0.216215161890623,0.3200053870677948,0.21159154192980995,0.31537458300590515,0.20733247109260627,0.3024277985095978,0.3007589072242132,0.4218634366989136,0.30538252743207345,0.4264942407608032,4.623620892843639,4.630796909332275,0.010814791292575777,0.05120113492012024,0.1303689244500404,0.2415482997894287,0.48081370694069453,0.6145340204238892
571,0.21646220400610097,0.3187718093395233,0.21184290630394179,0.3141436278820038,0.20761281673092616,0.3010304868221283,0.30087991334193637,0.42081114649772644,0.3054992118153647,0.42543932795524597,4.619298817510794,4.62816858291626,0.011430332244340341,0.049077969044446945,0.13067199859814851,0.24062000215053558,0.48073611934803007,0.6133934259414673
572,0.2161447976253026,0.3192378282546997,0.21152557941207123,0.314609169960022,0.20731682128213072,0.302143931388855,0.30043965162316943,0.4207926094532013,0.3050588698364008,0.42542126774787903,4.619218162424016,4.628670692443848,0.011437801095505282,0.052572645246982574,0.13042104423190726,0.2396843284368515,0.4800916327260739,0.6141748428344727
573,0.21573524093921975,0.3182382583618164,0.21111075013116742,0.31359827518463135,0.20695530518051877,0.30088552832603455,0.2999339456795393,0.4197190999984741,0.30455843519210046,0.4243590831756592,4.624489305089757,4.639978408813477,0.011379555472558055,0.05092517286539078,0.12994462881934724,0.23946897685527802,0.47954173104704223,0.6122624278068542
574,0.21533674929626934,0.3179509937763214,0.21070630509772378,0.3133149743080139,0.20655709488209664,0.300123006105423,0.29945525670408285,0.42052146792411804,0.30408570500602133,0.42515748739242554,4.630443939736533,4.636013984680176,0.01115059971190263,0.046871118247509,0.12959988025991337,0.23945684731006622,0.4789208017690337,0.6140410900115967
575,0.21509311772096606,0.31831416487693787,0.21046711702699658,0.313687264919281,0.2063037742741234,0.3002101480960846,0.2991831630552726,0.4212185740470886,0.3038091637492421,0.4258454740047455,4.62600092303642,4.626887798309326,0.01093680022779236,0.045675236731767654,0.12943696598509183,0.24032816290855408,0.4785375547852537,0.6146270632743835
576,0.21476167524771994,0.3195118010044098,0.2101432140291436,0.3148800730705261,0.20598920957428984,0.30194011330604553,0.2987529654349579,0.4212484657764435,0.303371429985658,0.42588019371032715,4.618461273384634,4.631728172302246,0.010865457283669621,0.05098120495676994,0.12919732860187458,0.24116037786006927,0.4779048432500749,0.6136787533760071
577,0.21449185871687487,0.3197493851184845,0.20986572386425031,0.31511181592941284,0.20569196254846495,0.3017025291919708,0.29844814161756866,0.4219643771648407,0.3030742782597787,0.42660194635391235,4.626134250022312,4.63755464553833,0.010584134503436798,0.04873790591955185,0.12900683614005456,0.24226659536361694,0.4774849111379229,0.6141030788421631
578,0.21457153634652887,0.31996071338653564,0.20994583450730783,0.31532686948776245,0.20578512805485794,0.3019622564315796,0.29844277055939344,0.42246001958847046,0.3030684693135378,0.42709386348724365,4.6257011210730425,4.633831977844238,0.010884574562871547,0.04850151389837265,0.12913833030119531,0.24205495417118073,0.4773324881663363,0.6153303384780884
579,0.2146846894498687,0.3222980201244354,0.210060968579332,0.31766462326049805,0.20593509814346844,0.3039708435535431,0.2984322884933118,0.42529425024986267,0.30305600705004104,0.42992764711380005,4.6237200583902585,4.633401870727539,0.011372037435660731,0.04877341166138649,0.12928288222395645,0.24484093487262726,0.4771503786832468,0.6182982325553894
580,0.2145826899229251,0.3191058933734894,0.2099612197724615,0.31447404623031616,0.20579101756859827,0.301481157541275,0.2982622448172687,0.42128074169158936,0.3028837149677323,0.4259125888347626,4.62146955205514,4.631854057312012,0.011282573521116147,0.049488916993141174,0.12938776984057637,0.24044950306415558,0.4767027183240404,0.6145050525665283
581,0.21401003695455004,0.31946560740470886,0.20938863402501418,0.314835786819458,0.2052666260086955,0.30139264464378357,0.2975742146764455,0.42179325222969055,0.30219561683471224,0.4264230728149414,4.62140316776163,4.629825115203857,0.011102393014583205,0.048136256635189056,0.12879451487501092,0.24198018014431,0.4759029750635014,0.6140615344047546
582,0.21392476868398075,0.3200196921825409,0.20930682808413856,0.3153935670852661,0.2051294301137527,0.30277279019355774,0.2975420349650763,0.4219056963920593,0.30215997608914047,0.4265318214893341,4.617941001818048,4.626134395599365,0.010744309399293541,0.05218295753002167,0.1288238299963111,0.24058155715465546,0.47582015073400635,0.6155539155006409
583,0.2137023723118227,0.32040998339653015,0.20908642523789087,0.31578192114830017,0.20500918814300093,0.30206453800201416,0.297119459291725,0.4229591190814972,0.30173540997495546,0.4275871813297272,4.615946963110098,4.62807035446167,0.01125998708829615,0.04776908457279205,0.12852074142004669,0.24350370466709137,0.47524683544426566,0.6149208545684814
584,0.21306105191848368,0.3185058832168579,0.20844297441234003,0.3138713836669922,0.20436890550436781,0.301289439201355,0.2964246068774955,0.4201368987560272,0.3010426843836391,0.42477139830589294,4.618077340802826,4.6345038414001465,0.01073448392579515,0.05129992589354515,0.12792202391655302,0.23920433223247528,0.47445019698798585,0.613364040851593
585,0.21294238973594223,0.31784889101982117,0.20831743549153336,0.31321224570274353,0.2042847588158213,0.30024662613868713,0.29616165744405115,0.41997092962265015,0.30078661039296883,0.4246075749397278,4.624953216740924,4.636634349822998,0.011026451950896571,0.04841282218694687,0.12781896273158505,0.2391577661037445,0.47400886036103135,0.6131693124771118
586,0.21271852566267477,0.31971368193626404,0.20809036831334204,0.31507760286331177,0.20407115223072242,0.3017922341823578,0.29584192999499653,0.42215749621391296,0.3004700860488381,0.42679357528686523,4.62815812874843,4.636068344116211,0.011036066305279443,0.04861004650592804,0.12764965365928915,0.24162793159484863,0.47352774222515104,0.6151387095451355
587,0.21269501588434234,0.3191268742084503,0.20806244806847107,0.31448572874069214,0.20406946907436804,0.3014765679836273,0.2957955862267799,0.42113178968429565,0.30042815583223664,0.42577293515205383,4.632567757206603,4.641152858734131,0.011128313064400455,0.049788039177656174,0.127563770271437,0.24067814648151398,0.4735163165353543,0.6139635443687439
588,0.21240730495092314,0.3187858760356903,0.207776451937544,0.3141469657421112,0.20375060811608706,0.30086907744407654,0.2954051001709191,0.42101815342903137,0.30003595704064406,0.4256570637226105,4.6308538216692305,4.638915061950684,0.01096010835727566,0.048141684383153915,0.12748452770989577,0.24089470505714417,0.4728071952560292,0.6135708689689636
589,0.21213356482322238,0.31921178102493286,0.20750476272299953,0.31457892060279846,0.20351404825950797,0.30108973383903503,0.29510295795999075,0.42177340388298035,0.2997317577464061,0.42640626430511475,4.628801098826247,4.63286018371582,0.010861525576060063,0.047237809747457504,0.12714132476180756,0.24160973727703094,0.47253928983977966,0.6144216060638428
590,0.21225593011002283,0.31912919878959656,0.20763085550544622,0.31449654698371887,0.2036368207221951,0.3013022840023041,0.29507215883246907,0.4213092625141144,0.29969723420831484,0.42594191431999207,4.625074762397578,4.632648468017578,0.011307308401007113,0.04887377843260765,0.12744222351512202,0.24105937778949738,0.47216092009704413,0.6139736771583557
591,0.2120382778867748,0.3188154101371765,0.20741486886205146,0.31418460607528687,0.20342829213106725,0.3011840581893921,0.29480777083742826,0.4207593500614166,0.2994311790908824,0.4253901541233063,4.623407118628009,4.630810260772705,0.011216283123224697,0.04966353997588158,0.12725513101564068,0.24042655527591705,0.47181346221968945,0.6134620904922485
592,0.21168847291082976,0.3195730447769165,0.20706602483927553,0.3149414658546448,0.20309623534193513,0.30173060297966003,0.29440130060180886,0.42182213068008423,0.2990237517584397,0.42645370960235596,4.622447567626238,4.631564617156982,0.011040736169445457,0.04912416636943817,0.12691740182503677,0.24148167669773102,0.4713305669591536,0.6145859360694885
593,0.21162388296297,0.320770800113678,0.2070008713105792,0.3161407709121704,0.20309998643359722,0.30286669731140137,0.29415992075886943,0.4233648180961609,0.2987829339537985,0.42799484729766846,4.623009435666798,4.630035400390625,0.011560121351183426,0.04940510541200638,0.12683443713660575,0.24250614643096924,0.470905407064124,0.6166888475418091
594,0.21153357556919025,0.31955987215042114,0.20691110378713487,0.3149259686470032,0.2029383775499057,0.3015592396259308,0.29418096447636904,0.42200779914855957,0.2988034390964539,0.42664170265197754,4.622472518954834,4.633912086486816,0.011014299648348807,0.048201873898506165,0.12683993593623558,0.24171407520771027,0.4709608992053293,0.6147617697715759
595,0.21157645201254027,0.32090047001838684,0.20694648287964407,0.3162633180618286,0.20297111208700142,0.3035471439361572,0.294086389174309,0.42217034101486206,0.2987163600967907,0.4268074929714203,4.629970441016889,4.637137413024902,0.011314826878898667,0.05402936041355133,0.1270197915117412,0.24236904084682465,0.4705787183083458,0.6142430305480957
596,0.21123336272421897,0.3206111192703247,0.2066075898378521,0.3159744441509247,0.2026728135622131,0.3030035197734833,0.29365662113886537,0.42227649688720703,0.2982823953207234,0.42691317200660706,4.625772594586105,4.636682987213135,0.011293084658923367,0.05211901292204857,0.12665678178111986,0.2424159198999405,0.4700685805436623,0.6144756078720093
597,0.2110842545831247,0.3189578354358673,0.2064533985449243,0.3143196702003479,0.20245568462098798,0.3009931147098541,0.2935319870433198,0.4216221570968628,0.29816284385278935,0.4262603223323822,4.630855830054123,4.638152122497559,0.010881407265850782,0.04725615680217743,0.12665708105163057,0.24075736105442047,0.46982856297897896,0.6149657964706421
598,0.210910910995827,0.3213426470756531,0.20628471065160478,0.31670722365379333,0.20240950548860934,0.30345967411994934,0.2931711706877044,0.42344021797180176,0.29779736794684997,0.4280756413936615,4.6261995994654255,4.635415077209473,0.011497036039112216,0.051086921244859695,0.12632927552221085,0.24351085722446442,0.46940220319400466,0.615781307220459
599,0.2106486571085776,0.3192153871059418,0.20602122167320422,0.31457948684692383,0.20209589225171887,0.3014930188655853,0.292877161244945,0.4215117394924164,0.29750459822285674,0.4261476397514343,4.627434400812219,4.635911464691162,0.011142176328158383,0.04903984069824219,0.12624566403420598,0.2406989187002182,0.4688998337125566,0.614740252494812
600,0.21066144671557743,0.321441650390625,0.2060378925717412,0.31680434942245483,0.2021395795520288,0.30295512080192566,0.2928039552685321,0.424345999956131,0.2974275124974449,0.42898330092430115,4.62355305702157,4.637303352355957,0.011431747353404121,0.04761567711830139,0.12627718664835302,0.24453146755695343,0.46870980560900083,0.6167182326316833
601,0.21023593259710943,0.320136159658432,0.20560452965074255,0.3154931366443634,0.20173827248139273,0.3022044599056244,0.2922676601874602,0.4230191707611084,0.2968990618383359,0.427662193775177,4.6314030761811305,4.643025875091553,0.011314382114561762,0.0480770468711853,0.1258575831601314,0.24158406257629395,0.4680428485541608,0.6169523000717163
602,0.2098482137344841,0.3199314773082733,0.205217239433004,0.31529122591018677,0.20133995007779307,0.3019961714744568,0.2918652381508446,0.4224355220794678,0.29649621192810266,0.4270757734775543,4.63097243052574,4.640252113342285,0.010924681456623245,0.04865822568535805,0.1255187326827562,0.24180252850055695,0.4675764337248326,0.6155277490615845
603,0.20938558880732314,0.31944897770881653,0.2047536601144873,0.31481480598449707,0.20087798424230816,0.3020121157169342,0.2913330022232088,0.4216459095478058,0.29596493091604464,0.42628008127212524,4.6319289982584,4.634159564971924,0.010610508828906337,0.050368573516607285,0.12512257830170162,0.24020373821258545,0.46690087302995026,0.6154640316963196
604,0.20946776017311658,0.32148563861846924,0.20484694123894784,0.316849946975708,0.20098980282103057,0.3037830591201782,0.2914666593123003,0.4237881004810333,0.29608747978900735,0.42842379212379456,4.620818277722276,4.635692596435547,0.010676408174127232,0.0513586588203907,0.12511876480954406,0.24290534853935242,0.46717423752546794,0.6170851588249207
605,0.20926388095517512,0.320887953042984,0.2046371194885368,0.31624940037727356,0.2007664537567192,0.3024778366088867,0.2910801672135294,0.42389675974845886,0.2957069232812836,0.4285353124141693,4.626760054733702,4.638558864593506,0.010796247551792362,0.047079384326934814,0.12513465949797795,0.24363647401332855,0.46636845078055694,0.6167176365852356
606,0.20897810913703724,0.3212474584579468,0.20435221780662444,0.3166147470474243,0.20052114709326,0.3029075562953949,0.2907231836679538,0.4244515001773834,0.29534907422709744,0.4290842115879059,4.625889739766566,4.632723331451416,0.010785841207169494,0.0472460575401783,0.1248088045986471,0.2436128407716751,0.46596879839559724,0.6178637146949768
607,0.20887793113695577,0.32135137915611267,0.2042610115046642,0.3167290687561035,0.2004580812214648,0.30334073305130005,0.2905726205878445,0.4237196445465088,0.2951895404671832,0.42834195494651794,4.61692074344942,4.622313499450684,0.010906790989856705,0.050129808485507965,0.12469706935917275,0.2436770349740982,0.4657703801971479,0.6162153482437134
608,0.20881625284466046,0.3220078945159912,0.20420134430272927,0.3173760175704956,0.2004717199114523,0.30386340618133545,0.2903744591015146,0.424906462430954,0.29498936301583084,0.4295383393764496,4.614906906647765,4.631877899169922,0.011365958724097111,0.04925563558936119,0.1245669189417261,0.2441224753856659,0.46548228790728224,0.618212103843689
609,0.20914024713547472,0.3211732804775238,0.204513809806752,0.3165321350097656,0.2007436780097077,0.3036392331123352,0.2906216158830247,0.4238044023513794,0.2952480516692091,0.4284455478191376,4.626437438242935,4.641132831573486,0.011690092152545701,0.05087794363498688,0.1250675017480372,0.2417229861021042,0.4654734483311835,0.6183167695999146
610,0.20836393433305544,0.3211691379547119,0.20373333035525742,0.3165343403816223,0.19995594349434825,0.3028154671192169,0.2898547796286218,0.4245762825012207,0.29448538823403475,0.4292110800743103,4.6306055622740985,4.634805202484131,0.01085839147600046,0.04669781029224396,0.12429406163100043,0.24335099756717682,0.46471538596243883,0.61839759349823
611,0.20829731533269963,0.3199361562728882,0.20367179476583336,0.31529831886291504,0.1999021191744972,0.3022889196872711,0.2897350655675079,0.42234793305397034,0.2943605830492975,0.4269857704639435,4.625518940356016,4.637843132019043,0.010943196240919493,0.04975111782550812,0.12427101646099215,0.2410670816898346,0.46449214133279215,0.6160485744476318
612,0.20871582771909417,0.3215968906879425,0.20408896622848666,0.31696397066116333,0.2003677587819109,0.30392107367515564,0.29000414677154085,0.42414647340774536,0.29463100903341755,0.42877939343452454,4.626859756890839,4.632933616638184,0.011822268219564518,0.051033053547143936,0.12470102905504046,0.2426915168762207,0.46457997753800434,0.6180385947227478
613,0.20845750917850406,0.3214074969291687,0.2038336885250198,0.3167779743671417,0.20006561054544222,0.3036918044090271,0.2897811984900179,0.42411065101623535,0.29440502068604046,0.42874017357826233,4.623820351918024,4.629533767700195,0.011353530382132705,0.05039699748158455,0.12454991850638938,0.24247519671916962,0.4642933894881246,0.6182032227516174
614,0.20872769482792317,0.3216567039489746,0.20410288864911638,0.31701982021331787,0.20032142998113645,0.30343472957611084,0.28995330849254947,0.42509937286376953,0.29457811621389457,0.42973625659942627,4.62480655701788,4.636873722076416,0.011785416327962208,0.047519441694021225,0.12496067555240904,0.2434026300907135,0.4642182021091884,0.6193820834159851
615,0.20941866545049564,0.32235991954803467,0.20479574143958873,0.3177343010902405,0.20114246387376605,0.3051433563232422,0.2904645664895347,0.4243035912513733,0.29508748997621964,0.4289292097091675,4.622923722404051,4.625603675842285,0.01325804248544076,0.05449604615569115,0.12546660905659465,0.24277451634407043,0.4647027417396757,0.6181594729423523
616,0.20861048444509026,0.3224979341030121,0.20399464876532217,0.3178752064704895,0.20036582589703825,0.30490612983703613,0.2896473776387918,0.4248729646205902,0.29426321100475233,0.4294956922531128,4.615834991988796,4.6227240562438965,0.012566698918829333,0.052562106400728226,0.12461034737578587,0.24357961118221283,0.46392043234363917,0.6185766458511353
617,0.20797642887096582,0.32152611017227173,0.20335952458572543,0.31690019369125366,0.19965536286244737,0.3037521541118622,0.28899087071466967,0.4241965413093567,0.29360777577117925,0.42882245779037476,4.616903349594505,4.62592077255249,0.011742739812416365,0.05040358752012253,0.12421983768775595,0.24281808733940125,0.4630035096655189,0.6180347204208374
618,0.20738645540862927,0.321189820766449,0.20276868514478616,0.31655627489089966,0.19904804960634367,0.3029245138168335,0.2883813074856599,0.42464879155158997,0.29299907620696464,0.4292823374271393,4.617769391730494,4.633556365966797,0.011140169750174506,0.04688378423452377,0.1236972420431562,0.24306295812129974,0.4623067397556467,0.6188268065452576
619,0.2072683511188143,0.3224213123321533,0.20264984357588406,0.31779956817626953,0.19897885697118387,0.30421164631843567,0.28815498379286225,0.42572566866874695,0.2927734903174762,0.43034741282463074,4.618508214368253,4.621741771697998,0.011401472160923326,0.04861317202448845,0.1235450535705347,0.24435198307037354,0.46199004046597847,0.6196697950363159
620,0.20715394474526816,0.3211863338947296,0.20253589484815024,0.31655314564704895,0.1989325884077359,0.30319544672966003,0.2879082733833785,0.4243162274360657,0.2925263225092273,0.42894941568374634,4.618050183644431,4.633188247680664,0.011776852027166242,0.04842410236597061,0.12337123183552379,0.24259833991527557,0.46164968286840913,0.6185638308525085
621,0.20671329404172076,0.32004350423812866,0.20208967527999022,0.31541550159454346,0.1985086522758417,0.30178144574165344,0.2874695998644761,0.4236096739768982,0.2920932217112833,0.4282376766204834,4.623619746930484,4.627992630004883,0.011383900500975588,0.04552202671766281,0.1228513474370177,0.2418220192193985,0.4612907091712258,0.6180002689361572
622,0.20656328839037133,0.3236824572086334,0.20194341400785096,0.3190482556819916,0.19824997083503518,0.30497992038726807,0.28735493441077314,0.4269935190677643,0.2919748095645627,0.43162772059440613,4.619874995293715,4.634192943572998,0.010822291190713776,0.04833059012889862,0.12300330001274873,0.2469968944787979,0.4609243313744634,0.6196122765541077
623,0.20677418655535493,0.3222198784351349,0.20215591678627098,0.31759780645370483,0.19849335561023276,0.30424532294273376,0.2874803822073337,0.4250189960002899,0.292098653518956,0.42964106798171997,4.618270828325739,4.622068405151367,0.011313756671762399,0.05020423233509064,0.12321633747050119,0.24398711323738098,0.460949980834212,0.6185446381568909
624,0.20627219902085622,0.32064592838287354,0.2016522466678442,0.31601038575172424,0.19799568889428382,0.3028939664363861,0.28689332864952627,0.423552006483078,0.2915132817738075,0.4281875491142273,4.619953525533957,4.635544776916504,0.011004105937888253,0.0490959957242012,0.12278267350748295,0.24157710373401642,0.460200290327076,0.6180087327957153
625,0.20584558604267797,0.32481008768081665,0.20122263153651154,0.3201774060726166,0.1975660328194047,0.30616846680641174,0.28644902123838023,0.4283001124858856,0.29107197651581584,0.4329327940940857,4.622953881534834,4.632676124572754,0.010605264351892655,0.04927074909210205,0.12236861047646413,0.24776428937911987,0.4597242279087442,0.6214703321456909
626,0.2056784421398338,0.32301467657089233,0.2010584107678861,0.3183845281600952,0.19744803275938608,0.30424022674560547,0.2861802128949148,0.4270678162574768,0.290800241953055,0.4316979646682739,4.620030694484132,4.630162715911865,0.010804461562697988,0.04587873816490173,0.12217811991268934,0.24578097462654114,0.45936150935030734,0.6210609674453735
627,0.2053351619925231,0.3239906132221222,0.20071232505669923,0.31936129927635193,0.19712862004237863,0.3059517741203308,0.2858134622738711,0.4271133840084076,0.29043629843842583,0.43174269795417786,4.62283672517097,4.629323959350586,0.010584626154009263,0.051094576716423035,0.12177513436754368,0.24557074904441833,0.4590260933827062,0.6211900115013123
628,0.20538392208676273,0.3233037292957306,0.2007600181060815,0.31866711378097534,0.19723738200911325,0.30525171756744385,0.2856784492092387,0.42636212706565857,0.2903023511231596,0.4309987425804138,4.623903399481737,4.636601448059082,0.011206171272365468,0.05050238221883774,0.12183492521356581,0.2449539303779602,0.45867105022982646,0.6202988624572754
629,0.20530613419911276,0.3224758207798004,0.20067584431465463,0.31784093379974365,0.19714234584360243,0.30430787801742554,0.28559185638632123,0.4260042607784271,0.29022214293865556,0.4306391477584839,4.630287860117603,4.634876728057861,0.011093385851261493,0.048325810581445694,0.12178532841882386,0.24398215115070343,0.4585483207232163,0.6206156611442566
630,0.20499539672364314,0.3232651650905609,0.2003697295493555,0.31863927841186523,0.19680597288161214,0.3053261935710907,0.285311756722608,0.4261876940727234,0.2899374244211176,0.43081358075141907,4.625666433049752,4.6259002685546875,0.010638647487939152,0.05110025405883789,0.12154104195767167,0.24477873742580414,0.4582382376334757,0.6200995445251465
631,0.20513165365261343,0.3242338299751282,0.2005129552988981,0.3196030259132385,0.19693634276731362,0.3059379756450653,0.2853506910526169,0.4274667501449585,0.2899693886350631,0.43209755420684814,4.618698830841718,4.6308135986328125,0.0109613542646483,0.05030839517712593,0.12183185939153968,0.24644848704338074,0.4580158213228048,0.6210570335388184
632,0.20511941356283905,0.32208380103111267,0.20049550999189455,0.3174479603767395,0.19692185073428148,0.30387988686561584,0.2852921809954437,0.425851970911026,0.28991608277680275,0.43048781156539917,4.623902070777791,4.63584041595459,0.011039424734698511,0.047317925840616226,0.12184891167363801,0.24343925714492798,0.4578772108057371,0.6208824515342712
633,0.20468152017666655,0.3239774703979492,0.20005878134869007,0.3193502128124237,0.19645548623629153,0.3056623935699463,0.2847464204654007,0.4276328980922699,0.28936916237845384,0.4322601556777954,4.622739823492153,4.6272430419921875,0.010740064270191838,0.0491037555038929,0.12161422857703634,0.24582213163375854,0.45701216165468944,0.6220613121986389
634,0.20446643150749352,0.3242013454437256,0.19984890485021975,0.3195744752883911,0.1963199038725848,0.3062221109867096,0.28449497123358464,0.42758482694625854,0.28911250045171305,0.432211697101593,4.6175262581902,4.626866340637207,0.010848224318589679,0.050941966474056244,0.12122903366562233,0.2453436255455017,0.45688245588596466,0.622380793094635
635,0.20428440816552834,0.3227473795413971,0.1996632883219019,0.31812143325805664,0.19620046862527227,0.30474281311035156,0.2841790341988682,0.42601415514945984,0.2888001535182726,0.4306401014328003,4.621119217500482,4.6259541511535645,0.011142092677088605,0.049654770642519,0.12098535836899854,0.2440919578075409,0.4564739495600181,0.6204816699028015
636,0.20426222899521213,0.3234097361564636,0.19964319988151238,0.31878146529197693,0.19613765139137257,0.3047264516353607,0.28413526051641236,0.42765071988105774,0.2887542883346209,0.43227899074554443,4.619028350191467,4.62825870513916,0.011039237418726804,0.046161528676748276,0.12111615945742867,0.24571901559829712,0.4562575540174322,0.6222987771034241
637,0.20410531250103928,0.3242361843585968,0.19948985690030308,0.31960809230804443,0.19598033534362158,0.3060557544231415,0.2839462334599709,0.4276299774646759,0.2885616929170529,0.43225806951522827,4.615455954845165,4.628089427947998,0.010948614931367473,0.05033069849014282,0.12101204218504837,0.24595490097999573,0.45598034904738743,0.6218816637992859
638,0.20400017483052194,0.3236364722251892,0.19938159659595273,0.3190094828605652,0.19582672705184676,0.30484676361083984,0.28379951279461263,0.42796897888183594,0.28841809204749813,0.43259596824645996,4.6185773952837375,4.626975059509277,0.010780525974118898,0.04586560279130936,0.12107794078385546,0.246169775724411,0.45562171825165215,0.6225049495697021
639,0.2035664115907015,0.32514357566833496,0.19895029400000436,0.32051903009414673,0.19550666720386078,0.3066650629043579,0.2832796732954202,0.4288998544216156,0.28789579088611733,0.43352439999580383,4.6161178215958545,4.624545097351074,0.0108806836086273,0.049550529569387436,0.1204117909344979,0.24737755954265594,0.45522752400597627,0.6230670809745789
640,0.2033053262846893,0.3243637681007385,0.19869137890682112,0.3197389543056488,0.19523869746496839,0.3059042990207672,0.28294081053799386,0.42824625968933105,0.2875547576688149,0.4328710734844208,4.61394783691795,4.624809741973877,0.010761859159038416,0.04856428876519203,0.12026364492155307,0.24640752375125885,0.45469059156735225,0.6227411031723022
641,0.20344107674289416,0.32441475987434387,0.19882874655979055,0.3197897672653198,0.1953760890754861,0.3067445755004883,0.2829923953934811,0.4275026321411133,0.28760472736617015,0.43212762475013733,4.612330936874593,4.625004291534424,0.011079709235016893,0.0527363158762455,0.120491154470812,0.24496640264987946,0.4545574012648177,0.622530996799469
642,0.20332836142518576,0.3232472538948059,0.19871211586406343,0.31861674785614014,0.19533883729325197,0.3051008880138397,0.2828027056240139,0.42686399817466736,0.2874189519564054,0.43149450421333313,4.616245531235636,4.630501747131348,0.011363104965313335,0.048978473991155624,0.12021732687636806,0.24461905658245087,0.45443607869776836,0.6217051148414612
643,0.20317003223103547,0.324032723903656,0.1985510419880963,0.319404661655426,0.19512658306234432,0.30611681938171387,0.2825988713927564,0.42741915583610535,0.28721786240696473,0.4320472180843353,4.618990740214964,4.628050804138184,0.011133176125465521,0.050963710993528366,0.12025213271102296,0.244979590177536,0.453994448373928,0.6224071383476257
644,0.20289328886558303,0.3247166574001312,0.19827403297464807,0.3200909197330475,0.1948365447579537,0.30607518553733826,0.2823088744537,0.42905792593955994,0.28692812519279803,0.4336836636066437,4.619252929116761,4.625729084014893,0.010843011473403061,0.04738745093345642,0.12002718954181749,0.2468099743127823,0.4536394348667066,0.6240281462669373
645,0.20278027211419494,0.3247520327568054,0.19816058657210797,0.3201216459274292,0.19474769267074696,0.3060813248157501,0.2820558888898704,0.428544282913208,0.28667558214464894,0.43317466974258423,4.619686833769987,4.630387783050537,0.01109942377067039,0.04848679155111313,0.11998801075563804,0.2474856674671173,0.45315564665724956,0.6222715377807617
646,0.2024898899683719,0.3252846896648407,0.19787374183421091,0.32066404819488525,0.19444849410497655,0.3067295551300049,0.2817966623847127,0.42917826771736145,0.2864128071867499,0.4337989091873169,4.616148943656184,4.620647430419922,0.01071614679325714,0.049165111035108566,0.11970851370018598,0.24761974811553955,0.4529208292061628,0.623403787612915
647,0.2023316028445441,0.32409825921058655,0.19771554486451726,0.3194708228111267,0.19427832758021749,0.30586811900138855,0.281542034150134,0.427751749753952,0.2861580880267679,0.43237918615341187,4.616057562143562,4.627431392669678,0.010723627099727408,0.04949219524860382,0.11968702645772775,0.24569372832775116,0.4524243264920404,0.6224184036254883
648,0.20230452207794952,0.3249460458755493,0.19769191951632162,0.3203270435333252,0.19423414055774726,0.30617257952690125,0.28148382933478194,0.42930686473846436,0.28609642933555524,0.4339258670806885,4.612601661990636,4.619010925292969,0.010708933094726538,0.04716603085398674,0.1197604073525632,0.2474416047334671,0.4522330732394749,0.623910129070282
649,0.20229640379517946,0.32498660683631897,0.1976825787779584,0.3203575611114502,0.19432817684509857,0.3065952658653259,0.28142594816325117,0.4292045533657074,0.2860397762655489,0.43383359909057617,4.613825064557696,4.629042625427246,0.011122546997787473,0.0486929714679718,0.11949734078864072,0.24645568430423737,0.4523646449854728,0.6246371269226074
650,0.20254596230885397,0.3244199752807617,0.19792662031294794,0.3197920322418213,0.19449941113777985,0.30592477321624756,0.28159741469833277,0.428238183259964,0.2862167553987476,0.4328661262989044,4.619340755464189,4.627937316894531,0.011293292985954146,0.048644766211509705,0.12003234089674181,0.2466210573911667,0.4521726100757158,0.6225084662437439
651,0.20232810993523334,0.3273155987262726,0.19771131771299166,0.32269227504730225,0.19429370290322964,0.30814722180366516,0.2812907051640004,0.43237245082855225,0.2859074958437038,0.4369957745075226,4.616790947333744,4.623317718505859,0.011299986310161611,0.04684591293334961,0.11988488427188972,0.250221848487854,0.4516962355343957,0.6273738741874695
652,0.20197293552198345,0.32576826214790344,0.19735750045026307,0.321139395236969,0.1939808513187369,0.3072156608104706,0.28097900886840294,0.4300832748413086,0.2855944413792687,0.43471214175224304,4.615434821106093,4.628868579864502,0.010984716007506322,0.048770010471343994,0.11936599932975533,0.24761156737804413,0.45159183068406566,0.62526535987854
653,0.20180212123356414,0.32447290420532227,0.19718665637157246,0.31984204053878784,0.1938171361893524,0.30610889196395874,0.28070522330812825,0.4284575283527374,0.2853206902368802,0.43308839201927185,4.61546488884148,4.630869388580322,0.01105253390095649,0.04875492304563522,0.11928239897092344,0.24609769880771637,0.451116483798646,0.6234740614891052
654,0.20174265751412557,0.3257851004600525,0.1971223176947693,0.3211548328399658,0.1937496054042364,0.3076117932796478,0.2805941774687977,0.43019530177116394,0.2852145149743465,0.4348255693912506,4.620336947149947,4.63026762008667,0.011076528815122519,0.04976378753781319,0.11927659663168756,0.2464030683040619,0.45089569094930154,0.6266684532165527
655,0.20166845541949027,0.3287545442581177,0.19705150205622401,0.32413119077682495,0.19372002115820372,0.30982789397239685,0.2804481824351572,0.4333151578903198,0.2850651332375688,0.43793851137161255,4.616953001589222,4.623345375061035,0.011291805815570783,0.050078779458999634,0.11916330404914056,0.2514697313308716,0.450704948421533,0.6279351711273193
656,0.20139927849372388,0.32558345794677734,0.19678322911214308,0.3209596276283264,0.19348152916994454,0.30718496441841125,0.28008910270051535,0.42999541759490967,0.284705151310827,0.4346192479133606,4.616049433159433,4.623834609985352,0.011306997688371933,0.048859529197216034,0.11890271377139279,0.2468954622745514,0.4502348838862841,0.6257999539375305
657,0.20121149531969695,0.32608455419540405,0.19659925322999272,0.3214636445045471,0.1932664901693003,0.3076150119304657,0.2798680183355306,0.43036550283432007,0.2844802568159362,0.434986412525177,4.612240547021294,4.620898723602295,0.011104659263980061,0.04941564425826073,0.11884936499622155,0.24775852262973785,0.4498454450813807,0.625670850276947
658,0.2010552644838074,0.32975560426712036,0.19644550867062371,0.3251308798789978,0.19318497561150313,0.31092676520347595,0.27958862485309094,0.4347077012062073,0.2841983783524672,0.43933242559432983,4.609756046492611,4.624739170074463,0.011439373349154038,0.05056003853678703,0.11861481143367276,0.2517639100551605,0.44950075034809844,0.6304563283920288
659,0.20072954665949314,0.3255341649055481,0.19611729576044895,0.320917010307312,0.19285626831779681,0.3070703446865082,0.27924177472378336,0.4294585585594177,0.2838540289549513,0.4340757131576538,4.6122513737121285,4.617154121398926,0.011148811382754848,0.04963319003582001,0.11830764723918334,0.24758505821228027,0.44911234200699723,0.6239928007125854
660,0.2004571702200249,0.32709628343582153,0.1958507472717757,0.3224823474884033,0.19256878255279355,0.30844444036483765,0.27905139178820965,0.4318470358848572,0.28365781883985175,0.4364609718322754,4.60642233793426,4.613930702209473,0.01065708324501462,0.04887339845299721,0.11802273048739466,0.24884851276874542,0.4490265325525248,0.6276113986968994
661,0.2003057490547707,0.32559770345687866,0.19569572965432602,0.32097190618515015,0.192452260160128,0.30697593092918396,0.27869675796233445,0.4299241602420807,0.283306777115732,0.4345499575138092,4.6100182512054255,4.625786304473877,0.011041433913456227,0.04836057871580124,0.11796417484098343,0.24764809012413025,0.44835117002561226,0.6249191164970398
662,0.20026106323204781,0.32621780037879944,0.195640161705798,0.3215828537940979,0.19233610191496575,0.3076425790786743,0.27863446460096064,0.4306254982948303,0.283255364337625,0.43526044487953186,4.620901192049241,4.634942054748535,0.01081196135463584,0.04895433411002159,0.11809428820436993,0.2479998916387558,0.4481020600772608,0.6259735226631165
663,0.20024090513641227,0.32743024826049805,0.19561459835704598,0.32280367612838745,0.1924618392507894,0.3088931143283844,0.2783879535404526,0.43205568194389343,0.2830142603198189,0.43668225407600403,4.626306388814874,4.626581192016602,0.011720706193168975,0.04982707276940346,0.11785503300309808,0.24891293048858643,0.44780978365220186,0.6279393434524536
664,0.1997975408850148,0.3282119929790497,0.19518078879889716,0.32359009981155396,0.19184544389661487,0.3091517686843872,0.2780707232078656,0.43330878019332886,0.28268747273312855,0.4379306733608246,4.616749496822457,4.621888160705566,0.010475039380435706,0.04799393191933632,0.11783694706968677,0.2507643401622772,0.44722434084183094,0.6286970376968384
665,0.19988589080971741,0.3286210000514984,0.19526973843960158,0.32399630546569824,0.19197830939842436,0.30983972549438477,0.27812569540519727,0.4333464205265045,0.2827418462327748,0.4379711151123047,4.616151484602431,4.624701499938965,0.010771727661673376,0.05004994571208954,0.11783213519972922,0.2507275640964508,0.4473310604878297,0.6287416815757751
666,0.19945512754180583,0.325996458530426,0.19483979959214115,0.32137376070022583,0.19164838784988525,0.3073634207248688,0.27755752575816867,0.4305155277252197,0.2821728526895171,0.4351382255554199,4.615329007604949,4.622707366943359,0.010942965242416692,0.04831939935684204,0.11725269455961308,0.24789310991764069,0.4467495038496836,0.6258777976036072
667,0.1992106487996367,0.3277905285358429,0.19459878933174235,0.3231703042984009,0.1913636307809404,0.3092403709888458,0.2773696084254867,0.4321458637714386,0.28198147150267966,0.4367660880088806,4.611858529693628,4.620211124420166,0.010454524842079984,0.05071491375565529,0.11708486192244727,0.24962729215621948,0.4465515055108832,0.6273789405822754
668,0.19931923490495176,0.3279413878917694,0.1947081775328817,0.3233235776424408,0.1915412737780431,0.30902794003486633,0.27729738121374004,0.4327130913734436,0.2819084391100321,0.4373309016227722,4.6110581225631595,4.617818355560303,0.01115774861139611,0.04886256158351898,0.11718399395199859,0.25042346119880676,0.4462820865873668,0.6277977824211121
669,0.19916423902162597,0.3280557692050934,0.1945465420886085,0.32341957092285156,0.19135353036053115,0.3088892698287964,0.2770313212999775,0.4330518841743469,0.28164902054680246,0.43768808245658875,4.617697589849587,4.636196613311768,0.01113472571517418,0.047719646245241165,0.11720915559002903,0.2509559690952301,0.4457167057773144,0.6279921531677246
670,0.1991209084212515,0.32725563645362854,0.1944975512101493,0.3226243257522583,0.19130466043274266,0.30842486023902893,0.27701343664070205,0.4318467676639557,0.2816367966898337,0.4364780783653259,4.623357921296462,4.631320953369141,0.011020663840974144,0.04881329461932182,0.11712707709287566,0.24961628019809723,0.4457662427806199,0.6268450617790222
