epoch,train_total_loss,val_total_loss,train_reconstruction_loss,val_reconstruction_loss,train_selection_score,val_selection_score,train_common_reconstruction_loss,val_common_reconstruction_loss,train_common_total_loss,val_common_total_loss,train_kl_loss,val_kl_loss,train_market_loss,val_market_loss,train_sector_loss,val_sector_loss,train_idio_loss,val_idio_loss
1,0.9979409725260454,0.9026798009872437,0.9979346819733199,0.9026708602905273,0.9983590625187173,0.9276468753814697,0.9988069059497401,0.863950252532959,0.998813199600068,0.8639591932296753,0.006299194215085634,0.008958742953836918,0.9974170628476811,1.0616294145584106,0.9957659792183765,0.869758129119873,1.0018941841617233,0.8515530824661255
2,0.9865948663607779,0.8945592045783997,0.9865645653728156,0.894499659538269,0.9872529463607317,0.9219387173652649,0.9887899972053742,0.8547348380088806,0.9888202981933365,0.8547943830490112,0.030294301037472823,0.05956389382481575,0.9840198238835894,1.0632987022399902,0.9821943679670952,0.8554233312606812,0.9955446489255118,0.8470940589904785
3,0.9632085761160469,0.8611769676208496,0.9630533041046055,0.8610146641731262,0.9616998832399072,0.8734369277954102,0.9725038707619318,0.8445640802383423,0.9726591427733731,0.8447263836860657,0.15526535631532937,0.16228114068508148,0.9389741533880934,0.9341697096824646,0.9571041241439435,0.8416916728019714,0.9890213144585411,0.844449520111084
4,0.9465306837095074,0.841011106967926,0.9462965564712296,0.8407399654388428,0.9421949275034596,0.8469664454460144,0.9619932308266718,0.8357352614402771,0.9622273580649496,0.8360064029693604,0.23413013422145526,0.2711654603481293,0.90055022160309,0.8705905675888062,0.9418806152473462,0.8276463150978088,0.9841539588005525,0.8426622748374939
5,0.9391378647323745,0.8349665999412537,0.9387429475155101,0.834507942199707,0.934390566985974,0.8401357531547546,0.9561745996790788,0.8314566016197205,0.9565695168959432,0.8319152593612671,0.3949197056789104,0.4586465358734131,0.8885690471141551,0.8583919405937195,0.9332415548176287,0.8211246132850647,0.9813611764661965,0.8408907651901245
6,0.9344970851809912,0.8303783535957336,0.9338992296366783,0.8297116160392761,0.9289535013002155,0.8336427211761475,0.952968911141145,0.8296739459037781,0.9535667697830603,0.8303406834602356,0.5978530247764184,0.6667529940605164,0.8784384021321497,0.8419907093048096,0.928424483578814,0.818161129951477,0.9799976367752967,0.8407763242721558
7,0.9300285803318217,0.8228808641433716,0.9292457592569615,0.8220812082290649,0.924618194101305,0.8257191777229309,0.9487495291683183,0.8241752982139587,0.9495323502431785,0.8249749541282654,0.7828252213639164,0.7996720671653748,0.8738592066176287,0.8289666771888733,0.922376429313477,0.8091529011726379,0.9776189611106203,0.8390380144119263
8,0.9239400066208462,0.8188556432723999,0.9230535745233527,0.8179126977920532,0.9192764888049818,0.8228951096534729,0.9428901560075197,0.819514274597168,0.9437765943002178,0.8204572200775146,0.8864280078597926,0.9429676532745361,0.8696063712414716,0.8300063610076904,0.9133268605389829,0.8015386462211609,0.9748962245914833,0.8371402621269226
9,0.9184101937846154,0.8139050006866455,0.9173991167104878,0.812839150428772,0.9138283451011013,0.8175313472747803,0.9381080384279623,0.8165761232376099,0.9391191124044876,0.8176419734954834,1.0110723678532336,1.06587553024292,0.8627573059092098,0.8195405006408691,0.9061465073638557,0.7950747609138489,0.972581245310656,0.8379788398742676
10,0.9127152876983655,0.8063335418701172,0.911545498144612,0.8050960898399353,0.906036506011822,0.8048176765441895,0.9353606240370871,0.8158979415893555,0.9365304166884428,0.8171353936195374,1.169789832924809,1.2374404668807983,0.8443547074648601,0.781511127948761,0.9027405333044661,0.7945561408996582,0.9710142587289257,0.8383859395980835
11,0.9045255172315575,0.7944276332855225,0.9032414774317786,0.7930638194084167,0.8933603674282256,0.7863559126853943,0.9333454641296861,0.8132803440093994,0.934629503929465,0.8146441578865051,1.284035310530343,1.3638019561767578,0.8092538237910517,0.7297216653823853,0.9007125547200356,0.7915783524513245,0.9701147298719938,0.8377676606178284
12,0.8975169195472541,0.7886484861373901,0.8960786384148081,0.7871770858764648,0.8831907324659306,0.777940034866333,0.9309256410530995,0.8114609718322754,0.9323639221855454,0.8129323720932007,1.4382943508347215,1.4714277982711792,0.7827828135424594,0.7074306607246399,0.8974262770239628,0.7888703346252441,0.9693631053309687,0.8375192284584045
13,0.8911472994091547,0.7859012484550476,0.8896564267488015,0.7843754291534424,0.8746174610682343,0.7748287320137024,0.9278519161338976,0.8092759847640991,0.9293427918918531,0.8108018040657043,1.4908742654918898,1.5258445739746094,0.762641427287521,0.7023708820343018,0.8938243939922053,0.786332905292511,0.9673864876793208,0.8357826471328735
14,0.8876940561318563,0.7825331091880798,0.8861460568843893,0.7809412479400635,0.8713337229946693,0.7701660990715027,0.9245201750010724,0.8082539439201355,0.9260681742485394,0.8098458051681519,1.5479989577443243,1.5918591022491455,0.7594588083123174,0.6900501251220703,0.8894578468688271,0.7839836478233337,0.9650845169004656,0.8364644646644592
15,0.8830573307369184,0.7793216705322266,0.8814581302767888,0.7776936292648315,0.8658424165255647,0.7661927342414856,0.9213853119545432,0.8063867688179016,0.9229845124146728,0.8080148100852966,1.5992014213059427,1.628056526184082,0.7490107786156905,0.6816465258598328,0.8855051540089389,0.7814239859580994,0.9630112758846338,0.8355076313018799
16,0.8791061989234029,0.7757598757743835,0.8774440504891864,0.7740459442138672,0.8618034160916417,0.7629228234291077,0.9182588758383444,0.8031660318374634,0.919921024272561,0.8048799633979797,1.6621518301082925,1.7139551639556885,0.7430523255468625,0.6782735586166382,0.8806309673392188,0.7762133479118347,0.9617269670290527,0.8342817425727844
17,0.8739010390110534,0.7735574841499329,0.8721534251392348,0.7717263698577881,0.856494376197657,0.7602619528770447,0.9139526003364427,0.8017570972442627,0.9157002142082614,0.8035882115364075,1.7476185547158432,1.831109642982483,0.735634008220575,0.6729789972305298,0.8743593308241252,0.7739426493644714,0.9594898368109062,0.8338642120361328
18,0.8690567725178094,0.7715648412704468,0.8672279397307786,0.7696820497512817,0.8512088761211555,0.758425235748291,0.9105622937318226,0.8000369668006897,0.9123911234212512,0.8019197583198547,1.828833019689869,1.8827699422836304,0.7263620243390014,0.6708971858024597,0.8688806414458987,0.7709452509880066,0.9583839920057885,0.8334332704544067
19,0.8646238652661812,0.7656003832817078,0.8627386632800054,0.7636631727218628,0.8464909807434423,0.7502777576446533,0.9071521531069032,0.7971183657646179,0.9090373519954766,0.7990555763244629,1.8851973995947517,1.9371912479400635,0.7188933499329854,0.6517508625984192,0.8639304837801086,0.7679410576820374,0.9566490988493256,0.8311414122581482
20,0.85872942519004,0.7622527480125427,0.8567994060527974,0.7602555751800537,0.8389462401747849,0.7456150650978088,0.9039562477893187,0.7956205010414124,0.9058862638289591,0.7976176738739014,1.9300208923248465,1.9971973896026611,0.7022010104906932,0.6404311656951904,0.8598394327128849,0.7662254571914673,0.9547982517897574,0.8301885724067688
21,0.8549115472918257,0.7602474093437195,0.8529581538652241,0.7582383155822754,0.8342620498079911,0.7424991130828857,0.90152690394158,0.7955954670906067,0.9034802942705793,0.7976045608520508,1.9533941931130197,2.009106159210205,0.6927738728389671,0.6308137774467468,0.856998458752727,0.7653525471687317,0.9530137815080519,0.8313310146331787
22,0.8506350815175173,0.758088231086731,0.8486275837714722,0.7559611797332764,0.828682973164153,0.7399329543113708,0.8990780475465834,0.7934966683387756,0.9010855452926285,0.7956237196922302,2.0075026245752197,2.127070665359497,0.6806106260768582,0.627264142036438,0.8543697202346018,0.7637399435043335,0.951068591815013,0.8287947177886963
23,0.8449910100862548,0.7510045170783997,0.8429082225988515,0.7488671541213989,0.8210950803088793,0.7297142148017883,0.8963034213968665,0.7917373776435852,0.8983862057866675,0.7938747406005859,2.0827859261149175,2.1373672485351562,0.6628982212985864,0.5992515683174133,0.8510622976516448,0.7602477669715881,0.9493247157328021,0.8296432495117188
24,0.8410545451777571,0.7509765625,0.8388876172037469,0.7487888932228088,0.8157663864185304,0.7316493988037109,0.8945847393727816,0.7893465757369995,0.8967516673467917,0.7915342450141907,2.1669326951433088,2.187654495239258,0.6499760948542023,0.610286295413971,0.8484773010293788,0.7566653490066528,0.9488457780130211,0.8279964923858643
25,0.8375220079030925,0.7466638088226318,0.8353522690727708,0.744495689868927,0.8120242977258494,0.7255458831787109,0.8918930772741878,0.7878395318984985,0.8940628161045094,0.7900076508522034,2.1697429120903617,2.1680991649627686,0.6440244360614781,0.5945143699645996,0.8446642248019716,0.754779040813446,0.9473841904480671,0.8273442387580872
26,0.8327399397157722,0.7434782981872559,0.8305963145200673,0.7412813305854797,0.8064063915962424,0.7200548648834229,0.8888520882761773,0.7874757647514343,0.8909957127216818,0.7896727323532104,2.1436247421966255,2.19694185256958,0.6329861884430759,0.5782384276390076,0.8406457621006767,0.7552789449691772,0.9455872188967706,0.8266472816467285
27,0.8283105957716207,0.74278324842453,0.8261478844329782,0.7405712604522705,0.8013164403716384,0.7207257747650146,0.8857178796949399,0.7851783037185669,0.8878805879359801,0.7873902916908264,2.162713385189736,2.2119834423065186,0.6237823554668976,0.5851534605026245,0.8367065516759166,0.7521666884422302,0.9434603737032708,0.8248572945594788
28,0.8245486986864595,0.7417587041854858,0.8223477205124706,0.7394582629203796,0.7976838301169984,0.7200120091438293,0.8823001823723438,0.7838171720504761,0.8845011605463327,0.7861176133155823,2.200975482559669,2.3004372119903564,0.6196977238658963,0.5858012437820435,0.8320101089609188,0.7501377463340759,0.9413436660667865,0.8240970969200134
29,0.8202236914266864,0.7379006147384644,0.8179922293851979,0.7356053590774536,0.7927117093375095,0.7144951820373535,0.8793867208877328,0.7825502753257751,0.8816181829292213,0.7848455309867859,2.2314576107556383,2.295229196548462,0.6103952735892361,0.5713446140289307,0.8279560572772892,0.7484710216522217,0.9397838165302176,0.8236697912216187
30,0.816280954284877,0.736558735370636,0.8140277357494449,0.7342904210090637,0.7891048024787779,0.7137961387634277,0.8755744943471638,0.780666708946228,0.877827712882596,0.7829350233078003,2.2532207080130164,2.268287420272827,0.6072203242773938,0.5731374025344849,0.8227771233118408,0.7459381222724915,0.9373169900245217,0.8223128914833069
31,0.8136410852345906,0.7352040410041809,0.8113758745253498,0.7329011559486389,0.7863756041917866,0.7134764790534973,0.8736293556193632,0.7784792184829712,0.875894566328604,0.7807821035385132,2.2652126888990693,2.302870273590088,0.6028418296292406,0.5767465233802795,0.8196100120228865,0.7422350645065308,0.9366749740208352,0.8214477896690369
32,0.8100122878864148,0.7387715578079224,0.8077357577154707,0.7364480495452881,0.7830736923643694,0.7178092002868652,0.8700238778443052,0.7804745435714722,0.8723004080152492,0.7827980518341064,2.2765306480715926,2.3235023021698,0.6001784754172119,0.5859958529472351,0.8149363280213852,0.7450965046882629,0.9341062934138259,0.8223352432250977
33,0.8100236775281707,0.7326472997665405,0.8077177205707211,0.7302880883216858,0.7836164238972728,0.7088386416435242,0.8693268688239075,0.7784572839736938,0.8716328257813571,0.7808164954185486,2.3059515542631654,2.3592185974121094,0.6033289389449602,0.5623993277549744,0.8139791190987238,0.7428663372993469,0.9335412044037275,0.8212500810623169
34,0.8069598070741716,0.7375288009643555,0.8046198231971607,0.7351782321929932,0.7804208881865659,0.7202062010765076,0.8666511333864779,0.775542676448822,0.8689911141658865,0.7778932452201843,2.3399876936441313,2.350592851638794,0.5990400241125999,0.6038087606430054,0.8107250719064627,0.7368678450584412,0.9314975619219301,0.8199419379234314
35,0.803518815854677,0.7304356694221497,0.8011760159667507,0.7280142307281494,0.7768190135522146,0.7120404243469238,0.8640094264174107,0.7710480690002441,0.866352226305337,0.7734695076942444,2.342806843689095,2.421444892883301,0.5934185479963111,0.5879207849502563,0.80690365519119,0.729849636554718,0.9301348773628727,0.8183507919311523
36,0.7990838554735064,0.7346813082695007,0.7967234733769722,0.7323045134544373,0.7716930355669471,0.7152053713798523,0.8608602507783298,0.7752707600593567,0.8632206328748641,0.7776475548744202,2.360383953933933,2.3767707347869873,0.5841344532761398,0.5888608694076538,0.8030657971529664,0.737528920173645,0.9278788965889655,0.8192262053489685
37,0.797244195453142,0.7377424836158752,0.7948660420248579,0.7353829741477966,0.7692952810193386,0.720895528793335,0.859734560336904,0.7747048735618591,0.8621127114177863,0.7770643830299377,2.378156936221911,2.359524965286255,0.5790609245710725,0.6077104210853577,0.8020318718494751,0.7367402911186218,0.9267930489364699,0.8182358145713806
38,0.7979761488641901,0.7252159714698792,0.7955914178225648,0.7228083610534668,0.7713393004164191,0.7038636207580566,0.8585896302760252,0.7695825099945068,0.8609743582200481,0.7719901204109192,2.384732703488869,2.4075825214385986,0.5878127620949088,0.5656273365020752,0.800836509144311,0.7294689416885376,0.9253686485472511,0.8164946436882019
39,0.7872302135073747,0.7211750149726868,0.7848336998882983,0.7187371850013733,0.7555778247042976,0.6972357630729675,0.8551642546022611,0.7686101794242859,0.8575607682213374,0.7710480093955994,2.396514377311338,2.4378550052642822,0.5461029319370175,0.5471034646034241,0.7971196490189819,0.7296767830848694,0.9235109008524992,0.8149269819259644
40,0.7813142663910774,0.7230088710784912,0.7788975140547975,0.7205802202224731,0.7481254467962236,0.698961079120636,0.8519672757960701,0.7706134915351868,0.85438402813235,0.7730421423912048,2.416746530695461,2.428623914718628,0.5296995617053009,0.5482441186904907,0.7927727622565728,0.7316980957984924,0.9219040218718014,0.8169411420822144
41,0.7862815318725189,0.7235251665115356,0.7838372245969397,0.7210418581962585,0.7547435455335818,0.6997538208961487,0.8539800405066719,0.7702073454856873,0.8564243477822512,0.7726906538009644,2.4443034561387997,2.4832944869995117,0.5460047328612497,0.5515586733818054,0.7958424246461228,0.732096254825592,0.9223834906367814,0.8156066536903381
42,0.7784931989060734,0.7133325338363647,0.7760118498000681,0.7108489274978638,0.7445745129339394,0.6877060532569885,0.8499566873447033,0.7638458013534546,0.8524380364507086,0.7663294076919556,2.48134253066679,2.4835968017578125,0.5229085744806677,0.5275501012802124,0.7909282009581265,0.7233421206474304,0.919886726191796,0.8122259974479675
43,0.7789527272916741,0.7132987976074219,0.7764543343790653,0.7107687592506409,0.743788985304846,0.6869544386863708,0.8515453145990902,0.7643421292304993,0.8540437082618996,0.7668721675872803,2.4983906319990323,2.530052423477173,0.5171291438051224,0.524173378944397,0.7937856407558536,0.7246353626251221,0.9204522100735911,0.8120545744895935
44,0.777255535875933,0.713951826095581,0.7747387474647054,0.7113710641860962,0.7434903769729295,0.6868793368339539,0.8485784624535719,0.7655605673789978,0.8510952508647994,0.7681413292884827,2.5167920113190663,2.580767869949341,0.5224430719454792,0.5213773250579834,0.7892085582175199,0.7265872359275818,0.9188195127226984,0.8126732110977173
45,0.7701481088747884,0.7110636234283447,0.7676353766044077,0.7085604071617126,0.7334877847415182,0.6831284165382385,0.8459734707114854,0.7649174928665161,0.848486202981866,0.7674207091331482,2.5127271977663526,2.5032119750976562,0.4968799381927896,0.5110893249511719,0.7859217638752589,0.7242688536643982,0.9176616451627009,0.8140270113945007
46,0.7657001172194285,0.7072234153747559,0.7632022433972098,0.7046927213668823,0.7288231311220006,0.677025318145752,0.8424117565397029,0.7638425827026367,0.8449096303619218,0.7663732767105103,2.497874107972616,2.5307083129882812,0.4898953154180963,0.49440959095954895,0.7812546626659026,0.7240543365478516,0.9153194152820028,0.8126119375228882
47,0.7822323256375293,0.7145830392837524,0.7797018751544387,0.7119327187538147,0.7518288618512527,0.6913642287254333,0.8487314174584727,0.7612637281417847,0.8512618679415632,0.7639140486717224,2.530450518906625,2.650344133377075,0.5479993458158158,0.5443342328071594,0.789279152913351,0.7206918597221375,0.9182080628423733,0.8090665340423584
48,0.7692684901472131,0.7097136974334717,0.766717360264588,0.7071480751037598,0.7331835060791422,0.6799392104148865,0.8440228813409902,0.7649181485176086,0.8465740112236153,0.7674837708473206,2.5511292163501946,2.565598964691162,0.5000386811396575,0.5011904239654541,0.7842802182717193,0.7266089916229248,0.9152316613938816,0.8120182156562805
49,0.7597345905336867,0.700063943862915,0.7572039716668696,0.6975120306015015,0.7207155934543664,0.6706939339637756,0.8394757582073622,0.756830632686615,0.8420063770741792,0.7593825459480286,2.530619352947054,2.5519227981567383,0.4709098062353603,0.4895097017288208,0.7782545086091677,0.7141922116279602,0.9129825046137006,0.8083798289299011
50,0.7592774229808595,0.703259289264679,0.756734147891735,0.7006672024726868,0.7228851686199651,0.6752833724021912,0.836137337095119,0.7578732967376709,0.8386806121842434,0.7604653835296631,2.543266703043824,2.5920872688293457,0.4846650956367217,0.5015597939491272,0.7730199046072996,0.7153408527374268,0.9109705265004897,0.8089494109153748
51,0.7591647706378344,0.7032745480537415,0.7566136422798104,0.7006796002388,0.7216471398065499,0.6758770942687988,0.8373969371271385,0.7572157382965088,0.8399480654851624,0.7598106861114502,2.5511262809847897,2.5949530601501465,0.478173403528421,0.5047852993011475,0.7747428052027536,0.7143438458442688,0.9120251522091313,0.8085020780563354
52,0.7476257035464133,0.6957295536994934,0.7450293911166468,0.6931305527687073,0.7061783288534802,0.6649618744850159,0.8317342902701219,0.7546980381011963,0.8343306057974907,0.7572970390319824,2.5963140857253575,2.5990068912506104,0.44207786797412374,0.4762064814567566,0.7683832940172481,0.7114274501800537,0.9080738485512867,0.8072516322135925
53,0.7407294476705018,0.6950579285621643,0.7381276379646057,0.6924548149108887,0.6967835010816255,0.6649425029754639,0.8287686983889504,0.7535452842712402,0.8313705080948465,0.7561483979225159,2.601810016721136,2.6030991077423096,0.4191594319255479,0.4785712659358978,0.7646921527516392,0.7093181610107422,0.906498890314168,0.806938111782074
54,0.7361255895786541,0.6927831768989563,0.733519900876044,0.6901728510856628,0.6917164511570251,0.6616137623786926,0.8253079796776362,0.7530305981636047,0.8279136683802464,0.7556409239768982,2.6056888069605084,2.610307455062866,0.41071355081504796,0.46932318806648254,0.7602321775376772,0.7082639336585999,0.9042036251183501,0.8072541356086731
55,0.7391712750983925,0.7018151879310608,0.7365737793845372,0.6992015838623047,0.6967556263874858,0.6766288876533508,0.8257729395153172,0.7537920475006104,0.8283704352291725,0.7564056515693665,2.5974993045573016,2.613618850708008,0.4253742995055962,0.5143203139305115,0.760155669664204,0.7083380818367004,0.9047368887329411,0.8072283267974854
56,0.7344990638131975,0.6971245408058167,0.7318773159785238,0.6945119500160217,0.6911104229519728,0.6670724749565125,0.8227016855873716,0.7553285360336304,0.8253234334220453,0.7579411268234253,2.6217471727548554,2.6126110553741455,0.4143149796245643,0.48143044114112854,0.7565471275376441,0.7114487886428833,0.9024691287937854,0.8083381652832031
57,0.7317526891035032,0.6929152607917786,0.7291350879419445,0.690306544303894,0.6867793542168463,0.6621240973472595,0.8222487432367183,0.7526760101318359,0.8248663443982771,0.7552847266197205,2.61759708104848,2.6087329387664795,0.4018265125449479,0.47165268659591675,0.7560814876310524,0.7078004479408264,0.9024300976734649,0.8069191575050354
58,0.7266334519848996,0.6950823664665222,0.7240280686865189,0.6924262046813965,0.6805952228136872,0.6659561991691589,0.8189598123474524,0.7521229386329651,0.821565195645833,0.7547791004180908,2.6053791217478706,2.6561343669891357,0.3895524780996147,0.4847087562084198,0.7522379781141835,0.7076824903488159,0.8999952273401748,0.8054773211479187
59,0.723844002186647,0.6974631547927856,0.7212231545926495,0.6948287487030029,0.6765386183185399,0.6688649654388428,0.8179120297505514,0.7539749145507812,0.8205328773445488,0.756609320640564,2.6208495424861495,2.6344082355499268,0.37916692045951733,0.4898407459259033,0.7512753540986542,0.7091716527938843,0.8991735730285427,0.8075825572013855
60,0.7251714702742496,0.6983262896537781,0.7225612321134219,0.6957057118415833,0.6802652509194101,0.6724024415016174,0.8164357534279632,0.7511410713195801,0.8190459915887908,0.7537616491317749,2.6102359735331686,2.6205623149871826,0.3938376305188486,0.5067800879478455,0.7485311997648278,0.7061072587966919,0.898426938386066,0.8043200969696045
61,0.7251790414193371,0.6948383450508118,0.7225567632654649,0.6922053098678589,0.6800839602584234,0.6672067642211914,0.8161056294365719,0.7504907846450806,0.818727907590444,0.7531238198280334,2.6222796111972264,2.633024215698242,0.39396944120556565,0.49202314019203186,0.7493906132196247,0.704607367515564,0.8968918464360951,0.8049898743629456
62,0.7363093792787181,0.6991453170776367,0.7336759912353001,0.6964091062545776,0.6960036411693896,0.6749152541160583,0.819914671883949,0.7494495511054993,0.8225480599273669,0.7521857619285583,2.633391497050946,2.7362353801727295,0.43536320898622893,0.5181360244750977,0.7540450988869042,0.7039949297904968,0.8986026132392341,0.802614688873291
63,0.7569425989833248,0.7022454738616943,0.7542761307250567,0.6995172500610352,0.7250218164422286,0.676812469959259,0.8282079054144791,0.7543071508407593,0.8308743736727471,0.7570353746414185,2.6664685452802366,2.728226661682129,0.507975191609965,0.5138063430786133,0.7627700316533295,0.7088333964347839,0.9043202231533393,0.8077975511550903
64,0.7454897799822938,0.6971113085746765,0.7427875301579465,0.6944438219070435,0.7073142272013743,0.6706363558769226,0.8254475456594792,0.7513154149055481,0.8281497954838265,0.7539829015731812,2.7022545114068834,2.667468547821045,0.4588268490956655,0.5009322166442871,0.7604370057171455,0.7048216462135315,0.9026788067052968,0.8061552047729492
65,0.7655848031406038,0.7094239592552185,0.762937345811617,0.706786572933197,0.7385307519938275,0.6861591339111328,0.8298545914406802,0.7575557827949524,0.832502048769667,0.7601931691169739,2.6474553494254023,2.637382984161377,0.546435767842946,0.5359800457954407,0.7645162230480796,0.7142065763473511,0.9046402538253484,0.8082908391952515
66,0.7538913866392345,0.6991316676139832,0.7512719848511231,0.6964689493179321,0.7218419244702734,0.6745691895484924,0.8257189590757666,0.7509097456932068,0.828338360863878,0.7535724639892578,2.619399569744121,2.6627213954925537,0.5033419214996728,0.5139907002449036,0.7597421754243845,0.7037785053253174,0.9024416702915583,0.8059384226799011
67,0.7212137468839824,0.6911471486091614,0.7185545730919941,0.6884275674819946,0.6768651860930597,0.6613088250160217,0.8118285392775945,0.7494624257087708,0.8144877130695828,0.7521820068359375,2.659178806716138,2.7195911407470703,0.39297677823987087,0.4758823812007904,0.7433677946848449,0.7041889429092407,0.894251004835478,0.8038552403450012
68,0.7230376885569391,0.6953691840171814,0.720355621305753,0.6926637291908264,0.6788583952045711,0.6674955487251282,0.812925189431005,0.7507980465888977,0.8156072566821911,0.7535035014152527,2.6820613716464674,2.7054758071899414,0.3968558442868501,0.49227309226989746,0.7453431603243522,0.705724835395813,0.8943761949901217,0.8044888973236084
69,0.7132694680807894,0.6917649507522583,0.7105904806933169,0.6890592575073242,0.6672146598159227,0.6637864708900452,0.8067016217992212,0.7478806376457214,0.8093806091866936,0.7505863308906555,2.678988055780173,2.705673933029175,0.3738111035880934,0.4868987202644348,0.7373918737766949,0.7017062306404114,0.8904410392542075,0.8027545213699341
70,0.7088174884802337,0.6890209317207336,0.7061390868058013,0.686318039894104,0.6613515359185065,0.6602234840393066,0.8043549383407775,0.7467342615127563,0.80703334001521,0.749437153339386,2.6784030922631445,2.7029008865356445,0.36055127417852467,0.4782526195049286,0.7348891174556084,0.6997108459472656,0.8886141987094732,0.8027069568634033
71,0.7027950338169273,0.688851535320282,0.7000914398509702,0.6861414909362793,0.6536049407476145,0.6601963639259338,0.8010866077411867,0.7464283108711243,0.8037902017071438,0.749138355255127,2.7035928498522517,2.7100255489349365,0.34338491490784573,0.47881194949150085,0.730927354985507,0.6992295980453491,0.886502531089775,0.8025476336479187
72,0.6997680959302722,0.6902742385864258,0.6970732569500919,0.687548041343689,0.649599951454841,0.6615655422210693,0.799640397085584,0.7474479675292969,0.8023352360657643,0.7501741647720337,2.6948363909719437,2.726210832595825,0.3339976055734389,0.48091617226600647,0.7291652167709775,0.7011533379554749,0.8856370292976045,0.8026270270347595
73,0.6990198582785913,0.6914763450622559,0.6963346629814554,0.6887753009796143,0.6487351148001701,0.6640061736106873,0.7989695846332654,0.7472443580627441,0.8016547799304012,0.7499454021453857,2.6851911851656034,2.7010657787323,0.332724638600878,0.4889187812805176,0.7287276109882452,0.7003081440925598,0.8847530623349629,0.8027915358543396
74,0.6966482871342519,0.6915304064750671,0.693981314499205,0.6888346672058105,0.6458937199532961,0.6625353097915649,0.7975702822039005,0.748853325843811,0.8002372548389474,0.7515490651130676,2.666966046446763,2.6957178115844727,0.3268498596843064,0.48096954822540283,0.726809722279515,0.7032490968704224,0.8840215624080554,0.8033872842788696
75,0.6954699410832708,0.6906304359436035,0.692794660727183,0.6879386901855469,0.6455376637064244,0.6630115509033203,0.795406518091867,0.7466312050819397,0.7980817984479547,0.7493229508399963,2.6752741990223,2.6917173862457275,0.3302962853566835,0.4871218800544739,0.7242018458710615,0.6997020840644836,0.8821148730321382,0.8022107481956482
76,0.690858113030036,0.6907486915588379,0.68817134683712,0.6880491971969604,0.6393334126017512,0.6623001098632812,0.7930458155144922,0.7480308413505554,0.795732581707408,0.7507303357124329,2.686772226658092,2.6994681358337402,0.31600731833892,0.4819698929786682,0.7218599363986041,0.7008802890777588,0.8801329978055408,0.8040501475334167
77,0.6892042641614542,0.6903349757194519,0.6865101187295949,0.6876078844070435,0.6380557929941952,0.6631134748458862,0.7912302561954323,0.7460131645202637,0.7939244016272916,0.7487402558326721,2.694143279122474,2.727083683013916,0.3158612115156636,0.48873820900917053,0.719230097118452,0.6983977556228638,0.8790760722723716,0.8022044897079468
78,0.6877151027327866,0.6891534924507141,0.6850080042411968,0.6864242553710938,0.6362999089355639,0.6601651310920715,0.7900095223848093,0.7471309304237366,0.7927166208763989,0.7498601675033569,2.707098147755854,2.729241371154785,0.31297964411831175,0.47723716497421265,0.7181801666973375,0.699996829032898,0.8777399175882437,0.8032614588737488
79,0.6864341343751149,0.6885486245155334,0.68372887931991,0.6858211755752563,0.6353438261607484,0.6599759459495544,0.7884649382923078,0.7461923360824585,0.7911701933475127,0.7489197850227356,2.7052569871407623,2.727444648742676,0.3132615564220861,0.47862425446510315,0.7162278694347594,0.69852614402771,0.8765420650642092,0.8027774095535278
80,0.6846919452761713,0.68935227394104,0.6819784603997842,0.6866167783737183,0.6335327449582526,0.6596116423606873,0.7869241506502583,0.7481403350830078,0.7896376355266455,0.7508758306503296,2.7134908761525125,2.735466718673706,0.31088182431166606,0.473396360874176,0.71443583289637,0.7015295028686523,0.8752805890951804,0.8039091229438782
81,0.6833930165362078,0.6887184381484985,0.6806741831412026,0.6859716773033142,0.631972535083413,0.6599434614181519,0.7863820224964081,0.746351957321167,0.7891008558914132,0.7490987181663513,2.7188359330061536,2.746767044067383,0.3071801577745005,0.478187620639801,0.713084550417878,0.6992067098617554,0.8756528776736459,0.8024359941482544
82,0.6813574782774984,0.6883392333984375,0.6786394496782979,0.6855934262275696,0.6298941347931054,0.6595633625984192,0.7844165347719212,0.7461181879043579,0.7871345633711216,0.7488639950752258,2.718023383515761,2.7457902431488037,0.30486423975681803,0.4774995744228363,0.7111056764049352,0.6986818909645081,0.8737124848840104,0.8025085926055908
83,0.6812355971123405,0.6878684163093567,0.6785159964799591,0.6851211190223694,0.6297469555581434,0.6580795645713806,0.784353651678083,0.7470749020576477,0.7870732523104644,0.749822199344635,2.7196049693150584,2.747274160385132,0.30453976760102247,0.47088226675987244,0.7109885207531271,0.6996887922286987,0.8737125768198795,0.8036674857139587
84,0.6784168573786852,0.6873950958251953,0.675675758393954,0.684627890586853,0.6265737056199777,0.6571405529975891,0.7821885062048118,0.7471824884414673,0.784929605189543,0.7499496936798096,2.7410931869875452,2.76718807220459,0.2992460821708721,0.46774184703826904,0.7084200375456661,0.6998777389526367,0.8720550076099028,0.8038020730018616
85,0.6778728686306373,0.6887727379798889,0.6751330561914727,0.6860194802284241,0.6261004502338653,0.6599367260932922,0.7813936346582993,0.7469980716705322,0.7841334470974639,0.7497513294219971,2.739811618687223,2.7532336711883545,0.29944930637313544,0.47680792212486267,0.7079378277898271,0.6987859606742859,0.870914234749147,0.8042163848876953
86,0.6777904359877134,0.6878217458724976,0.6750540799887452,0.6850568056106567,0.6263989011930635,0.6585521101951599,0.7806412559963076,0.7462771534919739,0.7833776119952758,0.7490420937538147,2.736358466595593,2.7649548053741455,0.30195808016184233,0.4740269184112549,0.7074542917761917,0.6988130211830139,0.8697843323913571,0.8028163909912109
87,0.6764691649439661,0.6870383024215698,0.6737167245239153,0.6842493414878845,0.6247912575401914,0.6594547033309937,0.7798965058334465,0.7438561916351318,0.7826489462534973,0.7466451525688171,2.7524428765463047,2.7889394760131836,0.2985354296400254,0.4819205105304718,0.7062906004818194,0.6946606636047363,0.8695477769958552,0.8017829656600952
88,0.6751090794910612,0.6882307529449463,0.6723366346341829,0.685476541519165,0.6233310020652381,0.6587405204772949,0.778990979050409,0.7465260028839111,0.7817634239072874,0.7492802143096924,2.7724429095512573,2.754206657409668,0.2959082794174933,0.47408849000930786,0.7046476958778589,0.7000945210456848,0.8694370444160722,0.8020386099815369
89,0.6740646862277063,0.6868250370025635,0.6713112417247011,0.6840622425079346,0.622661833060354,0.6594319343566895,0.7775457141315167,0.743517279624939,0.7802991586345219,0.7462800741195679,2.753436384479834,2.7628040313720703,0.2968716136067561,0.48256275057792664,0.7030136797711756,0.6941488981246948,0.8681002069526313,0.8015841841697693
90,0.6710537856446985,0.6861727237701416,0.6683039453956009,0.6833897829055786,0.6193808495054581,0.6567453742027283,0.7753296792870172,0.7452861070632935,0.7780795195361148,0.7480690479278564,2.7498402375783852,2.782935857772827,0.29135054208329186,0.47050443291664124,0.6999811526483217,0.6968472599983215,0.8668108371230484,0.8028842806816101
91,0.6693574704390157,0.6871405243873596,0.6665953320310797,0.6843789219856262,0.6177429445526536,0.656804621219635,0.7735622997841504,0.7469196319580078,0.7763244381920864,0.7496812343597412,2.7621408968595196,2.7615766525268555,0.2899849972756859,0.46725255250930786,0.6981258083299752,0.6998999118804932,0.8651180415922096,0.803261399269104
92,0.6687607620965645,0.6856819987297058,0.6660021513010784,0.6828991770744324,0.6169595947799962,0.6556540131568909,0.7730299619170548,0.7451139092445374,0.7757885727125409,0.7478967308998108,2.758613680225052,2.7828376293182373,0.2886736639452039,0.46747952699661255,0.6980293490903144,0.697792649269104,0.8641757732525716,0.8016898036003113
93,0.6664144625956093,0.6872183084487915,0.6636396541471555,0.6844236254692078,0.6147388292433429,0.6571776270866394,0.770912166150953,0.7466993927955627,0.7736869745994069,0.7494940757751465,2.7748101268703262,2.79465913772583,0.2862362995096401,0.46887311339378357,0.6949916306521609,0.6992554068565369,0.8629885672361348,0.8034042716026306
94,0.6651213337288027,0.6837724447250366,0.6623374875657596,0.6809491515159607,0.613295243394312,0.653680145740509,0.76985342513242,0.7437679767608643,0.7726372712954631,0.7465912699699402,2.7838420818551883,2.8232839107513428,0.2839832214795135,0.46418505907058716,0.6938504183432749,0.6952778100967407,0.8620520775704378,0.8015775084495544
95,0.6649831626844077,0.6865165829658508,0.6621887215356056,0.6837120056152344,0.6137687022541772,0.6573767066001892,0.7690772339913403,0.7454317212104797,0.7718716751401423,0.7482362985610962,2.794443269982069,2.8045785427093506,0.28708530719862013,0.4721575379371643,0.6925270619597611,0.6964434385299683,0.8616937472478577,0.8035290837287903
96,0.663838565543179,0.6864332556724548,0.661058458791145,0.6836460828781128,0.6125784219642311,0.655888020992279,0.7682035538272262,0.7470667958259583,0.7709836605792602,0.7498539686203003,2.7801128068785332,2.78719425201416,0.28522896858622665,0.464098185300827,0.6913039087523206,0.6987834572792053,0.8612023824315413,0.8047824501991272
97,0.6702932747601978,0.6837237477302551,0.6674827226186931,0.6808927059173584,0.6217459854293634,0.6520318388938904,0.7707592216730602,0.7456384301185608,0.7735697738145649,0.7484694719314575,2.8105543487400144,2.8310389518737793,0.3083043516263021,0.45513495802879333,0.6937088170915031,0.6978877782821655,0.8632247856463836,0.8030726313591003
98,0.6751303768864599,0.6835215091705322,0.6723146600980755,0.6806895136833191,0.6280398884537837,0.6516791582107544,0.7728466164325245,0.7460044622421265,0.7756623332209089,0.7488364577293396,2.815716872213335,2.8320014476776123,0.3234464527749454,0.45327091217041016,0.697116898924076,0.6975265145301819,0.863556352805859,0.8042401075363159
99,0.6951722134868159,0.6942762732505798,0.692343304034321,0.6914260983467102,0.6547265113053455,0.6679967045783997,0.7824419235195805,0.7484371662139893,0.7852708360696777,0.7512873411178589,2.828902787035479,2.8501758575439453,0.38608372142486247,0.4987943172454834,0.7084890202298864,0.7005423307418823,0.8696067717759725,0.8046534657478333
100,0.7072412172953287,0.6909394860267639,0.7043738204485219,0.6880834102630615,0.6663365321482675,0.66340571641922,0.7934347700162773,0.7464578747749329,0.7963021668630841,0.7493139505386353,2.8673913594043405,2.856048822402954,0.3989919638953168,0.4887097477912903,0.7228505911015903,0.6994462609291077,0.8771670430450966,0.8020610809326172
101,0.6895194703420391,0.681940495967865,0.6866853338792176,0.6791400909423828,0.6450521231810833,0.6505246758460999,0.7825310040042984,0.7444582581520081,0.7853651404671198,0.7472586631774902,2.8341374840622167,2.8004212379455566,0.355872368744801,0.4529402256011963,0.7086282424746709,0.6948093771934509,0.8706557521285732,0.8038243651390076
102,0.6775405731232148,0.6795353889465332,0.6747076239132852,0.6766874194145203,0.6309746084927641,0.6458832621574402,0.7747942080741678,0.744855523109436,0.7776271572840974,0.747703492641449,2.83295200909728,2.847979784011841,0.3284575034097787,0.43770042061805725,0.6983810544159177,0.695812463760376,0.8660852839392083,0.8041369915008545
103,0.670994248711574,0.6805331110954285,0.6681566975535874,0.6776904463768005,0.6227453383448838,0.6498574614524841,0.7710131665482252,0.7421640157699585,0.7738507177062118,0.7450066804885864,2.8375502348042967,2.8426477909088135,0.31087160258093743,0.4556954503059387,0.6938651902279717,0.6919412612915039,0.8634992392383549,0.8019357323646545
104,0.6693656274181432,0.6764298677444458,0.6665447508470828,0.6735867261886597,0.6221410591477453,0.6425691246986389,0.7683464794007927,0.7423737049102783,0.7711673559718533,0.7452168464660645,2.8208724317926244,2.843153715133667,0.3146055336168903,0.43263527750968933,0.6903916797258484,0.6926902532577515,0.8614259757649061,0.8023818135261536
105,0.6679694276731091,0.6769283413887024,0.6651446136380907,0.6741153001785278,0.6205565590854587,0.6425883769989014,0.7672033390522583,0.7431297302246094,0.7700281530872768,0.7459427714347839,2.82481761391067,2.8130595684051514,0.31209266088960425,0.4311046302318573,0.6892648688235807,0.6944813132286072,0.8603121165429679,0.8021791577339172
106,0.6690395124985636,0.6894228458404541,0.6662276949865084,0.6865838766098022,0.6221048060443117,0.6585273146629333,0.7676152849749148,0.7500362396240234,0.7704271024869701,0.7528752088546753,2.8118150852774875,2.838977098464966,0.3160311057951893,0.4660428464412689,0.6896823169833705,0.7025679349899292,0.8606010008235797,0.8069710731506348
107,0.6777972833102571,0.6778457164764404,0.6749601569593896,0.6749836206436157,0.633665654337895,0.6461222767829895,0.7720613790826492,0.7412238717079163,0.7748985054335167,0.744085967540741,2.8371237708551345,2.8620994091033936,0.34255734265721816,0.4460808038711548,0.6945839646721196,0.6904082894325256,0.8638556465790904,0.8018776178359985
108,0.6747752879385148,0.6838939785957336,0.6719295799224008,0.6809859275817871,0.630150324945957,0.6531667113304138,0.7697676368181753,0.7445740103721619,0.7726133448342893,0.7474820613861084,2.8457046433091406,2.908026695251465,0.33647253414237105,0.46089616417884827,0.6922076240187973,0.6961272954940796,0.8617708242089585,0.8024767637252808
109,0.6951642737754515,0.6772112846374512,0.6923008597918366,0.6743338108062744,0.657313763562906,0.6437272429466248,0.7802280586181111,0.742406964302063,0.7830914695041237,0.7452844381332397,2.8634109323798183,2.877453327178955,0.3987699380334296,0.43615972995758057,0.7029772830648341,0.6929762363433838,0.8701940815573633,0.8020458221435547
110,0.6730720182284078,0.6771366596221924,0.6702463535385503,0.6742759346961975,0.6282415680172866,0.6424246430397034,0.7689336515324802,0.7437461018562317,0.7717593162223376,0.7466068267822266,2.8256674978339085,2.8606979846954346,0.3323030402831706,0.4293002486228943,0.6902961484842847,0.69511878490448,0.86212552225401,0.8028548955917358
111,0.6617327867317044,0.6768316626548767,0.6589056287797254,0.6739612221717834,0.6142188172441065,0.6436883807182312,0.7618343679826529,0.7416176795959473,0.7646615259346321,0.7444881200790405,2.8271577776422165,2.8704679012298584,0.30371708758371996,0.4376990497112274,0.6824020003333501,0.6920579671859741,0.8565373487023382,0.8013079762458801
112,0.6573722021540055,0.6734043955802917,0.6545287216043647,0.6705388426780701,0.608626441310878,0.6375188827514648,0.7591116661421419,0.7420859932899475,0.7619551435941804,0.7449515461921692,2.843478890390741,2.865567922592163,0.2920884591532199,0.4175674021244049,0.6798689099912764,0.6926428079605103,0.8539219056016006,0.8023464679718018
113,0.6523508609333418,0.6730716228485107,0.6494877771105749,0.6701978445053101,0.6035081054251512,0.6374217867851257,0.7548964109984153,0.7416723370552063,0.7577594948211822,0.744546115398407,2.863080908310302,2.873774766921997,0.2850706591095036,0.4181361198425293,0.6741876772056979,0.6916594505310059,0.8512659667954423,0.8024697303771973
114,0.6472769221831666,0.6700550317764282,0.6444331448445028,0.6671829223632812,0.5966601690237376,0.634289026260376,0.752560698448813,0.7393186092376709,0.7554044757874768,0.7421907186508179,2.8437763815046178,2.872098445892334,0.2687314567384902,0.4133647382259369,0.6715606612448667,0.688296377658844,0.8496883949079602,0.8012059926986694
115,0.6474056074254357,0.6718724370002747,0.644568580657643,0.6690102219581604,0.5969000174125132,0.6355918049812317,0.7523709744928913,0.7413304448127747,0.7552080012606839,0.7441926598548889,2.837026337709942,2.8622443675994873,0.2698748473273125,0.4131758213043213,0.671730167707001,0.6914758682250977,0.8490950333070232,0.8021237254142761
116,0.6454040513162539,0.6686040759086609,0.642568078410853,0.6657567024230957,0.5945937797348527,0.6315879225730896,0.7509244077098209,0.7398614883422852,0.753760380615222,0.7427088618278503,2.8359763010507475,2.8473994731903076,0.2657603452203722,0.403840035200119,0.670048463431694,0.6885575652122498,0.8479725108657772,0.8023661971092224
117,0.6395030888512132,0.6691412925720215,0.6366765196130763,0.6662880182266235,0.587690727985636,0.633038341999054,0.7470338291091935,0.7387263774871826,0.7498603983473303,0.7415796518325806,2.826575226383,2.853300094604492,0.25252076198161255,0.4107292890548706,0.6650346946871188,0.6881318092346191,0.845516734209382,0.8002540469169617
118,0.6404253143727949,0.6695197820663452,0.6375891847480761,0.666655421257019,0.5889200773173312,0.6323168277740479,0.7475813016434583,0.7397407293319702,0.7504174312681771,0.7426050901412964,2.8361214516949858,2.8643484115600586,0.2551843867921945,0.4063560962677002,0.6653976783585945,0.6910294890403748,0.8461781658392538,0.7995648980140686
119,0.6381757172732831,0.6671249270439148,0.6353219097046846,0.6642704010009766,0.586235758907854,0.6292409896850586,0.7460530466584234,0.7395408153533936,0.7489068542270219,0.7423953413963318,2.853810702307264,2.854555130004883,0.2500682926388519,0.397230863571167,0.663582734397597,0.6883830428123474,0.8450562390330552,0.8021089434623718
120,0.6499051885589371,0.6701488494873047,0.6470223106459007,0.667237401008606,0.601928046768001,0.6381468176841736,0.7513088385506079,0.7345446944236755,0.7541917164636442,0.7374561429023743,2.882868078342551,2.9114279747009277,0.28771331021808,0.4353785514831543,0.670291925100984,0.682215690612793,0.8477789204487508,0.7968460917472839
121,0.6480588585295621,0.6667982935905457,0.6451951632933359,0.6639209985733032,0.6003530767212735,0.6312069296836853,0.7493870798475705,0.7358519434928894,0.7522507750837967,0.7387292385101318,2.863692333772809,2.87729549407959,0.28686775383284263,0.41109147667884827,0.6678207306614069,0.684719443321228,0.8463707629423339,0.7978098392486572
122,0.6428920415616162,0.6647168397903442,0.6400330667325359,0.6618471145629883,0.5928518290060882,0.6286410689353943,0.7475075391652475,0.7342822551727295,0.7503665139943276,0.7371519804000854,2.8589704063816668,2.8697235584259033,0.26754150765604284,0.40643003582954407,0.6661028572567295,0.6835657358169556,0.8449110990852251,0.7959273457527161
123,0.6378386130286483,0.6635740995407104,0.6349787202928785,0.6606925129890442,0.5876874310719594,0.625731885433197,0.743489376471578,0.7360808849334717,0.7463492692073477,0.7389624714851379,2.859886911406151,2.881579875946045,0.25996606395562105,0.39361855387687683,0.660283156589333,0.6844785213470459,0.8428130677885706,0.7990984320640564
124,0.6315541078634878,0.663993239402771,0.6286927185501938,0.6611067652702332,0.5796642530220967,0.6262223720550537,0.7400863151263765,0.7358264327049255,0.7429477044396704,0.7387129068374634,2.8613848221577913,2.886446952819824,0.24222480155712117,0.3956758975982666,0.6560867777017864,0.6853709816932678,0.8406811941216934,0.7976203560829163
125,0.6289370749667559,0.6627407670021057,0.6260568305238978,0.6598195433616638,0.576317774973601,0.6253759860992432,0.7384058657672121,0.7344734072685242,0.7412861102100702,0.7373946309089661,2.880240152291636,2.9212217330932617,0.23537384647568987,0.39589542150497437,0.654541030290211,0.6828534007072449,0.8390384289824377,0.797379195690155
126,0.6271013361237372,0.6634397506713867,0.6242021276754331,0.6605315208435059,0.5746085663370325,0.6251588463783264,0.7367121790707039,0.7361740469932556,0.7396113875190078,0.7390822768211365,2.8992132276139317,2.9082252979278564,0.23363202383762155,0.3916442394256592,0.652088047985715,0.6852648258209229,0.8381056319975146,0.7985675930976868
127,0.6245107188294489,0.6614111661911011,0.6216145357948176,0.6585040092468262,0.5711460206211461,0.6238468289375305,0.7351495557038512,0.7338569164276123,0.7380457387384824,0.7367640733718872,2.8961815878573445,2.907142400741577,0.22617304994234264,0.3924461901187897,0.6510020431783012,0.6814323663711548,0.8362629691420945,0.7976619005203247
128,0.6229080824023381,0.6583671569824219,0.6200259074514298,0.6554306745529175,0.569945688684249,0.6204829216003418,0.7334080062839882,0.7316331267356873,0.7362901812348964,0.7345696091651917,2.8821780095001666,2.9365062713623047,0.22611120315983294,0.3866843283176422,0.6484294551395566,0.6783221364021301,0.835296443139834,0.7964423298835754
129,0.6223328380482108,0.6596754193305969,0.6194285103038613,0.656754195690155,0.5697553469744631,0.6216796040534973,0.7323481041243829,0.733144998550415,0.7352524318687325,0.7360662221908569,2.9043204359440993,2.9212043285369873,0.22774990712463783,0.38721808791160583,0.6471184527443232,0.6798214912414551,0.8343976623054641,0.7979993224143982
130,0.6209916927395339,0.6579490303993225,0.6181001193243655,0.6550345420837402,0.5685032548528834,0.6184129118919373,0.7312974564147295,0.7338139414787292,0.734189029829898,0.7367284297943115,2.8915728811224546,2.9145171642303467,0.22607407341679084,0.3756725788116455,0.6452729336091575,0.680151104927063,0.8341627594808035,0.7994149923324585
131,0.6197967076272535,0.6588067412376404,0.6169122116768017,0.6558670401573181,0.5670322192136321,0.6221688389778137,0.7303975073970821,0.7307428121566772,0.7332820033475339,0.7336825132369995,2.8844946504268423,2.939690351486206,0.2234017897066042,0.3937889039516449,0.6446169817830023,0.6764699220657349,0.8330778608320207,0.7962476015090942
132,0.6184653582439353,0.65765780210495,0.6155676847543844,0.6547204256057739,0.5658562740585545,0.6198484897613525,0.7292278909702588,0.7313195466995239,0.7321255644598096,0.7342569231987,2.8976741255273484,2.937354326248169,0.2222124850161909,0.38537493348121643,0.6425914024367742,0.6769716143608093,0.8327649415289538,0.7971988916397095
133,0.6175808349712757,0.6543034911155701,0.6146826122139123,0.6513772010803223,0.5650864842215835,0.6153947710990906,0.7281300560323581,0.7297801375389099,0.7310282787897217,0.7327064275741577,2.898226114680406,2.926276206970215,0.2221327917548248,0.3747909665107727,0.6415902071980698,0.6750050783157349,0.8315364550731069,0.7963882684707642
134,0.6154399826862538,0.6541446447372437,0.6125366755776709,0.651208221912384,0.5628037151165527,0.6167429089546204,0.726402299098256,0.7280833721160889,0.7293056062068389,0.7310197949409485,2.903302563916267,2.9364516735076904,0.21868255445253448,0.38254404067993164,0.639407868531483,0.6719698309898376,0.8303207525672633,0.7957148551940918
135,0.6133228443136459,0.6536564230918884,0.6104134124708621,0.6507173776626587,0.5612814134327899,0.6157650947570801,0.7238226727020242,0.7283550500869751,0.726732104544808,0.7312940955162048,2.909431690226906,2.939025402069092,0.21938429433448597,0.37893790006637573,0.6359928653485108,0.672112762928009,0.8284670628041597,0.7962446808815002
136,0.6119204267611409,0.655476450920105,0.6090034131736616,0.6525453329086304,0.559692413522323,0.6181996464729309,0.7230481428437924,0.7297043800354004,0.7259651564312717,0.732635498046875,2.9170180559642325,2.9311411380767822,0.21608212907842828,0.3836551308631897,0.6344421757850229,0.6726555824279785,0.8285529490316781,0.7982882857322693
137,0.6110707654296699,0.6536464691162109,0.6081608966797578,0.6506983041763306,0.5592467488673369,0.6163745522499084,0.7214097320380077,0.7278507947921753,0.7243196007879198,0.7307989597320557,2.9098694288677383,2.948140859603882,0.21814533859382448,0.3818899393081665,0.6332666710339762,0.67075115442276,0.8263282537992728,0.796482503414154
138,0.6108463484728864,0.6556450128555298,0.6079219697066743,0.6526976823806763,0.5586227854480116,0.6168416142463684,0.721577164364984,0.7310927510261536,0.724501543131196,0.7340400815010071,2.924379935653724,2.947356700897217,0.21585666179850582,0.3765203058719635,0.6337355769024213,0.6759610176086426,0.8262761199179095,0.7980436682701111
139,0.6093287340180447,0.6535151600837708,0.6064129859705161,0.650570273399353,0.557850273847096,0.61794114112854,0.7197869574931691,0.7259583473205566,0.7227027055406977,0.7289032340049744,2.915752055826005,2.944913625717163,0.2172248624371069,0.39073240756988525,0.6303510733895605,0.6674824357032776,0.8259749027756332,0.7956084609031677
140,0.6084580328761684,0.6516174077987671,0.6055412634426726,0.6486556529998779,0.5571026088404453,0.6143064498901367,0.7188613441868424,0.7260382771492004,0.7217781136203383,0.7290000319480896,2.916770354161357,2.9617292881011963,0.21685148153032077,0.37928441166877747,0.6291702894045481,0.6685413718223572,0.8252860544127659,0.7950935959815979
141,0.6058701942521675,0.6518101096153259,0.6029470916739141,0.6488629579544067,0.5544557657805198,0.6141303181648254,0.7166776635566476,0.7270922064781189,0.719600766134901,0.7300393581390381,2.923105441212315,2.9471704959869385,0.2132304526299807,0.3765208125114441,0.6262995994918674,0.6689885854721069,0.8238372626316243,0.7968816161155701
142,0.6047973903852704,0.6511520147323608,0.6018752732075572,0.6482014656066895,0.553260305028982,0.6132873892784119,0.7156091537893762,0.7268776297569275,0.7185312709670894,0.7298281788825989,2.9221111181253736,2.950532913208008,0.211767918904816,0.37435609102249146,0.6255889751056418,0.6683923006057739,0.8224240114085809,0.7971136569976807
143,0.6034449550905123,0.650482714176178,0.6005149023154379,0.647549033164978,0.5513353296958282,0.6129724979400635,0.7151421205425379,0.7257704734802246,0.7180721733176123,0.7287041544914246,2.9300480018628114,2.933696985244751,0.20677626758535558,0.37570780515670776,0.6249536116869528,0.6672226786613464,0.8222761210318846,0.7959870100021362
144,0.6017858932476144,0.6519007086753845,0.5988608268378859,0.6489692330360413,0.5502941905484178,0.6142781972885132,0.7129105180199438,0.727055013179779,0.7158355844296723,0.7299864888191223,2.9250669556810176,2.9314942359924316,0.20823915834548848,0.3770580589771271,0.6220998273019717,0.6691232323646545,0.8205435844247921,0.7966532707214355
145,0.6016870547347664,0.6511700749397278,0.5987708290030789,0.6482107043266296,0.5501659113219537,0.6127848029136658,0.7128904627388781,0.7273678183555603,0.7158066884705655,0.7303271889686584,2.9162244976801066,2.9593822956085205,0.20788319780363865,0.37176504731178284,0.6220490784844489,0.6694046854972839,0.8205654551428215,0.7971845269203186
146,0.6013261155776265,0.6512150168418884,0.598390614047459,0.6482524871826172,0.5496722186332885,0.6138724088668823,0.7125702965951672,0.7263923287391663,0.7155057981253348,0.7293548583984375,2.9354978914528034,2.9625532627105713,0.20702453142760296,0.3771926760673523,0.6219403297253561,0.6674328446388245,0.8200517759495424,0.7969917058944702
147,0.5993746742454913,0.64905846118927,0.5964205434929294,0.646073043346405,0.5483704032425565,0.6111729145050049,0.7101371196339491,0.7254233956336975,0.7130912503865111,0.7284088134765625,2.9541300590862067,2.9854347705841064,0.2081024577123481,0.3708529770374298,0.6184870300136153,0.6655136346817017,0.8185217249359583,0.7971521615982056
148,0.5998131350390659,0.6491085886955261,0.5968551033645735,0.6461362242698669,0.5485931206320632,0.6114413738250732,0.7105529673981367,0.7254364490509033,0.7135109990726289,0.7284088134765625,2.9580286528780553,2.97234845161438,0.20791897176486226,0.3716585636138916,0.6195659006798698,0.6650242209434509,0.8182944732132453,0.7976412773132324
149,0.5970535644466588,0.6477380394935608,0.5941041158410141,0.6447607278823853,0.5460669767116078,0.6099032759666443,0.7082037700176046,0.7243701219558716,0.7111532186232492,0.7273474335670471,2.949454302716149,2.9773032665252686,0.2050205596060565,0.3691282868385315,0.6157294429998983,0.6638030409812927,0.8174509233301653,0.7967785000801086
150,0.5962192210732947,0.6501036286354065,0.5932793039836102,0.6471297144889832,0.5452365109313565,0.6119377017021179,0.7073389667589588,0.7269349098205566,0.7102788838486433,0.72990882396698,2.93991222693288,2.973937749862671,0.2042623621283437,0.3700469732284546,0.6149633038445697,0.6669524908065796,0.8164838739541116,0.7988135814666748
151,0.5952997573787877,0.6481700539588928,0.5923416971240739,0.6451947689056396,0.5442566089256479,0.6123560070991516,0.7067157212089727,0.7227208614349365,0.7096737814636865,0.7256961464881897,2.9580602518097927,2.9753000736236572,0.20253221673109742,0.3802089989185333,0.613819830382785,0.6604765057563782,0.8164177703218541,0.796382486820221
152,0.5936397524369813,0.6461668610572815,0.590680187328337,0.643187940120697,0.5427620926379577,0.6083440780639648,0.7048202114912537,0.7234629392623901,0.707779776599898,0.7264418601989746,2.959555081027918,2.978935956954956,0.20188118752139012,0.3661975860595703,0.611912033662436,0.6614899635314941,0.8144930530455942,0.7973447442054749
153,0.5922895145038739,0.6499674916267395,0.589329264292715,0.6469813585281372,0.5424250861613963,0.6121077537536621,0.702671581392989,0.7264565825462341,0.705631831604148,0.7294427156448364,2.960245780619576,2.986140727996826,0.20535484673867513,0.37158098816871643,0.6084108168256994,0.6662123203277588,0.8135095802062031,0.7985299229621887
154,0.5923482691956109,0.6510021090507507,0.5893913421551483,0.6480216979980469,0.5421823404738442,0.6139256954193115,0.7028458547021043,0.7264494895935059,0.7058027817425668,0.7294299006462097,2.9569289524575533,2.9804248809814453,0.20423494837800032,0.3772376775741577,0.609253601818805,0.6660616993904114,0.8130584665299236,0.7984775900840759
155,0.5921110480092088,0.6471330523490906,0.5891476273052682,0.6441510915756226,0.5421816077577937,0.6107003688812256,0.7024798791823811,0.7226458191871643,0.7054432998863217,0.7256277799606323,2.9634274303840518,2.981950044631958,0.20500245559665667,0.37522873282432556,0.6084221158867874,0.6602182388305664,0.8131202370763261,0.7966541051864624
156,0.5899372549498415,0.6474846601486206,0.5869792027053338,0.6445156931877136,0.5393080486546578,0.6106440424919128,0.7013056616061013,0.7233501076698303,0.7042637138506092,0.7263190746307373,2.9580469650318117,2.9689860343933105,0.1985544366924636,0.37357255816459656,0.6072869996592808,0.6614665389060974,0.8120827006703221,0.7968929409980774
157,0.5883026247192968,0.645805299282074,0.5853631263141268,0.6428185701370239,0.5379851168604629,0.6086980700492859,0.6994046991160862,0.7221384048461914,0.7023441975212562,0.7251251339912415,2.9394933145509907,2.9867331981658936,0.1984473549153231,0.3700820803642273,0.6051062761987074,0.6599924564361572,0.810401688515535,0.7960196733474731
158,0.5891960018348075,0.6468021273612976,0.5862221921356625,0.6438198089599609,0.5391482332834034,0.6099529266357422,0.699680312856929,0.7233273983001709,0.7026541225560738,0.7263097167015076,2.973815280346671,2.982325792312622,0.20147727013021477,0.3714756965637207,0.6056825703738232,0.6600485444068909,0.8102848314677512,0.7983346581459045
159,0.5866514886969528,0.6498017907142639,0.5836809354490543,0.6468033790588379,0.5364912062266277,0.6159966588020325,0.6975241301991908,0.722194492816925,0.7004946834470893,0.7251929044723511,2.9705533643490987,2.998434066772461,0.19776678216007246,0.3926149904727936,0.6030775977739511,0.658339262008667,0.8086292348254565,0.7970357537269592
160,0.5851781926792035,0.644186794757843,0.5822016764500254,0.6411973237991333,0.5356600744618761,0.6074568629264832,0.6957595913670579,0.7206868529319763,0.698736107596236,0.723676323890686,2.976515645957603,2.989500045776367,0.19889898620579138,0.3692833185195923,0.5999875038898529,0.6570725440979004,0.8080937364117866,0.796014666557312
161,0.5855022622616466,0.6450576782226562,0.5825231985691549,0.6420538425445557,0.5357947395528374,0.6066240668296814,0.6961578936098651,0.7231258749961853,0.6991369573023568,0.7261297106742859,2.9790643171425812,3.003857135772705,0.19847913638779752,0.3615686297416687,0.6007791970543778,0.6612450480461121,0.8081258728259276,0.7970585227012634
162,0.5853042792509205,0.6412308216094971,0.5823035726593705,0.6382176280021667,0.5357560422959678,0.6037683486938477,0.6956536847791002,0.7189199328422546,0.6986543913706502,0.721933126449585,3.000704023540867,3.0131821632385254,0.1994196511033682,0.3615529537200928,0.6003254548205238,0.6549068689346313,0.8075230262214654,0.7948452830314636
163,0.5827300875253713,0.6430354714393616,0.5797286415022658,0.6400111317634583,0.5328451723913037,0.6065390706062317,0.693956590478032,0.7194104790687561,0.6969580365011375,0.7224348187446594,3.001446518625034,3.024310827255249,0.19395562475815664,0.36911991238594055,0.5978176829972695,0.6551895141601562,0.8067622278649489,0.7953078746795654
164,0.5803858829231897,0.6447134017944336,0.5773896892720298,0.6416919231414795,0.530911049221378,0.6083719730377197,0.6914089994850654,0.7208443284034729,0.6944051931362253,0.723865807056427,2.996192598846256,3.0214600563049316,0.19331198438874986,0.37179216742515564,0.5945045772336432,0.6566817760467529,0.8049166210773172,0.7966419458389282
165,0.5811224195272807,0.6461301445960999,0.5781220412573774,0.6431307792663574,0.5314729219764605,0.6094918251037598,0.6920158336959231,0.7224550843238831,0.6950162119658265,0.7254544496536255,3.000377205102559,2.999385118484497,0.19377919673387278,0.37187936902046204,0.5958716532247995,0.6588801741600037,0.8047679094004041,0.797715961933136
166,0.5799675853185619,0.6403356790542603,0.5769728182584737,0.6373441815376282,0.5310591033595973,0.6039049029350281,0.6901744778350849,0.7174496054649353,0.6931692448951731,0.7204411029815674,2.9947674482564737,2.991469383239746,0.1963681335788987,0.365069717168808,0.5932821815593718,0.6516836285591125,0.8035269821750116,0.7949613928794861
167,0.5779096737558456,0.6426753401756287,0.5749205962894314,0.6396337151527405,0.5285481385980444,0.6065577864646912,0.6888965292282817,0.7185106873512268,0.6918856066946958,0.721552312374115,2.989078126590619,3.0416202545166016,0.19126357850242426,0.3710707426071167,0.5917680702023617,0.6541938185691833,0.8026127968916698,0.7944088578224182
168,0.5771867910440114,0.6419317722320557,0.5741667595763444,0.6388954520225525,0.5282053531934419,0.6061974167823792,0.6877995563192286,0.7177224159240723,0.6908195877868956,0.7207587361335754,3.0200344868612348,3.0363426208496094,0.1925071946946867,0.3716103136539459,0.5901633075132536,0.6523938179016113,0.8019455440200252,0.7945881485939026
169,0.5775124912236795,0.6414421796798706,0.5744913717231952,0.6384271383285522,0.5285733978147193,0.6031914353370667,0.6879828714085361,0.7197179198265076,0.6910039909090204,0.7227329611778259,3.021120874561336,3.0150680541992188,0.19326382379342133,0.3580842614173889,0.5905084531577293,0.6568159461021423,0.8019479103220027,0.7946742177009583
170,0.5756364690787996,0.6433761119842529,0.5726313969249702,0.6403571963310242,0.5261293609259432,0.6066445708274841,0.6870328297568588,0.7199570536613464,0.6900379019106881,0.7229759693145752,3.005074755428189,3.0189015865325928,0.18767721539607535,0.36829760670661926,0.5894134719585724,0.6560341119766235,0.8012973894155272,0.7956019043922424
171,0.5744628685545834,0.6405513286590576,0.5714471039373218,0.6375388503074646,0.5250364062605086,0.6045024394989014,0.6858701096092159,0.7170339226722717,0.6888858742264776,0.7200464010238647,3.015766957209839,3.012502670288086,0.18673103871720137,0.36779817938804626,0.5879371645631608,0.6513323783874512,0.8004410245822204,0.7943766713142395
172,0.5728689038409869,0.6418489813804626,0.5698429519356725,0.6387930512428284,0.5240970939530912,0.6060565114021301,0.6836201561644365,0.7174636721611023,0.6866461080697509,0.7205196022987366,3.025947611456812,3.055912733078003,0.18854863866044408,0.3717174232006073,0.5850521184978957,0.6525694727897644,0.7986905459848498,0.7938827872276306
173,0.5716431178893687,0.6412622332572937,0.568594334307503,0.6382187008857727,0.5225553448685194,0.6046391129493713,0.682749999208369,0.7183380722999573,0.685798785887837,0.7213816046714783,3.048785331043053,3.0435030460357666,0.18559419480199693,0.3654792904853821,0.5842696889067296,0.6529567241668701,0.7978021514836822,0.7954815030097961
174,0.570468567587039,0.6409914493560791,0.5674383233729001,0.6379446983337402,0.5221087783272558,0.6041087508201599,0.6809857323602404,0.7185019254684448,0.6840159765743793,0.7215486764907837,3.0302456061238927,3.0467514991760254,0.18791936527917988,0.3634887635707855,0.5816617281370128,0.6529783606529236,0.7967452610889393,0.795859158039093
175,0.5713939814852158,0.6425871849060059,0.5683705572476002,0.6395211219787598,0.5223064627581576,0.605844259262085,0.6823407702701536,0.7188611626625061,0.6853641945077692,0.7219272255897522,3.023422302969384,3.066072702407837,0.18568258451534586,0.36811909079551697,0.5843149148929037,0.6553658246994019,0.7969218927140261,0.7940478920936584
176,0.5688932842105761,0.6412883996963501,0.5658546842262603,0.6382569074630737,0.5205218948293787,0.6050834059715271,0.6795838418115313,0.7181105613708496,0.6826224414207468,0.721142053604126,3.0385971758552457,3.0314948558807373,0.18594333537942356,0.36733677983283997,0.5798965044322655,0.652077317237854,0.7957258435027463,0.7958362102508545
177,0.5671576232964364,0.64192134141922,0.5641406187428433,0.6388605833053589,0.5186131405143103,0.6061821579933167,0.678385566174379,0.7176231145858765,0.6814025707279721,0.7206838726997375,3.016996271669308,3.060732841491699,0.18254009408893693,0.3717719614505768,0.5782139176185955,0.6523692011833191,0.795085417367654,0.7944054007530212
178,0.566946531571463,0.6390194296836853,0.5639049612406158,0.6359603404998779,0.5185118082379888,0.6012234687805176,0.677761496734774,0.7175289988517761,0.6808030670656211,0.7205880880355835,3.041570821623467,3.059110164642334,0.18353828189458202,0.3565807342529297,0.5779907876913789,0.6525866389274597,0.7940063541902549,0.7945029139518738
179,0.5670497851598277,0.6422210335731506,0.5640144353952535,0.6391822099685669,0.5187805179798453,0.6051080822944641,0.6777391084025558,0.7199161648750305,0.6807744581671299,0.7229549884796143,3.0353475931549383,3.0388288497924805,0.18441935036054627,0.363615483045578,0.5777694402649013,0.6547320485115051,0.7941527650504396,0.7969768643379211
180,0.5652533969741694,0.6389061212539673,0.5622119870894429,0.6358489394187927,0.5169354260960005,0.6013290882110596,0.6762718659467538,0.7173177599906921,0.6793132758314804,0.7203749418258667,3.041416667991666,3.057159662246704,0.18177950191052522,0.3573528826236725,0.5757401310908712,0.6519400477409363,0.7932866847810346,0.7946943640708923
181,0.564603729384535,0.6387215256690979,0.5615580559648056,0.6356487274169922,0.5164287830096069,0.6034981608390808,0.6755655682817785,0.7147922515869141,0.6786112386039056,0.7178650498390198,3.0456772086778114,3.0728273391723633,0.1816927749683254,0.3693966567516327,0.5747070593462211,0.6472001671791077,0.792886530365636,0.7938975691795349
182,0.5652705136712276,0.6420559287071228,0.5622195928405563,0.6389834880828857,0.517425980296408,0.6056084036827087,0.6756959940377552,0.7185769081115723,0.6787469148684264,0.7216493487358093,3.0509139227276645,3.0724239349365234,0.18451319578649356,0.3679850399494171,0.574937611031813,0.6536718606948853,0.7928271321470157,0.795168399810791
183,0.5640355987709517,0.640339732170105,0.5609747235774026,0.637263298034668,0.5160993899555648,0.6039373278617859,0.6745140640366818,0.7170064449310303,0.6775749392302308,0.7200828790664673,3.0608712989917093,3.0764119625091553,0.1828822897632965,0.3661021888256073,0.5738674516945025,0.6516494154930115,0.7915484247486426,0.7940604090690613
184,0.5613190184702391,0.6381042003631592,0.5582556681714308,0.6350191831588745,0.5131071050429412,0.60346919298172,0.6724265912079589,0.7131437659263611,0.6754899415067672,0.7162287831306458,3.0633455299527674,3.0849976539611816,0.17798679153511693,0.3727746307849884,0.571289704187682,0.6458717584609985,0.7900448174337231,0.7917613387107849
185,0.5616470007358215,0.6365218162536621,0.5585812863856372,0.6334405541419983,0.5138169831732062,0.5969665050506592,0.6721074832584429,0.717641294002533,0.6751731976086272,0.7207225561141968,3.0657147525821427,3.081251859664917,0.18086109426246152,0.3431333899497986,0.5711604531247878,0.652420163154602,0.7894294243782359,0.7953460216522217
186,0.5618534370548978,0.6377971768379211,0.5587926452062113,0.6347153782844543,0.5145560091363672,0.6025020480155945,0.6716547536259495,0.7138954997062683,0.674715545474636,0.7169772982597351,3.060789851797726,3.081827402114868,0.18410700798591267,0.36819174885749817,0.5705146213590349,0.6464135050773621,0.7890464075687112,0.7929008603096008
187,0.5600057518971049,0.6379435062408447,0.5569358745387933,0.6348632574081421,0.5123924874117158,0.600130021572113,0.6704776871751297,0.7168418765068054,0.6735475645334412,0.7199221253395081,3.069881728738002,3.08024263381958,0.17986846312584065,0.35463255643844604,0.5688473355755591,0.6510476469993591,0.7884616686036516,0.7947097420692444
188,0.5580478549923201,0.6356208324432373,0.5549661702515388,0.6325342655181885,0.510218592349272,0.5985068678855896,0.6690970531721886,0.7143437266349792,0.6721787379129699,0.7174302935600281,3.081685635310772,3.086587905883789,0.17602593393960814,0.3548501133918762,0.5668601278507559,0.6468155384063721,0.7877696920254343,0.7938548922538757
189,0.5581671565323403,0.6362894773483276,0.5550936194778795,0.6332234144210815,0.510673294331647,0.5985539555549622,0.6688063672486234,0.715602457523346,0.6718799043030842,0.718668520450592,3.0735325890733516,3.066063642501831,0.17804856738737332,0.3523487448692322,0.5664625498902929,0.6487983465194702,0.787508762032822,0.7945149540901184
190,0.5574063128007896,0.6337423324584961,0.5543299510718069,0.6306504607200623,0.5098043291538749,0.5943554043769836,0.6679744907767126,0.7149041295051575,0.6710508525056951,0.7179960012435913,3.076365882092939,3.0918915271759033,0.177101546273065,0.3407875597476959,0.5660810160578822,0.6490465998649597,0.7862304303639311,0.7932320833206177
191,0.5567805008388756,0.6362382173538208,0.5537035092802198,0.6331624984741211,0.5095800079928633,0.5984139442443848,0.6670114374528607,0.7152515053749084,0.6700884290115164,0.7183272242546082,3.0769847148906107,3.0757462978363037,0.17843110754123995,0.3526521623134613,0.5646230459721457,0.6492756009101868,0.7856858477958373,0.7933140397071838
192,0.5547286465165095,0.6366545557975769,0.5516563740097987,0.6335610747337341,0.5073636609802292,0.5988361239433289,0.6651639307460018,0.7155445218086243,0.6682362032527126,0.718638002872467,3.0722711381513417,3.093487024307251,0.17543898148963571,0.3533462584018707,0.5628648374654682,0.6497158408164978,0.7837871711427392,0.7934463024139404
193,0.5539500737064407,0.6368165612220764,0.5508646812324741,0.6337270140647888,0.5066424212802294,0.5994271636009216,0.6648359951864545,0.7157056927680969,0.6679213876604211,0.7187952399253845,3.0853873620515326,3.0895228385925293,0.1738904276019521,0.35484132170677185,0.5613776691744979,0.6486335396766663,0.7846591664531877,0.7948065400123596
194,0.5534072757686873,0.6357266902923584,0.5503335815109086,0.63262540102005,0.5060282968622952,0.5990912318229675,0.6641467454178857,0.7135301828384399,0.667220440425865,0.7166314721107483,3.0736990904256283,3.101287841796875,0.17343432623537586,0.35837486386299133,0.5612576783695601,0.6464037895202637,0.7833928844089485,0.7924951314926147
195,0.5517832138796817,0.6333850622177124,0.5487052715023116,0.6302906274795532,0.5046744837395021,0.5958521962165833,0.6624052406954563,0.7128763198852539,0.6654831830728262,0.7159707546234131,3.077949942682896,3.0944130420684814,0.17289598914142357,0.34969809651374817,0.5589390553403956,0.644967257976532,0.7821884189395463,0.7928912043571472
196,0.5518722988898029,0.6378663182258606,0.5487715575785062,0.6347215175628662,0.5050868378196651,0.598619282245636,0.6618562506506513,0.718722403049469,0.6649569919619481,0.7218672037124634,3.1007365737075587,3.1448001861572266,0.17533051166600247,0.34598878026008606,0.5586322278353048,0.652815043926239,0.7812977879210986,0.7970540523529053
197,0.5545189001794467,0.638804018497467,0.5514142806095367,0.6356889605522156,0.5072059034938208,0.602205216884613,0.6653162420788191,0.7162366509437561,0.6684208620238294,0.7193517088890076,3.1046194609132085,3.1150429248809814,0.17462893761467557,0.3623458743095398,0.5619593134896328,0.6496944427490234,0.7850294291755314,0.7945751547813416
198,0.5513460093090508,0.6309624910354614,0.5482553097226975,0.627852737903595,0.5038335431507821,0.5937538743019104,0.6622753580120875,0.710770308971405,0.6653660575984408,0.7138800621032715,3.0907006194036857,3.1097359657287598,0.1705593381635164,0.34761589765548706,0.5593052592598903,0.6411790251731873,0.781636012481375,0.7924667596817017
199,0.5501322171768424,0.6345086693763733,0.5470456036909586,0.6314126253128052,0.5025830435355988,0.5945795178413391,0.6612278346215812,0.7163193225860596,0.664314448107465,0.7194153666496277,3.086605303276858,3.0960440635681152,0.16888197967907398,0.3385063409805298,0.558045208405732,0.6507083177566528,0.7808219694142606,0.7945239543914795
200,0.5476064985233063,0.6340395212173462,0.5445334898762426,0.6309273838996887,0.5009646064689186,0.59623122215271,0.6580461926495114,0.7137562036514282,0.6611192012965752,0.7168683409690857,3.0730137513315974,3.112126111984253,0.17055162618037312,0.3490232825279236,0.5536024409534968,0.6461080312728882,0.7787397499254841,0.7935622930526733
201,0.5458657110410157,0.6347681283950806,0.5427656889784592,0.6316505670547485,0.49912175390955593,0.5981552600860596,0.6565079722905904,0.7128249406814575,0.6596079943531469,0.7159425020217896,3.100013420052321,3.117588996887207,0.1680679646960807,0.35695356130599976,0.5518144456245432,0.6450307369232178,0.7774828620863019,0.7924814820289612
202,0.5468051760747478,0.6338221430778503,0.5437032608931693,0.630698025226593,0.5001819473526801,0.5955568552017212,0.6571917972862842,0.7147266268730164,0.6602937124678627,0.7178507447242737,3.101918055766296,3.1241307258605957,0.16991988521400525,0.34488925337791443,0.5526574935266462,0.6459287405014038,0.777968459820486,0.795852541923523
203,0.5444920200474902,0.6355224847793579,0.5413836861982899,0.6324169635772705,0.49704818468097745,0.5968520641326904,0.6563021870488033,0.7167022824287415,0.6594105208980036,0.7198078036308289,3.1083334883296097,3.1055104732513428,0.16206566721406643,0.34475359320640564,0.5512343373329621,0.6486273407936096,0.7778445738774221,0.7971752882003784
204,0.5429121375180723,0.6320098638534546,0.5398075902457166,0.628887951374054,0.49615402329127767,0.5928298830986023,0.653931315067189,0.7136486172676086,0.6570358623395448,0.7167705297470093,3.1045502784820385,3.121941566467285,0.1642776024181863,0.3386939465999603,0.5484836372088185,0.6460524797439575,0.7757008302468281,0.7937430739402771
205,0.5471061563472461,0.6318395733833313,0.543987010704324,0.6287298798561096,0.5018182559996855,0.5919503569602966,0.6555199064813491,0.7155874967575073,0.6586390536730724,0.718697190284729,3.1191447472310965,3.1097142696380615,0.17851479164575398,0.33188596367836,0.5510102908542569,0.6458157896995544,0.7759296751051379,0.7981492877006531
206,0.5650498650686749,0.6367311477661133,0.5619293027324885,0.6335561275482178,0.5225783452191974,0.599437415599823,0.6687996123701492,0.7157521843910217,0.6719201747063356,0.7189272046089172,3.1205626688882484,3.1750147342681885,0.21500946684213756,0.35477539896965027,0.5655486514013665,0.6477000117301941,0.7871769164763376,0.795836865901947
207,0.5570999859456749,0.6359331607818604,0.5539488273087043,0.632810115814209,0.5119066182017278,0.5970016121864319,0.6643251179196803,0.7164576053619385,0.6674762765566508,0.7195806503295898,3.1511530493799382,3.1230177879333496,0.19130217289711662,0.34573209285736084,0.5618154104289319,0.6504090428352356,0.7826022600382264,0.794863760471344
208,0.5518969093523904,0.6368165612220764,0.5487558128046787,0.6336267590522766,0.5059889906966681,0.5976206660270691,0.6607780710885159,0.7176586985588074,0.6639191672611275,0.7208485007286072,3.1410969349121207,3.1898157596588135,0.18039814192518877,0.345126748085022,0.5570276471545336,0.6514039635658264,0.7805411727555245,0.7963312864303589
209,0.549312218364254,0.6290419697761536,0.5461544280511017,0.6258620619773865,0.5035713014203845,0.590132474899292,0.6582495012372381,0.7106046676635742,0.6614072915503905,0.7137845754623413,3.157786151813967,3.17992901802063,0.1782136993392715,0.3367253243923187,0.5538080885697805,0.6420769095420837,0.7786921156019009,0.7915951609611511
210,0.5436750584823834,0.6305187940597534,0.5405312737845522,0.627357006072998,0.49749871706072024,0.5883303880691528,0.653919780176924,0.7166138887405396,0.6570635648747551,0.7197756767272949,3.1437880370464937,3.1618010997772217,0.16847510304312566,0.31849247217178345,0.5481496426423197,0.648544430732727,0.7758714099313687,0.797954261302948
211,0.5400725684173698,0.6277275681495667,0.5369153451348435,0.624572217464447,0.49389544587961987,0.5877139568328857,0.6508321343908646,0.7108067274093628,0.6539893576733911,0.7139620780944824,3.1572252348870027,3.1553502082824707,0.16378725710628578,0.3287946581840515,0.5439408339478357,0.6425455212593079,0.7739582448483868,0.7918017506599426
212,0.5390007389400047,0.6263655424118042,0.5358415455823984,0.623184323310852,0.49291330361772834,0.5850359797477722,0.6497275304416791,0.711159348487854,0.6528867237992854,0.7143405675888062,3.15919265290174,3.1812286376953125,0.1630626873990844,0.31974202394485474,0.5426291698273052,0.6431310176849365,0.7730480456952394,0.7922347784042358
213,0.5381480488552585,0.6260055899620056,0.534980973333931,0.6228219270706177,0.49136690547976414,0.5860826373100281,0.6494780480498663,0.7096836566925049,0.6526451235711938,0.7128673195838928,3.167077073226167,3.1836795806884766,0.1587882728304168,0.3260943591594696,0.5431478921833728,0.6397849917411804,0.7721645272315347,0.7923685312271118
214,0.5373981722089463,0.6246504187583923,0.5342356038200047,0.6214724779129028,0.49115972367912786,0.583287239074707,0.6482974514213946,0.709874153137207,0.6514600198103362,0.7130520939826965,3.162561493485234,3.177947759628296,0.1606286583975762,0.31701815128326416,0.5412735377343457,0.6410788893699646,0.7715769814999666,0.7917646169662476
215,0.5353521371197516,0.6255327463150024,0.5321806979237462,0.6223500967025757,0.48917323779246696,0.5836983323097229,0.6464462156127344,0.7111729383468628,0.6496176548087399,0.7143555879592896,3.17143928757829,3.18265700340271,0.1583576399229476,0.3155621290206909,0.5388027269255568,0.6428890228271484,0.7703593319090605,0.7926438450813293
216,0.5336596720159611,0.6281407475471497,0.530502891085567,0.624965250492096,0.487739617268922,0.5873569250106812,0.6443729307706696,0.7127262353897095,0.6475297117010637,0.7159017324447632,3.156782988944385,3.175503969192505,0.15826959417353206,0.32364892959594727,0.5368209089925025,0.643544614315033,0.7681283749461513,0.7948772311210632
217,0.5342493136627037,0.626947283744812,0.531079614060805,0.6237853765487671,0.488254672717235,0.5850422382354736,0.6451046714877579,0.7125819325447083,0.6482743710896565,0.7157438397407532,3.169694683002932,3.1619319915771484,0.15832879931835736,0.3167691230773926,0.5374163563204063,0.6446214318275452,0.7690188789629036,0.7937361001968384
218,0.5328083348574311,0.6275378465652466,0.5296432184727754,0.6243585348129272,0.48734046360897526,0.5869528651237488,0.6434396406619761,0.7114921808242798,0.6466047570466318,0.7146714925765991,3.165123870882909,3.179313898086548,0.158993905016164,0.3249908685684204,0.5346809277145349,0.6430002450942993,0.7683465510328465,0.7928673624992371
219,0.5298526813187253,0.6237328052520752,0.5266892887739646,0.6205583810806274,0.48402893006003006,0.5832233428955078,0.6410594936603944,0.7083927989006042,0.6442228877539563,0.711567223072052,3.1633916472304513,3.174436569213867,0.15372328307756408,0.31993567943573,0.532177859552014,0.6382545828819275,0.7661856372957543,0.791479766368866
220,0.5295391122935702,0.6251594424247742,0.5263811160140632,0.6219764351844788,0.4840423894325408,0.5825066566467285,0.640370852667483,0.7115223407745361,0.6435288489469899,0.7147053480148315,3.1579909946102465,3.18302845954895,0.15521353422095027,0.31112879514694214,0.5313215112231197,0.6441667079925537,0.7655921311965087,0.7922244071960449
221,0.5290877428472985,0.6231221556663513,0.5259211924905657,0.6199531555175781,0.48364197933185016,0.5815207958221436,0.6400714584157761,0.7093011140823364,0.6432380087725089,0.7124701142311096,3.1665516842490913,3.1690139770507812,0.15460065191734917,0.31274154782295227,0.5305173749295473,0.6392930150032043,0.7658079051651995,0.7925278544425964
222,0.529117948051589,0.6264659762382507,0.52595378572845,0.6232820749282837,0.48345424406082227,0.5852009057998657,0.6401902768992332,0.7116454243659973,0.6433544392223722,0.7148293256759644,3.1641630721779506,3.1839005947113037,0.15376808510664464,0.3192313611507416,0.5311088152668412,0.6426219344139099,0.7654858276314528,0.7937494516372681
223,0.5273205783131932,0.6206660270690918,0.5241490020240849,0.6174733638763428,0.4818565480916228,0.5781881213188171,0.6382742630869114,0.7081885933876038,0.6414458409248209,0.7113812565803528,3.1715779543600573,3.1926350593566895,0.1528399246909296,0.3047389090061188,0.528810482730819,0.6378897428512573,0.7639192139962027,0.7919356822967529
224,0.5264374390153734,0.6232767701148987,0.5232652384867961,0.620079755783081,0.4810939986701908,0.5812820792198181,0.6374868753960207,0.709251880645752,0.6406590743757969,0.7124488949775696,3.172199002814593,3.197007417678833,0.15212964294066142,0.31210389733314514,0.5274679621472089,0.6406815052032471,0.7636843905718018,0.791060745716095
225,0.5257518327773416,0.6237490177154541,0.5225802537052311,0.6205712556838989,0.4805196256377181,0.5818473100662231,0.6363079787946261,0.7101051807403564,0.6394795547691342,0.7132829427719116,3.1715725846664236,3.1777572631835938,0.15282687736607836,0.3120635151863098,0.5269763149045804,0.6405750513076782,0.7617556944737529,0.7929033637046814
226,0.5282732996570837,0.6222849488258362,0.5251008263943014,0.6191080808639526,0.4833480361705382,0.5780829191207886,0.6388432836803632,0.7113321423530579,0.6420157584919467,0.7145090103149414,3.1724751351860254,3.1768832206726074,0.15627183891920554,0.29780012369155884,0.5285738774590796,0.6430673003196716,0.7651983851637242,0.7933813333511353
227,0.5244647640911874,0.6231228113174438,0.5212887885896742,0.6199406981468201,0.47901141584234125,0.5798309445381165,0.6358640892835734,0.7106490135192871,0.6390400651601869,0.7138311266899109,3.1759806298841755,3.182100772857666,0.14907993705980283,0.30466175079345703,0.5254325171795696,0.642795205116272,0.7625217940620519,0.7920358777046204
228,0.5267344495410896,0.6214234232902527,0.5235753283237375,0.6182482242584229,0.48191512209392395,0.5790784955024719,0.6369773669306747,0.7086676359176636,0.6401364865992256,0.7118428349494934,3.1591118770162603,3.175177574157715,0.15574969377306677,0.3064943850040436,0.5271333866471737,0.6386350393295288,0.7628622986512411,0.7921060919761658
229,0.5337843352878089,0.6254729628562927,0.5306207488525025,0.6223117709159851,0.48914605262944527,0.583378255367279,0.6429548357929875,0.7120224237442017,0.646118422228294,0.7151836156845093,3.1635823055248746,3.1611649990081787,0.1656172416871319,0.31278178095817566,0.5347550769816363,0.6427475810050964,0.7670658492141752,0.7946053147315979
230,0.5997409829510647,0.652215301990509,0.5965789603935332,0.6490721702575684,0.5610568655781082,0.6160948872566223,0.6943434252034248,0.7266855239868164,0.6975054477609564,0.7298286557197571,3.162019597191758,3.1431496143341064,0.28069551407661664,0.38347330689430237,0.5984866085983707,0.6646703481674194,0.8039884741984873,0.8001410365104675
231,0.5875931280297184,0.6340515613555908,0.584368839261012,0.630853533744812,0.5502484812878807,0.5984447002410889,0.6827292680449957,0.7111758589744568,0.685953556813702,0.7143738865852356,3.224290024300102,3.198035478591919,0.2715820026044385,0.3613203465938568,0.5815170217567085,0.6419268846511841,0.797646407136286,0.7920867800712585
232,0.5766397771000911,0.6248095631599426,0.5734149373937708,0.6216302514076233,0.5381309604964216,0.5853554606437683,0.6747836442047921,0.7083691954612732,0.6780084839111123,0.7115485072135925,3.2248364819098043,3.1793408393859863,0.25068907125713474,0.3266023099422455,0.5708298899756666,0.6373526453971863,0.7928739098625555,0.7921114563941956
233,0.6003703481290479,0.6304532885551453,0.5971300640195257,0.6271947622299194,0.5642124904736338,0.5902597904205322,0.6936052268082854,0.7130798101425171,0.6968455109178077,0.7163383364677429,3.2402836150673893,3.2585060596466064,0.29204156240989076,0.33191436529159546,0.5927148244509695,0.6457618474960327,0.8078810768160354,0.7931031584739685
234,0.5778418586741024,0.6326034069061279,0.574613729362511,0.629433810710907,0.5401436000929293,0.5916205048561096,0.6750414233066374,0.7169852256774902,0.6782695526182289,0.7201548218727112,3.228130126454411,3.1695759296417236,0.2563929768037951,0.3279222846031189,0.5706188828539568,0.6488376259803772,0.7934189500771932,0.7981017231941223
235,0.5597660874284673,0.6255652904510498,0.556556296576052,0.6223735213279724,0.519452460694013,0.5833830237388611,0.6622006484177652,0.7127152681350708,0.6654104392701806,0.7159070372581482,3.2097857374995886,3.1917409896850586,0.2191890762726369,0.31133928894996643,0.5548398707196619,0.6423136591911316,0.7843284520297529,0.7964960336685181
236,0.5761668927244573,0.6275780200958252,0.5729617201551112,0.6244704723358154,0.5393805757461405,0.5845066905021667,0.6728809887541052,0.7150420546531677,0.6760861613234513,0.7181496024131775,3.2051740912368905,3.1075501441955566,0.2585693914390317,0.30993223190307617,0.5668806491999717,0.6470383405685425,0.7926916941558739,0.7965494990348816
237,0.5642076881736263,0.6235421299934387,0.5610655915480632,0.6203947067260742,0.5249792666295849,0.5807414054870605,0.6647854660808967,0.71197909116745,0.6679275627064598,0.7151265144348145,3.1420913869367593,3.1474030017852783,0.23090412791090867,0.30468976497650146,0.5583732723221757,0.640981912612915,0.7856604002667209,0.7965525984764099
238,0.550038584571905,0.6219989061355591,0.5468568157675399,0.6188435554504395,0.5083988178831458,0.579689085483551,0.654973774192491,0.7093214392662048,0.6581555429968561,0.7124767899513245,3.181763270304932,3.1553592681884766,0.200085997678282,0.30701425671577454,0.5465323157393734,0.6391239762306213,0.7785781429300839,0.7929291129112244
239,0.5427060195744352,0.6221447587013245,0.5395088731105183,0.618971586227417,0.5001010990365462,0.5776810050010681,0.6490781727090774,0.7130997180938721,0.6522753191729943,0.7162728905677795,3.197148474647996,3.1731865406036377,0.18673556327360025,0.29283446073532104,0.540457169940885,0.6417105197906494,0.7731105737506109,0.7984979748725891
240,0.5357546997999593,0.6211879849433899,0.5325561841716139,0.6180119514465332,0.49250421396271754,0.579068124294281,0.6434931853075991,0.7088580131530762,0.6466917009359445,0.7120340466499329,3.198522306292027,3.1760094165802,0.17490669825408114,0.30606183409690857,0.5339652573099186,0.6372842192649841,0.7686406830390003,0.7938582301139832
241,0.5320998112263836,0.6216809153556824,0.5288957838018977,0.6184834241867065,0.4884236367964619,0.5790716409683228,0.6406409513451827,0.7091336250305176,0.6438449787696686,0.7123311161994934,3.204024137445838,3.1975066661834717,0.16824237430574834,0.30549299716949463,0.5306937527569435,0.6393412351608276,0.7663347682137824,0.792380690574646
242,0.5300865308738946,0.621905505657196,0.5268642687478106,0.6187030673027039,0.486254101403593,0.5770648121833801,0.6391331566769177,0.71245276927948,0.6423554199767025,0.7156552076339722,3.22225626658193,3.202421188354492,0.1646808825139829,0.29228323698043823,0.5285182838221173,0.642865002155304,0.7655631191257147,0.796046257019043
243,0.5272092897863926,0.6199468970298767,0.5239920076973498,0.6167545318603516,0.4831936007053253,0.5771655440330505,0.6364627545846946,0.7086381912231445,0.6396800366737375,0.7118305563926697,3.217287396978083,3.1923465728759766,0.1607998873565045,0.3006197214126587,0.5259886775324609,0.6368373036384583,0.7627922433980151,0.7940396666526794
244,0.5265606210041085,0.6201664805412292,0.5233360423917844,0.6169685125350952,0.4828083664239348,0.5764986872673035,0.6359187751536538,0.7100021839141846,0.6391433553147791,0.7132001519203186,3.2245695184412595,3.1979739665985107,0.16074856530710105,0.29568102955818176,0.5244167716920352,0.6384389996528625,0.763259772503226,0.7953760623931885
245,0.5254317617155022,0.6164279580116272,0.5222130534709879,0.6132274270057678,0.48193931066549456,0.5743259787559509,0.634316567284665,0.7050776481628418,0.6375352755291792,0.7082781791687012,3.2187167248782034,3.2005388736724854,0.16142165466048009,0.29929661750793457,0.5230491496637687,0.6313186287879944,0.7613471168306268,0.792362630367279
246,0.5249797697237629,0.6186927556991577,0.5217672163545722,0.6154811382293701,0.4811681861370209,0.5743775963783264,0.6345726429472306,0.7096425294876099,0.6377851982403228,0.7128541469573975,3.2125566093794853,3.211596727371216,0.15848985646211952,0.28985491394996643,0.5228241506118481,0.6376339793205261,0.7621905361304088,0.7956439852714539
247,0.523318857450675,0.6170817613601685,0.5200968499208822,0.6138798594474792,0.4804588190869398,0.5735373497009277,0.6318445812866933,0.7069357633590698,0.6350665872676848,0.710137665271759,3.222013033844812,3.201927661895752,0.16202673663272152,0.29294073581695557,0.519432858945488,0.6349515318870544,0.7599168694024158,0.792719841003418
248,0.5360932442844761,0.6203398704528809,0.5328614078930999,0.617111325263977,0.4963417848919254,0.5787191390991211,0.6392019651452071,0.7070116996765137,0.6424338061829867,0.7102402448654175,3.231841396907941,3.228567123413086,0.19584275860153366,0.3088623583316803,0.528690349242574,0.6357515454292297,0.7644922507036714,0.7915434837341309
249,0.5300376535889776,0.6194503903388977,0.5268012707401861,0.6162521243095398,0.4879428630939016,0.5761489868164062,0.6369250173787494,0.7090595960617065,0.6401614002275409,0.7122578620910645,3.2363865343574774,3.1982805728912354,0.17456659281999176,0.2965782582759857,0.5255466994598441,0.6368793249130249,0.7637153096040283,0.7949893474578857
250,0.5250981949327247,0.6184577941894531,0.5218887369757593,0.6152587532997131,0.4824880453517076,0.5731077790260315,0.633255426205129,0.7108815312385559,0.6364648810644921,0.7140805721282959,3.209457375971321,3.199061632156372,0.16535666632158602,0.28330785036087036,0.5209257330683446,0.6389626264572144,0.7611817537020049,0.7970528602600098
251,0.5215285116828557,0.6176022291183472,0.5183103375932427,0.6143946051597595,0.47821155059787734,0.5739777684211731,0.6307745165956539,0.7085272669792175,0.6339926872125642,0.7117348909378052,3.2181742557218973,3.2076218128204346,0.15730324390575356,0.2909598648548126,0.5182513257642127,0.6345527768135071,0.7590800799880142,0.7964207530021667
252,0.5197753988288062,0.6162645816802979,0.5165442055529131,0.6130384802818298,0.4765472815402678,0.5714111924171448,0.6289316102638508,0.7086933851242065,0.6321628035397439,0.7119194865226746,3.2311920889305767,3.2261242866516113,0.15601467640357342,0.2826453149318695,0.5162655809668085,0.6351645588874817,0.757361569275858,0.7964236736297607
253,0.5170228652628853,0.6151021122932434,0.513790449523074,0.6118984818458557,0.4732598528913304,0.5711633563041687,0.6270678530511844,0.706641674041748,0.6303002641445924,0.7098453044891357,3.2324157479425972,3.2036075592041016,0.14973271557387424,0.28619158267974854,0.5141492121063787,0.6323532462120056,0.7558976332927398,0.7949451804161072
254,0.5176282334608417,0.6182196736335754,0.5144000712614257,0.6150004863739014,0.4742317467843233,0.5754144787788391,0.6271738608678182,0.7074876427650452,0.6304020215184332,0.7107068300247192,3.2281631433136133,3.219194173812866,0.15252592811800336,0.2976054251194,0.5142204763683128,0.6344401240348816,0.7559488174927897,0.7941978573799133
255,0.516969645018506,0.6159229278564453,0.5137333476683786,0.6127208471298218,0.4731133179092523,0.5727130770683289,0.6272767798425316,0.7063503265380859,0.6305130740950565,0.7095524072647095,3.236296883163731,3.2021102905273438,0.1488384522536979,0.2916141450405121,0.5140759815929674,0.6322027444839478,0.7564255221800934,0.7943222522735596
256,0.5146185874067765,0.6160209774971008,0.5113878446626218,0.6128100156784058,0.47138357203615616,0.5712299942970276,0.6242216061006656,0.7079835534095764,0.6274523503936213,0.7111945152282715,3.2307403790384495,3.210958480834961,0.1498966847269989,0.283576101064682,0.5106614172047248,0.6353031396865845,0.7535926233062016,0.7948108315467834
257,0.5142492896359576,0.6143290996551514,0.5110282457750888,0.6111199855804443,0.470785106457785,0.5694833993911743,0.6241414332070391,0.7067671418190002,0.6273624724215044,0.7099762558937073,3.221043212598676,3.2091031074523926,0.14820801531135963,0.28071415424346924,0.5107122345324991,0.6332815885543823,0.753435057350837,0.7944544553756714
258,0.5128238672194712,0.6137218475341797,0.5096018038965365,0.6104873418807983,0.4693022258776356,0.5682658553123474,0.6230839716918672,0.707192599773407,0.626306033841101,0.7104271054267883,3.222062562086018,3.2344775199890137,0.14583027630536188,0.2760404944419861,0.5090641092828169,0.6332607269287109,0.7530123008444597,0.7954962849617004
259,0.5130020115755943,0.6179388761520386,0.5097632057241827,0.6147164106369019,0.46986982770872177,0.5725791454315186,0.6228029611291703,0.7104219794273376,0.6260417731757867,0.7136444449424744,3.238809021517265,3.2224385738372803,0.14818295737228596,0.282633900642395,0.508493209098153,0.6382928490638733,0.7529333212537297,0.7968107461929321
260,0.5129002066003178,0.6171306371688843,0.5096658400486409,0.6138988733291626,0.47003769768092674,0.5737357139587402,0.6225059609126619,0.7073468565940857,0.6257403274643387,0.7105786204338074,3.234369477265451,3.2317473888397217,0.14932860233800177,0.2926914095878601,0.5078238313439122,0.6340293884277344,0.7529606353302483,0.7944863438606262
261,0.5121890398553848,0.6156560182571411,0.5089477238449874,0.6124452948570251,0.46877426953273144,0.5712081789970398,0.6222484823750424,0.7075086832046509,0.6254898003093411,0.7107194066047668,3.241319593742423,3.2107415199279785,0.14594922691184334,0.28450703620910645,0.5082289592018469,0.6340430378913879,0.7521446350866636,0.7950745224952698
262,0.5090153648559997,0.6170527935028076,0.505793768460316,0.6138354539871216,0.4661695151807233,0.5719418525695801,0.618995371965485,0.709101676940918,0.6222169637147653,0.712319016456604,3.221594800128232,3.2173197269439697,0.1447082748511822,0.283433198928833,0.503560177398028,0.6371555328369141,0.7502400692623415,0.7952368259429932
263,0.509826415288366,0.6155627369880676,0.5065931127509885,0.6123437285423279,0.46663072608468786,0.5710105895996094,0.6196786616083766,0.7079436779022217,0.622911965319455,0.7111626863479614,3.233306513246946,3.2190351486206055,0.1447022614491649,0.2829790711402893,0.5054783839134971,0.633660614490509,0.7497115150680883,0.796392023563385
264,0.510075967097931,0.6143085956573486,0.5068329598087631,0.6110866069793701,0.4668279489244429,0.5700049996376038,0.620031235085432,0.7062680125236511,0.6232742454722021,0.7094900012016296,3.2430096147895777,3.221992015838623,0.14457274036851783,0.28338271379470825,0.505725301284883,0.632101833820343,0.7501858134265842,0.7945303916931152
265,0.5086265772617401,0.6131091117858887,0.5054011556175827,0.6099001169204712,0.46587648687689853,0.567810595035553,0.6184750725910327,0.7063723802566528,0.6217004942351901,0.7095813751220703,3.2254201995130964,3.2089672088623047,0.14489318973714144,0.27635306119918823,0.5030082004901795,0.6325293779373169,0.7497280458343063,0.7945494651794434
266,0.5074645266318002,0.614937961101532,0.5042382573820061,0.6117016673088074,0.46431195386241136,0.5711407661437988,0.6176105563688027,0.7059469819068909,0.6208368256185968,0.7091832756996155,3.2262706393591523,3.2363028526306152,0.14185632637638027,0.2875828742980957,0.5027156080891821,0.6321662068367004,0.7483639205029666,0.7936732769012451
267,0.5074053554577505,0.6149333119392395,0.5041509417804141,0.6116943955421448,0.46430453270903654,0.57086580991745,0.6174263407000187,0.7065454721450806,0.6206807528285538,0.7097843885421753,3.2544111767969044,3.238929271697998,0.14222074723248554,0.28547078371047974,0.5024946217269758,0.6323111653327942,0.7481982425079082,0.7948154211044312
268,0.5061896882113334,0.614558756351471,0.5029511819077468,0.6113146543502808,0.4635591625659097,0.5711614489555359,0.6159949095037184,0.7058722972869873,0.6192334173561063,0.7091163992881775,3.238506227017804,3.2441015243530273,0.14291845150730545,0.28780391812324524,0.500198872119394,0.6302489638328552,0.7475601507307696,0.79543137550354
269,0.5062655068682889,0.613646388053894,0.5030187878771327,0.6103945970535278,0.4636377959511796,0.5704400539398193,0.615980044763552,0.7047200798988342,0.6192267560107022,0.7079718708992004,3.2467155195182773,3.251800775527954,0.14319379485227013,0.2879888713359833,0.5003207222601286,0.6289872527122498,0.7473988766308195,0.7943440079689026
270,0.5051690595594306,0.6137495636940002,0.5019214828954303,0.6105002164840698,0.46238600186492385,0.568877637386322,0.6149762502250951,0.7066681981086731,0.6182238253402942,0.7099175453186035,3.247571462351667,3.2493622303009033,0.14142031331179444,0.2790423333644867,0.4995805397659988,0.6320728659629822,0.7461571430366213,0.7955177426338196
271,0.504968389511786,0.6156339049339294,0.5017189042165519,0.6123855113983154,0.46209202673538785,0.5709865093231201,0.6150943590188191,0.7084510922431946,0.6183438443140532,0.7116994857788086,3.2494891889202755,3.248380661010742,0.14025952128245006,0.2818368077278137,0.49931014345227537,0.6334067583084106,0.7467064069530318,0.7977159023284912
272,0.5040208757819076,0.6137419939041138,0.5007704911655979,0.6104927062988281,0.4613740979729752,0.5695545077323914,0.6139564501818147,0.7056546211242676,0.6172068394445279,0.7089039087295532,3.2503935822228613,3.249309778213501,0.14042502231487547,0.28327488899230957,0.4978814453697282,0.631105363368988,0.7458158420732338,0.7942833304405212
273,0.5025122234407984,0.6143850684165955,0.4992517892345393,0.611134946346283,0.4599723701330883,0.5695610046386719,0.6125334921378796,0.7070700526237488,0.6157939278929397,0.7103201746940613,3.260439280228454,3.250096082687378,0.13906792372198934,0.28031793236732483,0.4959172158525864,0.6328091025352478,0.7449319674820616,0.7955560088157654
274,0.5016143896015398,0.6141071915626526,0.4983443638148755,0.6108381152153015,0.4586800389956808,0.5712656378746033,0.6121730622943223,0.7038286328315735,0.6154430880809866,0.7070977091789246,3.270022557220273,3.2690982818603516,0.13581542850411912,0.2924261689186096,0.4955693052955338,0.6297084093093872,0.7446554044713056,0.7916622757911682
275,0.5030709417961111,0.6128436923027039,0.4998040775240218,0.6096047163009644,0.4607416923894081,0.5690966248512268,0.6127361898445474,0.7048820853233337,0.6160030541166367,0.7081210613250732,3.266867658349493,3.238980293273926,0.14102914642014738,0.28347882628440857,0.4961973423160192,0.6288282871246338,0.744998577015699,0.7949827313423157
276,0.49995852517394385,0.609321117401123,0.49670454916603624,0.6060798764228821,0.4573641125380485,0.5645082592964172,0.610026659807731,0.7028200626373291,0.6132806369893395,0.7060613036155701,3.2539768678794485,3.241255521774292,0.13624632621726224,0.2735764980316162,0.4935073524507816,0.6269004940986633,0.7423386486913439,0.7930477261543274
277,0.49917635235707064,0.6121982336044312,0.4959261287676819,0.6089333295822144,0.4568475542081065,0.5680999159812927,0.6092705992339735,0.7045975923538208,0.6125208197257599,0.7078624963760376,3.2502210014388178,3.2648754119873047,0.13623355051341504,0.2809842526912689,0.4919333575437866,0.6287090182304382,0.742375754579218,0.7946065068244934
278,0.4999555353947979,0.6106209754943848,0.4966875849532926,0.6073651909828186,0.45778276481814273,0.5671559572219849,0.6095213837077644,0.7022960186004639,0.6127893356980708,0.70555180311203,3.267947913087387,3.255812168121338,0.13860843180884108,0.2828958332538605,0.49271962483433557,0.626072108745575,0.7420202451317571,0.7924998998641968
279,0.49928478733872766,0.6099729537963867,0.4960323245216568,0.6067205667495728,0.4566961962592055,0.5664456486701965,0.6095239192646691,0.7024903297424316,0.6127763805329388,0.7057427167892456,3.2524663047775038,3.252410888671875,0.13523098546898177,0.2802828252315521,0.49264422045749134,0.6247386336326599,0.7422133821130428,0.7943156361579895
280,0.4982242915284764,0.6094706058502197,0.4949578343974929,0.6062166690826416,0.45564201310839636,0.5646064281463623,0.6087439947141848,0.7033834457397461,0.6120104518451683,0.7066373825073242,3.26645028625036,3.253910779953003,0.133599908103606,0.27269622683525085,0.49120003081800684,0.6267025470733643,0.7421260938332713,0.7944204807281494
281,0.4970950345125713,0.6114731431007385,0.49385356438435823,0.6082266569137573,0.4546261415145671,0.5675015449523926,0.6072558885031099,0.7043525576591492,0.610497358631323,0.7075990438461304,3.2414638382411805,3.2465012073516846,0.13357737113487608,0.2796424627304077,0.4902388489783609,0.6271975040435791,0.7400622114000696,0.7956646084785461
282,0.49819592450916694,0.6115430593490601,0.4949367847618803,0.6082761883735657,0.4557871521487257,0.5680497288703918,0.6080868447451295,0.7034849524497986,0.611345982943615,0.706751823425293,3.2591349437766284,3.2668464183807373,0.13543258024167104,0.28316885232925415,0.49135801303788407,0.6267415881156921,0.7405708490519615,0.7942387461662292
283,0.4978383094181242,0.6153939962387085,0.4945705486563614,0.6121245622634888,0.4556445479151005,0.5723946690559387,0.6078030883273698,0.7060328722000122,0.6110708459915304,0.7093023061752319,3.2677641332125305,3.2694430351257324,0.1355869019486485,0.2912938892841339,0.49024570192740885,0.6304937601089478,0.7411010178230276,0.7953964471817017
284,0.4952140342303519,0.6097403168678284,0.49195861529636037,0.6064722537994385,0.45276809059358736,0.5675399899482727,0.6053601019613829,0.7003756165504456,0.6086155212704747,0.7036436796188354,3.255416652413824,3.268061637878418,0.13179867419100758,0.288127064704895,0.4882359970429057,0.6224947571754456,0.7382695862204381,0.7919980883598328
285,0.49488801726034587,0.611238420009613,0.4916126072479369,0.6079889535903931,0.45241379155843564,0.5673573017120361,0.6052765814792418,0.7047075033187866,0.6085519911165505,0.7079569697380066,3.275410957952074,3.249443769454956,0.13087477182596619,0.2784484326839447,0.4876382763773941,0.6260609030723572,0.7387283307190499,0.7975626587867737
286,0.4931948563818326,0.6116373538970947,0.4899375527262252,0.6083799004554749,0.45094572641091574,0.567838191986084,0.6036382627545263,0.704183042049408,0.6068955698828362,0.7074404954910278,3.2573004017697085,3.2574405670166016,0.1297648759196553,0.28104373812675476,0.48531437479186434,0.6271495223045349,0.7377579221626728,0.7953212857246399
287,0.4934263371908224,0.609912097454071,0.49015181627498133,0.6066575050354004,0.4511856696032626,0.5651749968528748,0.603702456521349,0.7039752006530762,0.6069769805347924,0.7072297930717468,3.2745233541381005,3.2545642852783203,0.13037452919970574,0.2732158899307251,0.4856108043114441,0.6266082525253296,0.7375716891561733,0.79570072889328
288,0.49358683623679034,0.6087707877159119,0.49033905033943276,0.6055101752281189,0.4517117790753794,0.5639340281486511,0.6035814900200782,0.7028661966323853,0.6068292790150381,0.7061268091201782,3.247788877638191,3.2606332302093506,0.13226170591643996,0.27169740200042725,0.48512301685071507,0.6256965398788452,0.7377506296081946,0.7944081425666809
289,0.4929463178633288,0.6102452874183655,0.4896788354138751,0.6069834232330322,0.4507129445363485,0.5663807392120361,0.6032480092925654,0.702498197555542,0.6065154905683182,0.7057600617408752,3.2674820640926385,3.2618441581726074,0.12986334602352667,0.28006458282470703,0.48511758334163335,0.6262361407279968,0.737157903669135,0.7928414344787598
290,0.49362677306699115,0.6064789295196533,0.49035842869758994,0.6032029390335083,0.45161990813496533,0.5614161491394043,0.6037011196155447,0.7014247179031372,0.6069694608873436,0.7047007083892822,3.2683452958747035,3.275974750518799,0.13172493584021483,0.2669152617454529,0.4853649890814861,0.623099684715271,0.7377697801473806,0.794233500957489
291,0.49224192903528746,0.6083249449729919,0.48896492490718096,0.6050542593002319,0.4508033733613792,0.565557062625885,0.6015106861396771,0.699667751789093,0.6047876933653858,0.702938437461853,3.2770088549508247,3.2706942558288574,0.13379832022300447,0.28346213698387146,0.48310855409743775,0.6219955682754517,0.7355032420429426,0.7912133932113647
292,0.4917715108351063,0.6100853085517883,0.48849387961192875,0.6068253517150879,0.4496103761232921,0.5656184554100037,0.6017639420161245,0.7035169005393982,0.6050415716905009,0.7067768573760986,3.2776304099601408,3.259937047958374,0.12956321169896384,0.2755562961101532,0.48400424179438406,0.6266218423843384,0.7352636727287767,0.7946772575378418
293,0.4904081164653157,0.6092943549156189,0.4871368372145098,0.6060084700584412,0.448596426991007,0.5652874112129211,0.6003431130413888,0.7019255757331848,0.6036143922921946,0.7052114605903625,3.2712758471217525,3.28589129447937,0.12940508700752956,0.2778761386871338,0.48170274116138206,0.6251870393753052,0.7346814528162093,0.7927990555763245
294,0.4901553526478379,0.6091201305389404,0.486883262672223,0.6058478355407715,0.4484859722758327,0.5660777688026428,0.6000576904765774,0.7013153433799744,0.6033297820009935,0.7045876383781433,3.2720899362173013,3.272287607192993,0.12966270541520414,0.28161272406578064,0.48106077977713657,0.62269526720047,0.7347344229050008,0.793925404548645
295,0.48832868317303213,0.6072289943695068,0.4850434655466556,0.6039397716522217,0.44651466891187697,0.5636849403381348,0.598406637629696,0.6997888684272766,0.601691853332171,0.7030780911445618,3.2852173868931263,3.2892017364501953,0.12701780330866175,0.2773972451686859,0.4794101669107856,0.6218154430389404,0.7331160567806738,0.7918421030044556
296,0.48820571598365836,0.6070830821990967,0.48492728492568,0.6038084030151367,0.44667841752418597,0.5631449818611145,0.5982114005950326,0.6999158263206482,0.6014898332018123,0.7031905055046082,3.278435862650002,3.2746498584747314,0.12793662188815916,0.27545446157455444,0.47855181191638385,0.6226168870925903,0.7335468115866596,0.791363537311554
297,0.4891963946446625,0.6078278422355652,0.48591579376465416,0.6045392155647278,0.4477577277111707,0.5641756653785706,0.5987282320584798,0.7010024189949036,0.6020088406824939,0.704291045665741,3.280602541097625,3.2886440753936768,0.13019910392435013,0.27636784315109253,0.4797686657259922,0.6220892071723938,0.7333054330307345,0.7940700650215149
298,0.486337103908545,0.6067498326301575,0.4830377082780179,0.6034480929374695,0.44446886786105816,0.5631169676780701,0.5962057526257771,0.6998482942581177,0.5995051513539066,0.7031500339508057,3.299399171860974,3.3017330169677734,0.12529822194837623,0.2755097448825836,0.4777277207355213,0.6209688186645508,0.7303806653460302,0.7928723692893982
299,0.4851052093157379,0.6090070009231567,0.4818024490598833,0.6057022213935852,0.44373757376740536,0.564882218837738,0.5950742970624204,0.7026261687278748,0.598377066611082,0.7059309482574463,3.3027610357728276,3.304762601852417,0.12540860001301796,0.2751447856426239,0.4748973976147644,0.6241134405136108,0.730906729600413,0.7953884601593018
300,0.4863926562844763,0.6036664843559265,0.4830935897741964,0.6003763675689697,0.4449772786377796,0.5588634610176086,0.5963161061848754,0.6986939907073975,0.5996151773415588,0.7019841074943542,3.2990700934313684,3.2900893688201904,0.12664388771759896,0.26473739743232727,0.476392015554631,0.6193647980690002,0.7318959690379361,0.792488157749176
301,0.48560949580436114,0.6073373556137085,0.4823267009507046,0.6040445566177368,0.4442475398187951,0.5656855702400208,0.5955206743837419,0.69816654920578,0.5988034676885973,0.7014593482017517,3.28279025574985,3.292814254760742,0.12605233616307165,0.2870185077190399,0.4755457079705793,0.6181471347808838,0.7311445638942757,0.7918909788131714
302,0.4845640198563929,0.6037457585334778,0.4812756505769489,0.6004530191421509,0.44369461423393386,0.5604726672172546,0.5937251478397308,0.6965586543083191,0.5970135202167772,0.699851393699646,3.2883717662379164,3.292715072631836,0.12811320662571074,0.274222731590271,0.4738089827517402,0.6172493100166321,0.729161684512124,0.7899459004402161
303,0.484586580952541,0.6070688366889954,0.4812857080924042,0.6037584543228149,0.44328082608489355,0.5630581974983215,0.5945167203187652,0.7006862163543701,0.5978175951028035,0.7039965987205505,3.3008708900617383,3.3103950023651123,0.12516393675232534,0.27356451749801636,0.47424675077139433,0.6218127608299255,0.730431781519829,0.7937972545623779
304,0.4828902465804437,0.6054887771606445,0.47958757667535695,0.6021967530250549,0.44183134177183164,0.5623151659965515,0.5928428685621571,0.6976476907730103,0.5961455396409447,0.7009397149085999,3.3026742219828127,3.292041063308716,0.12418639602406549,0.27765020728111267,0.4717900165444799,0.6193906664848328,0.7295175974948882,0.7899045944213867
305,0.48303952649798376,0.6012483835220337,0.47974252902875814,0.5979450941085815,0.44201087205089595,0.5579892992973328,0.5928734421875241,0.6947843432426453,0.5961704384830488,0.6980876326560974,3.297002152703518,3.3032970428466797,0.12467926704951335,0.2702479064464569,0.47200331237080906,0.6138978004455566,0.7293500431030202,0.7898221015930176
306,0.4833595223945667,0.6056137681007385,0.4800600050621482,0.6023202538490295,0.44223125398134827,0.5613589286804199,0.5931524007822796,0.6999624967575073,0.5964519196634993,0.7032560110092163,3.299516498969911,3.2935118675231934,0.1247764487958419,0.26981329917907715,0.4726475337342523,0.6203927993774414,0.729269789187733,0.7938706278800964
307,0.4818167366538162,0.6019671559333801,0.4785147233315227,0.5986663103103638,0.4410294728142626,0.5590910911560059,0.5916308255588626,0.6949647068977356,0.5949328326859514,0.698265552520752,3.3020127107106814,3.300856828689575,0.12424737195682099,0.27328798174858093,0.47006462867115745,0.6140656471252441,0.7287764220861125,0.7899196147918701
308,0.4816208061071319,0.6037908792495728,0.478318910723627,0.6005004048347473,0.44040975655862774,0.5625326037406921,0.5916255709605153,0.6942207217216492,0.5949274667191206,0.6975111961364746,3.3018929642775268,3.2904980182647705,0.12233510121878598,0.28553345799446106,0.47091815749223376,0.6138721108436584,0.7279760160922424,0.788192093372345
309,0.48133351054561363,0.6061575412750244,0.4780421853791491,0.6028568744659424,0.44048541420076226,0.5654144883155823,0.5910666299650352,0.6962323784828186,0.5943579644243068,0.6995330452919006,3.2913250986076785,3.300642728805542,0.12374563184251061,0.2902458608150482,0.46989931984737643,0.6150419116020203,0.7278112974827047,0.7909557223320007
310,0.48120506020082093,0.6085861325263977,0.47789866772793776,0.6052932739257812,0.4405634564521881,0.565108597278595,0.590566981337296,0.7021054625511169,0.5938733710876771,0.7053983211517334,3.306390764361903,3.2928414344787598,0.12503881450898272,0.2769427001476288,0.46947714097123294,0.6219488978385925,0.7271744103340709,0.796434223651886
311,0.4789547775752942,0.6044079065322876,0.4756483007774477,0.6010923981666565,0.4382031854458374,0.5610994696617126,0.5883150260428128,0.6972095370292664,0.591621499743057,0.7005250453948975,3.3064759134810675,3.315519332885742,0.12245071009315711,0.27479884028434753,0.4675524726637098,0.6179138422012329,0.7246063700595426,0.7905856966972351
312,0.4787171214177654,0.606889545917511,0.47539987314342724,0.6035822033882141,0.437728350016338,0.5643598437309265,0.5884786583861344,0.698962926864624,0.5917959051116715,0.7022702693939209,3.31724589915475,3.307340145111084,0.12063289415870214,0.28122928738594055,0.46753818469467656,0.6189062595367432,0.7250139719337358,0.7929440140724182
313,0.47757548451956044,0.6046007871627808,0.4742552571503844,0.6012899279594421,0.43730332054745313,0.5623247027397156,0.5867711882304719,0.6969258785247803,0.5900914094044434,0.7002367377281189,3.3202276904554906,3.310870409011841,0.12290539836017184,0.27919822931289673,0.4648640139336224,0.615587592124939,0.7241405468136133,0.7921881675720215
314,0.4787125923117631,0.6047398447990417,0.475399514765358,0.6014328598976135,0.4380306801779503,0.5617942214012146,0.588268083210549,0.6972514986991882,0.5915811685009599,0.7005584836006165,3.3130801129621847,3.3070099353790283,0.12201409630547004,0.27686676383018494,0.46686651626351494,0.6175237894058228,0.725211431861069,0.790992021560669
315,0.4785270459686795,0.601055920124054,0.47523032813066396,0.5977437496185303,0.4381670316834785,0.5590422749519348,0.5876081869750307,0.6935162544250488,0.5909049090843495,0.6968284249305725,3.2967174074488153,3.3121578693389893,0.12382528298374505,0.27618327736854553,0.4663125840788976,0.6111201047897339,0.7243632264268917,0.7898234724998474
316,0.4771665943936996,0.6023344397544861,0.4738591556088304,0.5990303158760071,0.4370548644300113,0.5591668486595154,0.5864557346047011,0.6960440874099731,0.5897631737646706,0.6993482112884521,3.307439004798948,3.3041465282440186,0.12279786901882012,0.27125251293182373,0.46394778368824435,0.6145270466804504,0.7244189437743468,0.7917209267616272
317,0.4759916503449741,0.6025388240814209,0.47266137691905136,0.5992186665534973,0.4356713791567283,0.5617268085479736,0.5855296256578022,0.6937627792358398,0.5888598959861225,0.6970829367637634,3.330275076267151,3.3201656341552734,0.1204523422637704,0.28399595618247986,0.46301177962011214,0.6103205680847168,0.7235500396048204,0.7908638715744019
318,0.47631782394959776,0.6018329858779907,0.472991872840522,0.5985183119773865,0.43630632142250103,0.5593027472496033,0.5855346482747752,0.6945824027061462,0.5888606071278568,0.6978970766067505,3.325951541675284,3.3146655559539795,0.12241223572450491,0.27474892139434814,0.46278701054096416,0.6131038069725037,0.7237197023506722,0.7900553941726685
319,0.4731768396899703,0.6004693508148193,0.4698465852126618,0.5971443057060242,0.4333221054735389,0.5579203963279724,0.5821782274310104,0.6943492889404297,0.5855084865547223,0.6976743340492249,3.3302574417139037,3.3250529766082764,0.12021095291463718,0.27094918489456177,0.45938885937945123,0.6105544567108154,0.7203665033521277,0.7922574281692505
320,0.47387318789257155,0.6038696765899658,0.47053732802555226,0.6005328893661499,0.43381972149335124,0.5615831017494202,0.5831957872060078,0.6963807344436646,0.5865316497955291,0.6997175216674805,3.335857117026016,3.336784601211548,0.11961489529857489,0.278043270111084,0.4603053004311876,0.6145619750022888,0.7215389613934856,0.7921440601348877
321,0.4730516964591619,0.6037712693214417,0.46971051475404485,0.600435733795166,0.4331267068674542,0.5613180994987488,0.5822115591566493,0.696782112121582,0.5855527470569711,0.7001176476478577,3.3411787707196763,3.3355600833892822,0.11953446803553242,0.2763766646385193,0.45924953683769126,0.6144358515739441,0.7205961413660332,0.7931416630744934
322,0.4741886193390257,0.600848913192749,0.4708673544303702,0.5975437164306641,0.434222786142436,0.559649646282196,0.5832180313303177,0.6930437088012695,0.5865392927662706,0.6963489055633545,3.321261210311877,3.305197238922119,0.12081898732842153,0.2790620028972626,0.46074365591838307,0.6088262796401978,0.7211057065562219,0.7910605072975159
323,0.4732253548579152,0.6016255617141724,0.4699020891038567,0.5982971787452698,0.4333578573098959,0.5590827465057373,0.5820297793164952,0.6949304938316345,0.5853530419729513,0.6982588768005371,3.323264894764258,3.32839298248291,0.12063419184837698,0.2733340263366699,0.45971714506486155,0.6122804284095764,0.7197222338427482,0.7916337251663208
324,0.47253857111959885,0.5995486378669739,0.46919550038526275,0.5962306261062622,0.4325852170495836,0.5585432648658752,0.5816853420549517,0.6914582848548889,0.5850284174356913,0.6947762966156006,3.343074279154794,3.3180360794067383,0.11896079380580965,0.27896344661712646,0.45882436457659914,0.6071900725364685,0.7199704877690383,0.7894763946533203
325,0.47163524993831824,0.5953460931777954,0.4682993846988949,0.5920143723487854,0.43205515624689855,0.5533235669136047,0.5805118954670512,0.689234733581543,0.5838477665265789,0.692566454410553,3.335865807639744,3.331719160079956,0.11978406590680693,0.2674414813518524,0.45714071268382905,0.6038365960121155,0.7192406918622108,0.7886925935745239
326,0.47138640089728123,0.5989331603050232,0.4680559327096122,0.5956138968467712,0.4314659031556478,0.5569736361503601,0.5806255256360109,0.692489504814148,0.5839560031164869,0.6958087682723999,3.330472448033818,3.319288969039917,0.11771636037893331,0.27192285656929016,0.45754124625301246,0.607649564743042,0.7191400960892427,0.7913485169410706
327,0.46981029081189724,0.601987361907959,0.4664677741369773,0.598654568195343,0.4301772052153697,0.5612911581993103,0.5788309303328993,0.6930707097053528,0.5821734392638135,0.6964035034179688,3.3425146595424042,3.3328187465667725,0.11749181332890211,0.2840996980667114,0.4552872870881239,0.6095123887062073,0.7177525280066926,0.790261447429657
328,0.47000737885755106,0.599557101726532,0.46667306160859057,0.5962262153625488,0.43028663943997736,0.5567300319671631,0.5787726492113182,0.693268895149231,0.5821069773018869,0.6965997815132141,3.334321969125603,3.3308935165405273,0.11795395809644323,0.2695273458957672,0.4560523722600608,0.6106096506118774,0.7168535721819913,0.7900530695915222
329,0.4690638913693972,0.6004163026809692,0.46573420636691654,0.5970929861068726,0.42982618753328294,0.5583524703979492,0.5777123593432217,0.6937453746795654,0.5810420396992989,0.6970686912536621,3.3296818215334945,3.323336124420166,0.11875528059037681,0.2735605239868164,0.4538308082317077,0.6096588373184204,0.7168924692826111,0.7918380498886108
330,0.47017332582371146,0.5984663963317871,0.46685635895928473,0.5951579213142395,0.4308202616625378,0.5568869113922119,0.5788898172293356,0.6914874315261841,0.5822067798224592,0.6947959065437317,3.316965459664082,3.3084890842437744,0.11936360736155578,0.27376148104667664,0.45527238742733117,0.6066794395446777,0.7178247783951676,0.7902197241783142
331,0.4690691054690141,0.5983604788780212,0.4657482829003909,0.5950324535369873,0.4293569326279757,0.5561020970344543,0.5782476837587608,0.6921873092651367,0.5815685109737875,0.6955153346061707,3.320825294997215,3.328035593032837,0.11617293638992832,0.2698538303375244,0.45472166245902307,0.6076294183731079,0.7171761932965464,0.7908231616020203
332,0.4669800821330264,0.5985941886901855,0.4636437128435244,0.5952603220939636,0.42746011088207103,0.5564280152320862,0.5763572166472298,0.6921887993812561,0.5796935890343341,0.695522665977478,3.3363722981450232,3.333885669708252,0.11426278284190876,0.2708622217178345,0.451779409740884,0.6078065037727356,0.7163381467638004,0.7906153798103333
333,0.46759254069430917,0.5977159142494202,0.46426026885508526,0.5943909883499146,0.42854631265343274,0.5562390685081482,0.5762074273919072,0.6904200315475464,0.579539688389523,0.693744957447052,3.332271318149141,3.3249056339263916,0.1179487672076688,0.27399641275405884,0.45181727449292824,0.6058771014213562,0.7158728842564922,0.7888437509536743
334,0.46675303637666815,0.5983265042304993,0.463418856632211,0.5949956774711609,0.42746177554082154,0.5567746758460999,0.5755028407408171,0.6919673085212708,0.5788370189364732,0.6952981352806091,3.3341791144822897,3.3308045864105225,0.11606505443918672,0.27240416407585144,0.4515488104175563,0.6056941151618958,0.7147714571888931,0.7922258973121643
335,0.4667166249083156,0.5969367623329163,0.46335576212701396,0.5935995578765869,0.42756154308026756,0.5562422275543213,0.5752176142445532,0.6886923909187317,0.5785784723794514,0.692029595375061,3.3608616693591955,3.3371987342834473,0.11697462722326361,0.2776402533054352,0.4512391303958227,0.6037277579307556,0.7144708713524912,0.7873587012290955
336,0.4656294158595972,0.5984921455383301,0.4622818733007018,0.5951519012451172,0.42700571551392635,0.5564675331115723,0.5738487138624265,0.6915097236633301,0.5771962595189242,0.694849967956543,3.347538019068784,3.3402485847473145,0.11812905469320191,0.27241331338882446,0.4489481767357436,0.6078619956970215,0.7139399073688276,0.7891273498535156
337,0.46486355790847983,0.596796452999115,0.4615291402052439,0.5934511423110962,0.42568224972213037,0.556381344795227,0.5738064566376826,0.6885768175125122,0.5771408743409185,0.691922128200531,3.3344166803495505,3.345288038253784,0.11411067292886781,0.27831485867500305,0.44913086633928123,0.6026971936225891,0.7138052292340565,0.7881319522857666
338,0.46457051288244255,0.5972792506217957,0.46122596409569605,0.5939269065856934,0.42581682328862286,0.5559267401695251,0.5729159580175344,0.6894835233688354,0.576260511075584,0.6928358674049377,3.34455013972107,3.3523590564727783,0.11640143718447958,0.2749970555305481,0.4481547577469222,0.605462908744812,0.7128942862449503,0.7873201966285706
339,0.4649363013844252,0.5985397100448608,0.46157484034237417,0.5951930284500122,0.4261972124480736,0.5550064444541931,0.5730279338974513,0.6943485140800476,0.5763893922170004,0.6976951956748962,3.3614576984797364,3.3466877937316895,0.11734635415258225,0.2619077265262604,0.44865989595518524,0.6093899011611938,0.7125853913081065,0.7937217354774475
340,0.46385579466384164,0.5975612998008728,0.4604986078895014,0.5942126512527466,0.4251101834958905,0.5551547408103943,0.5722298441357212,0.6915327310562134,0.5755870355564648,0.6948813796043396,3.357187928293858,3.34867787361145,0.11565160503897587,0.26829060912132263,0.44732295032976316,0.6070118546485901,0.712355999601986,0.7901618480682373
341,0.4633150565469357,0.5964540839195251,0.45996671489134,0.593092679977417,0.42474556911828987,0.5555054545402527,0.5713909388653302,0.6883190274238586,0.574739275499422,0.6916804313659668,3.348340812854248,3.3614320755004883,0.11628463947816539,0.27613887190818787,0.44662078750409395,0.6037581562995911,0.7113312861806147,0.786619246006012
342,0.46291581763032486,0.5970371961593628,0.45955739999466005,0.5936895608901978,0.4239783983040863,0.5552293658256531,0.5717197489651344,0.6901487708091736,0.5750781588567935,0.6934964060783386,3.358412983453327,3.3476204872131348,0.1132121319832281,0.27143341302871704,0.4464901968370934,0.6056325435638428,0.7122328794200973,0.7886220216751099
343,0.46322729089760556,0.6014766693115234,0.45986040468337913,0.598111629486084,0.42425945725471953,0.5603563189506531,0.5716328709724712,0.6928628087043762,0.5749997525402941,0.6962278485298157,3.3668833472019184,3.3650519847869873,0.11426708377501464,0.28163576126098633,0.44726798963217634,0.6097724437713623,0.7112432996819187,0.7896607518196106
344,0.4624750741216355,0.599030077457428,0.45911717826256265,0.5956807732582092,0.42378744751614283,0.5560498833656311,0.5707373028115146,0.6932651400566101,0.5740951955729852,0.6966144442558289,3.3578925005943367,3.349302291870117,0.11468604632354198,0.26742491126060486,0.4458853546749321,0.6098916530609131,0.7107909436735059,0.7908331751823425
345,0.46340106336314457,0.5973510146141052,0.4600444808753583,0.5940019488334656,0.42487585100515846,0.553812563419342,0.5715495320146664,0.6925066113471985,0.5749061133287517,0.6958556771278381,3.3565813383821834,3.3490588665008545,0.11635536062816658,0.26207664608955383,0.4464587181310464,0.6088915467262268,0.711813466993232,0.7904694080352783
346,0.46125102204081975,0.5951955914497375,0.4578960997710807,0.5918439030647278,0.4229586524083466,0.5534045100212097,0.5693727220358328,0.6895801424980164,0.5727276446806722,0.6929318308830261,3.3549260892763497,3.3517067432403564,0.11498421688922962,0.26696592569351196,0.44365862528579875,0.6023820638656616,0.7102331167742628,0.7908655405044556
347,0.45946370829327826,0.5976711511611938,0.4560977138860217,0.5943119525909424,0.4207998325294273,0.5562423467636108,0.5680241137319496,0.6904137134552002,0.5713901054167041,0.6937729120254517,3.3659943282676816,3.359196424484253,0.11112115341887162,0.2740197479724884,0.44244986468827,0.6054788827896118,0.7088284827420928,0.7892284393310547
348,0.45830729307317175,0.5952242612838745,0.4549324561365726,0.5918773412704468,0.42010025281369856,0.5523528456687927,0.566579434211497,0.6901953220367432,0.5699542711480962,0.6935422420501709,3.3748362029513546,3.3468973636627197,0.11198887862401236,0.26240822672843933,0.44020555899533326,0.6050028800964355,0.7081063128659941,0.7896474003791809
349,0.4588550885445792,0.600334644317627,0.45549956357338733,0.5969938039779663,0.42069798413931814,0.5585666298866272,0.5668087948447943,0.6933162808418274,0.570164326386291,0.696657121181488,3.3555247286108516,3.340820074081421,0.11336146730065975,0.2751278281211853,0.44103755708443554,0.6089831590652466,0.7076949295453603,0.7915889024734497
350,0.45710570735753286,0.5975552201271057,0.45375068208041636,0.5942151546478271,0.4190237262701049,0.5553836226463318,0.56505550272911,0.6916887760162354,0.5684105295550276,0.6950288414955139,3.355024186663641,3.340059280395508,0.11185343346059008,0.26867279410362244,0.43907334897220984,0.606185793876648,0.7061443810195783,0.7912922501564026
351,0.4589027936048155,0.5992134213447571,0.4555513468932873,0.5958720445632935,0.42081140197731837,0.5562825202941895,0.5668562175392184,0.6942256689071655,0.570207659229243,0.6975670456886292,3.351446657126578,3.341391086578369,0.1136137303864864,0.2661260664463043,0.4409122048259701,0.6091518402099609,0.7079082934826407,0.7935696244239807
352,0.4571432227702147,0.5975611805915833,0.453780991489985,0.5941950678825378,0.4190451251240799,0.5550420880317688,0.5653516222101569,0.6918965578079224,0.5687138492190833,0.6952626705169678,3.36223073979485,3.3661417961120605,0.1112969693853707,0.26717594265937805,0.4388503624301009,0.6068737506866455,0.706988044812144,0.7910767197608948
353,0.4571840174668599,0.5983340740203857,0.4538134331389554,0.5949920415878296,0.41949248571634,0.555884063243866,0.5647682331947113,0.6926497220993042,0.5681388233427201,0.6959917545318604,3.370585144316332,3.342026472091675,0.1139124781316826,0.2682049572467804,0.43830719257436823,0.6075841188430786,0.7062577852571683,0.791863203048706
354,0.45705838015638034,0.5993368029594421,0.45370918580104413,0.5959847569465637,0.4193530190634718,0.5581340193748474,0.5648271012635334,0.6915415525436401,0.5681762987164719,0.6948935985565186,3.3491954893490865,3.3520615100860596,0.11335580893105915,0.27751806378364563,0.4381351908241594,0.6070797443389893,0.7065680804796641,0.7898041605949402
355,0.4548582896632583,0.5945751667022705,0.4514928391877103,0.5912203192710876,0.41725987619468946,0.5519228577613831,0.5624795253326192,0.689338743686676,0.5658449804545708,0.6926935911178589,3.3654516926152502,3.35483717918396,0.11179784048610328,0.26287543773651123,0.43569361899763503,0.6038864254951477,0.7042881723975826,0.7890067100524902
356,0.45526259020727144,0.5978233814239502,0.45189712806731475,0.5944540500640869,0.4173842246606008,0.5555756688117981,0.5630334391373228,0.6923347115516663,0.5663989059236831,0.6957040429115295,3.3654632065967,3.3693153858184814,0.11101864652206779,0.2679099142551422,0.4367659242957576,0.6061347126960754,0.704368101814826,0.7926822900772095
357,0.4561675671295959,0.597922146320343,0.45279811211973975,0.594552218914032,0.41819151023563894,0.5561638474464417,0.5640037227732062,0.6918259859085083,0.5673731836031667,0.6951959133148193,3.3694579126967485,3.369935989379883,0.11148303120699153,0.270805686712265,0.43787025329643664,0.605426549911499,0.7052212337193042,0.7922593355178833
358,0.4552261076392655,0.5951805114746094,0.4518585701420498,0.5918264389038086,0.41755558813533017,0.5544161796569824,0.5624931983428906,0.688010036945343,0.565860735465006,0.6913641095161438,3.3675381803338333,3.3541011810302734,0.11268679662734282,0.2734086811542511,0.43663606081510337,0.6009633541107178,0.703343909298846,0.7888765931129456
359,0.4523819557448204,0.5973606109619141,0.4490094385735639,0.5939942598342896,0.4149468803352522,0.5563069581985474,0.5599728797298111,0.6900943517684937,0.5633453922546641,0.6934607028961182,3.3725153601271227,3.36633038520813,0.10989219438809474,0.2748922109603882,0.4327322578604416,0.6040359735488892,0.7022162031895061,0.7899926900863647
360,0.4527301581540923,0.5950838327407837,0.44935539336984737,0.5917062163352966,0.41516992684500614,0.552635133266449,0.5600923656981697,0.6900221109390259,0.5634671308575149,0.6933997273445129,3.3747653383285208,3.3776373863220215,0.11033304771949158,0.26364853978157043,0.43367876824546625,0.6034975647926331,0.7014979711645656,0.7907591462135315
361,0.45320171987773245,0.595648467540741,0.4498150186523208,0.5922861695289612,0.4158022523144131,0.5534520149230957,0.560672029701617,0.6907618045806885,0.5640587382959342,0.6941241025924683,3.386703376212451,3.362271308898926,0.11107614626136196,0.2646279036998749,0.43350306797017907,0.6032106876373291,0.7028274987221151,0.7925174236297607
362,0.45222086865051075,0.5940174460411072,0.4488544638109459,0.5906363725662231,0.4151315065210445,0.5527597069740295,0.5593145254710511,0.6875951886177063,0.5626809384297221,0.6909762620925903,3.3664055419461882,3.3810806274414062,0.11185001121199427,0.2691401243209839,0.4321054797612019,0.6003333926200867,0.7014390311006894,0.7888055443763733
363,0.45230374907847104,0.5935950875282288,0.4489212833402411,0.5902090668678284,0.41477642192910275,0.5505504608154297,0.5596221952093746,0.6892076730728149,0.5630046528284984,0.6925936937332153,3.382465266329556,3.386026382446289,0.11010078191031201,0.25889208912849426,0.43316290953804987,0.6030145287513733,0.701065548807927,0.7897446751594543
364,0.4521756592050491,0.594673216342926,0.44878718663510686,0.5913041830062866,0.4148923494662882,0.5541240572929382,0.5596273781030681,0.6873438954353333,0.5630158510481106,0.6907129287719727,3.388470596382398,3.3690073490142822,0.1104496717634503,0.273902952671051,0.43214515993810987,0.5999139547348022,0.7020822103266497,0.7885552048683167
365,0.451858888626389,0.597394585609436,0.4484737557678556,0.5940073728561401,0.4146388952585918,0.5561966300010681,0.5587607574956571,0.6905458569526672,0.5621458903541906,0.6939330697059631,3.3851332248249433,3.387238025665283,0.11148600203752324,0.2736000418663025,0.43223671021618304,0.6039519309997559,0.7001939703427917,0.7910378575325012
366,0.4501727349841396,0.595686137676239,0.44679102630717843,0.5922989249229431,0.41272194076736335,0.5541343092918396,0.5575334651413072,0.6893482208251953,0.5609151800134731,0.6927354335784912,3.381709469947397,3.3872182369232178,0.10811841909569839,0.26971882581710815,0.430765563172148,0.6027497053146362,0.6992818371483914,0.7899343371391296
367,0.44846517142850695,0.5986692905426025,0.44505999010121294,0.5952661633491516,0.4114067041796492,0.5576679706573486,0.5557006431264796,0.6906538605690002,0.5591058271762757,0.6940569877624512,3.405182892744782,3.40315318107605,0.10789189578445763,0.2779390513896942,0.4279156583162812,0.6057944297790527,0.6984125697607922,0.7892704010009766
368,0.4492312160585646,0.5949552655220032,0.44582941292070827,0.5915452241897583,0.41248181576027987,0.553555428981781,0.5557876129098118,0.6887479424476624,0.5591894129500659,0.6921579837799072,3.4018011116371665,3.4100422859191895,0.11104544299347247,0.269184947013855,0.42850156177411564,0.6013191342353821,0.6978984478523805,0.7901621460914612
369,0.44784734005178806,0.5962035655975342,0.44443865663096327,0.5927975177764893,0.4108143779038899,0.5560052990913391,0.5550715432290957,0.6880859136581421,0.5584802343939264,0.691491961479187,3.4086846447649206,3.4060275554656982,0.10737691116354788,0.2781805694103241,0.4272170010689454,0.6010538935661316,0.6978492205868008,0.788781464099884
370,0.4470330914297193,0.5953161716461182,0.4436305705193238,0.5919229388237,0.4099189712780547,0.5535044074058533,0.554225400531868,0.6890367269515991,0.5576279291862692,0.6924299597740173,3.402523026929074,3.39322829246521,0.10637783260060867,0.2684192657470703,0.4267063591110479,0.6030545234680176,0.6966727170768038,0.7890394330024719
371,0.44674630728718523,0.5941789746284485,0.4433536014322629,0.5908020734786987,0.4097839866016533,0.5513414144515991,0.5536886775246782,0.68967205286026,0.5570813864772028,0.6930489540100098,3.392705854728751,3.3769161701202393,0.10708788606303038,0.26037004590034485,0.4262840092012759,0.6031590700149536,0.6959800400774604,0.7904951572418213
372,0.44643946463288303,0.5917534828186035,0.44303653211647837,0.5883654952049255,0.4094925827119489,0.550828218460083,0.553329247480672,0.6854504942893982,0.5567321780731752,0.6888384819030762,3.402932597523146,3.387983560562134,0.1069396236352547,0.2676571011543274,0.42593578245888575,0.596929132938385,0.6956023582103433,0.7878983616828918
373,0.4451776147251733,0.593921959400177,0.4417664469788823,0.5905353426933289,0.4083974559012826,0.5524259805679321,0.5522545264883347,0.687401533126831,0.5556657081738362,0.6907881498336792,3.4111741192206297,3.386608839035034,0.10580155292432869,0.26851189136505127,0.42394442228926327,0.6010156869888306,0.6954463896981788,0.7877503633499146
374,0.44681377725246907,0.5932753682136536,0.4434228285487667,0.5898926854133606,0.4099510202575301,0.5522603392601013,0.5536441832744537,0.6869736909866333,0.5570351319781561,0.6903563737869263,3.390947688753606,3.382675886154175,0.10769988803954518,0.2688978612422943,0.4261844210928647,0.5987407565116882,0.6959687628689889,0.7891424894332886
375,0.4444127501001021,0.596618115901947,0.4410150196075052,0.5932257771492004,0.40793608219169575,0.5548314452171326,0.5512694952403729,0.6897201538085938,0.5546672210865663,0.6931124925613403,3.397728257967213,3.3923356533050537,0.10644167241796555,0.27110010385513306,0.4225834801436148,0.6049371957778931,0.6947831083641176,0.7884570956230164
376,0.44445680025579287,0.59659743309021,0.44105765252543133,0.5932194590568542,0.40766549278602726,0.5544243454933167,0.551350119004538,0.6908928751945496,0.554749272555004,0.6942708492279053,3.399150099252909,3.3779618740081787,0.10543231246520289,0.26736998558044434,0.4235096588954662,0.6048726439476013,0.6940545055423865,0.7910304069519043
377,0.44350159978944015,0.5956180095672607,0.440099140564891,0.5922275185585022,0.40759040933772406,0.5537580847740173,0.549632738784131,0.6899145245552063,0.5530351995574814,0.6933050155639648,3.402459857912021,3.3905153274536133,0.10881173424347115,0.26736021041870117,0.42074469778530976,0.6029061675071716,0.6932148014051954,0.791007936000824
378,0.44353457738411317,0.597200870513916,0.440122670702367,0.5937873125076294,0.40709613423932145,0.5548765659332275,0.5501975360751103,0.6922543048858643,0.5536094470281597,0.6956678628921509,3.4119063780843075,3.4135541915893555,0.1060897262174813,0.265909343957901,0.42172558561505896,0.6049467921257019,0.693473080068016,0.7937734723091125
379,0.44358104579922053,0.592186450958252,0.44017439819282506,0.5887861847877502,0.40695613437535266,0.5489924550056458,0.5502986531164701,0.6880999207496643,0.5537052987989641,0.691500186920166,3.4066465659883027,3.4002561569213867,0.10544256858113235,0.2563871741294861,0.4222906033682039,0.6016584634780884,0.6931352393200279,0.7889317870140076
380,0.44319548162318223,0.5945653915405273,0.43979832061751317,0.5911812782287598,0.4070677434555941,0.5517546534538269,0.5491929596340661,0.689996600151062,0.5525901187158337,0.6933807134628296,3.397158858062676,3.3840835094451904,0.10811470092020527,0.26096993684768677,0.4212440254845079,0.6034952998161316,0.6918445107320242,0.7907987236976624
381,0.4428039354567503,0.5964604020118713,0.43940686827455167,0.5930548906326294,0.40676837010060296,0.5556526780128479,0.549390055750426,0.6885485053062439,0.55278711673742,0.6919540166854858,3.397066343038778,3.4055304527282715,0.10677105114862195,0.2761131525039673,0.4199621254382364,0.6028938889503479,0.6935719456364844,0.7879509329795837
382,0.44315714106248055,0.5944681167602539,0.4397477938109571,0.5910781025886536,0.407042554467372,0.5520299077033997,0.5494946397710901,0.6892020106315613,0.552903980827409,0.6925920248031616,3.4093468497063735,3.3900210857391357,0.10740196568739399,0.2634955942630768,0.4207483897763832,0.6030036807060242,0.6929773023057846,0.7895904183387756
383,0.4420191198405917,0.5949421525001526,0.4386184500984869,0.5915348529815674,0.40605787402287374,0.5524980425834656,0.5480891290448615,0.6893671751022339,0.551489802259669,0.6927744746208191,3.400671729410367,3.4073123931884766,0.10730247676880729,0.2646006643772125,0.4194829924606086,0.603733479976654,0.6913881598330105,0.789159893989563
384,0.4422263284790482,0.5954848527908325,0.43882939861985276,0.5920650959014893,0.40633347589360763,0.5544565320014954,0.5482444149955134,0.6879251599311829,0.551641337110703,0.6913449168205261,3.3969299104994892,3.4197661876678467,0.10783117401239303,0.2737122178077698,0.4195618915257781,0.6021272540092468,0.691607367881081,0.7875301241874695
385,0.44144772031275276,0.5938698053359985,0.43802760250433836,0.5904704928398132,0.4053599586028952,0.5512495040893555,0.5474163901258957,0.6888728737831116,0.5508365079343102,0.6922721862792969,3.4201162894276456,3.399339437484741,0.10655159446048969,0.26176565885543823,0.41929395919740564,0.6026126146316528,0.6902343196158384,0.7893701791763306
386,0.4404808855303603,0.5936726927757263,0.43707554336974547,0.5902666449546814,0.40450844094852967,0.5522637963294983,0.5468667279013859,0.687606155872345,0.5502720665892982,0.6910122036933899,3.4053417896769465,3.406076431274414,0.10506515328326556,0.26757821440696716,0.4176222129028791,0.5999348759651184,0.6908379851247158,0.7892784476280212
387,0.44168774205835865,0.5952587723731995,0.4382841898278884,0.591850996017456,0.4062303344239271,0.5542826056480408,0.5474470276393109,0.6887260675430298,0.5508505763970785,0.6921338438987732,3.4035514489064314,3.4077727794647217,0.10918836000061984,0.2714877128601074,0.4179785886383908,0.6007271409034729,0.6915240599718996,0.7906328439712524
388,0.44261912594372016,0.5941621661186218,0.439205400787908,0.590743899345398,0.40654223529342903,0.5534094572067261,0.5485975109993613,0.6870092153549194,0.5520112284111677,0.6904274821281433,3.4137219549241804,3.4182651042938232,0.10773630528565205,0.2723894417285919,0.4204550539629274,0.5995715856552124,0.6914353522400618,0.7882673740386963
389,0.4402732330635704,0.5933929085731506,0.4368617288281266,0.5899810791015625,0.404569416572735,0.5539563298225403,0.5461161255691287,0.6844902038574219,0.5495276255332693,0.68790203332901,3.4115001569663517,3.4118101596832275,0.1068332639352316,0.2793850898742676,0.41716283956679495,0.5967942476272583,0.6897121446915773,0.785689651966095
390,0.4386635634819763,0.5961586833000183,0.4352437216989693,0.5927549600601196,0.4026696517779195,0.5557023286819458,0.5449229204407854,0.6886594295501709,0.5483427622237924,0.6920631527900696,3.419841802754249,3.403752326965332,0.10344725144233735,0.27603408694267273,0.41592871260701086,0.6011314392089844,0.6886330071475222,0.7899414300918579
391,0.437821094178108,0.5957818031311035,0.4343886219942129,0.5923819541931152,0.40226203970341873,0.5543991923332214,0.5432440929305393,0.6885930299758911,0.5466765697608379,0.6919928789138794,3.4324746957601593,3.3998677730560303,0.10571360133113389,0.2721294164657593,0.4146206700071009,0.6031781435012817,0.6864518524426249,0.7878898978233337
392,0.4379252944106839,0.5955984592437744,0.4345060141769987,0.5921800136566162,0.4020695055082858,0.5543095469474792,0.5439458331875912,0.6888481974601746,0.5473651037533691,0.6922666430473328,3.41927672584416,3.418426036834717,0.10364000094200701,0.2713146209716797,0.41503724624023564,0.6021643280982971,0.6875312663266875,0.7894496917724609
393,0.43739135111438227,0.5974874496459961,0.4339779585636199,0.5940724611282349,0.4017577784070144,0.5559086203575134,0.542907139778718,0.6912692189216614,0.5463205261342757,0.6946842670440674,3.4133908877370804,3.415018081665039,0.10485743866780402,0.27118468284606934,0.4144084700180949,0.6043655276298523,0.6860074299503718,0.7921757102012634
394,0.43641244711742333,0.5928120613098145,0.43299680730457285,0.5894137620925903,0.40073113790189546,0.551196277141571,0.5422583017415067,0.6873103976249695,0.5456739446519595,0.6907086968421936,3.415643240057062,3.3983259201049805,0.10303608658131767,0.26488736271858215,0.4132118943112196,0.5991291999816895,0.685945441894206,0.7895722985267639
395,0.43703364126816835,0.5944983959197998,0.4336190982727418,0.5911004543304443,0.401696413924817,0.5523115992546082,0.5426117294066038,0.6895167827606201,0.5460262646580246,0.6929147243499756,3.414540860016947,3.397962808609009,0.10528831271332935,0.2637075185775757,0.4131057492078827,0.60195392370224,0.6866951687182056,0.791273295879364
396,0.434187114238739,0.5951472520828247,0.43078900334605635,0.5917399525642395,0.3988358480292416,0.553591787815094,0.5397249936234695,0.689586877822876,0.5431231060649533,0.6929941773414612,3.398111426051051,3.4072916507720947,0.102482791695104,0.2675330936908722,0.4104250706868398,0.6013031005859375,0.6835996709458478,0.7919392585754395
397,0.4351733619248146,0.5923346281051636,0.4317492863002271,0.5889204740524292,0.3998094672867306,0.5509973168373108,0.5407682638365807,0.6872084736824036,0.5441923379123671,0.6906226277351379,3.424075705028384,3.4141733646392822,0.10330997025076083,0.2644841969013214,0.4112587368952952,0.5973563194274902,0.6848597189202039,0.7911515235900879
398,0.43502162862153154,0.5898696184158325,0.4316108180312088,0.5864658355712891,0.39968572864917734,0.5494720339775085,0.5409296777400359,0.6832541227340698,0.5443404918030612,0.6866579055786133,3.410813189598297,3.4037728309631348,0.10258636991763763,0.2680682837963104,0.41076144549452676,0.5937389731407166,0.6857093740322703,0.7866089344024658
399,0.4331538486761433,0.5908817052841187,0.429726626395792,0.5874742865562439,0.39798290463080505,0.5499293208122253,0.5386298538899935,0.684572160243988,0.5420570839143506,0.6879795789718628,3.427222510348284,3.4074325561523438,0.10213933153954455,0.26671501994132996,0.4087796716297055,0.5960471034049988,0.6830297238062999,0.7870258092880249
400,0.4324896036610582,0.5916002988815308,0.42906845992917314,0.5881916284561157,0.3973528577383098,0.5484934449195862,0.537993756484753,0.6890841722488403,0.5414148974941361,0.6924928426742554,3.421142909471649,3.408674478530884,0.10152202780187203,0.25276777148246765,0.40801542445599814,0.5991214513778687,0.6825211299322409,0.7935910224914551
401,0.43294711538654396,0.5921779870986938,0.42953181793135065,0.5887748003005981,0.3977716868842369,0.55141681432724,0.5387875428540504,0.6853653192520142,0.5422028434068461,0.6887685060501099,3.4152980518689544,3.4031624794006348,0.10115212214777153,0.2696632742881775,0.4082625403159332,0.5973297357559204,0.6839003786293414,0.7872574925422668
402,0.43241217690079475,0.5941584706306458,0.42899605025617854,0.5907546877861023,0.397229099740742,0.5523066520690918,0.5380306151210414,0.6890166997909546,0.541446735570453,0.692420482635498,3.4161244616777586,3.403779983520508,0.10106038967683652,0.26474419236183167,0.4079794717957903,0.6007653474807739,0.6826474291253177,0.791410505771637
403,0.43221795439139354,0.595543622970581,0.428780423060598,0.5920990705490112,0.3976975620833539,0.5541456341743469,0.5371380166653158,0.6894173622131348,0.5405755452736093,0.6928619146347046,3.437529781219972,3.444566011428833,0.1043917804811236,0.2696085274219513,0.40645890602773155,0.6016442179679871,0.6822420099717642,0.7911841869354248
404,0.43232171567193967,0.5953741073608398,0.42888836537828495,0.5919471383094788,0.3976528226022453,0.5533458590507507,0.5371537546873383,0.6895915865898132,0.5405871030570916,0.6930185556411743,3.433348123977884,3.4269814491271973,0.10421980440713408,0.2667597532272339,0.4071140249739611,0.6030594110488892,0.6816246173413749,0.7902182936668396
405,0.4317466545966501,0.5934537649154663,0.4283254634448294,0.5900295376777649,0.3966504513394576,0.5517012476921082,0.5372728464616008,0.6875532269477844,0.5406940469062285,0.6909774541854858,3.421194130358926,3.4241983890533447,0.10085854081605636,0.26594361662864685,0.40712953931521556,0.6004638075828552,0.6819632685721719,0.7886964082717896
406,0.4310156284092986,0.5923920273780823,0.42758374629444673,0.5889520645141602,0.39652115951163275,0.5526410937309265,0.5359689248948866,0.6849921941757202,0.5394008085585396,0.6884321570396423,3.431879599501919,3.4399542808532715,0.10319999275087004,0.2742472290992737,0.4051734342523769,0.5949990749359131,0.6811900578569311,0.788676917552948
407,0.431347033210852,0.5931053161621094,0.42791859487958717,0.5896691083908081,0.39667289678371875,0.5507020354270935,0.5361605627092462,0.6878808736801147,0.5395889994917098,0.691317081451416,3.428437638466696,3.436211109161377,0.10326784521861625,0.26215338706970215,0.4061987726997177,0.6012632250785828,0.6805520904678859,0.7886894345283508
408,0.4306833982177251,0.5929228067398071,0.42725173436283725,0.5895026922225952,0.3959590655925842,0.5524781346321106,0.5359998315125039,0.6865637302398682,0.5394314953673917,0.6899838447570801,3.4316665502858754,3.4201037883758545,0.10139051739200557,0.27043619751930237,0.40513810008413365,0.5965797305107117,0.6813485607401994,0.7904185056686401
409,0.43005795103478517,0.5914937853813171,0.4266270528321725,0.5880544185638428,0.3954187242833764,0.5502438545227051,0.5349684736373412,0.6856870651245117,0.5383993753126565,0.6891264319419861,3.4308991452517956,3.4393463134765625,0.10188304521279562,0.26534613966941833,0.404692517261509,0.5968478322029114,0.6796805909916099,0.7885376214981079
410,0.427635844129883,0.5907849669456482,0.4241983816723392,0.5873578786849976,0.39266440629281507,0.5469499230384827,0.5330818469234951,0.6885429620742798,0.536519312103541,0.6919700503349304,3.4374651193521975,3.427064895629883,0.09730357908459634,0.24911636114120483,0.4026538108574197,0.6000727415084839,0.6780358431448648,0.7916607856750488
411,0.4293282389568208,0.5933871269226074,0.4258888987230664,0.5899314880371094,0.3949364221560679,0.5503631234169006,0.5342760583611944,0.6897301077842712,0.537715398970049,0.6931857466697693,3.439341484314535,3.4556655883789062,0.1018427406875186,0.2572120130062103,0.4031518960913845,0.6016292572021484,0.6798146362959055,0.7922481894493103
412,0.4287901440627005,0.5936926007270813,0.42534904182562244,0.5902628898620605,0.3944975652202958,0.5522727370262146,0.533366301197179,0.6886725425720215,0.5368073999615545,0.6921022534370422,3.4410990362868192,3.4296915531158447,0.10239434179933489,0.2653627097606659,0.4027032721371753,0.5987688302993774,0.6783950923905351,0.7926865220069885
413,0.4277202718344056,0.5877251625061035,0.42428592603670306,0.584303081035614,0.39351216343375567,0.5450902581214905,0.5322922751083637,0.6844457387924194,0.5357266209060663,0.6878678202629089,3.4343444550855344,3.422055721282959,0.10159537172564345,0.2519634962081909,0.4014225119601601,0.5945910215377808,0.6775186122359176,0.7887163162231445
414,0.4285082032997048,0.5929096937179565,0.425080220291782,0.5894606113433838,0.3941217104787513,0.551893949508667,0.5334704941334494,0.687324583530426,0.5368984771413722,0.6907736659049988,3.4279806033121685,3.449106216430664,0.10100870770661269,0.26702263951301575,0.4023577470727147,0.5972915291786194,0.6789986672461444,0.7913676500320435
415,0.4280495751910804,0.5889050364494324,0.42461169148382016,0.5854882001876831,0.39326417257376334,0.545627236366272,0.5332015344054052,0.6861720085144043,0.536639421585368,0.6895888447761536,3.4378851369973176,3.4168596267700195,0.09891317960841356,0.24999862909317017,0.40282625823886326,0.5971177816390991,0.6780530721542073,0.7897652983665466
416,0.42700640233464227,0.5877582430839539,0.42356985778378803,0.5843484997749329,0.3929038103329569,0.547056257724762,0.5314362492689116,0.6819007396697998,0.5348727934446657,0.6853104829788208,3.4365456500190863,3.4097671508789062,0.1015080077754401,0.26341792941093445,0.40053608031036697,0.5916981101036072,0.6766673491778433,0.7860528230667114
417,0.42680412010598656,0.5943629741668701,0.42337981939702996,0.5909444093704224,0.39253943875413866,0.5542409420013428,0.5314826853285947,0.687454342842102,0.5349069875863525,0.6908729076385498,3.4243009878376176,3.4185373783111572,0.1002794600874972,0.27403348684310913,0.4006113408665032,0.5976545214653015,0.6767274865618189,0.7910348176956177
418,0.42646553578823987,0.5893278121948242,0.42303634311820837,0.5859059691429138,0.39227178518577555,0.5488446354866028,0.5310411822297347,0.6827799081802368,0.5344703748997662,0.6862017512321472,3.4291932199526935,3.4218602180480957,0.10037753932779996,0.2671187222003937,0.4001474129296975,0.5932884812355042,0.6762903999904767,0.7861266732215881
419,0.4255485594926014,0.5906093120574951,0.4221164627840884,0.58718341588974,0.39122749958830155,0.5487315058708191,0.5300841161355806,0.6863041520118713,0.5335162178655973,0.6897300481796265,3.4320988722850383,3.4259181022644043,0.09914975849003313,0.25935450196266174,0.3996334041079708,0.5963025689125061,0.6748993288584952,0.7905373573303223
420,0.4250895715539067,0.5899390578269958,0.42166062891846307,0.5864890217781067,0.39091951195853925,0.5476405024528503,0.5295589093362418,0.6851075291633606,0.5329878628132937,0.6885575652122498,3.4289452442056128,3.450030565261841,0.0992987487999056,0.25848567485809326,0.3988146819189415,0.5973057746887207,0.6746451088775235,0.7871299982070923
421,0.42578465724155956,0.5879887938499451,0.42233930389618807,0.5845496654510498,0.3915333798562808,0.5471511483192444,0.5303813787044861,0.6824238896369934,0.5338267274034542,0.6858630180358887,3.4453494855653837,3.43910813331604,0.09947378160844138,0.2626119554042816,0.39953314699005704,0.5918737053871155,0.6755932066869407,0.786967933177948
422,0.4246064343081709,0.5902261137962341,0.42115762997970707,0.5867881178855896,0.3905238202442931,0.549048125743866,0.528831708639364,0.6848297119140625,0.5322805222606349,0.688267707824707,3.44880699888749,3.4379689693450928,0.09960030819396395,0.2634385824203491,0.3982310644916243,0.5949433445930481,0.6737400769122577,0.7887623906135559
423,0.42487319165306076,0.5902296304702759,0.42142959256700707,0.586782693862915,0.3911966620254362,0.5485197901725769,0.5288805554201581,0.6862278580665588,0.532324157603814,0.6896747946739197,3.4436018298517337,3.446920394897461,0.10158573724465597,0.25885799527168274,0.3975558066411663,0.5950033068656921,0.6744484410409853,0.7916979789733887
424,0.42358092418590115,0.5882004499435425,0.42013596161032324,0.5847488641738892,0.389873691160312,0.5462790131568909,0.527409911542901,0.6843488812446594,0.5308548659993728,0.6878004670143127,3.444962160789623,3.4515578746795654,0.10057334567394094,0.2558562457561493,0.3965348707095327,0.5934165120124817,0.672512839274149,0.7895644307136536
425,0.4239938712028096,0.5894981026649475,0.4205454108171041,0.5860550403594971,0.39024982978016975,0.549339234828949,0.5281998844249337,0.6835312247276306,0.5316483463594404,0.686974287033081,3.448460601472874,3.44307017326355,0.1000790472467208,0.26707345247268677,0.3966422887096258,0.5917854905128479,0.6740281487498592,0.7891587018966675
426,0.4234936580854463,0.5896635055541992,0.42004474198919844,0.5862164497375488,0.3895422071641991,0.5480471253395081,0.5277820379812448,0.6852495670318604,0.5312309540774925,0.6886966228485107,3.44891764737221,3.447042465209961,0.09876186578219565,0.25944891571998596,0.396664696946359,0.5945947170257568,0.6732000407773792,0.790097713470459
427,0.4222810493825269,0.5873326063156128,0.4188234770244764,0.5838885307312012,0.3883467789616858,0.5476905703544617,0.5269394982553235,0.6810662150382996,0.5303970647932696,0.6845102906227112,3.4575703379297664,3.4440605640411377,0.09682416395290663,0.26714181900024414,0.39496889721316336,0.5884060263633728,0.673247273888861,0.7875239253044128
428,0.42120398260982744,0.588821291923523,0.4177561520900951,0.5853795409202576,0.3875663741739407,0.5476882457733154,0.5249369199615739,0.6835709810256958,0.5283847524052077,0.6870127320289612,3.4478283993267596,3.4417688846588135,0.09861457857885256,0.2618660032749176,0.3940392857250333,0.5932336449623108,0.6700452862839074,0.7879650592803955
429,0.4215995796899025,0.5894059538841248,0.4181571631982372,0.5859547257423401,0.3879655796582264,0.5489686131477356,0.5256482375331202,0.6832488179206848,0.5290906536496852,0.6867000460624695,3.442417444758816,3.451200008392334,0.09835721276491771,0.2665169835090637,0.39411929508703686,0.5926734209060669,0.6714202243285696,0.7877153754234314
430,0.4207371882534685,0.5876535177230835,0.41729220681397644,0.5842223167419434,0.38692367739954275,0.5471364855766296,0.525096392854171,0.6821350455284119,0.5285413758424642,0.685566246509552,3.4449819295908735,3.431220531463623,0.09628454204066421,0.26317355036735535,0.39344666122035,0.590584397315979,0.6710398540814331,0.7876513600349426
431,0.420155346103185,0.5874631404876709,0.41670706230501214,0.5840062499046326,0.3866965668718359,0.5474509000778198,0.5239955003165734,0.6819082498550415,0.527443781017144,0.6853651404380798,3.4482802540317956,3.4569003582000732,0.09789538504181478,0.26462674140930176,0.392348378557913,0.5888155102729797,0.6698459564695695,0.788910448551178
432,0.4197778123401792,0.5905013084411621,0.41631571219502744,0.5870445370674133,0.38648501106311384,0.5496945977210999,0.5231311197838452,0.6856454610824585,0.5265932168313947,0.6891022324562073,3.4620960985215468,3.4567642211914062,0.09905697552958398,0.26372888684272766,0.3919244966659902,0.5934613943099976,0.6684735572730145,0.791893482208252
433,0.41871122675265326,0.5857860445976257,0.4152490853706705,0.5823431611061096,0.38548258353528386,0.54330974817276,0.522415661056788,0.6829490065574646,0.525877803987572,0.6863918900489807,3.462141938099182,3.442885160446167,0.09745094247262168,0.24958603084087372,0.3902991927594515,0.5916147232055664,0.6686976240797349,0.7887285947799683
434,0.41956386723946226,0.5917151570320129,0.4161249857049525,0.5882481932640076,0.38580581616009824,0.5519554018974304,0.5237382839377508,0.6851070523262024,0.5271771561794537,0.6885740160942078,3.438879621933981,3.4669430255889893,0.09567202610718831,0.27187782526016235,0.39233472563365684,0.5933803915977478,0.6694106984758009,0.7906080484390259
435,0.41948706181466555,0.5966723561286926,0.416011291962545,0.5932064056396484,0.3861958556575984,0.5570791363716125,0.5231267175585382,0.6889663338661194,0.5266024870355586,0.6924322843551636,3.4757695123523025,3.4659512042999268,0.09816886887250757,0.2796611189842224,0.3912595063145452,0.5990065336227417,0.6691591858718631,0.7925696969032288
436,0.4190398891597466,0.5928063988685608,0.41556439693023456,0.5893504023551941,0.38544047410005094,0.5546169281005859,0.5228610146205405,0.6836286187171936,0.5263365165179598,0.6870846152305603,3.4754955128736724,3.4560182094573975,0.09638346914675387,0.28324759006500244,0.39153155686891133,0.5925997495651245,0.668406384774354,0.7880033850669861
437,0.4180251416204617,0.5917368531227112,0.4145762532211347,0.5882704854011536,0.3848708280087292,0.5508862137794495,0.5217044025574861,0.6853144764900208,0.5251532936793152,0.6887808442115784,3.4488880584939823,3.466341495513916,0.09704848259106623,0.2681233882904053,0.38948674500593555,0.5964258909225464,0.668077250152306,0.7881094813346863
438,0.4181886514511914,0.5847501754760742,0.41472523455885046,0.5812921524047852,0.38523282015706,0.5427939891815186,0.5214667291453443,0.6817983984947205,0.5249301522328899,0.6852564215660095,3.463419828093541,3.4579966068267822,0.09867185218712686,0.250405490398407,0.3894143839628775,0.5890905261039734,0.6676122251197762,0.7888859510421753
439,0.41757203328188386,0.5927053093910217,0.4141008774536294,0.5892329216003418,0.3844794920557551,0.5515808463096619,0.5211427393745611,0.6871305704116821,0.5246138955779159,0.6906029582023621,3.4711534387446785,3.4723622798919678,0.09701542537530844,0.26645904779434204,0.3888543406565694,0.5972802042961121,0.6675687178672933,0.7910032868385315
440,0.4165641488556546,0.586681604385376,0.4130972285750819,0.5832094550132751,0.3835824408692845,0.5456259250640869,0.5199665464233975,0.6820934414863586,0.5234334713503737,0.6855655908584595,3.4669214284279652,3.4721596240997314,0.09670556463086406,0.2585736811161041,0.38771787001454533,0.5900173187255859,0.6663239111369865,0.7882868051528931
441,0.41660040440329005,0.5896796584129333,0.4131349784738399,0.5862022042274475,0.383687818723145,0.549992024898529,0.520105114940991,0.6826883554458618,0.5235705455168447,0.6861658096313477,3.465428280917503,3.4774482250213623,0.09674109013957606,0.27087220549583435,0.387450208133476,0.591482937335968,0.6668721488274262,0.7876208424568176
442,0.4171699573729419,0.587361752986908,0.4136893698175022,0.5838816165924072,0.38454914261207707,0.5456847548484802,0.5202815473273281,0.682632565498352,0.5237621333339666,0.6861127018928528,3.4805878046998346,3.4801337718963623,0.09904307434944133,0.2576219141483307,0.38749719801057514,0.5926377177238464,0.6671071540907636,0.7867945432662964
443,0.41852517649259113,0.5911204814910889,0.41504321986952303,0.5876348614692688,0.3860735721550383,0.5504134893417358,0.5211984266413937,0.6845329403877258,0.5246803832644619,0.6880185604095459,3.481955368248757,3.4856491088867188,0.10184545293178106,0.26830005645751953,0.3888076897733249,0.5954635739326477,0.6675675915016471,0.7874768376350403
444,0.4215387059719738,0.5892947316169739,0.418061470240052,0.5858243703842163,0.3893539200480566,0.5484058856964111,0.5236761900791055,0.6843616366386414,0.5271534227134249,0.6878319978713989,3.4772360567827802,3.470383405685425,0.10681396766353612,0.2624298334121704,0.39162165732389537,0.5925102233886719,0.6696261289494336,0.7902776002883911
445,0.41810512868214855,0.5870161056518555,0.41463750726654913,0.5835431814193726,0.3853937410214448,0.5465513467788696,0.5206536694943688,0.6816889643669128,0.5241212959314718,0.6851618885993958,3.4676233353384425,3.4729349613189697,0.10088148681046853,0.26229622960090637,0.38935639995701954,0.5893828272819519,0.6659433407314996,0.7879749536514282
446,0.41678626489890963,0.5903883576393127,0.41331593909497866,0.5869038701057434,0.38373348978395344,0.5493621230125427,0.5199483160415027,0.6855577826499939,0.5234186449430359,0.6890422701835632,3.4703257902821436,3.4844577312469482,0.09721264152678348,0.26288172602653503,0.38838530335782556,0.5938305258750916,0.6656025139190683,0.791374146938324
447,0.41343577079689703,0.5939885377883911,0.4099435621144275,0.590506911277771,0.3807513175991266,0.5536997318267822,0.5164443471060988,0.6879954934120178,0.5199365585110703,0.6914771199226379,3.4922115207444446,3.4816155433654785,0.09532804266858576,0.2712155878543854,0.38400084375609145,0.5964933037757874,0.6629250650235515,0.7933903336524963
448,0.41287992447554167,0.5859440565109253,0.4094050298170786,0.5824599266052246,0.3800597800576392,0.5439873933792114,0.5160676337600093,0.6831098794937134,0.5195425222232678,0.6865940093994141,3.474891610132017,3.484154224395752,0.09397431215557972,0.25135040283203125,0.3837432327717724,0.5900315046310425,0.662461798799943,0.7905802726745605
449,0.41282752668088013,0.5922800302505493,0.4093549084334271,0.5887973308563232,0.38035420790901525,0.5507996678352356,0.5155420338192753,0.688725471496582,0.519014648969126,0.6922081708908081,3.4726137167256486,3.4827277660369873,0.09599359291467635,0.26067978143692017,0.3831773801543003,0.5957281589508057,0.6618916414590371,0.7959910035133362
450,0.41335934802278773,0.5930238366127014,0.40987507156177694,0.589548647403717,0.3810242322393418,0.5517870187759399,0.5159224453758429,0.687717616558075,0.5194067218368537,0.6911928057670593,3.4842771632953045,3.4752144813537598,0.09727284652258486,0.26586398482322693,0.3834027063904668,0.5976336598396301,0.6623971453295749,0.7918634414672852
451,0.4126726235624159,0.591390073299408,0.409185647286877,0.5879239439964294,0.3797955276808311,0.5505141615867615,0.5158138958312998,0.6863654851913452,0.5193008678355354,0.6898316144943237,3.4869751956372834,3.466118335723877,0.09368793689352779,0.26475799083709717,0.3836922841588995,0.5946847200393677,0.6620063676226202,0.7920998334884644
452,0.41188862041346774,0.5903744101524353,0.40840981301136536,0.5868846774101257,0.3790209846093894,0.5486491322517395,0.5150208553791626,0.6869911551475525,0.5184996674276686,0.6904808878898621,3.478807537041686,3.4897124767303467,0.09295229136738117,0.25765398144721985,0.38293073627941987,0.5943290591239929,0.661179920690988,0.7939643859863281
453,0.413064380208506,0.5893474817276001,0.4095819225603616,0.585864782333374,0.38046994641985876,0.5474409461021423,0.5159773760291071,0.6860359907150269,0.5194598317533502,0.6895186901092529,3.4824569713183644,3.4827258586883545,0.09543709085450344,0.25591328740119934,0.3835133384433743,0.5937962532043457,0.6624594206157565,0.7926132082939148
454,0.41107025384370555,0.5958584547042847,0.4075860415127429,0.5923849940299988,0.3789094779557249,0.5558310151100159,0.5133947909628527,0.6887997984886169,0.5168790079402188,0.6922732591629028,3.4842121695000805,3.4734702110290527,0.09602658850811285,0.27613797783851624,0.38085083539438497,0.598754346370697,0.6598509939956897,0.792600691318512
455,0.41174156497369874,0.5900117754936218,0.40827483715587065,0.5865374207496643,0.37933775322784796,0.5484803915023804,0.5143996163010839,0.6862968802452087,0.5178663441189121,0.6897712349891663,3.4667266141192195,3.4743430614471436,0.095242125198844,0.2585905194282532,0.38197530769159577,0.5938203930854797,0.6607958382094627,0.7930302619934082
456,0.41094516535333825,0.5894619226455688,0.40747027490567833,0.585990309715271,0.37829758151246434,0.5472891926765442,0.5137970572412377,0.685928225517273,0.5172719519602008,0.6893998384475708,3.4748908974898813,3.471590995788574,0.09328141912267404,0.25566932559013367,0.3816529432908336,0.5949844717979431,0.6599583965561713,0.791213870048523
457,0.4105559848717834,0.5857292413711548,0.40707816688742426,0.582241415977478,0.37806370346177365,0.543202817440033,0.5133390775842005,0.6831751465797424,0.5168168986661619,0.6866629719734192,3.477820195659989,3.4878382682800293,0.09351898630581103,0.24877811968326569,0.3808635994277734,0.5911833047866821,0.6598085438000009,0.7896470427513123
458,0.41093062605501623,0.5916547179222107,0.4074485768789786,0.5881526470184326,0.3789277517766523,0.5499445796012878,0.513156835499499,0.6877662539482117,0.5166388865994381,0.6912683248519897,3.4820494211354105,3.502063512802124,0.09658382354751138,0.260043740272522,0.38035987931637566,0.5960345268249512,0.6598395504362933,0.7937553524971008
459,0.4100550316331641,0.5886414051055908,0.4065622258757461,0.5851473808288574,0.3780942646604314,0.5477100610733032,0.5121562473303508,0.6834108233451843,0.5156490561853712,0.6869048476219177,3.4928068841708853,3.4940078258514404,0.09610181929822671,0.26227039098739624,0.3794378167940164,0.5921769142150879,0.6587431558350746,0.7886828780174255
460,0.40937352550741235,0.5891614556312561,0.40589575945629225,0.5856584906578064,0.3770574487010686,0.5464699864387512,0.511797991918927,0.6858953237533569,0.5152757579700471,0.6893982887268066,3.4777643141396104,3.5029685497283936,0.09363770032686476,0.2531960904598236,0.37953906522937486,0.5957754254341125,0.6579956013499069,0.7904385328292847
461,0.4095515231388253,0.5904251933097839,0.40606266802227503,0.5869423747062683,0.37744747813136126,0.5498068928718567,0.5122180796472996,0.685299277305603,0.5157069304925467,0.6887820959091187,3.488853597273151,3.4828104972839355,0.09396451494762,0.2648056745529175,0.3787818818836739,0.5929835438728333,0.6595960446019701,0.7916314601898193
462,0.40877286893199527,0.5925959348678589,0.40527826324982513,0.5890949368476868,0.3768624630198941,0.5507853627204895,0.5106874923371126,0.6883699297904968,0.5141820980192828,0.691870927810669,3.4946031750482707,3.5009713172912598,0.09536845050071538,0.2613833546638489,0.37819441671396625,0.597632110118866,0.657024519428024,0.7933406829833984
463,0.40818972367123285,0.5884881019592285,0.40470688409840144,0.5850204825401306,0.3762952962325348,0.5456042289733887,0.51038697222796,0.6862872838973999,0.5138698145232934,0.6897549033164978,3.482841087171715,3.467602491378784,0.09424041531347813,0.24968452751636505,0.3773257180630943,0.5947257280349731,0.6573197770980234,0.7924023866653442
464,0.40766100469905575,0.5890559554100037,0.40418058169163973,0.5855799913406372,0.3756607004384224,0.5463961958885193,0.5097693601034058,0.6868261694908142,0.5132497780893182,0.6903021335601807,3.4804213003467557,3.4759838581085205,0.09357006097657865,0.2510091960430145,0.3772147368765245,0.5946215987205505,0.6561972943932072,0.79355788230896
465,0.4085103643773002,0.5898931622505188,0.4050396704789927,0.586407482624054,0.3765192182747465,0.5476114153862,0.5108854921426513,0.6863354444503784,0.5143561833184568,0.6898211240768433,3.47069382018981,3.485694169998169,0.09388672172950624,0.25581270456314087,0.37780520243708604,0.5956922173500061,0.6578657221271408,0.7913293838500977
466,0.40685389468304956,0.5868976712226868,0.4033768254472529,0.5834206342697144,0.37473968543805003,0.5452060103416443,0.5089627506042756,0.6835977435112,0.5124398244864757,0.6870747804641724,3.4770706337833133,3.477027416229248,0.09240844708134187,0.254106342792511,0.3767597249040166,0.5907291769981384,0.6550508838720163,0.7907825708389282
467,0.40833515247047986,0.5862287282943726,0.40485103103478554,0.5827413201332092,0.3762135928571587,0.5435219407081604,0.5106859808523772,0.6844399571418762,0.5141701007392704,0.6879273653030396,3.48412036973192,3.4874374866485596,0.09335791303273676,0.24710828065872192,0.3779729085630679,0.5914117097854614,0.6573099694598559,0.7920459508895874
468,0.4059168725080525,0.5843299031257629,0.40243650445887774,0.5808416604995728,0.3743190786555875,0.542091429233551,0.5078784293800266,0.6821401119232178,0.5113587974292013,0.685628354549408,3.480370296775641,3.4882309436798096,0.09338389089617649,0.24750645458698273,0.37443859638647004,0.5885499715805054,0.6551347362816068,0.7902178168296814
469,0.4060095080601409,0.588104784488678,0.4025053528813971,0.5845990777015686,0.374209176063828,0.546166718006134,0.5078845203794021,0.6851897239685059,0.5113886678141402,0.6886954307556152,3.504153573604991,3.505720853805542,0.0930299944222772,0.25373896956443787,0.3751004164508335,0.5921145081520081,0.6544971294970324,0.7926467061042786
470,0.40608215436091327,0.5912893414497375,0.40257822828374157,0.5877807140350342,0.37413408491991906,0.5493751764297485,0.5083732637892493,0.6870644092559814,0.5118771852200176,0.6905730366706848,3.503923096407055,3.5086047649383545,0.09176889742855807,0.25975310802459717,0.37517217843454154,0.5965917110443115,0.6554611716094271,0.7917807102203369
471,0.405280299778155,0.589963972568512,0.40179668935004453,0.5864671468734741,0.37333740535374826,0.5495603084564209,0.5072986535724953,0.6845539808273315,0.5107822686470093,0.6880508065223694,3.4836129572059487,3.4968090057373047,0.09155685592849613,0.26560816168785095,0.3747435062700203,0.5921183228492737,0.6537118507651261,0.7909545302391052
472,0.40426604793994253,0.5886856913566589,0.40077976787472663,0.5851873159408569,0.372586566079113,0.5466272234916687,0.5061552952180972,0.6856301426887512,0.5096415768321142,0.6891285181045532,3.486280453480989,3.4983813762664795,0.09163164395205238,0.2542416453361511,0.3730750646089762,0.5932347774505615,0.6530529886205846,0.7924051880836487
473,0.4043844076757551,0.5832950472831726,0.40089925945748944,0.5797929763793945,0.3728942088102162,0.54155433177948,0.5062288597643593,0.6810722947120667,0.5097140048850226,0.6845743656158447,3.485147256944124,3.5020623207092285,0.09243164831032077,0.24808545410633087,0.3726881304215088,0.5860129594802856,0.6535628520759973,0.7905645966529846
474,0.4037299009657855,0.5885647535324097,0.40023233563349203,0.5850591659545898,0.37207981193883605,0.5465590357780457,0.5056892722010177,0.6857498288154602,0.5091868402558132,0.68925541639328,3.497566492926334,3.505610704421997,0.0910392352933812,0.25377821922302246,0.37232212192926084,0.5926693677902222,0.6528780804723925,0.7932294607162476
475,0.4044006559430609,0.5886749625205994,0.40091145372564985,0.5851697325706482,0.37313338886708974,0.5450968146324158,0.5059309084871364,0.6874141097068787,0.5094201118782483,0.6909193396568298,3.489203482781587,3.5052285194396973,0.09380069102787943,0.24573950469493866,0.3723573187140009,0.5957826375961304,0.6532421634780939,0.7937682867050171
476,0.40447597448244066,0.5888057351112366,0.4009789547879571,0.5853099822998047,0.37307216958500145,0.5472118854522705,0.5058863501189639,0.6852066516876221,0.5093833775574532,0.688702404499054,3.4970244155199217,3.495734453201294,0.09370441182122886,0.2569470703601837,0.37292216457441674,0.592569887638092,0.6525899417459408,0.7921187281608582
477,0.4034684547262854,0.5857921838760376,0.39996476556729166,0.5822837352752686,0.3722739906099043,0.5426000952720642,0.5048341191715212,0.6849410533905029,0.5083378064066135,0.688449501991272,3.503687611063757,3.5084340572357178,0.09344063315372665,0.243193119764328,0.37131113001499727,0.5913148522377014,0.6520702163233197,0.7932922840118408
478,0.4036941004389919,0.5864471793174744,0.4001924180181056,0.5829373002052307,0.37246617300937296,0.5440580248832703,0.5049982139408903,0.6846563220024109,0.5084998901665719,0.6881662011146545,3.501681632352853,3.5098705291748047,0.0936918925407743,0.24831663072109222,0.3717102060291857,0.5905837416648865,0.6519964261360881,0.7932735681533813
479,0.40203486307336217,0.5860414505004883,0.39853442402520994,0.5825397372245789,0.3709359181711357,0.543664276599884,0.5032157303354772,0.6847838163375854,0.5067161647372259,0.6882855296134949,3.5004372942316984,3.5017125606536865,0.09269219384631924,0.2468266636133194,0.36980652091612526,0.5896225571632385,0.6503090418987143,0.7945436239242554
480,0.4018409794247155,0.5845155715942383,0.39832032213257523,0.581004798412323,0.37049956495714437,0.5421033501625061,0.5032494947937413,0.6829251050949097,0.5067701458906769,0.686435878276825,3.520654121163508,3.510751724243164,0.09126694265706144,0.2458920031785965,0.3699870198493172,0.5885049104690552,0.6502447182503939,0.7919131517410278
481,0.4023236611777091,0.5856752991676331,0.3988356691548072,0.5821561813354492,0.37099335889868557,0.5432977080345154,0.5035465447896872,0.6833492517471313,0.5070345383613902,0.6868683695793152,3.4879946568319093,3.5191409587860107,0.09217460788983037,0.24870635569095612,0.370795477745836,0.590294361114502,0.6500099884316634,0.790892481803894
482,0.40127003145711576,0.5916600823402405,0.39775760517195863,0.5881280303001404,0.3699076729023113,0.5501217842102051,0.5029812384755254,0.687469482421875,0.5064936647606826,0.6910015344619751,3.512424769171166,3.532036304473877,0.08999433895097339,0.26121804118156433,0.3692006148848648,0.5957012176513672,0.6505280588876412,0.7934460043907166
483,0.4007075913931072,0.5913993120193481,0.39719257962640786,0.587872326374054,0.36940065614343703,0.5497226119041443,0.5019519648753286,0.6873141527175903,0.5054669828372325,0.6908411383628845,3.5150158390783943,3.527005672454834,0.09058584183926414,0.26030585169792175,0.36895283058412764,0.5957627296447754,0.6486633010526232,0.7930992841720581
484,0.40273173277425517,0.5916880369186401,0.3992073250116975,0.5881655216217041,0.371325546486127,0.5511119365692139,0.5041337142956727,0.6856459975242615,0.5076581220582304,0.6891685128211975,3.524407545144704,3.5225343704223633,0.09197044602761267,0.268126517534256,0.371056856043785,0.5948871374130249,0.6509493260522998,0.7903221249580383
485,0.40057070631347824,0.5873346328735352,0.39707398325071747,0.5838285684585571,0.36946906303662475,0.54575514793396,0.5017577393288251,0.6842816472053528,0.5052544608427846,0.6877877116203308,3.4967239316381966,3.5060689449310303,0.09120666721803214,0.2543718218803406,0.3683624374058205,0.590430736541748,0.648838071672112,0.7924628853797913
486,0.40096772226481914,0.591609537601471,0.3974576225815098,0.5880952477455139,0.3694453309620971,0.5504578948020935,0.5025449588779894,0.6875240206718445,0.5060550604852002,0.6910383105278015,3.510100564770809,3.5143022537231445,0.0894771353184717,0.26214638352394104,0.36952265786098554,0.5944889187812805,0.6493362044591126,0.7947383522987366
487,0.39937883893793985,0.5865333676338196,0.39587336611660623,0.5830353498458862,0.3684103695106274,0.5451897978782654,0.5003688315090686,0.6832807660102844,0.5038743058792033,0.6867787837982178,3.505471140400356,3.4979970455169678,0.09084260308834484,0.2547224760055542,0.3669414199613431,0.5891838073730469,0.6474470974854033,0.7916631102561951
488,0.3995918394393472,0.5870767831802368,0.3960930215988128,0.5835676789283752,0.36836570446877476,0.5435223579406738,0.5008272441286311,0.6858078241348267,0.5043260697131713,0.6893169283866882,3.4988215932795734,3.5090818405151367,0.08973969208773103,0.24423208832740784,0.3676892202339955,0.5941037535667419,0.6476682049445006,0.7922312617301941
489,0.39941892555415315,0.5866467356681824,0.395915427490603,0.5831330418586731,0.3684749815626644,0.5429461002349854,0.5005814228728686,0.6856772899627686,0.5040849193876176,0.6891909837722778,3.5034966219066845,3.513700008392334,0.09059590223452157,0.2427184283733368,0.36673764149396343,0.5937667489051819,0.6480914102644152,0.7923532128334045
490,0.3989385649338032,0.5870622396469116,0.3954378579067497,0.5835575461387634,0.3681977767190263,0.5463557243347168,0.4996668849226618,0.6823069453239441,0.5031675904009142,0.6858116388320923,3.5007039619760207,3.5046913623809814,0.0916593185332167,0.2603893280029297,0.3661288839382608,0.5893816947937012,0.6468051410621615,0.7892960906028748
491,0.39834211136914344,0.5908262729644775,0.3948423958773348,0.5872981548309326,0.36757652348393693,0.5488505363464355,0.49905528980592767,0.6874189972877502,0.5025549975537306,0.6909471154212952,3.499712364004726,3.52811598777771,0.09101773827203251,0.25737884640693665,0.365626449670629,0.595352828502655,0.6460853801042725,0.7938199043273926
492,0.39857968498041024,0.5891316533088684,0.39508088664509056,0.5856185555458069,0.36802273997193763,0.5474162101745605,0.4992086691581472,0.6850579977035522,0.5027074628470635,0.6885710954666138,3.4987967376345015,3.5130972862243652,0.09207993464781122,0.2578939199447632,0.36534201249425796,0.5936667323112488,0.6466462736782194,0.7906879186630249
493,0.3986132767110446,0.5903046727180481,0.3951032497245899,0.5867736339569092,0.368046176128643,0.5496971011161804,0.49920661480650397,0.6846828460693359,0.5027166479881634,0.6882138848304749,3.5100280574507408,3.53104567527771,0.09215694413321124,0.26576176285743713,0.36538691246988714,0.5931121110916138,0.6465946693658539,0.7902174592018127
494,0.39629505747128346,0.5898124575614929,0.3927669752626655,0.5862898826599121,0.36558157647232,0.5478119254112244,0.49707364723830505,0.6866744160652161,0.5006017263493207,0.6901969909667969,3.5280803789029602,3.522545337677002,0.08899479745983642,0.255721777677536,0.36321512421262586,0.5941565632820129,0.6445348155580785,0.7935574650764465
495,0.3967617867416935,0.5897584557533264,0.3932402713774086,0.586240291595459,0.3664558704940952,0.546588659286499,0.4971477255993532,0.6881752014160156,0.5006692397899372,0.6916933655738831,3.521515266516806,3.5181663036346436,0.09155230416825183,0.24876877665519714,0.3629260685111854,0.5959365963935852,0.644889232713519,0.7950606942176819
496,0.3962823733705551,0.5868886709213257,0.3927741109526259,0.5833754539489746,0.3654824633134655,0.5445681810379028,0.49697176082996736,0.6854145526885986,0.5004800244215974,0.6889277696609497,3.508262705231797,3.513216018676758,0.08890154832233707,0.24830521643161774,0.36365018773504837,0.590472936630249,0.6438956561003378,0.7949264049530029
497,0.39601467843226096,0.5856124758720398,0.39251659846238085,0.5820873975753784,0.36557540324128257,0.5436744689941406,0.496169223213796,0.6831210851669312,0.4996673000860737,0.6866461634635925,3.4980797041638616,3.525088310241699,0.09087803279523486,0.25035566091537476,0.3629326662105416,0.5890795588493347,0.6429155084886446,0.7915881872177124
498,0.3966508197968344,0.5856998562812805,0.3931543542464671,0.5821679830551147,0.36614430831594774,0.5446617007255554,0.4971157243665137,0.6822726130485535,0.5006121837216764,0.6858044862747192,3.496465308657517,3.5318667888641357,0.09065271736135146,0.25520405173301697,0.3634487054379936,0.5874645113945007,0.6443315066073515,0.7913164496421814
499,0.39708627318154976,0.5861067175865173,0.3935776050866158,0.5825827717781067,0.3662734083102285,0.5422068238258362,0.4979773070746401,0.6850975155830383,0.5014859705231706,0.688621461391449,3.5086693704684864,3.52392578125,0.08924106791936136,0.24164369702339172,0.36427815363168037,0.5938049554824829,0.6453010154070526,0.7911718487739563
500,0.39547735462331984,0.5855463743209839,0.3919736007292775,0.5820237398147583,0.3652838539578689,0.5447497367858887,0.49573218602259084,0.6817710399627686,0.4992359399166332,0.6852936744689941,3.5037511959339223,3.5226242542266846,0.09089253333722776,0.2565325200557709,0.3615368446391915,0.5870110988616943,0.6434221878508655,0.7907055616378784
501,0.39555619857294794,0.5881208181381226,0.39204509740818627,0.5845966339111328,0.36485967923362617,0.5473437309265137,0.49614358192723407,0.6835834980010986,0.4996546861895981,0.6871076822280884,3.5111055515473613,3.5241639614105225,0.08871080305909801,0.26077038049697876,0.36271228768019187,0.59032142162323,0.6431559590464726,0.790939450263977
502,0.39632123921685136,0.5852036476135254,0.3928048899635473,0.5816675424575806,0.3663553174220591,0.5442171096801758,0.4961619791924542,0.6817747354507446,0.49967833309216175,0.6853108406066895,3.5163508901932934,3.536125659942627,0.09331371974906348,0.25487178564071655,0.3620823360631682,0.5867965817451477,0.6436699103689562,0.7909829020500183
503,0.396400292908037,0.5891929268836975,0.3928737728710926,0.585659921169281,0.3660512177309175,0.5454995632171631,0.49658403007470153,0.6882479190826416,0.5001105547580494,0.6917809247970581,3.526521368719822,3.532996654510498,0.09148217130254256,0.24523553252220154,0.3628794617566741,0.5961693525314331,0.6437920087534772,0.7950937151908875
504,0.3954611505452472,0.5875738859176636,0.391927595381518,0.5840425491333008,0.36506032672685385,0.5453489422798157,0.4956023316290434,0.6856680512428284,0.4991358887166741,0.6891993880271912,3.533558208381941,3.531320571899414,0.09047196708374569,0.25019508600234985,0.3621024557162822,0.5912399291992188,0.6426065573109585,0.7946118116378784
505,0.3947752081447629,0.5892459154129028,0.3912582141424745,0.5857139229774475,0.3644300886179149,0.5457288026809692,0.49472026216562714,0.6883754730224609,0.4982372495976106,0.6919074654579163,3.5169937992018507,3.5319972038269043,0.09037144921971103,0.24567900598049164,0.3615413533687785,0.5956293940544128,0.641377462878055,0.795877993106842
506,0.3945696272963293,0.5912619233131409,0.3910469498955715,0.5877147316932678,0.36448288482957575,0.550226628780365,0.49470421180607,0.6867145299911499,0.4982268938532313,0.690261721611023,3.5226816762234203,3.5471982955932617,0.09056903492966369,0.263131320476532,0.36034627223082594,0.5941194891929626,0.6425333337187525,0.7934290170669556
507,0.39307946075620664,0.5836149454116821,0.38954428473575975,0.5800725221633911,0.3626857261637387,0.5419006943702698,0.4932633989403222,0.6805713176727295,0.49679857341196787,0.6841137409210205,3.5351755329616856,3.5424013137817383,0.08802237249441956,0.2502143085002899,0.3596467579035463,0.586916446685791,0.6403880540888047,0.7885714173316956
508,0.39239331708417113,0.589868426322937,0.3888487293620541,0.5863323211669922,0.3620620304692145,0.5476973652839661,0.49272236848719664,0.6870014667510986,0.4962669562093136,0.6905375719070435,3.5445921551731123,3.536076545715332,0.08722471996046788,0.2546783685684204,0.35857688365454987,0.594362735748291,0.6403844541183004,0.794050931930542
509,0.3947555338566835,0.5864998698234558,0.39122564136570565,0.5829583406448364,0.3644800577834521,0.5447821021080017,0.4948497905123297,0.6830682158470154,0.49837968492720897,0.6866097450256348,3.5298917358404633,3.5415079593658447,0.09025405910905183,0.25390440225601196,0.361094925469419,0.5902242064476013,0.6420911821320054,0.7902177572250366
510,0.3913235589105619,0.5856674909591675,0.38779376640195923,0.5821312665939331,0.36117527793928034,0.5441527962684631,0.4914001813638612,0.6821851134300232,0.4949299754212651,0.6857213377952576,3.529789869929541,3.5362284183502197,0.08725392309343045,0.2538088262081146,0.35730704474003877,0.588873028755188,0.6389648593444918,0.789776623249054
511,0.3916744363414433,0.5878013968467712,0.3881340415507761,0.5842533707618713,0.3615626071557445,0.5455195307731628,0.4916859225582118,0.6849469542503357,0.49522631580007787,0.6884949803352356,3.5403956916823023,3.5480189323425293,0.08785492694818339,0.25224095582962036,0.357565915262704,0.5925495624542236,0.6392669722988409,0.791767954826355
512,0.3915971888549145,0.5909826755523682,0.388064870082214,0.5874218344688416,0.361386646802862,0.5479959845542908,0.49145579569183906,0.6884368658065796,0.4949881160133407,0.6919977068901062,3.5323189566206072,3.560840368270874,0.08779294759494911,0.25258588790893555,0.35798086117691397,0.5974202752113342,0.638386141247155,0.7939817905426025
513,0.39118914862159204,0.5895906686782837,0.38764086480649856,0.586039125919342,0.361152699225519,0.5476499795913696,0.49086624722726646,0.6863535642623901,0.49441453104236,0.6899051070213318,3.5482844752700067,3.5515410900115967,0.08830698743807412,0.2558943033218384,0.3571706220259572,0.5937177538871765,0.6379804971302325,0.793337881565094
514,0.39078848160140844,0.5890653133392334,0.3872439812776571,0.5855039954185486,0.36060154912339154,0.5487919449806213,0.490635114366138,0.6847699880599976,0.49417961159228696,0.6883313059806824,3.5444971255737254,3.561321973800659,0.08708267188863546,0.2627691626548767,0.35705423776182854,0.58934086561203,0.6376677335542825,0.7942657470703125
515,0.3912457584052177,0.589830219745636,0.38769747431182394,0.586283266544342,0.36121168991583325,0.5467603802680969,0.4912074882714089,0.6876957416534424,0.4947557727399029,0.6912426948547363,3.548284474108406,3.5469472408294678,0.08777227772114676,0.25031009316444397,0.35692083037001204,0.5961494445800781,0.6389419816153058,0.7938216328620911
516,0.3902483590603649,0.5884378552436829,0.38670527037207403,0.5849059820175171,0.3606063227705775,0.5457987189292908,0.4897061667934066,0.6867169141769409,0.49324925083529403,0.6902487874031067,3.5430906170323473,3.5318551063537598,0.08905144895824339,0.24938446283340454,0.3553236058897668,0.5931281447410583,0.6374439013667383,0.7948834300041199
517,0.38909299724284974,0.5873677134513855,0.38555666732923605,0.5838257074356079,0.3593952663657242,0.5459295511245728,0.48869910923339854,0.683768093585968,0.4922354406958134,0.6873100996017456,3.5363310885729464,3.5419981479644775,0.08741130590305743,0.2559933364391327,0.3542102491449061,0.5904422998428345,0.6365642319643251,0.7913529872894287
518,0.3902442589601849,0.5925165414810181,0.3867143413858882,0.5889782905578613,0.36060527821309285,0.5508230924606323,0.4895439184370246,0.6891789436340332,0.4930738391089236,0.6927171945571899,3.5299154354022666,3.538243055343628,0.08938946896181618,0.2597985863685608,0.3555426762639339,0.5960867404937744,0.6368836693728885,0.7965839505195618
519,0.3896743210408439,0.5887134075164795,0.3861387365361902,0.5851737856864929,0.36001584150420424,0.5469438433647156,0.48905052159358176,0.6858323216438293,0.49258610764703664,0.6893719434738159,3.5355843355439807,3.5396246910095215,0.08859807756546789,0.2547992765903473,0.3549214066696322,0.5920213460922241,0.6365280436685402,0.7940108776092529
520,0.38798458617100423,0.5918198823928833,0.3844509665868266,0.5882889032363892,0.35840646993373404,0.549354612827301,0.48752314537170693,0.6894278526306152,0.49105676340708343,0.6929588317871094,3.533622340172517,3.5309834480285645,0.08681624185504151,0.2547178566455841,0.3528337925612031,0.5967074036598206,0.6355693872943914,0.7966386079788208
521,0.3888934209634268,0.5905415415763855,0.38536298049933726,0.5870108604431152,0.3594071366440412,0.549153745174408,0.487909771589743,0.6865370273590088,0.49144021205383254,0.690067708492279,3.530438843462654,3.5307037830352783,0.08910850845080684,0.26017525792121887,0.35403703205768433,0.5939499735832214,0.6350758596256503,0.7933359742164612
522,0.3894991961088889,0.5939658284187317,0.3859678774987398,0.5904159545898438,0.3600467731809403,0.5521013736724854,0.48842586267783394,0.6901727914810181,0.4919571766415796,0.693722665309906,3.531313379557211,3.5499014854431152,0.0900079928795303,0.2616753578186035,0.3546328528281687,0.5984611511230469,0.6354994709250698,0.7961676716804504
523,0.38826828531942087,0.5884082317352295,0.38472313287777965,0.584876298904419,0.35854040962915035,0.5472356677055359,0.487876390604967,0.6848041415214539,0.49142154304660823,0.6883360743522644,3.5451567099436097,3.531914234161377,0.08648884827910136,0.25786739587783813,0.35342823286585046,0.5907548069953918,0.6357041403040187,0.7930847406387329
524,0.38772670201688003,0.5916731953620911,0.3841813642756996,0.5881229043006897,0.35804628932616406,0.5497269034385681,0.48720637809634937,0.6886518001556396,0.49075171776143117,0.692202091217041,3.54533811211828,3.5502912998199463,0.08636471607665246,0.2575054168701172,0.3528808492424524,0.595596194267273,0.6348932936479055,0.7960790395736694
525,0.3875642571200504,0.5925384163856506,0.38400954821223027,0.5889873504638672,0.3580664147630824,0.5501257181167603,0.4863983215934321,0.6896691918373108,0.4899530305012522,0.6932202577590942,3.5547087171239387,3.5510811805725098,0.0881268932138862,0.2566033601760864,0.3528122806326432,0.5976725816726685,0.6332600789490241,0.7961012125015259
526,0.387669438155163,0.5920337438583374,0.3841217719729335,0.5884793400764465,0.3581324709149042,0.5497524738311768,0.48676993557219095,0.6895519495010376,0.4903176013793202,0.6931063532829285,3.547664582124339,3.5544328689575195,0.08755020008937063,0.2556915283203125,0.3527878101671608,0.5963561534881592,0.6340593912714727,0.7972097396850586
527,0.387616118497109,0.5860471129417419,0.3840652668664865,0.5825064778327942,0.3580140462867429,0.544083297252655,0.4869626694053738,0.6844850182533264,0.49051352103599627,0.6880256533622742,3.5508516823137093,3.540654182434082,0.08677731322179806,0.24875541031360626,0.3526517269793343,0.5885353088378906,0.6346131097578296,0.7949591279029846
528,0.3875897500000008,0.5884801745414734,0.3840492084362233,0.5849522352218628,0.3581939999451252,0.5460589528083801,0.4868890146051439,0.6859402656555176,0.49042955616892137,0.6894682049751282,3.5405433119867955,3.5279204845428467,0.08749066494099744,0.25182586908340454,0.3521183545614615,0.5934088230133057,0.6349729673193569,0.792942225933075
529,0.38621851728062195,0.585100531578064,0.3826827026216954,0.5815457701683044,0.3565367067242559,0.5416906476020813,0.4857776915209108,0.684868335723877,0.48931350617983743,0.6884230971336365,3.535814828229928,3.554765462875366,0.0846849635570116,0.24052394926548004,0.3513408053758616,0.5903829336166382,0.6335843325726056,0.7941650748252869
530,0.3869185612857995,0.5876357555389404,0.3833759634222773,0.5840759873390198,0.3575984712446602,0.5465763211250305,0.4858271547124679,0.6839452385902405,0.4893697525759901,0.6875050067901611,3.5425988777933495,3.5597782135009766,0.08787606248781055,0.2576279044151306,0.3516246815716112,0.5896003842353821,0.6332946756822134,0.7925006151199341
531,0.38659039080457575,0.5884661674499512,0.3830350644937919,0.5849119424819946,0.35751068131061187,0.5459808111190796,0.48519298874697836,0.6861067414283752,0.4887483166065634,0.6896609663963318,3.555326678527355,3.554201602935791,0.08893755591658621,0.2512331008911133,0.35084601770897395,0.5932625532150269,0.632748458983692,0.7934467792510986
532,0.38501655366959925,0.5884962677955627,0.3814759735793928,0.5849502682685852,0.35548590368678595,0.5481444001197815,0.4841065109744093,0.6841840744018555,0.48764709106461573,0.687730073928833,3.5405805786595903,3.5459702014923096,0.08493913076984365,0.26199236512184143,0.3501628218169528,0.5890977382659912,0.6313557723310969,0.7933431267738342
533,0.38508165735710553,0.5875303745269775,0.3815188407292949,0.5839633941650391,0.3558965226861456,0.5468118786811829,0.4839336887346842,0.68382728099823,0.4874965053624948,0.6873942613601685,3.562815627962702,3.5669655799865723,0.0865769648649951,0.25860700011253357,0.3493482693999558,0.588467001914978,0.631764337946814,0.7933615446090698
534,0.3839704322587461,0.5869318246841431,0.38040472556796445,0.5833688974380493,0.3545617617173646,0.546760618686676,0.4832744806871829,0.6822558641433716,0.48684018737796453,0.6858187913894653,3.5657045747320972,3.56290602684021,0.08382124960470916,0.2617533802986145,0.3484062807036279,0.5872983932495117,0.6314577674217162,0.7912301421165466
535,0.38441979306720886,0.5878216028213501,0.3808686194553445,0.5842559933662415,0.3554111703764458,0.5462860465049744,0.4830497719386802,0.6859951615333557,0.48660094555054456,0.6895607709884644,3.5511730476167207,3.565612316131592,0.08692996869399884,0.25241509079933167,0.34845774238108623,0.5892003774642944,0.630845814205213,0.7972426414489746
536,0.38438081890163117,0.5920863151550293,0.3808228837199875,0.5885390043258667,0.35547778762988913,0.5509501099586487,0.4825631321275133,0.6885535717010498,0.48612106730915694,0.6921008825302124,3.557934072605246,3.5473368167877197,0.08816036997628415,0.2615083158016205,0.34854448561594825,0.5941734910011292,0.6297285217992958,0.7971685528755188
537,0.38445358433909305,0.5894547700881958,0.38089815095532875,0.5858874320983887,0.35527724553984064,0.5486869812011719,0.48314577130539554,0.6853083372116089,0.48670120041785664,0.688875675201416,3.5554311350018235,3.567335367202759,0.08631241418363793,0.2613108456134796,0.348899299833187,0.5910012125968933,0.6306200408374106,0.7937488555908203
538,0.3833724751590569,0.5908400416374207,0.3798245631288427,0.5872682332992554,0.35426031310191447,0.5494155287742615,0.4824069069257559,0.6873248219490051,0.4859548205047713,0.6908966302871704,3.547909753863714,3.571791887283325,0.08471058959453705,0.25933054089546204,0.34730665676728334,0.5936365127563477,0.6307636890719202,0.7952796220779419
539,0.3835396854871664,0.5911125540733337,0.37998640580821996,0.5875594615936279,0.3547660329697145,0.5505688786506653,0.48193268092531427,0.6864449977874756,0.4854859625281622,0.6899980902671814,3.5532825297085773,3.553095817565918,0.08727758143352775,0.26476046442985535,0.34712363371169525,0.5926174521446228,0.6298968746949636,0.7943288683891296
540,0.38344102998695573,0.5915326476097107,0.3798887733032778,0.5879839062690735,0.3543640702442575,0.5498360991477966,0.48210366707336016,0.6883175373077393,0.48565592375703814,0.6918662786483765,3.5522546167060023,3.548724889755249,0.08567039436844855,0.2585473954677582,0.34764071620193093,0.59493088722229,0.6297810901193855,0.7960299849510193
541,0.3828722794899067,0.5881921052932739,0.3793316546417667,0.5846408605575562,0.35387565354675576,0.547274112701416,0.4812617483078054,0.6847353577613831,0.48480237315594543,0.6882866024971008,3.540626039748941,3.5512571334838867,0.08592558078924621,0.25813138484954834,0.34718057790327206,0.5895364880561829,0.6285208116398563,0.7941545248031616
542,0.3825585169493063,0.5850998163223267,0.37900609756890613,0.5815379023551941,0.3532864593583493,0.5427784323692322,0.4813105516979668,0.6835351586341858,0.484862971078367,0.6870970726013184,3.5524167918694296,3.5619137287139893,0.08399440356920852,0.2467038780450821,0.3472385755942403,0.5885385870933533,0.62862640677358,0.7930927276611328
543,0.3829783954564217,0.5877121686935425,0.37943732819564935,0.5841668248176575,0.35380846309168185,0.5464684963226318,0.48152454456951965,0.6849232912063599,0.4850656133790932,0.6884686350822449,3.5410702192730117,3.5453262329101562,0.08516426317596455,0.25523605942726135,0.3476306480263676,0.5893438458442688,0.62863048033844,0.7948256134986877
544,0.38190792539087776,0.5873786807060242,0.3783634953076792,0.5838287472724915,0.3528481436438837,0.5454888939857483,0.48044041441651414,0.6848092079162598,0.48398484140211034,0.6883591413497925,3.5444304114476095,3.549945116043091,0.08446440267044986,0.25243598222732544,0.346232991379739,0.5906615853309631,0.6278470448009182,0.7933691740036011
545,0.3813334955246624,0.5896761417388916,0.37779025061315413,0.5861154794692993,0.3527254019986794,0.547958254814148,0.4792986484233122,0.6867845058441162,0.48284189333482047,0.6903451681137085,3.5432426726193724,3.5606889724731445,0.08648512758378135,0.25594455003738403,0.3449294635957206,0.5927374958992004,0.6267616194387398,0.7951927185058594
546,0.38095331002046456,0.5926884412765503,0.3774065234604958,0.5891381502151489,0.35217084604649346,0.5529142022132874,0.47954745596131804,0.6862316727638245,0.4830942425212868,0.6897819638252258,3.5467840685284915,3.5502865314483643,0.08424073518217941,0.27248793840408325,0.3443841387646691,0.5938205122947693,0.6278876680646347,0.7924342751502991
547,0.38135840956437794,0.591803789138794,0.37782234016396,0.5882419347763062,0.3527902947104272,0.5504096150398254,0.4795685205767419,0.6877214312553406,0.483104591525961,0.6912832856178284,3.5360687403382687,3.561868667602539,0.0861188668033189,0.2615813612937927,0.3446147600132133,0.5951569676399231,0.6276372667013316,0.7944905161857605
548,0.380908884716092,0.5893587470054626,0.37735927348160136,0.5858107209205627,0.352234484398699,0.54680997133255,0.4788492836460465,0.6872411966323853,0.48239889488053717,0.6907892227172852,3.5496098284696207,3.5480294227600098,0.08590682087465365,0.2514200508594513,0.3446945413505455,0.5941187143325806,0.6261020898092969,0.7948911786079407
549,0.3814290472999415,0.5869734287261963,0.3778755220029105,0.5834083557128906,0.35264528621709595,0.5461803674697876,0.47967513664873257,0.6831229329109192,0.4832286619457635,0.6866880059242249,3.5535239538331367,3.5650627613067627,0.08544456568242959,0.25812864303588867,0.34519603676637206,0.5882943272590637,0.6272952658008184,0.7921181321144104
550,0.37938695924581184,0.5906915068626404,0.3758409441582226,0.5871175527572632,0.35077025970936404,0.5501169562339783,0.47742858054770526,0.6862701773643494,0.4809745956352945,0.6898441314697266,3.546013524171254,3.573981523513794,0.08435101960485078,0.2637256681919098,0.34291402824371264,0.5919243693351746,0.6250457230787475,0.7947008013725281
551,0.37923960010791474,0.5906261801719666,0.3756783494027804,0.5870596766471863,0.3507588321461796,0.5494515895843506,0.4770003764478356,0.6871016025543213,0.48056162870177105,0.6906681060791016,3.5612487439648484,3.566502571105957,0.0852162832930424,0.2599119544029236,0.34258508215190625,0.5927221179008484,0.6244751471259271,0.795720636844635
552,0.37818048267019894,0.5886580944061279,0.37462809724242424,0.5851075053215027,0.3497991867777878,0.5464982986450195,0.47590106774092783,0.6860863566398621,0.4794534516199014,0.6896369457244873,3.5523844177627097,3.5505619049072266,0.08455039385042198,0.2528821527957916,0.34131929969284236,0.5927363038063049,0.6235278682451252,0.7938764095306396
553,0.37975013704983335,0.5905908346176147,0.37619702219721074,0.5870246887207031,0.35142562516907877,0.5485691428184509,0.47714941480079415,0.6874520778656006,0.4807025281046156,0.6910182237625122,3.5531127749058564,3.5661633014678955,0.08697214864505969,0.25643613934516907,0.3430558289520343,0.5947805047035217,0.6242489047859725,0.7944906949996948
554,0.3788601526921714,0.5913297533988953,0.375317260374928,0.5877670049667358,0.35030036144657345,0.5512954592704773,0.4766355851923021,0.6862230896949768,0.48017847750954545,0.6897858381271362,3.5428920976040184,3.5627248287200928,0.08456074329372155,0.2674819529056549,0.34251499367205535,0.5917466878890991,0.623825353381598,0.7946576476097107
555,0.3787247720429726,0.591069757938385,0.37518192821046564,0.5875112414360046,0.35043291173424607,0.5486235022544861,0.47638463427078614,0.6886090636253357,0.47992747847839334,0.6921675801277161,3.542844264622486,3.5585193634033203,0.08550000165627344,0.2541709840297699,0.341711475023447,0.5958359837532043,0.6240872758653558,0.7958635091781616
556,0.3774950610783058,0.5851683020591736,0.3739447484546883,0.5816090703010559,0.3487489559013477,0.5442514419555664,0.4757166331708794,0.6813634634017944,0.47926694579449697,0.6849226951599121,3.5503138931505185,3.5592546463012695,0.0816790406636431,0.25584325194358826,0.3411929408104208,0.586835503578186,0.6233748838130023,0.7900754809379578
557,0.3798059944427938,0.5888339281082153,0.3762422623161954,0.5852733254432678,0.35139708786634133,0.5482151508331299,0.4773931115127607,0.6853821277618408,0.48095684518816023,0.6889427304267883,3.5637329808590232,3.5605902671813965,0.08637100053399838,0.2596915066242218,0.34310985923152215,0.58924400806427,0.6247104245426691,0.795710027217865
558,0.3796253309131782,0.5868045687675476,0.3760667615821581,0.5832199454307556,0.3513681061786701,0.5472195744514465,0.4770204191811918,0.68217933177948,0.48057898851221187,0.685763955116272,3.5585692551287993,3.58463454246521,0.08706495396632563,0.26333877444267273,0.3427097954935917,0.58528071641922,0.6243295528953559,0.7930393218994141
559,0.37878328127392513,0.5892767310142517,0.3752131959165541,0.5856986045837402,0.3505714977968528,0.547337532043457,0.4760476125361132,0.6866182088851929,0.4796176978934842,0.6901963353157043,3.5700844420294815,3.578134298324585,0.08663896983697363,0.25436776876449585,0.34181367657652145,0.5926579236984253,0.6232618438098859,0.79498690366745
560,0.37721482281078905,0.591979444026947,0.3736491666859454,0.5883985161781311,0.3489149403412362,0.5524190068244934,0.4745615046899395,0.6860710382461548,0.47812716081478324,0.6896519660949707,3.565656811930617,3.5809249877929688,0.08462389943031484,0.27128878235816956,0.34044053480240855,0.5917515158653259,0.621680378260479,0.7942166328430176
561,0.37763594498103875,0.5864507555961609,0.3740766407196666,0.5828664302825928,0.3491938650801663,0.5448360443115234,0.4752552022645496,0.6836879253387451,0.4788145049771205,0.6872722506523132,3.5593052087544526,3.5843300819396973,0.08403033777992754,0.252768337726593,0.3410259382757674,0.5889539122581482,0.6225253164260018,0.7927858829498291
562,0.3793838675724894,0.5876669883728027,0.3758243911400879,0.5840759873390198,0.350849906228395,0.5462023019790649,0.47684515211043005,0.6852028369903564,0.48040462854283156,0.6887938380241394,3.559476960058673,3.590996265411377,0.08582540356769244,0.25382179021835327,0.34321005559529033,0.5893804430961609,0.6235142479182936,0.7954046726226807
563,0.3777489917117602,0.5841799378395081,0.3741789156713962,0.5806060433387756,0.3493797358607936,0.5442482829093933,0.4751697715539735,0.6808114051818848,0.4787398495182389,0.6843852996826172,3.5700774854922557,3.573878288269043,0.08478687434081764,0.25699466466903687,0.34107920742838355,0.5824103355407715,0.622273114290946,0.793339729309082
564,0.37694774653385965,0.5902026295661926,0.3733819465278079,0.5866270661354065,0.348595697573419,0.5479654669761658,0.47446498184053093,0.688130259513855,0.4780307818465827,0.6917058229446411,3.565797752642893,3.575538158416748,0.08383617790017339,0.25313612818717957,0.34014716990053095,0.5938587188720703,0.6218037368125466,0.7969015836715698
565,0.3767486023820613,0.5880811214447021,0.37318462097107563,0.5844998359680176,0.34835346313545096,0.544556200504303,0.47416020925578384,0.688138484954834,0.4777241922155706,0.6917197704315186,3.5639812846615504,3.581313371658325,0.08372552022549663,0.24253813922405243,0.34019522218262815,0.5932655334472656,0.6211396622744896,0.7978648543357849
566,0.3753429724465431,0.5903528928756714,0.3717706221610707,0.5867764949798584,0.34726624061942246,0.549403727054596,0.47295036562274156,0.686340868473053,0.47652271590821393,0.689917266368866,3.572349049722669,3.5764079093933105,0.0828961602318011,0.2613636553287506,0.33760307211968843,0.5922472476959229,0.6212994768229433,0.7946003675460815
567,0.3767532314825387,0.5864601135253906,0.37317635085686307,0.5828848481178284,0.3485959432278036,0.5440064072608948,0.47393631370049205,0.684640109539032,0.4775131958749688,0.6882153749465942,3.5768805449443573,3.57524037361145,0.08494895778012576,0.2481907159090042,0.3396744668435334,0.5904905796051025,0.6211644041794758,0.7933380007743835
568,0.3743437664977332,0.5865862369537354,0.37078610414709445,0.5829970240592957,0.34607956582968474,0.5451903939247131,0.47174850497069615,0.6838166117668152,0.47530616732133485,0.6874058246612549,3.5576637716637944,3.5892276763916016,0.08174146755083857,0.2535974085330963,0.337443152760956,0.5884270071983337,0.6190540918091957,0.7935468554496765
569,0.3742530988669231,0.5908350348472595,0.37068347157959625,0.587238609790802,0.3463826012403269,0.5493715405464172,0.4714318010388861,0.6872365474700928,0.47500142832621295,0.6908329725265503,3.5696279207865396,3.596452474594116,0.08334806837652739,0.25937938690185547,0.33636966668344637,0.593710720539093,0.6194300534422205,0.7950244545936584
570,0.37541015564161156,0.5863184332847595,0.3718365310315819,0.5827492475509644,0.34746979985883747,0.5436451435089111,0.47232350244833793,0.6853191256523132,0.4758971255095664,0.6888883113861084,3.573626872924978,3.5691585540771484,0.08484647009208635,0.2456410974264145,0.33799176119567415,0.5901638865470886,0.6195711691448276,0.7951303720474243
571,0.37428197564751553,0.5901915431022644,0.37071016519184863,0.5866179466247559,0.3463680616395047,0.5499733090400696,0.47136605629289824,0.6857978105545044,0.4749378667485651,0.6893714070320129,3.5718107670727077,3.5735785961151123,0.08344126537508757,0.2642737329006195,0.33661512064343296,0.59034663438797,0.6190478047896729,0.7952996492385864
572,0.3739678971998778,0.5908505320549011,0.37040776759688565,0.5872754454612732,0.34615597041748036,0.5493991374969482,0.470863509664582,0.6874761581420898,0.47442363926757414,0.6910512447357178,3.5601304750639975,3.5750715732574463,0.08384011550025634,0.2589614987373352,0.33625697315199027,0.5935617685317993,0.6183708240431206,0.795674204826355
573,0.3753738856586653,0.5888940691947937,0.3718204081082702,0.5853193402290344,0.3472167879669733,0.547410249710083,0.47251341962930493,0.6860353946685791,0.47606689717969997,0.6896101236343384,3.5534760770979714,3.5747334957122803,0.08366179426015029,0.25581932067871094,0.3384573517100287,0.5911602973937988,0.6195312211342183,0.7952510714530945
574,0.37486003573425797,0.588809072971344,0.37130169877181246,0.5852369070053101,0.3467943800376578,0.5481759905815125,0.47167488782569444,0.6858225464820862,0.47523322478813995,0.6893947124481201,3.5583419639116567,3.572186231613159,0.08411469109056928,0.2586435377597809,0.3379911234404951,0.5887142419815063,0.6182773132852747,0.7971701622009277
575,0.3740562012391123,0.5925297737121582,0.3704888668430079,0.5889471173286438,0.3460780863736734,0.5514581799507141,0.4709769340486871,0.6885839104652405,0.47454426961849244,0.6921665668487549,3.5673372752289922,3.582676887512207,0.08335981944857987,0.2630213499069214,0.33677283522320917,0.5946843028068542,0.618101601575479,0.7966689467430115
576,0.3724849766775984,0.5897489190101624,0.368908137639654,0.5861454606056213,0.3445679331595366,0.5486274361610413,0.46959321562032896,0.6865767240524292,0.4731700531094722,0.6901801824569702,3.5768403231589425,3.60345458984375,0.08158372713754296,0.25845813751220703,0.33477682529839375,0.5911328792572021,0.6173432438633958,0.7962912917137146
577,0.37367108354130946,0.5892539024353027,0.370075595751556,0.585658073425293,0.3459368694060903,0.548095703125,0.47037034194691124,0.686543345451355,0.4739658297366647,0.6901391744613647,3.5954844799653523,3.595855712890625,0.08419747251928023,0.25687819719314575,0.33576078327554926,0.5902987718582153,0.6178523443164353,0.7971101999282837
578,0.3732421054643584,0.5911976099014282,0.3696648010479644,0.587605357170105,0.34509501150358124,0.549846351146698,0.4700034132973721,0.6886216998100281,0.4735807161649649,0.6922139525413513,3.5773030685497598,3.59226393699646,0.08235663605133209,0.2579394280910492,0.336574774953925,0.5926880240440369,0.6163536134503791,0.7989115715026855
579,0.3717732639197552,0.5864278674125671,0.36819053489988623,0.5828436613082886,0.3442456415766291,0.5458433032035828,0.46836692825643406,0.6829858422279358,0.47194966037390534,0.6865700483322144,3.5827301680146317,3.5841915607452393,0.08316290854403414,0.25737103819847107,0.33342873228549763,0.5866089463233948,0.6161452690808694,0.7935498356819153
580,0.37146581291329606,0.5892676711082458,0.367886623388086,0.5856720805168152,0.3440801897307406,0.545727550983429,0.4680606152921298,0.6893602013587952,0.47163980519244014,0.6929557919502258,3.579190145020944,3.595585823059082,0.08329378249644749,0.24360375106334686,0.33271913141484094,0.5943882465362549,0.6162276575103601,0.7991907000541687
581,0.37227037711158983,0.5877317190170288,0.3686906397221682,0.5841502547264099,0.344496376803383,0.546328604221344,0.4689071293991366,0.6852073073387146,0.4724868667885582,0.6887887716293335,3.57973897723323,3.5814735889434814,0.08280477570267746,0.2542043626308441,0.3346218761393949,0.5893745422363281,0.6160624642416659,0.7954069375991821
582,0.37106242614986934,0.5888029336929321,0.36745711280183485,0.5852181911468506,0.3435580343116941,0.5476844906806946,0.46731835354453805,0.6863150000572205,0.4709236668925725,0.689899742603302,3.605313433992926,3.5847508907318115,0.08323460539036827,0.25608232617378235,0.33289168751486614,0.5895519852638245,0.6145478088682471,0.7974190711975098
583,0.37225885674133563,0.5914434790611267,0.3686783376913268,0.5878651738166809,0.3444812612542281,0.5507557988166809,0.46892096399292926,0.6878056526184082,0.47250148459173924,0.691383957862854,3.5805196191932533,3.5782880783081055,0.08272877321935891,0.26247838139533997,0.3345903811709357,0.5921639800071716,0.6161246275301634,0.797624945640564
584,0.37047842956876736,0.5890691876411438,0.3669016547334712,0.58548903465271,0.34279188240295594,0.5463678240776062,0.4671769795067369,0.6881177425384521,0.4707537543420331,0.691697895526886,3.5767738166689824,3.5801784992218018,0.08115425442432031,0.24820417165756226,0.33252189153827305,0.5928919315338135,0.6146994988413976,0.7980073690414429
585,0.37024497809179713,0.5822463035583496,0.36667029238357035,0.578658401966095,0.3423896812226198,0.5397395491600037,0.4670117675072286,0.6817100048065186,0.4705864532154554,0.6852979063987732,3.574686047995037,3.5878782272338867,0.08025357934865243,0.24111206829547882,0.33272467843410786,0.5850198268890381,0.614190785709649,0.7930868268013
586,0.3710151982413914,0.5890055894851685,0.36741900114910514,0.5854034423828125,0.3435983579549855,0.5464162826538086,0.46706051550354843,0.6883747577667236,0.4706567172422382,0.6919769048690796,3.5961953712777786,3.6021335124969482,0.08390209466896549,0.24781399965286255,0.33285339040529716,0.592051088809967,0.6140395884972687,0.7993836998939514
587,0.36909698991092105,0.5910959839820862,0.3655209829059017,0.5874921679496765,0.3417277219597518,0.5495380759239197,0.465583446799765,0.6885906457901001,0.46915945225598316,0.6921944618225098,3.5760077769031287,3.6038172245025635,0.08120359874841308,0.2570481598377228,0.3304319367435856,0.593063473701477,0.6135476344589097,0.7985026836395264
588,0.36970932004270735,0.5893679857254028,0.3661125554962948,0.5857551097869873,0.3421037860072535,0.5470880270004272,0.4661989175373105,0.6875330209732056,0.4697956836325242,0.6911458969116211,3.596763540756591,3.6129043102264404,0.08107612989888267,0.25166940689086914,0.3316337318256818,0.5927141904830933,0.6136015215589901,0.7968804836273193
589,0.3702171345309809,0.5888794660568237,0.36661933560319127,0.585267186164856,0.34264274845992554,0.5465002059936523,0.4664343949914027,0.6873605251312256,0.47003219391919226,0.6909728050231934,3.5977999395439406,3.6122608184814453,0.08225342461334899,0.2502076029777527,0.3323309689312508,0.5921887159347534,0.6133438527850276,0.7971042394638062
590,0.36948527040589985,0.588240385055542,0.365887407263362,0.5846350193023682,0.34191680976979577,0.5469353795051575,0.4658244250631894,0.6850994229316711,0.4694222882057272,0.688704788684845,3.597862209191518,3.6053626537323,0.0812835162138726,0.25631460547447205,0.33145311497790125,0.5901232361793518,0.6130137954888865,0.7943682670593262
591,0.36970894621292655,0.5850412249565125,0.3661044562100106,0.5814494490623474,0.3426008731719686,0.5427971482276917,0.465845136576148,0.6835132837295532,0.4694496262039637,0.6871050596237183,3.6044896282996777,3.591778039932251,0.08336292350021166,0.24680815637111664,0.3304997660428394,0.5880640149116516,0.613939918544396,0.7935193777084351
592,0.36951251882776903,0.5876413583755493,0.36593644751120136,0.5840500593185425,0.3425114684796072,0.5478639602661133,0.46510900537076155,0.6835247874259949,0.46868507823613037,0.6871160864830017,3.5760751912809705,3.5913174152374268,0.08463389757102552,0.26250824332237244,0.33069756654912846,0.5861166715621948,0.6122029343611624,0.7949669361114502
593,0.3698541460437016,0.587066650390625,0.36627711033220944,0.5834856629371643,0.3423708911669046,0.5445550680160522,0.46600441755050087,0.6859498620033264,0.469581453261993,0.6895308494567871,3.5770336395833633,3.5809638500213623,0.08231417355295899,0.24713829159736633,0.3318735988242714,0.5904995799064636,0.6129248936729028,0.7960273027420044
594,0.3684501067511783,0.5885007977485657,0.36486966794842973,0.584917426109314,0.34082244758290386,0.5469232201576233,0.4648462746426965,0.6856958866119385,0.46842671344544506,0.6892792582511902,3.5804353509547506,3.583371639251709,0.07994475847596422,0.2550221085548401,0.3306196807750202,0.5909438133239746,0.6119029098925821,0.7948037385940552
595,0.36958387019766864,0.5878209471702576,0.36599906865194276,0.5842368006706238,0.3422957240712386,0.5463274121284485,0.46543832425174797,0.6848424673080444,0.46902312579747385,0.6884266138076782,3.584802172699935,3.5841400623321533,0.08327163707191171,0.25496816635131836,0.33130040272338285,0.5901947021484375,0.6123151238304398,0.7938194274902344
596,0.36780006564636325,0.590972900390625,0.36422792199274606,0.5873914361000061,0.3407378506476541,0.5493797659873962,0.4636734964834981,0.6878148317337036,0.4672456401371152,0.6913962960243225,3.572146046418172,3.5814895629882812,0.08214908612909426,0.2581886649131775,0.32889380498093124,0.5938425064086914,0.6111706616769126,0.796108067035675
597,0.3685424182045232,0.5873777270317078,0.3649695139443347,0.5837807059288025,0.3410641658223842,0.5461989045143127,0.4644121516902806,0.6848083734512329,0.46798505595046913,0.6884053945541382,3.572901639810578,3.5970351696014404,0.08160805077849004,0.2546411156654358,0.33086281407426343,0.5883289575576782,0.610721627193595,0.7956266403198242
598,0.3686107920404861,0.5863715410232544,0.36502242041127836,0.5827513933181763,0.3415764321097019,0.5435017347335815,0.4643000227089486,0.685985267162323,0.4678883943381563,0.6896054148674011,3.588372833594238,3.620131731033325,0.0834337017168807,0.24379515647888184,0.32973499980294213,0.5898966193199158,0.6115605915362303,0.796813428401947
599,0.3669940765872991,0.5891214609146118,0.36338955280115776,0.5855014324188232,0.33975590964521374,0.5491668581962585,0.4630402109146699,0.6848698854446411,0.46664473470081125,0.6884899139404297,3.60452484155253,3.6200413703918457,0.08043375086164842,0.2637222707271576,0.3282629918674604,0.5881177186965942,0.6105709900664353,0.7956604361534119
600,0.3675052895446255,0.5846809148788452,0.36390171078129413,0.5810693502426147,0.34042174778379564,0.5425458550453186,0.46313651125701133,0.683682918548584,0.4667400900203428,0.6872944831848145,3.603580503312737,3.611543655395508,0.08229756279660588,0.24567149579524994,0.32875945514360677,0.5867261290550232,0.6102082217025214,0.795240044593811
601,0.3663836291927271,0.5873706936836243,0.36278745835746057,0.5837588906288147,0.3391061965958452,0.5466594099998474,0.4620579104209595,0.6840461492538452,0.46565408125622604,0.6876579523086548,3.5961681812021533,3.6118052005767822,0.08048364547902957,0.2576732635498047,0.3282011886752334,0.5876638889312744,0.6086337590817751,0.7946409583091736
602,0.3668351605008203,0.5905634760856628,0.36324982465499306,0.5869515538215637,0.3399882337764371,0.5500812530517578,0.4621994237661652,0.68700110912323,0.46578475961199245,0.6906130313873291,3.5853369227280427,3.6118950843811035,0.08292332828843492,0.26207712292671204,0.3277636742596698,0.5904306769371033,0.6092777169675203,0.797735869884491
603,0.3651288760371485,0.5835946202278137,0.36152609062301305,0.5799885392189026,0.33811163143612144,0.5422744750976562,0.4609904154088504,0.6817680597305298,0.46459320082298583,0.6853741407394409,3.602784224268967,3.6061019897460938,0.07964247676883826,0.24885696172714233,0.3259493190851146,0.5841360092163086,0.6087431034759153,0.793830394744873
604,0.36674289614071076,0.5875189304351807,0.3631248343924996,0.5839189887046814,0.33977540044875537,0.5459674000740051,0.4623157436945455,0.6861761808395386,0.46593380544275664,0.6897761225700378,3.6180662740017406,3.5999152660369873,0.08201814527875564,0.25104519724845886,0.3276439243417129,0.5882642269134521,0.6096641298139962,0.7985926866531372
605,0.366095527165603,0.585567057132721,0.3625075290273759,0.5819630026817322,0.3391584736929161,0.5448287129402161,0.4615031558229243,0.6831455230712891,0.4650911539611514,0.6867495775222778,3.5880000616446095,3.6040632724761963,0.08181278828654016,0.2538864314556122,0.3272308605234167,0.5850290656089783,0.6084317794380467,0.7955706119537354
606,0.3654502049312328,0.5841476321220398,0.3618629879695925,0.5805628895759583,0.3386868122047009,0.5415194034576416,0.4607075304458454,0.6843125820159912,0.4642947489562869,0.6878973245620728,3.587215757737835,3.5847368240356445,0.08202256134949804,0.2411612570285797,0.3262355317442194,0.5865576863288879,0.6078023445882111,0.7968392372131348
607,0.36498407584547365,0.5873450040817261,0.3613926489034708,0.5837274789810181,0.3380060269974907,0.544184684753418,0.46061292735967896,0.6875813603401184,0.46420435430168183,0.6911988854408264,3.591425504328224,3.6175537109375,0.0801087594551378,0.24255743622779846,0.3259904745314308,0.5910848379135132,0.607918844976127,0.7989118695259094
608,0.36613903806018866,0.5850099325180054,0.36254007091282153,0.5814023613929749,0.33944469983143094,0.5438904762268066,0.461140576013452,0.6827841401100159,0.4647395447096203,0.6863917112350464,3.5989659612758635,3.6075801849365234,0.08346372681253575,0.2517348825931549,0.32693103593488654,0.5853719711303711,0.6079393357849199,0.7945646643638611
609,0.3653145588199346,0.5874512791633606,0.36169528359811187,0.5838173627853394,0.33860787282230115,0.5464434623718262,0.46035489230634136,0.6844566464424133,0.4639741659793629,0.6880905628204346,3.6192768680047465,3.6339271068573,0.08251930941448335,0.2561400234699249,0.3260005833267246,0.5881609320640564,0.6073037391022555,0.7950294613838196
610,0.3641804946519183,0.5855552554130554,0.36056499857753455,0.5819403529167175,0.33750954634573127,0.543922483921051,0.4593684740948377,0.6842454671859741,0.4629839701692215,0.687860369682312,3.615494046422267,3.6149022579193115,0.08118562952403949,0.24876044690608978,0.3246248219248438,0.5864306688308716,0.606718192316389,0.7965764403343201
611,0.3651477853142533,0.5895655751228333,0.3615525638819999,0.5859428644180298,0.33828196067467386,0.5466037392616272,0.4604355163851067,0.6883147954940796,0.46403073781736004,0.6919375061988831,3.5952223149732125,3.622734546661377,0.0813383136883868,0.2485218197107315,0.3261630650196819,0.5942585468292236,0.6073445291524973,0.7970308065414429
612,0.3639798991645297,0.5861098170280457,0.36036579765249355,0.5824739336967468,0.3374820185709522,0.5445180535316467,0.45903929176245384,0.6836070418357849,0.46265339482329115,0.6872429251670837,3.6141036215033706,3.6358766555786133,0.08179259915517396,0.25195157527923584,0.32405616256506325,0.5880140066146851,0.6065973030615763,0.7935886979103088
613,0.36464550396653633,0.5876505374908447,0.3610195762686162,0.5840347409248352,0.33790075758391164,0.546476423740387,0.45973222301928823,0.6843155026435852,0.4633581507172083,0.6879312992095947,3.625927782620156,3.615800142288208,0.08163456212528053,0.25653913617134094,0.3253617569459341,0.5892990827560425,0.6067059398229849,0.7935911417007446
614,0.3648649972723211,0.5832344889640808,0.36126820798139,0.5796120166778564,0.3382951557950861,0.5413095951080322,0.4596329295823984,0.6830318570137024,0.4632297188733295,0.6866543292999268,3.5967905109024514,3.6224472522735596,0.08306742857625898,0.24320410192012787,0.3255465287190359,0.5837688446044922,0.6062715125190403,0.7969558835029602
615,0.3646073929914071,0.5869103074073792,0.3609893262095922,0.5832916498184204,0.3378020978002978,0.5446732640266418,0.4599304240358781,0.6855719089508057,0.463548490817693,0.6891905665397644,3.6180660370351627,3.618628978729248,0.08091148576187594,0.24830016493797302,0.32529288033039355,0.5895785093307495,0.6072019379505819,0.7961410880088806
616,0.3639104340529471,0.5866895914077759,0.3602976033322655,0.583073616027832,0.33721691419620414,0.5436610579490662,0.45920176811930713,0.6863044500350952,0.46281459883998866,0.6899204254150391,3.6128326814638325,3.6159861087799072,0.08062807137507323,0.2436181902885437,0.32432591114110015,0.5907024145126343,0.6066967598606888,0.7966626286506653
617,0.363222657593585,0.58586186170578,0.35960044572375627,0.582240879535675,0.33653216098461314,0.5438327193260193,0.457961733233285,0.6842378973960876,0.4615839451031137,0.6878588795661926,3.6222087466711925,3.6209535598754883,0.08111134322736015,0.24849772453308105,0.3241631307594185,0.5882059931755066,0.6043220077691599,0.794794499874115
618,0.36349256058993784,0.590330183506012,0.3598936814217368,0.5867103934288025,0.33694418968343176,0.548124372959137,0.45808459610848035,0.6889533400535583,0.46168347645038227,0.6925731301307678,3.598881762346213,3.6197874546051025,0.08213159906588285,0.2518978416919708,0.32428533838282164,0.5929413437843323,0.6044156269430873,0.7995338439941406
619,0.3633715523194357,0.5883360505104065,0.3597729802131653,0.5847243666648865,0.33716207005800486,0.5461323261260986,0.45800301692759754,0.687360405921936,0.46160158903386794,0.690972089767456,3.598573498739443,3.611661434173584,0.08297938405650687,0.24906620383262634,0.32312523187344216,0.5905593037605286,0.6053815913113259,0.7987715005874634
620,0.3643206116439751,0.5877983570098877,0.3607052606003003,0.5841898918151855,0.33778363967203195,0.5464891195297241,0.459206660104582,0.6856589913368225,0.4628220095994557,0.6892674565315247,3.6153529213058526,3.6084775924682617,0.08237659565157586,0.2537524104118347,0.32468818560684304,0.5886243581771851,0.6062861391068279,0.7970905900001526
621,0.36277841067246386,0.5828399062156677,0.35918026212701165,0.579231321811676,0.3365996776438321,0.5399978756904602,0.4572318996954293,0.6825173497200012,0.46083004824088153,0.6861259341239929,3.5981503921072027,3.60856032371521,0.08285603069080553,0.24021559953689575,0.32263077182640065,0.5862739086151123,0.604312221015608,0.7935041189193726
622,0.36300010829740453,0.584894597530365,0.3593959933705704,0.5812802314758301,0.3365401134614871,0.5429173707962036,0.4579069850481578,0.6834128499031067,0.46151109997499196,0.6870272159576416,3.6041176189410216,3.6143639087677,0.08125119145704003,0.24739249050617218,0.3231750150376396,0.5869690775871277,0.6051941369057089,0.7943905591964722
623,0.3640097499353538,0.5841821432113647,0.36040615067460696,0.5805709362030029,0.3372472694406072,0.5403580069541931,0.45913949346232596,0.6853870153427124,0.4627430927230728,0.6889982223510742,3.6035979853090696,3.6112241744995117,0.08085325708475918,0.2352968156337738,0.3248446316458663,0.5888918042182922,0.6060439188984705,0.7968854904174805
624,0.3624031706718812,0.5829533934593201,0.35880527425431835,0.5793523788452148,0.33590311260906797,0.5404981970787048,0.4573894701882973,0.6824716329574585,0.4609873666058601,0.6860726475715637,3.5978965771861353,3.601036548614502,0.08036282831002095,0.2418643981218338,0.32264376214205903,0.585452139377594,0.6047027425411703,0.7941780686378479
625,0.3616891818176282,0.5850284099578857,0.3581099332927738,0.5814110636711121,0.3352202671575101,0.5418127775192261,0.4568011664637598,0.6850802898406982,0.46038041653741535,0.6886976361274719,3.579247040134884,3.617326498031616,0.07948112134321453,0.24045707285404205,0.32179898447105665,0.5891263484954834,0.60438068678744,0.795854926109314
626,0.36187803840859845,0.5822848081588745,0.35826772436880744,0.5786712765693665,0.33554945576979867,0.5392432808876038,0.45627900322810744,0.6829758286476135,0.45988931726789845,0.6865893602371216,3.610309372672307,3.613554000854492,0.0816010947192146,0.23690934479236603,0.3221666283642331,0.5852161645889282,0.602880637068793,0.7956043481826782
627,0.3615189142407221,0.5830808877944946,0.3579112447184177,0.5794656872749329,0.335049606862709,0.5422164797782898,0.45616624735740446,0.6812357306480408,0.4597739168797089,0.6848509311676025,3.607668173685821,3.6152050495147705,0.08028701029134097,0.24979658424854279,0.3219764655893816,0.5822523236274719,0.6028853287505174,0.7946005463600159
628,0.361172319620158,0.5866125822067261,0.35758218852862855,0.5829806327819824,0.3346397453481184,0.5457748770713806,0.45584579904148165,0.6839556097984314,0.4594359301330111,0.687587559223175,3.590132093894206,3.631922960281372,0.07968907793617036,0.25511887669563293,0.3218766246875805,0.5864754319190979,0.6023535313908278,0.7957303524017334
629,0.361107210983748,0.5849860906600952,0.35748827089587704,0.5813609957695007,0.33475758547324064,0.5440371036529541,0.45588416438300194,0.682753324508667,0.4595031044708729,0.6863784193992615,3.618941632993716,3.625088691711426,0.0799740946061767,0.2522544264793396,0.3210192434051102,0.5847651958465576,0.6032794217873626,0.7950916290283203
630,0.361624762518736,0.5845596194267273,0.35800949828052636,0.5809506773948669,0.3353125341917217,0.5424820780754089,0.45600337128885093,0.6833680272102356,0.45961863552706056,0.686976969242096,3.615262457669096,3.608916759490967,0.08144559706680377,0.24613545835018158,0.32186384725948197,0.5866518020629883,0.602628156512528,0.7946589589118958
631,0.36120484151638865,0.5901889204978943,0.35760562869043694,0.5865635871887207,0.33472560429011616,0.5472925305366516,0.455785089157676,0.6887864470481873,0.45938430198362773,0.6924117803573608,3.59921020354094,3.625324010848999,0.08008322209555398,0.2496674358844757,0.3218045433241325,0.5948352813720703,0.6022890431097838,0.7973749041557312
632,0.36042632388236123,0.5884236693382263,0.3568089068468344,0.5847913026809692,0.3338436272707694,0.5461652874946594,0.45515802204971917,0.6865140199661255,0.458775439085246,0.6901463866233826,3.617415032733324,3.6323957443237305,0.07866508132841254,0.2509491741657257,0.32108072704819707,0.5916872024536133,0.6017850800060035,0.7958596348762512
633,0.36031639643718305,0.5894780158996582,0.3566992771949799,0.5858485698699951,0.33405847344706324,0.5466087460517883,0.45481728851625797,0.6882846355438232,0.4584344077584611,0.6919140815734863,3.617117853315681,3.629460334777832,0.08004851549730715,0.24860095977783203,0.32025748734497417,0.5938037633895874,0.6018694099545527,0.7974215745925903
634,0.35892273078495246,0.5926784873008728,0.3552879497281817,0.5890544056892395,0.3325010896503465,0.5504863262176514,0.45356690817086426,0.6906900405883789,0.45720168922763504,0.6943141222000122,3.634779530911246,3.624083995819092,0.07784540662364267,0.255575031042099,0.31910756494134507,0.5958710312843323,0.6005502765710112,0.8000129461288452
635,0.35932154736284605,0.5855638384819031,0.3557090036906801,0.5819341540336609,0.33335418114079435,0.5448837876319885,0.45339957212366033,0.6820480227470398,0.4570121157958263,0.685677707195282,3.6125433202008623,3.6296603679656982,0.08084492842767764,0.25636571645736694,0.318873631799313,0.5858766436576843,0.6003439903646478,0.7924090027809143
636,0.3583727683471172,0.5891318917274475,0.3547409943846053,0.5855013728141785,0.33224658810216334,0.5472027659416199,0.4520290184446916,0.6875470876693726,0.4556607924072035,0.6911776065826416,3.631773868131773,3.630521774291992,0.08029039844816117,0.25199586153030396,0.31874053421612925,0.5910923480987549,0.5977088056876801,0.7985199689865112
637,0.35846548449736615,0.5889884829521179,0.35484339025172573,0.5853574872016907,0.33227930454234017,0.5458773970603943,0.4526559233036266,0.6885687708854675,0.45627801754926695,0.6921997666358948,3.6220928992481674,3.6309995651245117,0.07907330444429737,0.24573346972465515,0.3184967106355674,0.5932059288024902,0.5992678822030685,0.7986927628517151
638,0.3592980192944716,0.5893006324768066,0.35568149769591745,0.5856744050979614,0.33309038561192944,0.5472849011421204,0.4533927965904705,0.6872899532318115,0.4570093181890247,0.6909161806106567,3.6165232749378298,3.6261978149414062,0.08004051207334494,0.25279152393341064,0.31952096765669585,0.591985821723938,0.5997096786545487,0.7970773577690125
639,0.3581606983243088,0.5868409872055054,0.35453763821964285,0.5832144618034363,0.33205688233255515,0.5435512661933899,0.45223011471515645,0.6868035793304443,0.4558531748198224,0.6904301047325134,3.623059136181211,3.626540422439575,0.07927872589931127,0.2422274500131607,0.31807154194397796,0.5912051796913147,0.5988203910759102,0.7972212433815002
640,0.3579808762535253,0.585997462272644,0.3543733127515005,0.582367479801178,0.33200800083683507,0.5447433590888977,0.45197802955088845,0.6839669346809387,0.45558559305291324,0.6875969171524048,3.6075631714525427,3.6299984455108643,0.07965726255947043,0.2518937289714813,0.3176591630587963,0.5864392518997192,0.5987075853047699,0.7958970665931702
641,0.3573686780481381,0.5835763216018677,0.35376185113416664,0.5799535512924194,0.33122204743262185,0.5404065251350403,0.45158575437100884,0.683712899684906,0.4551925812849803,0.6873356699943542,3.606827073981982,3.622746467590332,0.07804321751476448,0.23896877467632294,0.3173316099442363,0.5874229073524475,0.5982913299396762,0.7948278188705444
642,0.3588378457605863,0.5893955230712891,0.35521181228438675,0.5857637524604797,0.332811409810961,0.5479084253311157,0.4530292256571537,0.6870777606964111,0.45665525913335325,0.6907095313072205,3.6260357177020377,3.631784439086914,0.07993942165503017,0.2551729083061218,0.3183774343482663,0.590817391872406,0.6001173613568026,0.7977349758148193
643,0.3571757247086903,0.587022602558136,0.353545767163243,0.583398699760437,0.3312509672529466,0.5441660284996033,0.4509011699303446,0.686661958694458,0.45453112747579194,0.690285861492157,3.629956198571128,3.6238739490509033,0.07957295341386188,0.2444331794977188,0.3168859181852298,0.5904628038406372,0.5972940303472983,0.797602117061615
644,0.357828941533491,0.5886332988739014,0.35422115098689566,0.5849995017051697,0.33194259110379887,0.5490249991416931,0.45153760919714186,0.683905303478241,0.45514539974373724,0.6875391006469727,3.6077909489932507,3.633768081665039,0.08038068481070987,0.2653109133243561,0.3175543855226868,0.5870406627655029,0.597892712201232,0.7947233319282532
645,0.35726619881195504,0.5884486436843872,0.3536348553677666,0.5848215818405151,0.33128980524502194,0.5463477969169617,0.45083871943603143,0.6876132488250732,0.454470064429021,0.6912403106689453,3.6313444850796177,3.6270430088043213,0.07982482252339256,0.24920310080051422,0.3172825485818811,0.5901442170143127,0.5967620354428603,0.7996960878372192
646,0.3574439646676939,0.5853354930877686,0.35383912054591193,0.5817297101020813,0.3317828682734141,0.542104959487915,0.4510965367255054,0.6858232021331787,0.4547013808472874,0.689428985118866,3.604842815658594,3.6057851314544678,0.08081273967192225,0.23980112373828888,0.3165790300832935,0.5890768766403198,0.5979568355460018,0.7974368333816528
647,0.35658967795044827,0.5828585624694824,0.35296769777159354,0.5792412757873535,0.33065273561615116,0.5414490103721619,0.4503423770147758,0.6817123889923096,0.4539643571936305,0.6853296756744385,3.6219822392442387,3.6173012256622314,0.07889175893594422,0.2464119791984558,0.3163470248357097,0.5828918218612671,0.5967194314076559,0.7950431108474731
648,0.3567771457870753,0.5860648155212402,0.3531462941235563,0.5824313163757324,0.3308445512522443,0.5437149405479431,0.4502625148735829,0.684827446937561,0.4538933665371019,0.6884609460830688,3.6308518458903443,3.6334967613220215,0.07965502776946665,0.24689210951328278,0.3167584862256021,0.588885486125946,0.5961201417218657,0.7953671216964722
649,0.3572939277251852,0.5854516625404358,0.3536710735021739,0.5818190574645996,0.33146592742342607,0.5433679223060608,0.4510947585444696,0.6841515302658081,0.4547176127674809,0.6877841353416443,3.622852884459873,3.6326334476470947,0.07983288835617666,0.2472367286682129,0.31667506446743515,0.587557852268219,0.5978898465076792,0.7953091263771057
650,0.3577327647806424,0.5845744013786316,0.35409786946348576,0.5809385776519775,0.3319404141306635,0.5428698658943176,0.4511804002187042,0.6830311417579651,0.4548152955358608,0.6866669654846191,3.6348961011404146,3.6358442306518555,0.08112526247584137,0.2480480819940567,0.31732006240946176,0.5858026146888733,0.597375932888824,0.7947588562965393
651,0.35651811538699,0.5825928449630737,0.35289823511631274,0.5789635181427002,0.3308768692875218,0.5404503345489502,0.4500163829137869,0.68148273229599,0.45363626318446415,0.6851120591163635,3.619876453172759,3.629317045211792,0.08027306469508995,0.24379593133926392,0.31568173932874294,0.5846889019012451,0.5966758113830882,0.7928661704063416
652,0.3552009786622485,0.5835128426551819,0.351575899779966,0.5798890590667725,0.3294703866885631,0.5403111577033997,0.44894411355269137,0.6841863393783569,0.4525691924349738,0.6878101229667664,3.6250785716510237,3.6238067150115967,0.07816359380179191,0.2376771718263626,0.3143445328997249,0.5868834853172302,0.5959030352759739,0.7963728308677673
653,0.35439431260767573,0.5842660665512085,0.35079085340453414,0.5806292295455933,0.32889212258356737,0.5426750183105469,0.4478677088924893,0.6832325458526611,0.45147116809563087,0.6868693828582764,3.603461151436679,3.6368536949157715,0.0786331178899514,0.2470194548368454,0.31325623591498925,0.584618330001831,0.594787010636409,0.796387255191803
654,0.3553640558692531,0.5854470729827881,0.3517441396857489,0.5818166732788086,0.3295994372059067,0.5449599623680115,0.4487151116120636,0.6826058030128479,0.45233502779556783,0.6862362027168274,3.619916507494048,3.6303770542144775,0.0790457827648979,0.2554289698600769,0.3150460684004229,0.5844782590866089,0.5947064708947071,0.7949725389480591
655,0.35495070486934116,0.586230456829071,0.3513319547274129,0.5825912356376648,0.32937598621704883,0.5430842041969299,0.4485385438266248,0.6870309114456177,0.45215729396855303,0.6906701326370239,3.618749369076486,3.6392219066619873,0.07872372456394072,0.240299791097641,0.31382966380365196,0.5892269611358643,0.5955745727126307,0.7997258901596069
656,0.35517820839324327,0.5821881294250488,0.35155361394692475,0.5785539746284485,0.3294470768075526,0.5403442978858948,0.44851325592082836,0.681679368019104,0.4521378503671469,0.6853135228157043,3.624592800717309,3.6341798305511475,0.078997531162376,0.24305331707000732,0.31475494999833287,0.5827471613883972,0.5945887596346816,0.7952324748039246
657,0.35408264075504586,0.5840420722961426,0.3504415607723433,0.5804100036621094,0.328497460894695,0.5420880317687988,0.4470279301829421,0.6840218901634216,0.4506690101656447,0.6876539587974548,3.6410753907007365,3.632040023803711,0.07917476289951361,0.24353741109371185,0.31355656336779714,0.5844224691390991,0.5927610536004971,0.7983042597770691
658,0.3534982590911546,0.5860687494277954,0.34986311225110905,0.5824387669563293,0.32803320029233946,0.5441248416900635,0.4466299457831737,0.6849817037582397,0.4502650926232193,0.6886116862297058,3.6351481144185285,3.6299831867218018,0.07857107640014545,0.2478398233652115,0.3124516605241871,0.5875517725944519,0.5930768784545468,0.796983003616333
659,0.3531100715968457,0.5838326811790466,0.3494726088392604,0.5801946520805359,0.32769756484360796,0.5418245792388916,0.44625871293050123,0.6832595467567444,0.4498961756880865,0.6868975758552551,3.6374633528089504,3.6380550861358643,0.07831032743879415,0.2443234771490097,0.311879146706511,0.5849242806434631,0.5929032177688918,0.7962259650230408
660,0.3536134445831827,0.5899590253829956,0.3499919401524854,0.586330771446228,0.32788918949315765,0.5494258999824524,0.4470002216340273,0.687005877494812,0.4506217260647246,0.6906341314315796,3.621505850076772,3.628242015838623,0.07734531571637118,0.2600337862968445,0.313130934428162,0.5892541408538818,0.5931913381759296,0.7989898324012756
661,0.3535820124258707,0.5921935439109802,0.34995346242608066,0.5885722637176514,0.3278842026196115,0.5507278442382812,0.446800829976543,0.6897944211959839,0.450429379976333,0.6934157013893127,3.6285519578618537,3.621290445327759,0.07774922186361306,0.2582084834575653,0.31316296777442565,0.5936901569366455,0.5927404209311977,0.8002848625183105
662,0.3535345863676439,0.5839658975601196,0.3499296520886942,0.5803447961807251,0.32797611712005825,0.5420117974281311,0.446809886058946,0.6828073859214783,0.4504148203378957,0.6864284873008728,3.6049347829876806,3.6211185455322266,0.07801544972118013,0.2458556890487671,0.31276343191149175,0.5855987071990967,0.593149471370079,0.7945809960365295
663,0.3539219999090714,0.5883363485336304,0.35031462699428983,0.5847080945968628,0.3287079856979426,0.5481747984886169,0.4466928487089268,0.6851896643638611,0.4503002216237084,0.6888179183006287,3.6073690183850937,3.6282765865325928,0.08053289731972788,0.2599712014198303,0.3126536263497051,0.5867395401000977,0.5929374237201875,0.7978135943412781
664,0.3541055586562619,0.590986967086792,0.3504830342673984,0.5873582363128662,0.3287240466571077,0.55007004737854,0.4472561418598762,0.6876890063285828,0.45087866624873973,0.6913177371025085,3.6225214099380674,3.628720283508301,0.07939791427399635,0.2605957090854645,0.31285590359315707,0.5917739868164062,0.5939183163778403,0.797840416431427
665,0.35226726550132437,0.5857616662979126,0.34864658135444326,0.5821333527565002,0.32685198133620025,0.5446857213973999,0.4453568210143942,0.6842543482780457,0.4489775051612753,0.687882661819458,3.620685342652402,3.628305435180664,0.07758316946099843,0.2511102855205536,0.3111905391338246,0.5851361751556396,0.5917822357072029,0.7978106737136841
666,0.3523813579269313,0.5920279026031494,0.34875047808249116,0.5883932709693909,0.3268037269113512,0.5508010983467102,0.44516499597659404,0.6893408298492432,0.4487958758210342,0.6929754614830017,3.630881298183669,3.6346187591552734,0.07783689740417549,0.2593901753425598,0.31205404806659803,0.5930562615394592,0.590520227144174,0.7999569177627563
667,0.35445806656336815,0.5900939702987671,0.3508158467719093,0.5864685773849487,0.3288814079529185,0.5489578247070312,0.44734832524672496,0.6874628663063049,0.45099054503818375,0.6910882592201233,3.642216886585435,3.6253814697265625,0.07969236920519278,0.2576195299625397,0.3139590307362332,0.5908422470092773,0.5929928309686098,0.7984117269515991
668,0.35282446133669343,0.5895596146583557,0.34920255594799493,0.5859166383743286,0.3274999700253735,0.5479390621185303,0.4455177492234845,0.6879391074180603,0.449139654612183,0.6915820837020874,3.6219072691367207,3.642970323562622,0.07925567078096712,0.2534560263156891,0.31189072158730613,0.5905852317810059,0.5913535134607439,0.799776017665863
669,0.35285706142318285,0.590786337852478,0.34923055389282714,0.5871506333351135,0.3273210591699745,0.5486904382705688,0.44573718810342844,0.6895989179611206,0.4493636956337841,0.6932346224784851,3.626508861066266,3.6357076168060303,0.07823886394416033,0.2522968649864197,0.3123274199540568,0.5927944779396057,0.5913968919449302,0.8009799718856812
670,0.35225196765343253,0.5868921279907227,0.3486143109811015,0.5832547545433044,0.3268760222634599,0.5460800528526306,0.44526002460798014,0.6851528286933899,0.4488976812803111,0.6887902021408081,3.6376570186816335,3.6373519897460938,0.07786138638569677,0.25354766845703125,0.31106010680754304,0.5856872200965881,0.5917065799163698,0.7990052700042725
671,0.351387709197696,0.5834856033325195,0.34775741761939777,0.5798560976982117,0.32620236681720566,0.5438907146453857,0.4440626860560318,0.6805024147033691,0.44769297763433,0.684131920337677,3.630293803344739,3.629518985748291,0.0782892905444911,0.2565351724624634,0.3100210478331953,0.580039918422699,0.5902967745339149,0.7950969934463501
672,0.35211419035543334,0.588041365146637,0.3484866921005334,0.5843871831893921,0.3268209727034064,0.5484575629234314,0.44467131492813766,0.6846259236335754,0.44829881318303755,0.6882801055908203,3.627500838784246,3.6541900634765625,0.07892885931226426,0.2620342969894409,0.3112035137920713,0.5848941206932068,0.5903305326154742,0.7984442114830017
673,0.3510945657743848,0.5852696895599365,0.3474514276527361,0.5816173553466797,0.3258508725278609,0.5447695255279541,0.4440003872111325,0.6834990382194519,0.44764352378398,0.6871513724327087,3.6431398047115375,3.652315616607666,0.0773294904018581,0.25295916199684143,0.30959290066386835,0.5831034779548645,0.5906302352238127,0.7982459664344788
674,0.35223636549031206,0.5873904228210449,0.3485824088836365,0.5837291479110718,0.32699256137140487,0.5484786629676819,0.4447986850204189,0.6827091574668884,0.4484526416270945,0.6863704323768616,3.6539573406137396,3.6612725257873535,0.0791934548241551,0.2661318778991699,0.3110422086797978,0.5835573673248291,0.590742023650389,0.7957468032836914
675,0.3525698392966197,0.5879788398742676,0.3489207406620935,0.58431476354599,0.327174535513505,0.5478300452232361,0.4454330018609218,0.6848217248916626,0.449082100495448,0.6884858012199402,3.649098172015501,3.664091110229492,0.07842394669354567,0.25967517495155334,0.3115302254114991,0.5861759185791016,0.591569442261151,0.7976391315460205
676,0.35019870017100485,0.5859422087669373,0.34654562876469425,0.5822891592979431,0.32522917354053665,0.5467177629470825,0.44246618631793094,0.6822687983512878,0.44611925772424155,0.685921847820282,3.6530717105532484,3.6530585289001465,0.07862718974157315,0.2615932524204254,0.30851044021531715,0.5820124745368958,0.5885498929062463,0.796547532081604
677,0.34979710817772636,0.5874476432800293,0.3461636232013292,0.5838009119033813,0.3249705783898783,0.54719477891922,0.4420482483134732,0.6844256520271301,0.44568173328987043,0.6880723834037781,3.6334837505210476,3.646733283996582,0.07870376834564949,0.25853678584098816,0.307802366995008,0.5858961343765259,0.5884056069044578,0.797151505947113
678,0.3495021037004171,0.586228609085083,0.3458768114586744,0.5825781226158142,0.3241503671979304,0.546154797077179,0.4420115546608087,0.6834132671356201,0.44563684690255145,0.6870637536048889,3.625290528478247,3.650494337081909,0.07623547886112962,0.25743868947029114,0.30882508347927917,0.5839131474494934,0.587390550669741,0.7971125841140747
679,0.3502783560070428,0.5883828997612,0.3466388868743503,0.5847315788269043,0.3250421726190603,0.5472741723060608,0.44264525265844673,0.6873023509979248,0.4462847217911392,0.6909536719322205,3.63946667706826,3.6513009071350098,0.07767016473451234,0.25273236632347107,0.309339690114055,0.5872902870178223,0.5881166669396042,0.8017998933792114
680,0.3495410935234065,0.5875974893569946,0.34589841266110133,0.5839464068412781,0.3244579517642899,0.5483834147453308,0.4417220814243546,0.6840124130249023,0.4453647638354609,0.6876634955406189,3.6426838782082425,3.6510825157165527,0.07779890237435838,0.2630947530269623,0.3083307155254068,0.583554208278656,0.5872442295553236,0.798501193523407
681,0.34992269426886746,0.5907354950904846,0.34629674950993455,0.5870920419692993,0.32510335474202073,0.5488319396972656,0.442410683697237,0.689509928226471,0.4460366284561699,0.6931533813476562,3.62594521273165,3.6434590816497803,0.07835344260560755,0.25292304158210754,0.30769531675049117,0.5921778082847595,0.5892613110772682,0.8013949394226074
682,0.34982319196162065,0.5851764678955078,0.3462002537282463,0.5815452337265015,0.3248753336281298,0.5455772876739502,0.4420895543202026,0.6814752221107483,0.445712492553577,0.6851064562797546,3.622938466468963,3.6312544345855713,0.07832127669769431,0.2597230076789856,0.3082228500911776,0.5824897289276123,0.5880818696850643,0.7945190668106079
683,0.3493927596692772,0.5872628092765808,0.345753649023554,0.5836121439933777,0.32426877269597737,0.5477271676063538,0.4419229596163556,0.6843207478523254,0.4455620702620788,0.6879714131355286,3.639110786180113,3.6506640911102295,0.07678928385650148,0.26040977239608765,0.3079533512956284,0.5834934115409851,0.5880636953262115,0.7992782592773438
684,0.3485271818769496,0.5875115394592285,0.3448828975819399,0.583865225315094,0.32353733942802004,0.5479309558868408,0.4410452359438039,0.6838196516036987,0.44468952023881364,0.6874659657478333,3.6442854859409803,3.6463334560394287,0.07636554838981369,0.26209625601768494,0.3066792138165882,0.5846848487854004,0.5875672590814854,0.7970117926597595
685,0.34924437541861,0.588627815246582,0.3456027335235853,0.5849910974502563,0.32433650037935485,0.5482765436172485,0.44150455806054967,0.6859042048454285,0.44514619995557436,0.6895409226417542,3.6416394434660564,3.6367063522338867,0.07787952017019398,0.2587839365005493,0.30743917135557314,0.587103009223938,0.5876907952858866,0.7989426851272583
686,0.34949278497521685,0.5863140225410461,0.34585878866453557,0.5826605558395386,0.324600147187008,0.5453464388847351,0.4415236537019944,0.6845487952232361,0.4451576500126757,0.6882022619247437,3.633996800005654,3.6534435749053955,0.07865757990055243,0.252541720867157,0.3079220316563009,0.5855146050453186,0.5872208347322493,0.7979830503463745
687,0.3477528234516466,0.5928829312324524,0.3441106871623505,0.5892122983932495,0.3230631684463197,0.5523405075073242,0.4394730775761885,0.6903005242347717,0.4431152138654846,0.6939711570739746,3.6421386380530545,3.670644760131836,0.07820094129357258,0.26214855909347534,0.30586962018901626,0.5916036367416382,0.5851189375794906,0.8032692670822144
688,0.34946913814525316,0.5900133848190308,0.34582389504552324,0.5863766074180603,0.32463506556263894,0.5484455227851868,0.44184512928448894,0.6884440779685974,0.44549037238421885,0.6920808553695679,3.645243765520846,3.6367509365081787,0.07808977322236242,0.2539656162261963,0.30730650089061023,0.5908610820770264,0.5885089398930821,0.8005098104476929
689,0.34799788469373816,0.5920735597610474,0.3443574983319566,0.5884230732917786,0.3229393941863397,0.5517719388008118,0.44014249458285887,0.6885049939155579,0.44378288094464036,0.6921554803848267,3.6403891765340477,3.6504650115966797,0.07640875217406864,0.26416099071502686,0.3067645743834116,0.59122234582901,0.5856448419685534,0.7999324202537537
690,0.34821627457549403,0.5919837355613708,0.34457887874305904,0.5883283019065857,0.3235787475709261,0.5518311858177185,0.43969628595986404,0.6877666711807251,0.4433336817922991,0.6914221048355103,3.6373953926722984,3.6554336547851562,0.07933150844098687,0.2658980190753937,0.3064557837849461,0.5913499593734741,0.5849489483511937,0.7982456684112549
691,0.34895789390940324,0.5938825011253357,0.3453281679823299,0.5902262926101685,0.3240214763886068,0.5542065501213074,0.4411169348138646,0.6892983317375183,0.44474666074093794,0.6929545402526855,3.6297269729981325,3.6561808586120605,0.07771722956965524,0.27004826068878174,0.3074027675223263,0.5922258496284485,0.5869444437836226,0.8003455996513367
692,0.34776280456764447,0.5885570645332336,0.34412904812754336,0.5849137902259827,0.3228342464746521,0.5471420884132385,0.4397914378540428,0.6867703795433044,0.4434251942941439,0.6904136538505554,3.633756287156979,3.643303632736206,0.07682085997367166,0.25344130396842957,0.30630149191054107,0.5891500115394592,0.5853803978187013,0.798835039138794
693,0.3476250773757829,0.589604914188385,0.3439915844254798,0.585952877998352,0.3226133555936174,0.5482094883918762,0.43963908859979706,0.6884360909461975,0.4432725815501002,0.6920881271362305,3.633493190464139,3.6520137786865234,0.07645579389365668,0.2532501816749573,0.30642566617262157,0.5894465446472168,0.5849586110796524,0.8019318580627441
694,0.34763534556449643,0.5882762670516968,0.3439880855021514,0.5846352577209473,0.32274882783988507,0.548480749130249,0.43921941150943294,0.6851019263267517,0.44286667157177806,0.6887429356575012,3.6472604225381717,3.6410269737243652,0.07775898685227359,0.2611049711704254,0.30645018428793974,0.5855653882026672,0.584037301843359,0.7987717986106873
695,0.34961201577858375,0.5893298387527466,0.345978374215969,0.5856700539588928,0.32498272134190015,0.5478946566581726,0.44137029615399126,0.6870947480201721,0.4450039392654072,0.6907545328140259,3.6336417069437057,3.6597583293914795,0.08016746262503599,0.2550942301750183,0.30755334692034253,0.5903714299201965,0.5872273512889445,0.798218309879303
696,0.36436538034660565,0.5953627824783325,0.36072264018215594,0.5917466282844543,0.34145147945403664,0.5570263266563416,0.4526617941070368,0.6880151033401489,0.4563045342714865,0.6916312575340271,3.6427422683993056,3.616151809692383,0.10752633006481731,0.2814980745315552,0.32084471409610266,0.5928635597229004,0.5959833777391277,0.7967173457145691
697,0.3649637588291114,0.5949792265892029,0.36133338059054804,0.5913286209106445,0.34006389262857256,0.5555753111839294,0.45563437457835826,0.6902884840965271,0.4592647528169216,0.6939390897750854,3.6303787026229157,3.6506218910217285,0.09696738009609152,0.27221307158470154,0.32486298164845095,0.5926606059074402,0.5983613359942651,0.8018522262573242
698,0.36577878497356425,0.5933288335800171,0.36212267357307,0.5896613001823425,0.34112404522206596,0.5511792302131653,0.4562478439986004,0.6914339065551758,0.45990395385029353,0.6951013803482056,3.6561128988626086,3.6675033569335938,0.09896707250137325,0.25616082549095154,0.3250386647538252,0.5960802435874939,0.5993663876752664,0.8012967109680176
699,0.3636466663057031,0.5835870504379272,0.35999286299404265,0.5799170136451721,0.33942026195127306,0.5430867075920105,0.4535868000534072,0.6823132038116455,0.4572406018162664,0.6859832406044006,3.653798363531115,3.6700165271759033,0.09927681184340142,0.2502310574054718,0.32221152823096216,0.5808104276657104,0.5967724309720694,0.7982186079025269
700,0.3524682283449889,0.5892611742019653,0.3488036218427131,0.5856000781059265,0.32770751412448196,0.54766446352005,0.4440138887037749,0.6882758140563965,0.44767849520605074,0.6919369101524353,3.6646068894761488,3.6610963344573975,0.08306307873491635,0.25189587473869324,0.31086579940447806,0.5894580483436584,0.5891936669444534,0.8016394972801208
701,0.34904995315015874,0.5857714414596558,0.34539020785073465,0.5821206569671631,0.32416991343161367,0.5440126061439514,0.44111015379937063,0.6846324801445007,0.4447698990987947,0.6882832646369934,3.6597441428568223,3.650813102722168,0.07819216584365542,0.2482260763645172,0.30728248025506577,0.5866592526435852,0.5870351003671245,0.797152578830719
702,0.3480488763826434,0.5896555781364441,0.3444098250874648,0.5860013961791992,0.3232774984120258,0.5476576685905457,0.43969975514137016,0.688481330871582,0.44333880643654877,0.6921355128288269,3.6390535136426894,3.654188871383667,0.07838931832790762,0.25144216418266296,0.3064950215855218,0.5912684798240662,0.5849481589950007,0.8002623915672302
703,0.34756802994692854,0.5882222652435303,0.34391751338493715,0.5845600962638855,0.3228697664506349,0.5462921261787415,0.4389589743985909,0.6873584389686584,0.44260949096058233,0.6910206079483032,3.6505149225853732,3.662191390991211,0.07868214016625226,0.24956642091274261,0.3060146541649667,0.5892689228057861,0.5839125037532099,0.800041139125824
704,0.3471320548703213,0.5858556032180786,0.34347397164024573,0.5822071433067322,0.3222173940249686,0.545004665851593,0.4390147276346731,0.6845617294311523,0.44267281086474863,0.6882101893424988,3.6580852618122606,3.6484639644622803,0.07654022546715723,0.2514533996582031,0.3056616499033876,0.584241509437561,0.5844503158096177,0.7993190884590149
705,0.3465012253734381,0.5856515169143677,0.3428557175618093,0.582011342048645,0.32197701685369573,0.5467798113822937,0.43785971210731806,0.6818111538887024,0.4415052199189468,0.685451328754425,3.6455073967436875,3.6401684284210205,0.07822376388301706,0.2627485692501068,0.3044938838341543,0.5809217691421509,0.583213405859843,0.7966691255569458
706,0.3459392905816091,0.5865898132324219,0.3422999078550815,0.5829372406005859,0.32118634459113765,0.5466762185096741,0.43748960614059207,0.6838445067405701,0.44112898886711965,0.687497079372406,3.6393788238390643,3.652554988861084,0.07654846308074538,0.2581501603126526,0.3044351894972627,0.5837180018424988,0.5825753837061567,0.7981606125831604
707,0.3447490950764266,0.586796224117279,0.3411096209827304,0.5831419229507446,0.3201761897555029,0.5459980368614197,0.43597447158261327,0.685632050037384,0.4396139456763095,0.6892863512039185,3.639474287393177,3.654324531555176,0.07660050569779012,0.2522851228713989,0.30305548684412126,0.5848609209060669,0.580872572465394,0.800848126411438
708,0.34543998682832894,0.586813747882843,0.3417919838012257,0.5831573009490967,0.3207326139127923,0.545794665813446,0.4368802373287303,0.6849427223205566,0.44052824035583354,0.688599169254303,3.6480022951978714,3.6564619541168213,0.07642208937883764,0.25310423970222473,0.30387417083342194,0.5862624049186707,0.5819015816319922,0.7980173826217651
709,0.3453793053190446,0.5864295959472656,0.341720255540243,0.5827670097351074,0.3209391033025084,0.5457092523574829,0.4366968450897649,0.6840417385101318,0.4403558948685665,0.68770432472229,3.659051156944247,3.662584066390991,0.07744868000469408,0.25473394989967346,0.3030996450286932,0.5855104327201843,0.5822689800401843,0.7968833446502686
710,0.34458626859371033,0.586311399936676,0.34093447959476303,0.582664430141449,0.31997849598339406,0.5445653796195984,0.4359707084918864,0.6851673126220703,0.4396224974908337,0.6888142824172974,3.6517899805000047,3.646970748901367,0.07599488971282252,0.24881651997566223,0.3027665797428924,0.5871861577033997,0.5811740247834469,0.7976934313774109
711,0.34482293304659417,0.5853737592697144,0.3411780140577077,0.5817242860794067,0.32047627277602714,0.544105052947998,0.43575088860685635,0.6840193867683411,0.4393958075957428,0.6876688599586487,3.6449163562148943,3.649482011795044,0.07800206330869917,0.24980247020721436,0.3027478445123184,0.5850499272346497,0.5806789099323135,0.7974628210067749
712,0.3445072917133824,0.5885049700737,0.3408541754644381,0.5848543047904968,0.32019570288356125,0.5483273863792419,0.4357489773378206,0.685512125492096,0.43940209358676485,0.6891627907752991,3.65311687998398,3.6506547927856445,0.07713536148602722,0.25976642966270447,0.30195789056679995,0.5866813659667969,0.5814938529255039,0.7985343933105469
713,0.344148423133998,0.5885015726089478,0.3404997976098272,0.5848385691642761,0.3199557946965407,0.5471612811088562,0.43531618491450413,0.6867011189460754,0.43896481043867497,0.6903641223907471,3.6486277786445385,3.663007974624634,0.07730116325207856,0.2536463141441345,0.3013484710317001,0.588790237903595,0.5812177422614878,0.7990472316741943
714,0.34439575748379714,0.5836169123649597,0.3407405679466954,0.5799660682678223,0.3199434980623034,0.54220050573349,0.43535329070557827,0.6829986572265625,0.43900848024268,0.6866495013237,3.6551881860631585,3.6508548259735107,0.0771849754013475,0.24603882431983948,0.30254955131785927,0.5829474329948425,0.5800959864526176,0.7976152300834656
715,0.34450726784006447,0.5846850872039795,0.3408554390925873,0.5810390114784241,0.3202147147566431,0.5428637266159058,0.4357387828623624,0.684270441532135,0.43939061160983955,0.6879165172576904,3.651831425160738,3.646066427230835,0.07721582396917115,0.24542202055454254,0.30191885064977286,0.5850192308425903,0.5815094683018343,0.7981499433517456
716,0.3442577777526459,0.5874243378639221,0.3406205547083407,0.5837569832801819,0.32010361662348547,0.5464098453521729,0.43516170185995545,0.6857721209526062,0.43879892645306184,0.6894394755363464,3.637225994384245,3.6673483848571777,0.07808488048688697,0.25326859951019287,0.301678875465002,0.5865747332572937,0.580547097321695,0.7993862628936768
717,0.3435722758771925,0.5891216397285461,0.339918598913827,0.5854635834693909,0.31945764910773056,0.5482079386711121,0.43451108008780426,0.6870249509811401,0.43816475705116975,0.6906830072402954,3.6536790467934837,3.6580405235290527,0.07744872429072736,0.2562134265899658,0.30075790003165936,0.5884888172149658,0.5801663347922638,0.7999215722084045
718,0.34325473380195287,0.5830889940261841,0.33961093132930514,0.5794338583946228,0.3192025627782081,0.5429186224937439,0.43422385851784157,0.6806148290634155,0.4378676609904893,0.6842699646949768,3.6438019494433447,3.655133008956909,0.07726122388692586,0.25328171253204346,0.3002737148283363,0.5806763172149658,0.580072745723159,0.7947977781295776
719,0.34283910652413097,0.5861950516700745,0.339198373436589,0.5825453400611877,0.318551242387832,0.5450246930122375,0.434048095116807,0.6843689680099487,0.43768882820434896,0.6880186796188354,3.6407301369789797,3.649728775024414,0.07560957019594303,0.251921147108078,0.3003160445563347,0.5860762000083923,0.5797281083516652,0.7970767021179199
720,0.34223888939684405,0.5860291719436646,0.3385938197265444,0.5823842883110046,0.31796679866299415,0.5464081168174744,0.43332763087008963,0.682655930519104,0.4369727005403893,0.6863008141517639,3.645072005504619,3.644883394241333,0.07531126540182956,0.2598176896572113,0.2997740737147027,0.5829939842224121,0.5788150645105808,0.7964125275611877
721,0.342510798611004,0.5895426869392395,0.3388732212905326,0.5859001278877258,0.3184559678721612,0.5498089790344238,0.4333057648710637,0.6858850121498108,0.4369433421915351,0.6895275712013245,3.6375818142211394,3.6425628662109375,0.07687535577680926,0.26358017325401306,0.2997519045862491,0.5871502161026001,0.5787406442274758,0.7986965179443359
722,0.3422090929187607,0.5854212045669556,0.3385587196087769,0.5817705392837524,0.31814696088923317,0.5439181327819824,0.43270272275465466,0.6836674213409424,0.4363530960646384,0.6873180866241455,3.6503740227227284,3.650646924972534,0.07718484554404996,0.24996285140514374,0.29972465271587734,0.5862025022506714,0.5775313836212715,0.7955890893936157
723,0.34202039725791133,0.5859982371330261,0.3383787642321933,0.5823485255241394,0.31809478826364074,0.5455413460731506,0.43271721614554215,0.6835604310035706,0.4363588491712602,0.6872101426124573,3.6416344910775362,3.6496944427490234,0.07699243194365762,0.255225270986557,0.2989634743827753,0.5844189524650574,0.5783284512952339,0.7969799637794495
724,0.342285907091864,0.5860280990600586,0.3386589497678705,0.5823667645454407,0.31812529757745955,0.5456430912017822,0.43287104750570127,0.6832834482192993,0.4364980048296948,0.6869447827339172,3.6269582083590186,3.6613380908966064,0.07676352754422817,0.25612351298332214,0.30011265563664763,0.5845017433166504,0.5774997054102747,0.7963039875030518
725,0.34139559417055526,0.5817574858665466,0.3377450772334636,0.5780967473983765,0.31709737662517873,0.5423204302787781,0.43203748443772333,0.6789873242378235,0.4356880029236162,0.6826480627059937,3.650515626612302,3.660737991333008,0.07532678454678764,0.2548484802246094,0.2994505579617756,0.5774661898612976,0.5765147884347988,0.7946465015411377
726,0.34174663012365575,0.5928300023078918,0.3380897958807184,0.5891547203063965,0.317578308680558,0.552131712436676,0.4324171553890346,0.6907406449317932,0.43607398963197186,0.6944159269332886,3.65683708218022,3.6752922534942627,0.07602072443617973,0.26057490706443787,0.299356933076644,0.5914682149887085,0.5773572626270708,0.8043519258499146
727,0.341637084046564,0.5845797061920166,0.3379832394859726,0.5809129476547241,0.3174208827464986,0.5438224673271179,0.4324517856997491,0.682963490486145,0.43610563026034055,0.6866302490234375,3.6538422975025187,3.666733503341675,0.07545932325777657,0.25114646553993225,0.2992518639545154,0.5829369425773621,0.5775514593029526,0.7973838448524475
728,0.34219583054649794,0.5824417471885681,0.3385283360261526,0.5787971019744873,0.3183130332719878,0.5405559539794922,0.43239970182772336,0.6820236444473267,0.43606719634806873,0.6856682896614075,3.667494927970462,3.6446502208709717,0.07833761923617093,0.24298611283302307,0.29940179851884724,0.5829765796661377,0.5771996865076986,0.795705258846283
729,0.34149199183326984,0.5848550796508789,0.3378487874035713,0.5812070965766907,0.31747471502143776,0.5442277789115906,0.4320712130315605,0.6830766201019287,0.435714417461259,0.6867246031761169,3.6432047495259243,3.647962808609009,0.07642691910956577,0.2521662712097168,0.2988211446378563,0.5830937027931213,0.5771760876179709,0.797423243522644
730,0.3412972402993712,0.5858198404312134,0.3376473556482545,0.5821714401245117,0.3173250301286935,0.5469810962677002,0.4316230667736102,0.6817057132720947,0.4352729514247269,0.6853541135787964,3.6498876030349265,3.6483795642852783,0.07690504207825981,0.2635948061943054,0.29872661510764514,0.5812395215034485,0.5763434355354774,0.7961089611053467
731,0.34077384945729666,0.5875673294067383,0.3371213722582324,0.5839128494262695,0.31684592125428385,0.5460315346717834,0.43115732672734325,0.6865413188934326,0.4348098039264075,0.6901957988739014,3.6524786974325734,3.6544859409332275,0.07639781001182383,0.2504764497280121,0.29799907596141306,0.5876603722572327,0.5761408727439109,0.799957811832428
732,0.33966405512451203,0.5885068774223328,0.33599693138474523,0.584844708442688,0.3156921128480356,0.5470799803733826,0.4301349985807638,0.687620997428894,0.4338021223205306,0.6912831664085388,3.667124876683677,3.6621646881103516,0.07496745362605596,0.2514592111110687,0.29685382639979424,0.5880934000015259,0.5752550627078847,0.8016872406005859
733,0.3408742449751144,0.5818793177604675,0.3372095034367371,0.5782079696655273,0.3167839737210485,0.5403324961662292,0.43138222792649045,0.6816588640213013,0.43504696946486776,0.6853302121162415,3.664741342647551,3.671321153640747,0.07573248707650398,0.24305972456932068,0.298385877738481,0.5810734033584595,0.5762335429141253,0.79686439037323
734,0.34146964543968306,0.583342432975769,0.3377988610115663,0.5796768069267273,0.317561169598483,0.5433006882667542,0.4314303763915599,0.6816300749778748,0.43510116081967665,0.6852957010269165,3.6707850608020305,3.6656525135040283,0.0780432054359304,0.2523321807384491,0.29899061582846415,0.5796967148780823,0.5756496930819336,0.797873318195343
735,0.3401898375938832,0.5828132629394531,0.33653853165149883,0.5791561007499695,0.3162171869344746,0.5424822568893433,0.4304888249895605,0.6811923384666443,0.434140132480746,0.6848495006561279,3.6513025838090694,3.6571738719940186,0.07585270811133979,0.2507127523422241,0.2976416172750878,0.57996666431427,0.5751572416122009,0.7967673540115356
736,0.34095842586365166,0.5864951014518738,0.3372991107316507,0.5828312039375305,0.3168067176241338,0.5454275012016296,0.4315095008556987,0.685237467288971,0.43516881598769963,0.6889013648033142,3.6593140372889246,3.6638729572296143,0.0755353317033746,0.2513444423675537,0.29863295687488844,0.5854045748710632,0.5762518586736842,0.7995333671569824
737,0.3403403880607777,0.580379068851471,0.3366787118540031,0.5767099857330322,0.3165327666181401,0.5387677550315857,0.43056151849246826,0.680648148059845,0.43422319469924286,0.6843172311782837,3.6616773689562745,3.6690642833709717,0.07667915027859344,0.2403295636177063,0.29733566573805503,0.5792596340179443,0.575583477548792,0.7967141270637512
738,0.3405778898100905,0.5829501152038574,0.33691889563083066,0.5792821645736694,0.3165292594668055,0.5421143174171448,0.4307973908545571,0.6818112730979919,0.4344563834850158,0.6854792237281799,3.658994097657384,3.667973518371582,0.07617214499052782,0.24826909601688385,0.29829886997322025,0.5810306668281555,0.5751167478669817,0.7970432639122009
739,0.3399582442427088,0.5823797583580017,0.33629546812090794,0.5787174701690674,0.3161990448100461,0.5407267212867737,0.4300319262626352,0.6821040511131287,0.43369470083563494,0.685766339302063,3.6627742160978327,3.662273645401001,0.07675745583831707,0.24334698915481567,0.29696034133990895,0.5819903612136841,0.5748793309750326,0.7968429327011108
740,0.33951934769150693,0.5794634819030762,0.3358591122207146,0.575806736946106,0.3154794602218896,0.5374318957328796,0.429499917733587,0.6801592111587524,0.43316015320437934,0.6838159561157227,3.660236059917554,3.6567542552948,0.07564333537113264,0.23721221089363098,0.2974596285645767,0.579196035861969,0.5733354133268318,0.7958874702453613
741,0.3390279486442648,0.5810679793357849,0.3353545704218996,0.5774057507514954,0.3150063076616544,0.5395880341529846,0.4294839010604552,0.680318295955658,0.4331572792828204,0.6839805245399475,3.6733764614751077,3.662257432937622,0.0742085952639967,0.24356941878795624,0.2963487349338663,0.5806670784950256,0.574461589995023,0.7945277094841003
742,0.3373982003196874,0.5807559490203857,0.3337272469512438,0.577089786529541,0.31352506493873533,0.5408547520637512,0.4275617373701135,0.678705632686615,0.4312326907385572,0.6823717951774597,3.670955130204988,3.666177749633789,0.07365479825160584,0.2508925795555115,0.29460082547092553,0.5770484805107117,0.5723195751653277,0.7946233153343201
743,0.3383234306244264,0.5817939043045044,0.33464960528252524,0.5781250596046448,0.31433588688663,0.5399318337440491,0.4285123647711309,0.6818808317184448,0.432186190113032,0.6855496764183044,3.6738237525407156,3.6688501834869385,0.07417158032886584,0.24134975671768188,0.2958222808050906,0.5816066265106201,0.5730138059268383,0.7968392372131348
744,0.3384806696012453,0.5893471837043762,0.33480760522891584,0.585675835609436,0.3145416365301904,0.5482854247093201,0.4286465008738948,0.6877657771110535,0.4323195652462243,0.6914371252059937,3.6730666320303618,3.6713244915008545,0.07452794267571752,0.25489556789398193,0.2958645948635772,0.588542640209198,0.573232381918834,0.8014180064201355
745,0.3387791752282846,0.5861728191375732,0.3351049321214697,0.5825067758560181,0.31525978688006956,0.5443517565727234,0.4283364024580469,0.6852685809135437,0.4320106455648618,0.6889346241950989,3.674245682858472,3.6660702228546143,0.07740895719491656,0.24794040620326996,0.295560077734222,0.5869213938713074,0.5728103295603856,0.7981933355331421
746,0.3393063040777672,0.5860825777053833,0.3356471611651956,0.5824155807495117,0.31533315847958676,0.5439327359199524,0.42942686661491053,0.6858252286911011,0.4330860095274821,0.6894922256469727,3.6591424510288277,3.6669921875,0.07534296623984343,0.2454691082239151,0.2969080432856223,0.5871150493621826,0.573748465069319,0.7992140054702759
747,0.3379981956175077,0.5858967900276184,0.3343460395526847,0.5822171568870544,0.3145134107905871,0.5453479886054993,0.4276951725072508,0.6845092177391052,0.43134732857207386,0.6881888508796692,3.652154855209301,3.6796562671661377,0.07644142679963904,0.25262951850891113,0.29464055552407103,0.5833343863487244,0.5724582421043952,0.8000801205635071
748,0.33762827543432133,0.5855791568756104,0.3339558739125898,0.5819149017333984,0.3139893451189056,0.54435795545578,0.4274093550102429,0.6843550801277161,0.43108175653197445,0.688019335269928,3.672399907299914,3.6642825603485107,0.07541622008207219,0.24988117814064026,0.2945353925542719,0.5849042534828186,0.5720164234009981,0.7982883453369141
749,0.33809189352619423,0.586667537689209,0.334420099473319,0.5830073356628418,0.31418175900364814,0.5463650226593018,0.4281124859697394,0.6846593618392944,0.4317842800226146,0.6883195638656616,3.671793693553322,3.6602225303649902,0.07453438316268066,0.25547003746032715,0.2955497550228675,0.5841291546821594,0.572461138519871,0.7994958758354187
750,0.33898216058846853,0.5840602517127991,0.3353207116077646,0.5804027318954468,0.31548781608886656,0.5422975420951843,0.4287631291347067,0.6839026212692261,0.4324245781154106,0.6875601410865784,3.661450340067329,3.657529354095459,0.07721906345620468,0.24443839490413666,0.29551787332601775,0.5838940739631653,0.5737265093608257,0.7985601425170898
751,0.33773429596806465,0.5854255557060242,0.3340677676455451,0.5817858576774597,0.3140945343215244,0.5438727140426636,0.42758782998701444,0.6854294538497925,0.431254358309534,0.6890691518783569,3.666524541315101,3.6397154331207275,0.07536723838315182,0.24611549079418182,0.2945970156499636,0.5845599174499512,0.572319334592947,0.8009427189826965
752,0.33653245505113405,0.5857207179069519,0.3328741220768709,0.5820629596710205,0.3129520625952923,0.5449245572090149,0.4264330836727616,0.6853597164154053,0.43009141664702477,0.6890174746513367,3.658333917483052,3.6577305793762207,0.07425062460926941,0.24952654540538788,0.29321158971672273,0.5829176306724548,0.5713939787990138,0.8023295402526855
753,0.33675575391867757,0.583882749080658,0.3330915120985757,0.5802220106124878,0.3133896770658311,0.5434795022010803,0.4263726463174607,0.6825030446052551,0.4300368881375626,0.6861637830734253,3.6642429774435756,3.6607096195220947,0.07573584928485469,0.251050740480423,0.29307187312606675,0.5809778571128845,0.5713613153568768,0.7984098196029663
754,0.33671558321950107,0.5848329663276672,0.33304520538798976,0.5811652541160583,0.3130670358047609,0.5449571013450623,0.4264184491836681,0.6828775405883789,0.4300888270151794,0.6865452527999878,3.6703762273405123,3.667733907699585,0.07463818041957881,0.2548483908176422,0.2937434231102394,0.5809435844421387,0.5708195081436678,0.7990792393684387
755,0.33712100724935823,0.5825812816619873,0.3334709161236864,0.5789219737052917,0.31365059766883635,0.5425822138786316,0.4262403998368163,0.6813398599624634,0.4298904909624881,0.6849991679191589,3.6500881307743644,3.659311056137085,0.07682377961208992,0.25071239471435547,0.29433875381825564,0.5783462524414062,0.5697892654779428,0.7986879348754883
756,0.3371824007715774,0.5813696980476379,0.33350278527282673,0.5777052640914917,0.3137339087240201,0.5406765937805176,0.4266320545524298,0.6808345913887024,0.43031167005118054,0.6844990253448486,3.679618661402688,3.6644093990325928,0.07625852273251534,0.2458614856004715,0.29384055363420447,0.5784122347831726,0.5711026462267629,0.7977560758590698
757,0.3373662993596232,0.5833941698074341,0.3337143015629191,0.5797239542007446,0.3139695639998459,0.5426409840583801,0.4264564755918338,0.6825323700904846,0.4301084718397367,0.6862025856971741,3.651998440327801,3.670231819152832,0.07735918268071312,0.24838678538799286,0.2943880272332701,0.5809287428855896,0.5701614751159492,0.7986074686050415
758,0.33522205219925105,0.5837950706481934,0.3315619696846736,0.5801352262496948,0.31180644167229454,0.5420212149620056,0.42502601832526515,0.6841143369674683,0.42868610083984254,0.6877741813659668,3.660083821571991,3.659872055053711,0.07365491789800821,0.24313564598560333,0.2915082975731988,0.5831484794616699,0.5702561088998387,0.79977947473526
759,0.33526219394310575,0.5875555276870728,0.33158931051431223,0.5838937759399414,0.3119365866112603,0.5464138984680176,0.4243734613744602,0.686614453792572,0.4280463448032537,0.6902762055397034,3.672879653397102,3.6617379188537598,0.07543142130987895,0.2515093684196472,0.29194758305499285,0.5863611698150635,0.568430756196422,0.8013710975646973
760,0.3361566552315308,0.5829492807388306,0.33249583098639623,0.5792884230613708,0.3129339576178917,0.5425508618354797,0.42530431589652407,0.6813920736312866,0.42896514014165865,0.6850529313087463,3.660820748909576,3.6608855724334717,0.07656870672870253,0.2505057454109192,0.2925606640165432,0.5802159309387207,0.5696724966876254,0.7969309687614441
761,0.3368188231227556,0.588026762008667,0.3331496133414217,0.5843610763549805,0.31353810000022736,0.5472257733345032,0.42598319910330545,0.6865770220756531,0.42965240888463935,0.6902427077293396,3.669211915581874,3.6656928062438965,0.07701567539864326,0.2541074752807617,0.2933344088624853,0.5863432884216309,0.570264212348526,0.8012265563011169
762,0.3357636665383152,0.5859777927398682,0.3320886612519277,0.5823125839233398,0.31223380154243,0.5455887913703918,0.42502399893054815,0.6844871640205383,0.42869900421693563,0.6881523728370667,3.6750071850241173,3.665224552154541,0.07498546224503415,0.2534234821796417,0.2928838927814547,0.5831247568130493,0.5688320566762815,0.8002182841300964
763,0.33527040969197747,0.5863878130912781,0.33159178897127406,0.5827246308326721,0.3120961640963359,0.546731173992157,0.4242921449936748,0.6837472319602966,0.4279707657143782,0.6874104142189026,3.6786220653532387,3.6632096767425537,0.07609772132244529,0.25852492451667786,0.29157506169655245,0.5825954675674438,0.5686156955425496,0.7990731000900269
764,0.33438068157620804,0.5879061818122864,0.3307032869615257,0.5842472910881042,0.31124378803102554,0.5478522181510925,0.4234460711091987,0.68605637550354,0.42712346572388105,0.6897152662277222,3.67739542683498,3.658902645111084,0.07523209800988351,0.257146954536438,0.29053540086775254,0.5844747424125671,0.5679638611074874,0.8019350171089172
765,0.33586154837604465,0.5840252637863159,0.3321901934929994,0.5803627967834473,0.3125069105813913,0.5419468283653259,0.42523424901518936,0.6852603554725647,0.4289056038982346,0.6889228224754333,3.6713568608643707,3.662482738494873,0.07539079141989502,0.2404942661523819,0.2923652196240241,0.5833004117012024,0.569764719738304,0.8020458221435547
766,0.3360753865489813,0.5881509184837341,0.33241051396750554,0.5844740867614746,0.31254649340162616,0.54779452085495,0.4251360209356998,0.6856028437614441,0.42880089351717554,0.6892796754837036,3.664871747639912,3.6768271923065186,0.07572023372702419,0.2579219341278076,0.29345342210768877,0.5862558484077454,0.5684658208611628,0.7992057800292969
767,0.334357090079586,0.585220217704773,0.33068855858846163,0.5815600752830505,0.31099518856477604,0.5434523224830627,0.42349803046003087,0.6853019595146179,0.4271665619511552,0.6889621019363403,3.6685332770856762,3.6601390838623047,0.07435126638042215,0.24507884681224823,0.29114005026466905,0.5848044753074646,0.5674942603839204,0.8004735708236694
768,0.33426722025077515,0.5847288370132446,0.3305903815347104,0.5810518264770508,0.31097484146779114,0.5421928763389587,0.42319195347010385,0.6855539679527283,0.42686879218616863,0.6892309784889221,3.6768366584824297,3.676999092102051,0.07493195363323814,0.24064010381698608,0.29103107388020527,0.5857113599777222,0.566961491538701,0.800227165222168
769,0.3340605913600542,0.5830913782119751,0.33040464180928153,0.5794250965118408,0.31079499062318605,0.5424358248710632,0.4232846308761237,0.6825796961784363,0.4269405804268964,0.6862459778785706,3.655946287448649,3.666274309158325,0.07417883315598921,0.24765045940876007,0.29053512939194864,0.5799891948699951,0.5676710144610991,0.7996678948402405
770,0.3347998913279211,0.5838667154312134,0.33113235633304533,0.5802032947540283,0.3116475229722138,0.543152391910553,0.4238184798286545,0.6830787062644958,0.42748601482353027,0.6867421269416809,3.6675339220405543,3.663424015045166,0.07570168803401754,0.24882444739341736,0.2910987268944267,0.5812430381774902,0.5681421480864177,0.7993896007537842
771,0.3338268544317695,0.586255669593811,0.3301679250722584,0.5825751423835754,0.3103222770875806,0.5455753207206726,0.42292427893242507,0.6850818991661072,0.4265832082919362,0.6887624263763428,3.658929760069853,3.680509090423584,0.07346977811371752,0.2521304786205292,0.2911242344637881,0.5838518142700195,0.5663728274032928,0.8007436990737915
772,0.3345159256284042,0.5867221355438232,0.3308629317105518,0.5830497741699219,0.31116611839937963,0.5468394160270691,0.4236710446059002,0.6844599843025208,0.4273240385237526,0.6881323456764221,3.6529946069721277,3.672386646270752,0.07451786108729416,0.2573617994785309,0.2913260189101699,0.5831520557403564,0.5676544833318808,0.8000044822692871
773,0.3360244705577328,0.5870178937911987,0.33236826739076963,0.583344578742981,0.31270270869347605,0.5474681258201599,0.4250594829090039,0.6849519610404968,0.42871568607596716,0.6886252760887146,3.6562020899656096,3.6733245849609375,0.07636602899007472,0.25827813148498535,0.29286214651201875,0.5822554230690002,0.568879941566853,0.8018708825111389
774,0.33385180214581045,0.5853294730186462,0.3301794307289015,0.5816594958305359,0.3106257731213688,0.5457633137702942,0.42275409372028083,0.6831296682357788,0.42642646513718974,0.6867996454238892,3.672370846466083,3.669994592666626,0.07476965085101525,0.2568202316761017,0.29046598929871015,0.5807726979255676,0.5666416773842545,0.7996970415115356
775,0.3333938117076651,0.58421391248703,0.32972390045250427,0.580549955368042,0.31036716369269973,0.5429350733757019,0.4218337320477992,0.6834911108016968,0.4255036433029601,0.6871550679206848,3.669910247568865,3.663933277130127,0.0759029966989669,0.24728281795978546,0.2899187451400168,0.5831834077835083,0.5652797467283636,0.7983389496803284
776,0.3341774070500069,0.5891703963279724,0.3305149793237678,0.5855010747909546,0.3106665527535027,0.5488834381103516,0.42349799142540157,0.68669193983078,0.4271604191516407,0.6903612613677979,3.662426498330225,3.6693389415740967,0.07333148275382917,0.2590104639530182,0.2912411015061794,0.5870351195335388,0.567427083868057,0.8006047606468201
777,0.33410838621445804,0.5844728946685791,0.33044575202576376,0.5807957649230957,0.31103933589563976,0.5449828505516052,0.4230285135169267,0.6824209094047546,0.426691147705621,0.686098039150238,3.6626329525573147,3.6771087646484375,0.07547587856886302,0.25588884949684143,0.29028965631394765,0.5795004963874817,0.5673524836578168,0.7995591163635254
778,0.3335262406201465,0.5833345055580139,0.32985428229754793,0.5796583890914917,0.31020186890492923,0.5433784127235413,0.4225363333898979,0.6817417740821838,0.42620829171249647,0.685417890548706,3.6719590787039604,3.6760969161987305,0.07391211732320557,0.25233814120292664,0.29031905883993503,0.5792580842971802,0.5663744144888849,0.7985389232635498
779,0.3326647693894038,0.5892441272735596,0.3289946866771142,0.5855719447135925,0.30968457253493287,0.5487252473831177,0.42142238347839156,0.688088059425354,0.4250924661906812,0.691760241985321,3.670084208528346,3.672210693359375,0.07464985875545166,0.2555829584598541,0.288717739849714,0.5863875150680542,0.5656861195562334,0.8042052984237671
780,0.3330061231209309,0.5865007638931274,0.3293276911240693,0.5828254222869873,0.310052335806799,0.5462412238121033,0.42168096047903625,0.6851933598518372,0.42535939247589793,0.6888687014579773,3.678432409423568,3.675353527069092,0.07524731295910057,0.25396260619163513,0.2890265100717641,0.5830228328704834,0.5658832012614824,0.8017382025718689
781,0.3341910063712228,0.5869346261024475,0.3305252305724686,0.5832450985908508,0.31111835743710126,0.5471953749656677,0.4229186308901822,0.6852419972419739,0.42658440668893643,0.6889315247535706,3.6657746515765792,3.6895148754119873,0.07595225864014779,0.2568214535713196,0.29056964333687574,0.5822569131851196,0.5668331679173034,0.8025078177452087
782,0.3319231405811875,0.5820645689964294,0.32824643687702415,0.5783721804618835,0.3090430262414992,0.5418087840080261,0.42022725507780345,0.680772602558136,0.42390395878196685,0.6844649910926819,3.6767017447362815,3.6923747062683105,0.07517275307667821,0.24950549006462097,0.2881249194337835,0.5784741640090942,0.5638313929433509,0.797446608543396
783,0.33171043620330265,0.5850483775138855,0.32801928919018936,0.5813590884208679,0.3083380467636141,0.543915331363678,0.4205732011862804,0.6841647624969482,0.4242643481993937,0.6878540515899658,3.691151239114034,3.689279556274414,0.07225720161194729,0.24890804290771484,0.2887038308408654,0.5836302042007446,0.5640530959406956,0.799207866191864
784,0.33272351530863414,0.5908318161964417,0.329027910252872,0.5871360898017883,0.3096157324856198,0.5496060252189636,0.42121579573980156,0.6904028654098511,0.4249114007955637,0.6940985918045044,3.6956063895703717,3.695727586746216,0.07487077579065594,0.25344714522361755,0.28930410279329355,0.5891767740249634,0.5646723209964615,0.8061941862106323
785,0.33381101550777126,0.5876096487045288,0.33013217305440123,0.583930253982544,0.3108858265651226,0.5473623871803284,0.4222051589120175,0.6860231757164001,0.4258840013653875,0.689702570438385,3.678844860400604,3.679396867752075,0.07673135527473517,0.2556968629360199,0.2900403215059458,0.5843687653541565,0.5658857972942326,0.8020216822624207
786,0.3319465646741838,0.5805059671401978,0.3282726862737429,0.5768144130706787,0.30873284963539255,0.5409109592437744,0.42065938992612595,0.6782457232475281,0.4243332683265669,0.6819372773170471,3.6738785273458627,3.6915507316589355,0.07330116154977669,0.25203436613082886,0.28871615061032013,0.5759900212287903,0.5641812407239588,0.7947084307670593
787,0.3314840489657391,0.5822616219520569,0.3278003200930984,0.5785740613937378,0.3086569814046998,0.5430742502212524,0.4201347318137994,0.6791014075279236,0.4238184606864401,0.6827889680862427,3.6837307312021013,3.6875410079956055,0.07416931560948957,0.2569481134414673,0.28712981163705215,0.5775102376937866,0.5646718230568873,0.7947643995285034
788,0.3312450808405247,0.5817139148712158,0.32757174888859425,0.5780285596847534,0.30801398290447524,0.5406032204627991,0.4200527528970163,0.6813812255859375,0.4237260848489468,0.6850665807723999,3.673330755675173,3.6853349208831787,0.07234623644938083,0.24448394775390625,0.2879689193405952,0.5796703696250916,0.5637267904943729,0.7976553440093994
789,0.33071497813550815,0.583424985408783,0.3270372432927702,0.5797362923622131,0.3079265691355095,0.5422165989875793,0.4191754573832863,0.682895302772522,0.42285319222602424,0.6865839958190918,3.677734248579105,3.6887099742889404,0.07392030087697811,0.24630628526210785,0.286476761840777,0.5818597674369812,0.563382657548058,0.7984838485717773
790,0.3317377151050947,0.5863597989082336,0.32805509665028815,0.5826767683029175,0.3085227226683438,0.5461316704750061,0.42011654138613463,0.6840444207191467,0.4237991598409412,0.6877274513244629,3.6826179113709436,3.6830081939697266,0.07379090584817574,0.2560393512248993,0.28881864990831824,0.5838109850883484,0.5629586154399149,0.7985447645187378
791,0.33096899389252643,0.5852194428443909,0.3272865054039175,0.5815339088439941,0.3082024272723359,0.5457778573036194,0.4188762404451126,0.6818331480026245,0.42255872893372154,0.6855186820030212,3.682488253481544,3.6855080127716064,0.075405779301854,0.2595925033092499,0.28722446595465706,0.5814652442932129,0.561977030540742,0.796275794506073
792,0.33104561590538534,0.5841349363327026,0.3273535762988016,0.5804401636123657,0.30808429205219195,0.542712390422821,0.4196529680521954,0.6839054822921753,0.42334500765877914,0.6876002550125122,3.6920354927742913,3.694746255874634,0.07340535299925846,0.2457199990749359,0.28709124409227993,0.5828548073768616,0.5637562748769217,0.799562394618988
793,0.33054836730234904,0.5863527655601501,0.32685593969687377,0.5826603770256042,0.3076078603894934,0.545642614364624,0.41892257644982056,0.6846769452095032,0.4226150040552958,0.6883693337440491,3.6924298827937596,3.6923816204071045,0.07346309940177544,0.25319117307662964,0.2867758429563486,0.5845057964324951,0.5625846394909817,0.7992308735847473
794,0.33073889429957415,0.5851396918296814,0.32704963969158246,0.5814429521560669,0.3080932637128315,0.5452705025672913,0.418768839058332,0.6825327277183533,0.4224580936663237,0.6862294673919678,3.689254816305429,3.6967415809631348,0.0752929205447738,0.2565465271472931,0.2864749421083099,0.5817707180976868,0.5625119329321641,0.7974942922592163
795,0.33085954468810747,0.5834018588066101,0.3271639128429252,0.5796990990638733,0.3079258425783637,0.5438249707221985,0.4191244690460835,0.6811833381652832,0.4228201008912658,0.68488609790802,3.6956295016525336,3.7027645111083984,0.07402526022479924,0.25489887595176697,0.2871659078517678,0.5787326097488403,0.5625863614190753,0.7978433966636658
796,0.3310025269623167,0.5831499099731445,0.3273199760497609,0.5794641971588135,0.3080207362462484,0.5424638390541077,0.419398462281109,0.6821126341819763,0.4230810131936648,0.6857983469963074,3.68254765910537,3.6857123374938965,0.07374346466191262,0.2487196922302246,0.28737825906668746,0.5805934071540833,0.5629404856090956,0.7980785369873047
797,0.32969014643654804,0.58292156457901,0.3260071757020768,0.579238772392273,0.30685696627761694,0.5422857999801636,0.41814892767795064,0.681957483291626,0.421831899961223,0.685640275478363,3.682969422346201,3.682781934738159,0.07276008256351468,0.24849368631839752,0.28555951806233754,0.5801544785499573,0.5622513083437812,0.7982092499732971
798,0.3308910398501668,0.5850514769554138,0.32720551903878003,0.5813484191894531,0.307935186689383,0.5461146235466003,0.4191369879211878,0.6809667348861694,0.42282250718377345,0.6846697926521301,3.685521388121654,3.703075647354126,0.07402794461181578,0.26246005296707153,0.28733320831284503,0.5804561376571655,0.562444405419237,0.7954276204109192
799,0.3299860247039137,0.5873447060585022,0.3263038565751454,0.583659291267395,0.3072460192976761,0.547261655330658,0.4181716148440934,0.684806764125824,0.42185378297286164,0.6884921789169312,3.682167133663517,3.6853983402252197,0.0739197747685829,0.25794246792793274,0.28587204346170864,0.5845903754234314,0.5619462358966089,0.7992520332336426
800,0.33000373366011676,0.5817713737487793,0.32633031118801825,0.5780810713768005,0.30725955918364733,0.5405364632606506,0.41813953870009757,0.6820983290672302,0.421812961172196,0.685788631439209,3.673419186704003,3.690274238586426,0.0740292480308449,0.24276839196681976,0.2859981299850256,0.5793753862380981,0.5617512995229714,0.7994657158851624
801,0.32889129881494855,0.5829004049301147,0.325231063029556,0.5792396664619446,0.30627560118229175,0.5404132604598999,0.4167339793923324,0.6838664412498474,0.42039421517772496,0.6875271797180176,3.6602359250750522,3.6607372760772705,0.07393210064854218,0.23866692185401917,0.28488116054045104,0.583672046661377,0.5600135358571522,0.798900842666626
802,0.3306549721939313,0.5842965841293335,0.32697796613474084,0.5806170701980591,0.30781339061148905,0.5447019338607788,0.4187963727621155,0.6817667484283447,0.422473378821306,0.6854462623596191,3.6770040047057413,3.679518938064575,0.0743664066256956,0.25639304518699646,0.2869127302865792,0.5801228880882263,0.5621610327169656,0.797589898109436
803,0.33038627261608244,0.5850529670715332,0.32671140523349856,0.5813642740249634,0.3075482247081947,0.5440575480461121,0.41843226650019655,0.6837199330329895,0.4221071338827805,0.6874086260795593,3.674868576709594,3.688673734664917,0.07430939135866536,0.25028499960899353,0.286744660325424,0.5837047696113586,0.5615906291045748,0.7981829047203064
804,0.33052840131935046,0.583493173122406,0.326854045658251,0.579807698726654,0.3076969104789884,0.5426886081695557,0.41872860972251147,0.6818163394927979,0.4224029638348098,0.6855018138885498,3.674353587448331,3.6854584217071533,0.0741474785052854,0.2500405013561249,0.28670783892086354,0.581960141658783,0.5622354131184406,0.7960651516914368
805,0.32996137114109375,0.5843683481216431,0.32627275270317996,0.5806807279586792,0.30710220207443967,0.5425867438316345,0.4181286222654971,0.68431156873703,0.42181724070341087,0.6879991888999939,3.6886162554593382,3.687603235244751,0.073563866075272,0.24447594583034515,0.28618577253368394,0.5840013027191162,0.56155697023099,0.799282968044281
806,0.33064873202564365,0.5821852684020996,0.3269606971227682,0.5784916877746582,0.30776168923285063,0.5405458211898804,0.4188245106919529,0.6819565892219543,0.4225125455948283,0.6856501698493958,3.6880356696287984,3.693565845489502,0.07414678649064055,0.2430954873561859,0.28694927091042877,0.5815500020980835,0.5621889994437744,0.7969919443130493
807,0.32869783824311977,0.5825859904289246,0.3250225004605825,0.5789080262184143,0.3060945959726195,0.5415902733802795,0.41647224431351537,0.6814944744110107,0.42014758209605263,0.685172438621521,3.675339142094286,3.677963972091675,0.07392092843487454,0.24730896949768066,0.28464723536022496,0.5810384750366211,0.5597156289627626,0.7964233756065369
808,0.3298506279980028,0.583175539970398,0.32617826714440185,0.5794963836669922,0.30689724547757496,0.5438359379768372,0.41788861990410575,0.6809931397438049,0.42156098075770676,0.6846722960472107,3.6723594080854904,3.679155111312866,0.07343263800096764,0.2553330659866333,0.28657002505663687,0.5778864622116089,0.5606890776464235,0.7982884049415588
809,0.3294001080086693,0.5815132260322571,0.32571757481052677,0.5778232216835022,0.30657813480555696,0.5415927767753601,0.4173849114450167,0.6793486475944519,0.4210674461919604,0.6830386519432068,3.682535883666924,3.6899807453155518,0.07350181842051141,0.2518303096294403,0.285737154302779,0.5778638124465942,0.5604954260033512,0.7950841188430786
810,0.3285882506387968,0.5848679542541504,0.3249123718890532,0.5811857581138611,0.30584257112689683,0.5444011688232422,0.4164672807203867,0.6836007237434387,0.4201431594701303,0.687282919883728,3.675877260861724,3.6821911334991455,0.07314919749024532,0.25160202383995056,0.2848448530353766,0.5819243788719177,0.5595336584022652,0.7996770739555359
811,0.3288838306288384,0.5834512710571289,0.3252147442675973,0.5797733068466187,0.3061526276041132,0.5433520674705505,0.41658648497633366,0.6817464232444763,0.42025557133757485,0.6854243874549866,3.669084602867836,3.677963972091675,0.07386071880476967,0.252246618270874,0.28531723261073116,0.5799053907394409,0.5592799204614557,0.7979042530059814
812,0.32768513831577306,0.5852328538894653,0.3240168699151464,0.5815591812133789,0.3050392881622655,0.5441061854362488,0.41560811440827544,0.6842809319496155,0.4192763828089021,0.6879546046257019,3.6682684554155407,3.6736507415771484,0.07246348404310798,0.24925579130649567,0.2836392533474224,0.5839460492134094,0.5590151343411466,0.7991166114807129
813,0.3282133710490849,0.5853245258331299,0.3245477683651607,0.5816483497619629,0.3058403614353369,0.5444369316101074,0.41552086314243175,0.6845524907112122,0.41918646582635594,0.6882286667823792,3.665605001414737,3.676194906234741,0.07513307269407006,0.24971091747283936,0.2840237765233787,0.5831311345100403,0.558364215271772,0.8004686832427979
814,0.3297783345334955,0.5846813321113586,0.3261061974332626,0.5809965133666992,0.3070670059068001,0.5442382097244263,0.4173175482986131,0.6824164390563965,0.420989685398846,0.6861012578010559,3.6721376475405023,3.6847987174987793,0.07516071501358515,0.2535875141620636,0.2863097988973533,0.5827043056488037,0.5597305011807348,0.7964228391647339
815,0.32889737179741063,0.5816240310668945,0.32522964702599233,0.5779397487640381,0.3065664127523513,0.5410544276237488,0.41626001772868937,0.6796903014183044,0.4199277425001077,0.6833745837211609,3.667725046040128,3.6842868328094482,0.07583158960247544,0.24944090843200684,0.2845151238067819,0.5796743035316467,0.5593525325918023,0.7940480709075928
816,0.32926902203989666,0.5821125507354736,0.3255865765789201,0.578429639339447,0.30664623843621686,0.5406911969184875,0.41692116231004545,0.6815457940101624,0.420603607771022,0.685228705406189,3.6824442937613213,3.68293833732605,0.07468857954683897,0.2444106936454773,0.28536905491686043,0.5812432765960693,0.559881071346444,0.796419620513916
817,0.32916792129724914,0.5847286581993103,0.32549494700948733,0.5810267925262451,0.30656130756491623,0.5441989302635193,0.4166901140521805,0.6834468841552734,0.4203630883399423,0.6871487498283386,3.672972467823625,3.7018425464630127,0.07491108167415898,0.2512980103492737,0.2854043678132877,0.5818878412246704,0.5593684783225809,0.799410879611969
818,0.3285001529531173,0.5851140022277832,0.3248149679048827,0.5814172625541687,0.30576635777974487,0.5438414216041565,0.41618406678233455,0.6836583614349365,0.4198692518305691,0.687355101108551,3.685184889095274,3.696711540222168,0.0735084221880222,0.24974361062049866,0.28488042651759965,0.5846717357635498,0.5589102233903368,0.7971088886260986
819,0.3273179880787675,0.5846119523048401,0.32362837170470404,0.5809152722358704,0.30478012200007826,0.5438815951347351,0.41475261880332165,0.6827817559242249,0.4184422351773851,0.6864784359931946,3.6896172573640973,3.6966536045074463,0.0734586773990036,0.25171229243278503,0.2833605846930847,0.5829653739929199,0.5575211102092261,0.7969670295715332
820,0.3276097783217622,0.5818266868591309,0.32392036718805295,0.5781464576721191,0.30499552735409213,0.5415462851524353,0.4151734810290761,0.6797321438789368,0.4188628921627853,0.6834123730659485,3.6894118772306146,3.680232048034668,0.07324188578022335,0.25087928771972656,0.2837428758408643,0.5792137980461121,0.5580018183297372,0.7945457100868225
821,0.3269409674287472,0.5867503881454468,0.32325279710257,0.5830617547035217,0.30462305784419064,0.5463702082633972,0.4141004253972898,0.6847819685935974,0.41778859572346694,0.6884706020355225,3.688166795297701,3.688610792160034,0.07434307087184064,0.2552284002304077,0.28263175043447974,0.5842569470405579,0.5568943467993974,0.7996252775192261
822,0.3277706515484112,0.5853655338287354,0.324090336596535,0.581667959690094,0.30527093684678147,0.5446640253067017,0.4153396153396772,0.6844208240509033,0.4190199302915534,0.6881183981895447,3.6803140644130794,3.697549819946289,0.07374718153816726,0.250692754983902,0.28360600672114733,0.5826979279518127,0.5584596321198498,0.8006013631820679
823,0.3288584074933404,0.5842872262001038,0.32516531565786616,0.5805990099906921,0.3069280445382114,0.5437986850738525,0.4154602853907253,0.6830178499221802,0.41915337722619955,0.6867060661315918,3.693093541672304,3.688204765319824,0.0786360945526875,0.2509585916996002,0.28396842178899584,0.5813801884651184,0.5581796074174934,0.7990572452545166
824,0.3265091350564519,0.5845213532447815,0.32283028303197475,0.5808360576629639,0.30387648659366157,0.5435063242912292,0.4140115873483541,0.6836654543876648,0.4176904393728313,0.6873507499694824,3.67885396067224,3.685321092605591,0.0722129680896938,0.2486889511346817,0.2828137094999686,0.582746148109436,0.5566027680403616,0.799083948135376
825,0.3273469911713548,0.5833366513252258,0.3236633714891961,0.5796576738357544,0.30477344928066563,0.5421729683876038,0.41492027190706376,0.6831187605857849,0.41860389158922245,0.6867977380752563,3.6836174588546102,3.67897629737854,0.07308530508019892,0.2457008957862854,0.28337895930708784,0.5813602209091187,0.5578560948710688,0.799457848072052
826,0.3274531141558751,0.5836530923843384,0.323770975611629,0.5799598693847656,0.3049165594035709,0.5420976877212524,0.414828711501283,0.6841884851455688,0.418510850045529,0.6878817081451416,3.6821353022180046,3.6932144165039062,0.07372202267291775,0.2432171255350113,0.2835913746036556,0.5819680094718933,0.5574362682850923,0.8011079430580139
827,0.32672127643301385,0.5826038718223572,0.3230632596077882,0.5789268016815186,0.30443179177841034,0.5428270697593689,0.4142001377848944,0.6805217862129211,0.41785815461012005,0.6841988563537598,3.658018536941336,3.6770424842834473,0.07353976061563883,0.25319355726242065,0.2821430774345855,0.5785087943077087,0.5576125384345076,0.7967789173126221
828,0.3272270864942816,0.5824851393699646,0.32355190102665876,0.5788003206253052,0.3046545055137143,0.5403683185577393,0.4145445027246835,0.683593213558197,0.41821968819230637,0.6872780323028564,3.675185537222097,3.6847939491271973,0.07350657447730918,0.23910222947597504,0.28356747923950526,0.5818954110145569,0.5568894659219309,0.8001072406768799
829,0.3259089342278772,0.5813481211662292,0.32222890788541786,0.5776621699333191,0.30347889827559066,0.5395436882972717,0.4133137068490018,0.681463360786438,0.41699373319146116,0.6851493120193481,3.680027644420319,3.6859219074249268,0.07244707902472193,0.241022989153862,0.2817129630457808,0.5808757543563843,0.5562766608163878,0.7967323064804077
830,0.3244809075506344,0.5858845114707947,0.32081208942239475,0.58221036195755,0.3022821617474945,0.5438547730445862,0.41115175168832724,0.6858441829681396,0.41482057136536804,0.6895183324813843,3.668816008318066,3.6741485595703125,0.0732806133082907,0.2451874017715454,0.2804309898307543,0.5862988829612732,0.5531348760080589,0.8000780940055847
831,0.3261182484857154,0.5826727747917175,0.32245387161741207,0.579001784324646,0.30387143352096563,0.5425356030464172,0.41333164893608,0.6811636090278625,0.4169960258043834,0.6848345994949341,3.664376694644025,3.6710100173950195,0.07362753465935025,0.2509385943412781,0.28166163606562367,0.5790682435035706,0.5563251340094012,0.7975999116897583
832,0.32667246430664587,0.5835238099098206,0.32300475988744287,0.5798456072807312,0.3043560732732301,0.5421938896179199,0.4136637833197815,0.6826427578926086,0.4173314877389845,0.686320960521698,3.6677052623316664,3.678224563598633,0.07443297127434939,0.24676693975925446,0.28263789049939225,0.5827389359474182,0.555997367632181,0.7970758676528931
833,0.3257385501520836,0.5808142423629761,0.3220557755345597,0.5771371722221375,0.3035787060233669,0.5399066209793091,0.41304200477489744,0.6803571581840515,0.4167247793924213,0.6840342283248901,3.682773235315624,3.677093029022217,0.07332831184662215,0.24447613954544067,0.2808387989539031,0.5783441066741943,0.5565690061835995,0.7968996167182922
834,0.3249546783729341,0.5850392580032349,0.32127498510742497,0.5813493132591248,0.30277252041175506,0.5437354445457458,0.4119498375780545,0.6840556859970093,0.4156295308435636,0.6877456307411194,3.679690849282516,3.689950942993164,0.07312367070304443,0.24857909977436066,0.280460414112558,0.584226667881012,0.5547334680071314,0.7984005808830261
835,0.3254020793792246,0.5810334086418152,0.32173209379370793,0.5773457288742065,0.30330564918384484,0.5403698086738586,0.4123242424602098,0.679315984249115,0.41599422804572644,0.6830036640167236,3.669985691222339,3.6876609325408936,0.07399067858334629,0.24810346961021423,0.28078035881400254,0.5791164040565491,0.5551459152815645,0.7938895225524902
836,0.3260686321201433,0.5806812644004822,0.32238663347620233,0.5770004391670227,0.30341087923609433,0.5414034724235535,0.4132653233896558,0.6786172986030579,0.4169473220335968,0.6822981238365173,3.681995226704779,3.6808230876922607,0.07233775015035587,0.2527812421321869,0.2827530683684146,0.5750771164894104,0.5551418213886892,0.7963520884513855
837,0.3246072828648684,0.5835385322570801,0.32092583283533954,0.579846978187561,0.302387562179972,0.5431713461875916,0.41184226140664254,0.6817845106124878,0.4155237114361714,0.6854760646820068,3.6814496798869607,3.6915524005889893,0.07215528079118372,0.25160568952560425,0.27996274588120645,0.5807666778564453,0.5550446588239,0.7971417307853699
838,0.3250715865916563,0.5797477960586548,0.3213907613339968,0.5760602951049805,0.3027949152174782,0.5377439856529236,0.4118592152012784,0.6805280447006226,0.41554004045893783,0.6842155456542969,3.6808241107722295,3.6875035762786865,0.0733837583141989,0.23740476369857788,0.2810685634613037,0.579156219959259,0.5539324060717686,0.7966708540916443
839,0.32571039218463116,0.5796006321907043,0.3220265238714857,0.5759238600730896,0.3031608539652737,0.5406816005706787,0.41286950930801775,0.67702317237854,0.41655337762116323,0.6806999444961548,3.683867680072978,3.6767685413360596,0.07239438531980058,0.25389426946640015,0.28210593113268095,0.5734992623329163,0.5549822430082129,0.794651210308075
840,0.32447945296014175,0.5806113481521606,0.3207836626411404,0.5769264698028564,0.30221910659152706,0.539160966873169,0.41137500871403937,0.6806833148002625,0.41507079903304067,0.6843681931495667,3.6957923481244648,3.6848502159118652,0.07261532034166839,0.24147598445415497,0.2802399590738508,0.5791457891464233,0.5538020408400374,0.7968611121177673
841,0.32381867111285817,0.579511284828186,0.32015056461035307,0.5758386254310608,0.30207730720210646,0.5418164134025574,0.41016832065446757,0.6752427220344543,0.4138364271569726,0.6789153814315796,3.6681036999493752,3.6726572513580322,0.07471342384210215,0.261161208152771,0.27876159115579136,0.5715997219085693,0.5527569058461254,0.7926883697509766
842,0.32403141500937277,0.579310417175293,0.32035745293736895,0.5756410360336304,0.30198688768198273,0.5387702584266663,0.4108299230396675,0.6786392331123352,0.4145038851116713,0.6823086142539978,3.673960336378518,3.6693949699401855,0.07304120348585702,0.244563028216362,0.27936683252145256,0.5760204792022705,0.5535526340490814,0.7957272529602051
843,0.32370611097190227,0.5803782939910889,0.32002694721489094,0.5766767263412476,0.30133820416188756,0.5408921837806702,0.41057538909976,0.6785718202590942,0.4142545528567713,0.6822733879089355,3.679165560493516,3.7015910148620605,0.07156346065577965,0.25129014253616333,0.2798945047581433,0.5750139355659485,0.5525566548096954,0.7963724732398987
844,0.3235729817592948,0.5814540386199951,0.3198761634840212,0.5777664184570312,0.30130337006281993,0.5406875014305115,0.4102613805296747,0.6807739734649658,0.4139581988049483,0.6844615936279297,3.6968177006683165,3.6876332759857178,0.07211582432831877,0.24602273106575012,0.27957351715691536,0.5787495970726013,0.5522207673419747,0.7972902059555054
845,0.3238988596154963,0.5829585790634155,0.32020208872385836,0.5792539119720459,0.3018601043917423,0.5420086979866028,0.4105559423160514,0.6821702122688293,0.41425271320768936,0.685874879360199,3.696767516897018,3.7046689987182617,0.0732240357711893,0.24718646705150604,0.27925196943416664,0.580823540687561,0.5531043030239923,0.7980161905288696
846,0.32453855540613985,0.5816193222999573,0.32084874364112964,0.5779250860214233,0.302756022799562,0.5424058437347412,0.41090221507637376,0.6787487268447876,0.41459202684138396,0.6824429631233215,3.689808895759257,3.6942203044891357,0.075276110531521,0.255615770816803,0.2794796424791961,0.5766071677207947,0.5535123245870007,0.794994592666626
847,0.3236220396852474,0.5811977982521057,0.31992237148273295,0.5775070190429688,0.30169815108198195,0.5423576235771179,0.4102799509097249,0.6781470775604248,0.41397961911223935,0.6818378567695618,3.6996658208454423,3.6907894611358643,0.07330195528768545,0.2567313313484192,0.27862112225917024,0.5752913951873779,0.5531713757580777,0.7950500249862671
848,0.32366862681354397,0.5817761421203613,0.31999438506193,0.5781011581420898,0.3019256734334982,0.5421436429023743,0.41010258090578344,0.6797959804534912,0.41377682265739735,0.6834709644317627,3.6742409312333026,3.674978494644165,0.07438114214684002,0.25259914994239807,0.2784969707088068,0.57715904712677,0.5528988944675881,0.7966727018356323
849,0.32410978956334824,0.5839387774467468,0.3204194816011653,0.5802450180053711,0.3019213005749133,0.5434669256210327,0.4108770349332583,0.6832100749015808,0.41456734134664003,0.6869038343429565,3.690305784084523,3.693758010864258,0.07273857225484351,0.24952450394630432,0.27982080127957676,0.5803861618041992,0.5532045327837856,0.800490140914917
850,0.3238645412067161,0.5839982032775879,0.32017115903152377,0.5803093910217285,0.3020215691636357,0.5442067980766296,0.4101828715687983,0.6818622350692749,0.4138762537439906,0.6855510473251343,3.6933807304512425,3.688805103302002,0.0745098834469388,0.25465551018714905,0.2790136316649758,0.5799441337585449,0.5525411957170825,0.7980206608772278
851,0.322847084342296,0.5860776901245117,0.3191516034084271,0.5823830962181091,0.3005829724266526,0.546963632106781,0.40951396346431024,0.6823846101760864,0.4132094443981792,0.686079204082489,3.695484894637504,3.694584608078003,0.07145227176347885,0.26211270689964294,0.27886075897038687,0.5816353559494019,0.5514358846917657,0.7971428632736206
852,0.3233574275993691,0.5855832099914551,0.3196715353056032,0.5818881988525391,0.3015052376967642,0.5447070002555847,0.40992104653851363,0.6843599081039429,0.41360693883227956,0.6880549192428589,3.685891076504966,3.695040702819824,0.0734581899259374,0.25095441937446594,0.2783131855583462,0.5837363004684448,0.5527443334526808,0.7994303703308105
853,0.3218683395209566,0.5814937353134155,0.31818530994414124,0.5778107047080994,0.3001650756227259,0.5412729382514954,0.4077107855763515,0.6801226735115051,0.41139381515316686,0.6838057041168213,3.6830317638194323,3.6830427646636963,0.07394825725525411,0.24920986592769623,0.27715780542141727,0.577930212020874,0.549389170586361,0.7966787815093994
854,0.3222824623199483,0.5833448171615601,0.31857718726362194,0.5796420574188232,0.300306672010294,0.5448949337005615,0.4086453242002829,0.6795819401741028,0.4123505961590069,0.6832846999168396,3.705274277569751,3.7027394771575928,0.07242189323846471,0.26158788800239563,0.2777168341419632,0.5769768953323364,0.5507812788706217,0.7961201071739197
855,0.32254408261807915,0.5836904048919678,0.3188519877265538,0.5799938440322876,0.3005105103001186,0.5427480340003967,0.4087422851305205,0.6830168962478638,0.41243438002204585,0.686713457107544,3.692094733257193,3.6965444087982178,0.07285054104566768,0.2476998269557953,0.27838788464986064,0.5814529657363892,0.5502931054801027,0.7990912795066833
856,0.3221866314095595,0.5819342136383057,0.31850279885194094,0.5782487392425537,0.3004068831360732,0.5413712859153748,0.40841426721831137,0.6799890995025635,0.41209809977593,0.6836745738983154,3.683835079647688,3.685483455657959,0.07321896092150204,0.2497960478067398,0.2772924626473726,0.5799707770347595,0.5507092207996912,0.7943470478057861
857,0.32278811133009505,0.5815837383270264,0.3191023810554509,0.5778853893280029,0.30092649752901085,0.5420978665351868,0.4090136115477427,0.6784595847129822,0.4126993418223869,0.6821579337120056,3.685728712097397,3.698330879211426,0.0735708380551344,0.2552681565284729,0.2781280469976689,0.5776202082633972,0.551080611218682,0.7934053540229797
858,0.32267018750920995,0.5829357504844666,0.31897932840371296,0.5792571306228638,0.3006522217345731,0.5425992012023926,0.4090211436340008,0.6810263991355896,0.4127120027394978,0.6847050189971924,3.690859145765812,3.6786468029022217,0.0727037943285556,0.2514248490333557,0.27831350124758336,0.5803015828132629,0.5509393829617905,0.7960711121559143
859,0.32216226906975837,0.5821007490158081,0.3184723727014846,0.5784103274345398,0.30037352060381106,0.5427799224853516,0.40838294178307954,0.6791573762893677,0.41207283815135326,0.682847797870636,3.689896155120007,3.6904401779174805,0.0731812958468328,0.25591686367988586,0.27727164857473696,0.5775005221366882,0.5506676194196399,0.7949223518371582
860,0.3226531327278983,0.5858712792396545,0.31897267351971376,0.5821729302406311,0.3006276693278292,0.5460813641548157,0.40882507540131313,0.6826533079147339,0.4125055346094976,0.6863516569137573,3.6804607965769054,3.6983659267425537,0.07304002179140683,0.258809357881546,0.278558846150188,0.5829032063484192,0.5502841343155636,0.7965315580368042
861,0.3229121792935957,0.5858477354049683,0.319228554287433,0.5821555852890015,0.30089376947282537,0.5452931523323059,0.4090359019787874,0.6830465197563171,0.41271952698495007,0.6867386698722839,3.6836268065472324,3.692176103591919,0.07342239821400044,0.2555358409881592,0.2788319762431651,0.5847268104553223,0.5504269400506401,0.7956167459487915
862,0.3216668434903915,0.5829589366912842,0.31797080566570424,0.5792660117149353,0.29998724719784003,0.5441350340843201,0.40770449382572505,0.6792299151420593,0.41140053165041235,0.6829228401184082,3.6960365886471402,3.6929409503936768,0.07340959937796088,0.2599698603153229,0.2766161842095479,0.5777074694633484,0.5499359593612123,0.794727623462677
863,0.3215975879630663,0.5834179520606995,0.3179004506226531,0.5797150135040283,0.3000162095375967,0.5430154204368591,0.4068244288498146,0.6818126440048218,0.41052156619022784,0.6855155825614929,3.6971392785442876,3.7029426097869873,0.07535064069783354,0.25106266140937805,0.277104592086143,0.5805371403694153,0.5475933906076597,0.7974464297294617
864,0.32094973090989193,0.5846762657165527,0.31724091023630213,0.580989420413971,0.29928696902118657,0.5459591150283813,0.40666583240927595,0.6813852787017822,0.4103746530828658,0.685072124004364,3.7088253336421273,3.6868398189544678,0.07342110359016542,0.2610971927642822,0.27612370982239803,0.5786796808242798,0.5483160949411597,0.798100471496582
865,0.320484886699898,0.5810643434524536,0.3168050346943696,0.5773764848709106,0.29878630607388534,0.5420069098472595,0.40627467322533467,0.677672266960144,0.40995452523086306,0.681360125541687,3.6798487929275643,3.687875747680664,0.07269008830340955,0.25664177536964417,0.275831771438992,0.5761722326278687,0.5478370613893067,0.7932066321372986
866,0.32064633245057705,0.5810509324073792,0.3169495017606942,0.5773711800575256,0.2986798456927116,0.5423820614814758,0.4066726731736148,0.6772924065589905,0.4103695038634977,0.680972158908844,3.696831689537225,3.679779529571533,0.07152250751254038,0.258605033159256,0.27644941141776713,0.5754392743110657,0.5480676147688999,0.7931017875671387
867,0.3214066577451383,0.5820300579071045,0.3177258980453281,0.5783306956291199,0.29976610205931437,0.5418935418128967,0.40759743390120096,0.6804307699203491,0.4112781936010112,0.6841301321983337,3.680760475178826,3.699385404586792,0.07294848828999627,0.25048768520355225,0.2761562316339286,0.578376293182373,0.5501935935049487,0.7968167066574097
868,0.32138851995251305,0.5818295478820801,0.31768622625372633,0.5781326293945312,0.2996195701869387,0.5431928634643555,0.4070993503128374,0.6784578561782837,0.4108016440116241,0.6821547746658325,3.702295408953606,3.696923017501831,0.0735413979434938,0.25866973400115967,0.27691373314936857,0.5756300687789917,0.5484035716180727,0.7952787280082703
869,0.3199302099896213,0.5876747965812683,0.31622900703405393,0.5839781165122986,0.2982559631594884,0.5489652752876282,0.4058076483396026,0.6834389567375183,0.40950885129516995,0.687135636806488,3.7012028783208897,3.6966545581817627,0.07202656870504438,0.2661069631576538,0.27500644862240425,0.5826001167297363,0.5477348811685482,0.7981888055801392
870,0.3198565396408797,0.5851901769638062,0.3161733440156395,0.5814968943595886,0.29825527804487373,0.5470353960990906,0.4057194895004771,0.6806464195251465,0.40940268512571726,0.684339702129364,3.6831957971570555,3.6932966709136963,0.07220985088535213,0.26599130034446716,0.27482289267031584,0.5788209438323975,0.5477330907786033,0.7962938547134399
871,0.32058881842117215,0.5793306827545166,0.31688411375927433,0.5756486654281616,0.2989586576111569,0.5413472056388855,0.40638564955980083,0.6752569079399109,0.41009035422169865,0.6789389252662659,3.7047030053582075,3.681995153427124,0.07299154972974431,0.25967496633529663,0.2756023823585735,0.5720183849334717,0.5482820359807744,0.7923481464385986
872,0.32100312301070044,0.5821489095687866,0.3173010723889963,0.5784614086151123,0.2991934070561022,0.5421839356422424,0.4070326750156505,0.6796827912330627,0.4107347256373546,0.6833702921867371,3.702047640552281,3.6874940395355225,0.0723590776052022,0.25296226143836975,0.27631456552847006,0.5789601802825928,0.5489065772723338,0.7946295142173767
873,0.3194792006759202,0.5838043689727783,0.3157686467970284,0.5801094770431519,0.29772906802168136,0.5458763241767883,0.4052179850217437,0.6797375082969666,0.4089285389006356,0.683432400226593,3.710556376817698,3.694873094558716,0.07163169466706247,0.26430627703666687,0.2748782455775973,0.5762571692466736,0.5466772732190663,0.7970655560493469
874,0.31953347537559174,0.5848461985588074,0.31582590394324034,0.5811386704444885,0.29812084489898666,0.5448297262191772,0.40485799853461957,0.6832153797149658,0.40856556996697097,0.6869229078292847,3.7075710225966807,3.7075202465057373,0.07360475475571285,0.2537427544593811,0.27438806730027226,0.5808308720588684,0.5463697054838196,0.7999155521392822
875,0.31992546553975726,0.5857924222946167,0.31622038703597855,0.5820929408073425,0.29839000127637866,0.5454621911048889,0.40549828084900374,0.684554934501648,0.40920335935278246,0.6882544159889221,3.7050779355622576,3.6995105743408203,0.07309328086925289,0.2528878450393677,0.27489356166020285,0.5823286771774292,0.547183148293683,0.8011701107025146
876,0.31990729573050797,0.5821908712387085,0.3162119701365557,0.5784912109375,0.2982576658727675,0.5424565672874451,0.40577748360984267,0.6804617643356323,0.4094728092037949,0.6841614246368408,3.6953258044923945,3.6996583938598633,0.07209527057527866,0.25216954946517944,0.2749479939261927,0.5774862170219421,0.54772973176768,0.7977138757705688
877,0.3200608469270566,0.5865344405174255,0.3163648487056991,0.5828347206115723,0.29847490207915667,0.547036349773407,0.40569765398137414,0.6834666132926941,0.40939365220273166,0.6871663331985474,3.6960020173723698,3.69970703125,0.07293741331200168,0.2600623071193695,0.2751558729898528,0.5825411677360535,0.5473314183928644,0.7985056042671204
878,0.31991303343381816,0.5823274850845337,0.3162212546308303,0.5786246061325073,0.29821632836971446,0.5429719686508179,0.4057179121190922,0.6796356439590454,0.40940969092208,0.6833385229110718,3.691781807565321,3.702897787094116,0.07209230958507935,0.25550705194473267,0.27517888047953615,0.5775027275085449,0.5473777961063037,0.795906126499176
879,0.3196505337070267,0.5810980796813965,0.31592761167074385,0.5774073600769043,0.29829135137847224,0.5413633584976196,0.40495389502705764,0.6789132952690125,0.4086768170633405,0.6826040148735046,3.7229188337492545,3.6907341480255127,0.07393218087462744,0.2520342171192169,0.27429306330450465,0.5769188404083252,0.5466488006876776,0.7951370477676392
880,0.3205483254987536,0.5796715021133423,0.316865344818075,0.5759897232055664,0.29923884586933613,0.5411104559898376,0.4059371505502855,0.6762247085571289,0.40962013123096414,0.6799064874649048,3.6829807289818945,3.6817684173583984,0.07480447754185228,0.2569045126438141,0.27515413079424406,0.5734037756919861,0.5477579329442649,0.7930229902267456
881,0.3200849343304512,0.5809418559074402,0.3163793903030228,0.5772355794906616,0.2981821809703627,0.5420843958854675,0.40575651573399146,0.6780301928520203,0.40946205976141986,0.6817364692687988,3.7055461222787627,3.706256628036499,0.07190514049465173,0.2561294138431549,0.2760296919652712,0.5748628973960876,0.5466117110380156,0.7952608466148376
882,0.31942038575033804,0.5828982591629028,0.31571157209475353,0.5791981816291809,0.29775121954462175,0.5430702567100525,0.4050691376795287,0.6798083186149597,0.40877795133511324,0.6835083961486816,3.708811956259278,3.7000720500946045,0.0720135352861286,0.25544896721839905,0.2746841132495639,0.5798991322517395,0.5465560147445763,0.7938626408576965
883,0.3192922248256628,0.5845739841461182,0.31559945387032956,0.5808776617050171,0.29748894334129816,0.5454379916191101,0.4051114262795961,0.6806891560554504,0.40880419723492933,0.6843854784965515,3.6927671897135466,3.6962978839874268,0.07111061169299661,0.2609439790248871,0.27485230606211136,0.5803894400596619,0.5465039205754427,0.7949804663658142
884,0.3180706534403105,0.5820955634117126,0.3143562320597134,0.5784072279930115,0.29674836803247323,0.5438942313194275,0.40332505347716147,0.6781033277511597,0.40703947485775854,0.6817916631698608,3.714418694975896,3.688361644744873,0.07256983089594642,0.2615922689437866,0.2726983723846626,0.5753082633018494,0.5449769034455377,0.7947820425033569
885,0.3193401686674785,0.5817186236381531,0.31563427747868933,0.5779980421066284,0.29771238964745245,0.5415017604827881,0.40465535554419285,0.6802692413330078,0.4083612467329821,0.6839898228645325,3.7058908181417003,3.720571517944336,0.0727633900556243,0.24961136281490326,0.27484730499525456,0.5780379176139832,0.5455264723547774,0.7968559861183167
886,0.31818875231202715,0.5792140364646912,0.3144855614943665,0.5755191445350647,0.2970624869667414,0.540634036064148,0.4030797570471932,0.674820065498352,0.40678294786485386,0.6785149574279785,3.7031910156167913,3.694887638092041,0.07406062628866646,0.25838059186935425,0.2726768761135145,0.5739328265190125,0.5444499676033001,0.7895886898040771
887,0.3178899536953677,0.5835073590278625,0.3141809525743423,0.5798032283782959,0.29634534069981655,0.544313371181488,0.4031299638690089,0.6805961728096008,0.40683896499003425,0.6843003034591675,3.7090023639383136,3.704102039337158,0.07172940576458868,0.25764966011047363,0.273215429180529,0.578430712223053,0.5440911765002739,0.7968598008155823
888,0.3174267680820197,0.5815378427505493,0.3137371916621863,0.5778369307518005,0.29607015004789156,0.5401430130004883,0.402612762629284,0.6806870102882385,0.40630233904911744,0.6843879222869873,3.689577816077669,3.7009172439575195,0.07196326366573923,0.24451589584350586,0.27235186009861034,0.5807991623878479,0.5438953317063541,0.7951139211654663
889,0.3170447883037741,0.5816743969917297,0.31333756948988756,0.5779607892036438,0.29539987943398,0.5426837205886841,0.40260784356418877,0.6786267757415771,0.4063150623780753,0.6823403835296631,3.707217566230362,3.713618516921997,0.0698934390057987,0.2567344903945923,0.2723350862553097,0.5760945081710815,0.5439711101549793,0.7952221632003784
890,0.31723093911491174,0.5831863284111023,0.31352327511749084,0.5794756412506104,0.2959027428405342,0.5426251292228699,0.4023451721866684,0.6820648908615112,0.40605283618408927,0.6857755780220032,3.707664506105306,3.7107081413269043,0.07200658285988089,0.24932073056697845,0.272057296103982,0.5802255868911743,0.5436443461667122,0.7983290553092957
