epoch,train_total_loss,train_reconstruction_loss,train_selection_score,train_common_reconstruction_loss,train_common_total_loss,train_kl_loss,train_market_loss,train_sector_loss,train_idio_loss
1,1.0071048159614746,1.007097150919977,1.0065884412772024,1.0079710987799029,1.0079787638214004,0.007657827847657679,1.0036801018059447,1.0076777399894616,1.0084074655639563
2,0.9942762140491619,0.9942291555064923,0.9938023631715998,0.996910538549859,0.9969575943471546,0.04705587523570804,0.9872644827407914,0.9926672940333141,1.0014752899841166
3,0.9725356413203634,0.9723865339635044,0.9679981787327426,0.9836724266683339,0.983821536770567,0.14911666092103915,0.9350282761337689,0.9734549324218212,0.9955113550963784
4,0.9530951759505504,0.9528286794442502,0.9470222737772853,0.9701360461307799,0.97040254263708,0.2665004697623292,0.8984037146117028,0.9517448660751692,0.990918261814392
5,0.9451854210527907,0.9447366695860471,0.9385210185352956,0.9638855910078147,0.9643343452199323,0.44876400907076536,0.8851678789241059,0.9429227008412921,0.9874724456413738
6,0.9403056912646958,0.9396213048136719,0.9331967508505471,0.9599730162879639,0.9606573999936137,0.6843854397610393,0.8768742395931545,0.9371582252938956,0.9855577849192172
7,0.9343305103381618,0.9334736518098022,0.9270866950152803,0.9549427739404526,0.9557996324688122,0.8568576081874089,0.8684928442514728,0.9297245579385294,0.9830426608928462
8,0.9284806535929474,0.9274952816165322,0.9211296450109437,0.9499048995173806,0.9508902714937958,0.9853699926679707,0.8606023731614326,0.9226940926693892,0.9800924754863422
9,0.919352648454675,0.9182316480930351,0.9093184836608293,0.9450599494792009,0.9461809470954667,1.1209991289669337,0.8341382035852207,0.916294040504914,0.9775232272681764
10,0.9086405020173653,0.907321985203742,0.893958614493669,0.9410029850061011,0.9423214990743505,1.318514252103632,0.7950032312220573,0.9112976694458806,0.9755749532154628
11,0.9003828091559628,0.8989019470491098,0.8833291790561738,0.9365304759742117,0.9380113380810647,1.4808676948904262,0.7714230347426086,0.9052398387113464,0.97332468979562
12,0.8946054976764622,0.8930900919862084,0.8768403653019236,0.9322106221804047,0.9337260278706586,1.5154144947543424,0.7603719102988873,0.899854700421206,0.9702944749977658
13,0.89113174715073,0.8895107797685824,0.8731399069762393,0.9293464887652649,0.9309674561474125,1.620962686442608,0.7549122645298154,0.8958804198802482,0.9686270345668648
14,0.88613399105048,0.884424291913052,0.8675009233353592,0.925621597575558,0.9273312939676118,1.7096926110731951,0.745247095555185,0.8909907610178766,0.9662649356104908
15,0.8812717493809826,0.8795075587936338,0.8625936610057827,0.9213799086565936,0.9231440964985683,1.7641906259556648,0.7389398336346178,0.8853361392115552,0.9635050144715462
16,0.8758045574365309,0.8739751738239081,0.8572865580860425,0.9163213786395945,0.9181507622522174,1.8293864327225164,0.7331098946533258,0.8786411898605426,0.9601086005112729
17,0.8710924752456072,0.8691230262514068,0.8529166866009421,0.9118640021739053,0.9138334539134797,1.9694546891785902,0.7289240540210701,0.8719519899233763,0.9578740001797205
18,0.8661116089010976,0.8641117878764942,0.8471455589692856,0.9085195592385739,0.9105193802631772,1.9998199821333527,0.7180485262335441,0.867428161635507,0.9559599823898529
19,0.8592270804678377,0.8571858688969113,0.8389533291664343,0.9042135524037674,0.9062547639746938,2.0412190319094226,0.701681841638029,0.8614802598824558,0.953697891255084
20,0.851213821235772,0.8490154973763105,0.8278740390722337,0.9008025565178286,0.9030008803772901,2.1983150094050474,0.6744727039452979,0.8568805777885022,0.9522688417350615
21,0.8434898008670512,0.8412658183340462,0.8183372433385475,0.8965646106590252,0.8987885931920302,2.223978595194863,0.6537900593436078,0.850706437201155,0.9505152579647639
22,0.8367448997351711,0.8345030330419111,0.8108263381439476,0.891968854085367,0.894210720778627,2.2418622170990856,0.6401472387874929,0.8438701997046936,0.9484615828030913
23,0.8317469575929316,0.8294788780466349,0.8056490345368414,0.8881167892115972,0.8903848687578938,2.268074781270969,0.6321824034498338,0.8380648412477975,0.9466998605000625
24,0.8274966925328994,0.8251871692272089,0.8015471791011389,0.8843560579355864,0.8866655812412768,2.309529057935486,0.6273629850473023,0.8326549397264723,0.9446236141168115
25,0.8227324032792087,0.8204116343422388,0.7967339128459602,0.8804474631287547,0.8827682320657245,2.320768904797505,0.620646786340152,0.8270788894320786,0.9424760686531904
26,0.8193089263436605,0.8169448171300225,0.7931769363268454,0.8777079478619381,0.880072057075576,2.3641114210044365,0.6153703439617466,0.8231129391067274,0.9410475364645937
27,0.8171682167756725,0.8147757935112181,0.7915028904401471,0.8752891247372869,0.8776815452563672,2.3924202669348893,0.6152628475532724,0.8197472811431583,0.9394985377123648
28,0.8151314167634923,0.8127282292733908,0.7892988244806876,0.873761793292225,0.8761649835277007,2.4031823864511637,0.6116353382563239,0.8176140301559588,0.9386470899302224
29,0.811456340665052,0.8090300477207372,0.7847161859906634,0.8717586776042594,0.8741849732939483,2.4262933154550548,0.60162679545954,0.8147407226444106,0.9377810286720608
30,0.8084471194424102,0.806002318001171,0.7808912790649527,0.8701019088069755,0.8725467102482148,2.4448054409919346,0.5932412737562914,0.8126214459114857,0.9368110761319874
31,0.8077301837721074,0.8052810250361561,0.7803547624934273,0.869342917802309,0.8717920765382603,2.449154149203388,0.5931728232588944,0.811394959355739,0.9364965131017706
32,0.8048632578182323,0.8023471392157611,0.7760061892342679,0.8684195197284886,0.87093563833096,2.516116372970164,0.5816195145512107,0.8105175259217121,0.9358815178033816
33,0.7990716687849676,0.7965482063497644,0.7682699149527452,0.8656694508576916,0.8681929160382689,2.5234674576076084,0.5633950088576646,0.807223889393616,0.9341908283652313
34,0.793958131638136,0.7914293791244853,0.7611857879372027,0.8636088925713727,0.8661376450850236,2.5287573634398504,0.5457441136535872,0.8046828189870787,0.9331304243075071
35,0.7886123596528057,0.7860504497766237,0.7543186522422398,0.8608714359061416,0.8634333457823236,2.561909689153429,0.5301903471452549,0.8009134592577553,0.9318521489510222
36,0.7858183213857147,0.783242254709331,0.7506931392826507,0.8594437140747556,0.8620197807511395,2.576065084066868,0.5219419232029072,0.7990630618871309,0.9310744041459686
37,0.7830037108939858,0.7804101067680642,0.7482637730207577,0.8566361778757906,0.8592297820017123,2.59360667920533,0.5203080858288587,0.7950175214731766,0.9294657282324822
38,0.7802867925651814,0.7777114658100049,0.7457940106170561,0.8544612557564591,0.8570365825116355,2.5753293655981646,0.5172180797222408,0.7910932640928122,0.9290706790064084
39,0.7771934719984803,0.77461129319715,0.7421216013921427,0.852673174988327,0.8552553537896572,2.5821744015252004,0.5095820577829251,0.7883002974438813,0.9284824383649177
40,0.7745306271149469,0.7719247837468162,0.7389103977660474,0.8510820497793875,0.8536878931475184,2.605843951522811,0.5029631540388373,0.7860086701164232,0.9277593675557123
41,0.7679097963863674,0.7652915351980236,0.7309494975360447,0.847010069375589,0.8496283305639327,2.6182662819563465,0.48682209578037433,0.780595894982035,0.925430506178268
42,0.7643092688187801,0.7616831092106948,0.7274032277184109,0.8437445469793119,0.8463707093327713,2.626165628947985,0.48268525876686613,0.7764435853191141,0.9230808486780617
43,0.7630625253917932,0.7604340528918496,0.7254875956485922,0.843318245680309,0.8459467181802525,2.628468315392872,0.4776369958912224,0.7762944405565334,0.9225314087299787
44,0.7655385058961699,0.7628923638255616,0.7291969793140567,0.8440081908918191,0.8466543329624273,2.6461365415107094,0.48769750297820236,0.7769241285178249,0.9229692846976325
45,0.7606872295295218,0.7580304308176127,0.7237589102762558,0.8404906586847446,0.8431474573966538,2.656801345838236,0.47821980249371276,0.7723468361933826,0.9207101262443655
46,0.7596621159685306,0.7570133766024694,0.7220523971883287,0.8403240504046917,0.842972789770753,2.6487410675068044,0.47327409813883664,0.7724680467533868,0.92041506924703
47,0.7572757582434565,0.7546031400641764,0.7190264606269927,0.8391143821177186,0.8417870002969987,2.672616607896627,0.4664277577623269,0.7706103605862014,0.9200413060857479
48,0.7518322446570203,0.7491500659055871,0.7129336732375017,0.8350265148990915,0.8377086936505247,2.6821793698286487,0.4561176977920292,0.7656075797007211,0.9170757338013226
49,0.7433415174098185,0.740617188479927,0.7007684368545007,0.8320369732041031,0.8347613021339947,2.7243270554015773,0.4246518827140996,0.7619538443815198,0.9156995811193013
50,0.7367590092934907,0.7340456463956885,0.6924599499614945,0.8281761335357138,0.8308894964335162,2.7133631131425098,0.4069879525168502,0.7576523858379571,0.9127395129023631
51,0.7364652784834151,0.7337310966633772,0.691654885338553,0.8285880141997775,0.8313221932744413,2.734176026869695,0.4036231130822694,0.7580200402631139,0.9133214683530999
52,0.7281462461796542,0.7254039092688477,0.6798636171190633,0.8251480181339877,0.8278903550447942,2.7423454218092647,0.37426542047546596,0.7547659136572087,0.9105595309513856
53,0.7348052922149664,0.7320492475227557,0.6911131605564926,0.8256626828362849,0.8284187247831215,2.7560441195428607,0.40809519511197445,0.7542845579564635,0.9109597180163358
54,0.7258023411389434,0.7230611501644308,0.6769767463443176,0.8236202955589144,0.8263614865334268,2.741192595999032,0.36851961789005905,0.7531700931722717,0.9092405409039075
55,0.7191418118509469,0.7163809822291168,0.6680035675417051,0.8206397692862927,0.8234005989081228,2.760824103456643,0.3469412153403765,0.7493593690634718,0.9077101078510456
56,0.7327472730993838,0.7299698745230626,0.6883332028196801,0.8242858412155105,0.8270632397918317,2.7773962473002816,0.4023638602725548,0.7535317758082829,0.909103990223134
57,0.7247134706621421,0.7219353232635959,0.6766183576853252,0.8216818721442825,0.8244600195428287,2.7781442890668266,0.37148474017979216,0.7506363390374844,0.9077339878439175
58,0.7232363860398671,0.7204808361155389,0.6750837819058932,0.8202752125653572,0.8230307569989372,2.755547239266526,0.3696811386431323,0.7493676148588256,0.9062026051490073
59,0.7192965498413273,0.7165579046436075,0.6697629148173392,0.81884017909504,0.8215788242927597,2.7386432881405045,0.3561866400738593,0.7469496611598242,0.9061524563661022
60,0.7093058409730322,0.7065322017360823,0.656486340867139,0.8139377951879389,0.8167114344248887,2.773639263459872,0.32529530115760713,0.7411200556020678,0.9030436567369662
61,0.7027660045060977,0.6999918652249996,0.6481539454122119,0.8104552858465222,0.8132294251276203,2.77413856215338,0.30676144283209916,0.7366472546382532,0.9010531437529983
62,0.6971896319519748,0.6943764194133,0.6414877120948344,0.8068873838324819,0.8097005963711569,2.8132155125155727,0.2935780709962615,0.7319763968556251,0.8989086615691815
63,0.6937554298480152,0.6909614692449827,0.637128457807731,0.8051033726738871,0.8078973332769196,2.7939653237031576,0.28380195205054637,0.729630188403176,0.8979532215911822
64,0.6894553012237055,0.6866422485387252,0.6319921840090853,0.8022306320177389,0.8050436847027191,2.813046306103586,0.27390443309256823,0.7261985382316524,0.8958735882528139
65,0.6862772453513322,0.683476196406942,0.6286242218616412,0.7997577802746276,0.8025588292190179,2.8010478631418017,0.2686536745143134,0.7228987812352463,0.8943202079908159
66,0.6850401219724537,0.6822116089278993,0.6285496139835222,0.7972507914994079,0.8000793045439623,2.828510950520211,0.2736954245261899,0.719432449418034,0.8925209763497061
67,0.6831360357877547,0.6803096857547931,0.6257803176924152,0.796781361489126,0.7996077115220876,2.82634438178058,0.2660884220165158,0.7185811677524708,0.8926713336882466
68,0.6813051394311247,0.6784631408303279,0.6254578660443002,0.7933012111961691,0.796143209796966,2.8419966141754625,0.2724080630056976,0.7139592608688289,0.8900062698346756
69,0.6783637089367263,0.6755238263329914,0.6215925294102933,0.7918974455846819,0.7947373281884168,2.8398857530221187,0.2633649126290417,0.7121352005150731,0.889277456282025
70,0.6740161311544931,0.6711742907773252,0.6163665432216195,0.7891618268830436,0.7920036672602115,2.8418439405776907,0.2529006355548343,0.708672240703558,0.8875267667365443
71,0.6717695289483471,0.6689114229161777,0.6145967720180332,0.7868820528582559,0.7897401588904253,2.858104152789258,0.2522036410484781,0.7049733966363767,0.886613298852309
72,0.6689477845377612,0.6660849683659674,0.6116303236590053,0.7844722770923932,0.7873350932641868,2.86281688473301,0.24806623683639806,0.7021214519099565,0.8847032836033484
73,0.6680666413955785,0.6651888541627934,0.6114057847260141,0.7828569621566218,0.7857347493894068,2.877784052269199,0.2507671172153868,0.7000017527111488,0.8834484853346427
74,0.6649683525597462,0.6620841559509272,0.6081224605307042,0.780426142455091,0.78331033906391,2.8841994934349704,0.24569062198525327,0.69671494789628,0.881961812686474
75,0.6640906010269475,0.6612101346951417,0.6076439112242541,0.7792427141317235,0.7821231804635294,2.8804598765735276,0.2466947330003078,0.6950003703363767,0.8812366442613441
76,0.6615152935966307,0.6586188898965067,0.6049746637637772,0.7769560526068496,0.7798524590523477,2.8963969064385138,0.24322074788986842,0.6923187537002838,0.8793845050152191
77,0.6608629618543822,0.6579675780178275,0.6046625916672165,0.7760734741273395,0.7789688579638943,2.8953787875544386,0.24410866185910154,0.6909105065230116,0.8789686067106913
78,0.6587692992684652,0.6559077034368923,0.6022667537150772,0.774281561717836,0.7771431575494089,2.8615985259000842,0.2404425221730926,0.689559313924075,0.876798443654408
79,0.65612992626079,0.653248726699626,0.5995134350506253,0.7721940583571894,0.7750752579183534,2.8811948578235014,0.23628862660087327,0.6865774327235584,0.8756742268082219
80,0.654710001163064,0.6518155850494195,0.5983114017132762,0.7706629011475726,0.7735573172612171,2.8944174847014303,0.2357789685600479,0.6845660232176408,0.8745892333572569
81,0.6521066166420298,0.6492057448885088,0.5960387094666865,0.7678948964048264,0.7707957681583475,2.9008639473072613,0.23454814163760856,0.6811285307399658,0.8724394743714499
82,0.6506140277985404,0.6477139822095793,0.5942269841215087,0.7668474943957856,0.7697475399847467,2.9000445094285316,0.23112870036440386,0.680112708061022,0.8714395614783942
83,0.6494863097210418,0.646584909676047,0.5935546101619547,0.7655828657146837,0.7684842657596784,2.9014025381375834,0.23170207423158326,0.6777798215791278,0.8711819263317895
84,0.6477634959745939,0.64486236737846,0.5921862060408577,0.7637086680742767,0.7666097939250366,2.901129163225249,0.23139756324909797,0.6751726684316366,0.8699883675137713
85,0.6442438612185009,0.6413424540097956,0.5886324930208199,0.7606181831572629,0.7635195903659682,2.901410904407673,0.22686948286474673,0.6713007265777629,0.8677272637484956
86,0.6421246130546249,0.6391999240872156,0.5861574321524108,0.7590210146936593,0.7619457036610686,2.924689850476029,0.2225477842921703,0.6695650761699711,0.8663593994365746
87,0.6415873899996902,0.6386497487863991,0.5863614979087127,0.7577648852617032,0.7607025264749943,2.9376362566040246,0.22582335644657983,0.66753358553965,0.8657275751667428
88,0.6377800440093346,0.6348419609838529,0.5825791251921062,0.7543748213945425,0.7573129044200242,2.9380749145314264,0.22121578509128106,0.6632115950726828,0.8633099955035097
89,0.6372586831895514,0.6343308024459625,0.5819724742222622,0.7537196833652402,0.756647564108829,2.927881087017986,0.22071115129948005,0.6631334336081097,0.8620728394375211
90,0.6347439984230311,0.6318017750088368,0.5796222015437826,0.7512988209638634,0.7542410443780576,2.9422224620642017,0.21850930150033931,0.6599635957556261,0.8603936986513128
91,0.6343555222444717,0.6313936986396449,0.579744289422387,0.7502393993639869,0.7532012229688135,2.9618243290049087,0.22111664751572074,0.6586774309876584,0.8594387944931176
92,0.6312719404633074,0.6282986198538882,0.5763740125385366,0.7478241178576747,0.7507974384670937,2.973316936880704,0.21573760508204073,0.655678758886316,0.8577056776580728
93,0.630627336820367,0.6276690960359385,0.5764407371822644,0.7467034600672425,0.749661700851671,2.958236371153934,0.21830188250554555,0.6535130800982952,0.8575072471895592
94,0.6297637987540068,0.6268046165636522,0.5745497477187576,0.7468059407845381,0.7497651229748926,2.959182603876554,0.2122177216926467,0.6546580565623475,0.8567734660755691
95,0.6267660000462376,0.6238106826776736,0.5720883367858631,0.743258741765024,0.746214059133588,2.955314394465965,0.21204023847115816,0.6506760427959534,0.8535487377073062
96,0.6243792860874301,0.6214078333833398,0.5691562465259007,0.7418166368116617,0.7447880895157519,2.9714516774061215,0.20597405414244133,0.6488230366765187,0.8526716556382634
97,0.6223798135537473,0.6194146179432233,0.5672470788253903,0.740049875867843,0.743015071478367,2.9651914671540647,0.20376530437106577,0.6463439122469745,0.8516319960345035
98,0.6208140586468331,0.6178287830272138,0.565571587885314,0.7385850076025104,0.7415702832221298,2.9852760392326636,0.2016467875598274,0.6448951324313268,0.8501728401419155
99,0.6206228020766863,0.6176414479236458,0.565773930812148,0.7378843084390578,0.7408656598467241,2.9813534834265667,0.2037486473233119,0.6440988054117653,0.8494743506828629
100,0.6173827323436566,0.6143811818033982,0.5621017259460166,0.735373282312446,0.7383748328527043,3.001544829537089,0.19763392403040828,0.6412650515124625,0.8474061843430065
101,0.6148876454728076,0.6118858294248495,0.5593579454403123,0.7336211140613068,0.7366229301092649,3.0018131089493627,0.1928043937663802,0.6387205105455885,0.846548950813708
102,0.6151995719144052,0.6122121267629296,0.5602665608758848,0.7332014436342597,0.7361888887857353,2.98745672305568,0.1965069661319749,0.6381145753676877,0.8461781354549335
103,0.6123476943209601,0.6093386950446531,0.5570932787371523,0.7308928844910725,0.7339018837673795,3.008994689130148,0.19151476731228287,0.6355310594619458,0.8442339980589395
104,0.6113207842558139,0.6083089508311961,0.5562889165224554,0.7298280939475887,0.7328399273722066,3.011837814299483,0.1912582262455023,0.6338736974064847,0.8437348361193769
105,0.6085613465815322,0.6055438023284426,0.5529245518874505,0.7280614046194263,0.7310789516178898,3.017551493927831,0.18453324678648544,0.6318251080717188,0.842415309651544
106,0.6083626759785806,0.605335296937655,0.552828509608547,0.7276578590826149,0.7306852381235406,3.0273766698662263,0.18508401612297756,0.6314901500865254,0.8419113563478915
107,0.6058787643888006,0.6028191589459793,0.550443852985879,0.7252745847772376,0.728334190220059,3.0596032327951908,0.18269641559065652,0.6284466129105998,0.8401885175070088
108,0.6032227979541983,0.600170549513325,0.5474499091264712,0.7232223464757171,0.7262745949165904,3.052244676536431,0.17772171357073516,0.6261889773034586,0.8384390441622396
109,0.6016823796755807,0.598623994637325,0.5454889772477961,0.7221921876678796,0.7252505699607613,3.0583796674461405,0.1738028988033029,0.6253209560412475,0.8373430665125303
110,0.5984110010532476,0.5953455837393201,0.5423773016891877,0.7196110080969166,0.7226764254108441,3.065413981901308,0.16957542173679718,0.6208177981894837,0.8367386656341127
111,0.5968881854482502,0.5938163985018681,0.5402784411771643,0.7186747322883825,0.7217465192347647,3.0717895989282478,0.1650310726839675,0.6203444786275965,0.8354597668203358
112,0.5953354870470877,0.5922600882393974,0.539149461417972,0.7167759658235918,0.7198513646312822,3.075400152323099,0.1655213205869698,0.6178884873848332,0.8340385796226757
113,0.5937597449197319,0.5907097026443001,0.5374236082421571,0.7155956442984972,0.718645686573929,3.050043527665607,0.1626479127298546,0.6164662436685703,0.8331566561722592
114,0.5932805503002385,0.590227123214513,0.5373002374588306,0.7146418074902634,0.7176952345759888,3.0534213993694337,0.16427140148606562,0.6154202298321884,0.8322090692080881
115,0.591056323471838,0.5879967584589395,0.5350397464052813,0.7128334677704121,0.7158930327833106,3.059568258102269,0.16105982392608112,0.6128348413454023,0.8312245487480465
116,0.589232456666954,0.586169199512004,0.5329949177182292,0.7113187106747815,0.7143819678297314,3.063260461238272,0.1579000458051593,0.6113188352976054,0.8297658691993074
117,0.5876783327303073,0.5845989106198187,0.5317630913670263,0.7096397864514008,0.7127192085618894,3.0794239141993405,0.15760868747013856,0.6088649128014426,0.8288156874491268
118,0.5854481281287038,0.5823773721775248,0.5292172562136587,0.7081011825433178,0.7111719384944967,3.07075513031209,0.1529441959418681,0.6068812402601335,0.8278263354738996
119,0.5839352008034403,0.5808824744101007,0.5280279156628939,0.7065109239717575,0.7095636503650972,3.0527261480576446,0.15259815467244733,0.6045857847873665,0.8268998177328656
120,0.5835068623296389,0.5804238510071781,0.5277471633727879,0.7057554889771954,0.7088385002996562,3.0830153466643684,0.1533158722864119,0.6039149141345963,0.8260107050700426
121,0.5849647268669003,0.581880401282398,0.5296559390210127,0.7064927608343112,0.7095770864188135,3.084327237045821,0.1576888599855602,0.6047946832814033,0.8264842853566733
122,0.5823101835226833,0.5792257204978918,0.5271118829129368,0.704001790802013,0.7070862538268043,3.0844545626048347,0.1550331159637917,0.6016416526733006,0.8246608793242195
123,0.5864533581893279,0.5833835838595154,0.5321258833057463,0.7065898482857011,0.7096596226155136,3.069773299610842,0.16514994954732565,0.6049263632825143,0.8263013254356453
124,0.5856329463891479,0.582552281718067,0.5311214133491187,0.7058851078029329,0.7089657724740137,3.08066142081528,0.16351503141816892,0.6044724592205087,0.8253767567600608
125,0.5793585710578705,0.5762703741313142,0.5249296020757984,0.7004507908978965,0.7035389878244527,3.0881935569527084,0.155729801031101,0.5970335151489453,0.8220254795162658
126,0.5761871748409841,0.5731024519493787,0.5209794809874891,0.6984963681509959,0.7015810910426014,3.0847216053118847,0.14758191383723604,0.5948955102248259,0.820461036211812
127,0.5737954066056234,0.5707005740884998,0.5186412364040703,0.6962219698903542,0.6993168024074778,3.0948414725337625,0.14510931556668372,0.592171937666938,0.8186424380800371
128,0.5717943256688058,0.5686986687887741,0.517035380418715,0.6938028523457827,0.6968985092258144,3.095662248267592,0.14521414072619104,0.5894411501158652,0.8164508479582658
129,0.5691542797227608,0.5660475945249656,0.5151889299093798,0.6909527577655528,0.6940594429633479,3.1066804048868337,0.14547881646502056,0.5846271109949903,0.8154608724185055
130,0.5699245840064395,0.5667955115914731,0.5150883021265451,0.692595238392196,0.6957243108071626,3.1290714208836947,0.14171164110436976,0.5869360055027784,0.8166172344850181
131,0.5693515598795404,0.5662280092483032,0.5150937426000158,0.6913270771224621,0.6944506277536994,3.1235509022571666,0.14439603890090935,0.585416190891911,0.8154689876370054
132,0.5673442742257463,0.5642217005187121,0.5133206470058135,0.6893309271777436,0.6924535008847778,3.1225694692061934,0.1430921253914797,0.5827115828418697,0.8141582416904706
133,0.5670717816937952,0.5639459689815682,0.5132564951743784,0.6885764567960977,0.6917022695083248,3.1258081294255704,0.14448000725523608,0.5823155821506477,0.8129738911144507
134,0.5665248357035694,0.5634055160798371,0.5130931072931746,0.6877979660428827,0.690917285666615,3.119313132810095,0.14561048311460528,0.5809137428051364,0.8127551019384776
135,0.5656508187803273,0.5625171749529199,0.5123512795735882,0.6872102511834223,0.6903438950108298,3.1336438026991025,0.14454443838558595,0.5792772870305718,0.813232109781734
136,0.5665234765289241,0.5633993865389239,0.5135461341116487,0.6872420661223797,0.6903661561123798,3.1240859204121056,0.1481856887033407,0.5801321461973709,0.8123205550800514
137,0.5634055014306927,0.5602851136848626,0.509719442531933,0.6854650527292466,0.6885854404750767,3.120398031288276,0.14004764240201578,0.5777118339861156,0.8113988506660996
138,0.5599894983256279,0.5568475194782093,0.5069183616296727,0.6818641179025753,0.6850060967499938,3.141981817570124,0.1389290492830194,0.5725694918169225,0.8092565291774664
139,0.5584692441975311,0.555311783027546,0.5051057266112324,0.6806554134134853,0.6838128745834705,3.1574596586567156,0.13584602116122868,0.5715061284818852,0.8079650173859872
140,0.5559729838508546,0.5528166673302694,0.503861116318447,0.677436686325691,0.6805930028462762,3.156307676448458,0.1387539422846647,0.5660851677358901,0.8067442568869589
141,0.5546044482306295,0.5514546564132372,0.5025700083650587,0.6760160546373145,0.6791658464547068,3.1497935317925903,0.13773522090894708,0.5645758178260696,0.8053989921940793
142,0.5537257027866258,0.5505636335706144,0.5019323913130498,0.6747217904152996,0.6778838596313108,3.16206182700861,0.1384788425267279,0.5633617826570234,0.8039565437686834
143,0.553499786297852,0.5503426332961059,0.5013308879624772,0.6750228396633968,0.678179992665143,3.157147663623663,0.13597888961439727,0.5637135458490152,0.8043002511108895
144,0.5514906135211106,0.5483364968816339,0.5002135251785792,0.6723612948002768,0.6755154114397536,3.1541114202631855,0.13810959674442103,0.5597763701967732,0.802754606733909
145,0.5503837463666141,0.5472046614293787,0.49906904811522823,0.6711847986322206,0.6743638835694559,3.1790846235763257,0.1370324514278108,0.5587287555713798,0.8014459302846628
146,0.5492530576013412,0.5460952108993338,0.4978339869197902,0.6702502321193183,0.6734080788213257,3.1578438726420366,0.13516535571621835,0.5578057644778166,0.8005308422436599
147,0.5476959673309121,0.5445345704956165,0.4969232654391368,0.6682213674821884,0.671382764317484,3.161397551838208,0.13660655062097404,0.5548214082153378,0.7993418178827739
148,0.5466557701700409,0.5434912518873279,0.4958877430068541,0.667580409910491,0.6707449281932039,3.1645203298182314,0.13474110017667018,0.5533319508141431,0.7995901773970262
149,0.5431620316695892,0.5399840459329441,0.4924601416400801,0.6645988817479208,0.667776867484566,3.177984458416132,0.13037519442998663,0.5490371391214712,0.7979680862131631
150,0.5424269839944321,0.5392387533368032,0.491815757251721,0.6633494896569583,0.6665377216872743,3.1882324695758744,0.13100341125148454,0.5485245350583418,0.7959193211744569
151,0.5414648849829446,0.538284898876672,0.491133800360229,0.6624423688416345,0.6656223535752203,3.1799873072880556,0.13079508811439186,0.5467198467932403,0.7958864653955564
152,0.5415780858497647,0.5383796671947673,0.49155439339382434,0.6622622972686071,0.6654607159236045,3.1984171569669106,0.13247911087812045,0.5461431410982696,0.7960409008585836
153,0.5408648889070794,0.5376634720676706,0.4912553379092984,0.6609152215725658,0.6641166384119745,3.2014168057779737,0.1343845824472078,0.5448605850601677,0.7945208353677127
154,0.5393873393728648,0.5361875512266211,0.4895971716200975,0.6600633420589032,0.6632631302051468,3.199789789779103,0.13103041186869765,0.5432656315128852,0.7944954797148318
155,0.5373968960527638,0.5341922775280908,0.48782341821925507,0.6578472781284287,0.6610518966531016,3.204616948913953,0.13018699574809403,0.5408494770419645,0.7924337709022967
156,0.5373858442706314,0.5341679436905686,0.4881952495809166,0.6575574062847757,0.6607753068648383,3.2178962212665856,0.13195069192681821,0.5399364111190994,0.7926986351121282
157,0.5351220156572499,0.5319178763719375,0.4862790713425204,0.6552227389344898,0.6584268782198022,3.204136540882019,0.13091478072382984,0.5367909068038628,0.7911315128802395
158,0.5350328151936924,0.531816582771547,0.48574189396160206,0.6551031590623365,0.6583193914844819,3.2162313861956737,0.12949921691554964,0.5379939478865284,0.7897325098922073
159,0.5335516077917057,0.5303404286165982,0.48490716425280384,0.653496526286258,0.6567077054613655,3.2111737902278565,0.1302881854854071,0.5347639910391485,0.7896693164858727
160,0.5318905197488786,0.5286834536588806,0.4832519959978767,0.6521673843816872,0.6553744504716852,3.2070621643704706,0.12794721905127324,0.5327568225356133,0.7890519502352535
161,0.5295188476516858,0.5263170806483941,0.48086029819851944,0.6501476785054778,0.6533494441360825,3.201770352219111,0.12477301750982267,0.530100537980791,0.787707336946716
162,0.528526554179732,0.5253221261153851,0.48015553736137634,0.6486885899388992,0.6518930180032462,3.204430472812193,0.12565498911420747,0.5287381204910182,0.7860735159162224
163,0.5275467347867114,0.5243227219744611,0.4793130210961057,0.6474147299803946,0.650638742792645,3.224016066719706,0.12571977891802744,0.5275648408718527,0.7846544585068391
164,0.5267425578204193,0.5235263462674065,0.4784624026850343,0.6468817433593684,0.6500979562850683,3.216208409044802,0.12420103283677439,0.5266514320775046,0.7845347280037321
165,0.5269919483727712,0.5237575189893131,0.4792233891369585,0.6464936804882954,0.6497281112444405,3.2344270948456018,0.12737900781712974,0.5259717764851,0.7843193781594657
166,0.5245512988379466,0.521307140191968,0.476469037343204,0.6446418284125875,0.6478859884312531,3.244155381385608,0.12272631139174431,0.5237881065744768,0.7828927032378733
167,0.524185740720372,0.5209638326663085,0.4766536810686366,0.643815864758253,0.6470377728123166,3.2219120796398535,0.12503668790821892,0.5223958651424956,0.7825285134747887
168,0.5223795852673144,0.519137904686051,0.4750976523142489,0.6418296517593134,0.6450713323405768,3.2416806794963064,0.12438552112952973,0.519942761539941,0.7809646839973694
169,0.5222712963036643,0.5190278399586892,0.4751143609610939,0.6416376545816156,0.6448811109265907,3.2434560030902535,0.12484121276518131,0.5195451314048657,0.7809567435176392
170,0.519884672298754,0.5166254755231535,0.4729142227847184,0.6390624448265606,0.642321638856787,3.2591977095423776,0.12343002867038064,0.5167283679822144,0.7785842545429722
171,0.5201138771665572,0.5168618414203826,0.4730203602223055,0.6396402106863339,0.6428922478051956,3.2520368275088174,0.12254414450043438,0.516989621992976,0.7795273207554332
172,0.5180522761314024,0.5148011031619247,0.4714599382581364,0.6371333079614327,0.6403844768128493,3.251175880432129,0.1229745916279583,0.5139230608125092,0.7774821638674906
173,0.5179757334938063,0.5147183866070174,0.4713326019642807,0.6371122574197083,0.6403696043064973,3.2573412285729595,0.12262368082635564,0.5139070123530584,0.777467121383877
174,0.5162188441537189,0.5129706782911183,0.46994903741572647,0.6350073512615425,0.638255515751456,3.2481639459863247,0.12275740478258847,0.5114613939807242,0.7756283154973198
175,0.5159221006280529,0.5126620458587119,0.46971721942367295,0.6348608091779216,0.6381208653199497,3.2600529035161236,0.12234619772447104,0.5107558156870046,0.7760496279368859
176,0.5149426091570956,0.5116842810564566,0.4685869020560355,0.6341164451831105,0.6373747760291235,3.2583284025442776,0.12040406606284437,0.5099823384158,0.7753743059603418
177,0.5143125198993291,0.5110483751660759,0.4681603391314634,0.6332022086799295,0.6364663547858698,3.264144707858541,0.12100332403255908,0.5090219550700701,0.7744557430050106
178,0.5129661716416226,0.509720161047802,0.46680327455274234,0.6322541191192701,0.6355001338311518,3.2460135112953257,0.11878598855956504,0.5073790211886028,0.774244795089233
179,0.5111657776241467,0.5079002786386181,0.4653794441496824,0.629760488991087,0.633025985628034,3.2655044338951096,0.11961238317596436,0.5051000306892841,0.7714259158840021
180,0.5113821613269558,0.5081245334253932,0.46615167306927136,0.6296529077333957,0.6329105383803322,3.257629811999694,0.12223529896640915,0.5040577358481437,0.7721619933318131
181,0.509335597434804,0.5060601358621315,0.46387912524437125,0.6281774990761954,0.6314529620215549,3.275459826700376,0.11828591889584823,0.5019876093648242,0.7713638192331589
182,0.509749290989474,0.5064571786158459,0.4643467316935499,0.6281846342604981,0.6314767438887521,3.292108934532185,0.11972221649563883,0.5025866559273306,0.7707313325560406
183,0.5077962156850342,0.5045103674614416,0.4627594539333308,0.6262461973763748,0.6295320469726543,3.2858487190467587,0.11887357614266868,0.4995710453934788,0.7698337419636175
184,0.5075273891068397,0.5042464300083916,0.4623349070141495,0.6258972021863374,0.6291781612847854,3.280957549027549,0.1182901004517666,0.4998700837086928,0.7688445486409838
185,0.5074713734381059,0.504191555450099,0.46260773018136564,0.6258273524704405,0.6291071732038215,3.279815892342742,0.11928369424440913,0.49886481446214354,0.7696746712153059
186,0.505940603004509,0.5026537560116863,0.4611645140271257,0.6237763971808833,0.6270632445704984,3.286849699161086,0.1191188601837951,0.49758781375281025,0.7667868833354842
187,0.5042110833065593,0.5009083878912485,0.45939513944429905,0.6225348402588177,0.625837531159275,3.3026898705989347,0.11623920540762016,0.49538337651368053,0.7665628233630265
188,0.5030352158827849,0.499746528813718,0.45870843994055516,0.620909200014078,0.6241978857104579,3.288691806295614,0.11752754679340474,0.49330838490579143,0.7652893896023976
189,0.501749381010118,0.49846846262041977,0.45713486343075277,0.6200976963521937,0.6233786202326401,3.2809208406309036,0.114351013555356,0.4924108797416879,0.7646426980166866
190,0.5016597046316764,0.49836063131920594,0.4573862476287106,0.6195539516826121,0.6228530249950824,3.299068500773432,0.11627484364726638,0.4917024261083222,0.7641814724066653
191,0.5005734927815557,0.49725989988271435,0.45651618187785276,0.6182469082805225,0.6215605035279457,3.3135902061441813,0.11632398604949887,0.49013861230956257,0.7630859630148202
192,0.49937227581764737,0.49607322320272357,0.45545203989681987,0.6170972525194078,0.6203962996435834,3.2990511904178055,0.11543969046451841,0.488551716724717,0.7623647093215234
193,0.4992824681974564,0.4959643398655881,0.4553177004861677,0.6169812148017993,0.6202993417609806,3.3181323123175535,0.11526689799881187,0.4885254661442351,0.7621607499055701
194,0.4977984842142213,0.49447505677419845,0.45367880861035953,0.6159341214328586,0.6192575488728814,3.32342739197881,0.11238315331234525,0.48701217031684785,0.7616411120010478
195,0.4954685732674024,0.4921401619010368,0.4516507065008767,0.6132490683820189,0.6165774838664455,3.328411394419881,0.11173688343646673,0.4841410326052587,0.7590742020265538
196,0.4954090687537116,0.49210669267044604,0.4517742258454021,0.6131347307801975,0.6164371082361502,3.3023780037405337,0.1123607701971489,0.4837297655751955,0.7592321531341075
197,0.4939862833944487,0.49066676268606746,0.45058457607543484,0.6114718408926051,0.6147913602282993,3.319520637687911,0.11216656693980263,0.48178645234907563,0.7578007243184917
198,0.4937149712446569,0.49039157449705817,0.45008911901817517,0.6115755268720123,0.6148989236196111,3.323397507981544,0.11041080006627824,0.4817622110928593,0.7580943348683141
199,0.49350861791613804,0.4901668131029747,0.45024920102931393,0.6108160545689547,0.6141578584062234,3.3418000069570524,0.11250515720770488,0.48096516272626194,0.7572772937011444
200,0.491923427133519,0.48858769214938297,0.4485263649874259,0.6094976440313352,0.6128333752942026,3.3357315757541444,0.10993165294658198,0.4795355966576744,0.75611184907929
201,0.4914698576854261,0.48812938394972044,0.4484786988269858,0.6087189748717023,0.6120594544949485,3.34047391029432,0.11142158808307967,0.4782034898670769,0.7558110282548943
202,0.49058259328134884,0.4872245664710662,0.44779304807758363,0.6076038140493917,0.6109618408596743,3.358025055645438,0.11163939541784196,0.47687375954090583,0.7548659968693594
203,0.49034633808918415,0.4869988355631449,0.4478250529299369,0.6069259328480117,0.610273436746738,3.347505646757446,0.11316457711436329,0.4763637036567714,0.7539468732142715
204,0.48885925528641955,0.48552289058210696,0.44620442237087016,0.6057028358426185,0.6090391981983494,3.3363672823904227,0.11070778138048146,0.4750483686995189,0.752857136464711
205,0.48715270158625973,0.4837993589310648,0.44451534160395756,0.6040373003366998,0.607390639270626,3.3533408979839368,0.10896915714006794,0.47316227274732053,0.7514145995224496
206,0.48647840619730665,0.48313119918504777,0.44424014100714443,0.6030794992941066,0.6064267076790526,3.3472091189045066,0.11012976438332565,0.47164020588947914,0.750950454807659
207,0.48709001134479163,0.4837302520104388,0.44452043342564596,0.6041545473915847,0.6075142998625024,3.3597529805277095,0.10873832624940488,0.47267841803765887,0.752144553885266
208,0.4840398095159404,0.48067859963746157,0.44171765167835847,0.6009603940183715,0.6043215997787893,3.3612095715116794,0.1067588195317338,0.4690429051924455,0.7493512450511955
209,0.48374022472114947,0.4803924160215571,0.44148637947953834,0.6004752593531202,0.6038230749161477,3.3478098016885083,0.10706150829631161,0.4688040704854146,0.748593556576386
210,0.4834987682355055,0.48014367628372073,0.4414395121049864,0.6002350995634134,0.6035901905393034,3.3550953905373953,0.10742115624283835,0.467951121916656,0.74894624639647
211,0.4825337401350954,0.4791700384006864,0.4404403893970765,0.5989621587690153,0.602325853639989,3.3636978780163753,0.10699806533708295,0.4673674297701673,0.7469556839743207
212,0.48200776685094954,0.478662209100713,0.4401969588909616,0.5984758165252427,0.6018213797662274,3.3455591932738074,0.10726554860160178,0.4660574790705619,0.7472678385607928
213,0.48159297226186537,0.478225233701546,0.4396167718579161,0.5979986023285184,0.6013663473554806,3.3677412616816214,0.1064688000169835,0.4660850510875198,0.7462964637453671
214,0.4803445998199898,0.4769919505433326,0.43833256424138256,0.5970477514577538,0.6004004052492645,3.352650302654979,0.10448338653585301,0.4647048621801388,0.7458094332706332
215,0.48060620060581316,0.47725419307106814,0.43867758024764086,0.5968303076223145,0.6001823165297465,3.3520084403752852,0.1060115157748221,0.46522756826538714,0.744793666249859
216,0.47909013709819503,0.4757231516175752,0.43771035258784574,0.5951660442112074,0.5985330338098883,3.3669887923130504,0.10651042720704423,0.4621743132588502,0.7444463279359673
217,0.47824389324766475,0.47486703783627593,0.43695577900801774,0.5943425235108276,0.5977193820643828,3.376855113773133,0.10590087474679381,0.46098460711219746,0.7439818482640923
218,0.4771541372912099,0.47378636275147656,0.435895073666938,0.5931308343711625,0.5964986116562699,3.367772564265144,0.10515778250362257,0.45998283242655985,0.7425446035236538
219,0.4773704961355147,0.4740045230008579,0.4360567234368065,0.5934056943592814,0.5967716643517719,3.3659707376878867,0.10508131087040806,0.4603079564711223,0.7427809158646405
220,0.47537127625131487,0.4719903462222258,0.43401414253549553,0.5913293530032462,0.5947102885230834,3.3809304163583795,0.1031097264363209,0.45844290398273074,0.7404897862220248
221,0.4757854191679541,0.47240804495593547,0.4347199514728092,0.5914767642765862,0.5948541412339788,3.3773749595324998,0.10499008943619338,0.4582954382737706,0.7408743272500314
222,0.47491804508478275,0.47152577330414963,0.43386775168337893,0.5905822452000895,0.593974517377515,3.392270361446313,0.10422692286234701,0.4573373968822573,0.7400389405067296
223,0.473102877555283,0.46970476584925247,0.4321577902447624,0.5889515071603282,0.5923496170968793,3.3981125484314183,0.1023502889169382,0.45498887300705815,0.7391341882199853
224,0.4726438505073038,0.46925521503896667,0.4318970305836428,0.5882044698575196,0.591593104349962,3.3886354271565122,0.10311241552753815,0.4542956242418924,0.7382830431582302
225,0.47136533331124636,0.4679864100862553,0.4309093650187808,0.5868117039518503,0.5901906312949026,3.378923393745738,0.10297684747351722,0.4523282632011868,0.7374229754591726
226,0.47124529670965504,0.46785873049195187,0.4303524520016266,0.5868252164899723,0.5902117827076756,3.386566588242906,0.10122003141668641,0.45331761746065097,0.7365196852557048
227,0.471563493960965,0.4681633850810939,0.43106032281138135,0.586479604415818,0.5898797115262098,3.4001090503416718,0.10414391583667551,0.4531173682997835,0.735919688858116
228,0.47065951089371705,0.4672606044018942,0.4299706828577049,0.5863885968526776,0.5897875064866669,3.398905103178323,0.10095368027847934,0.4519117406243341,0.7370466275711032
229,0.46969556143576396,0.46628483795313236,0.4292103939560001,0.5852464481882588,0.5886571679496216,3.4107198670597634,0.10099665184658438,0.450475664587491,0.7361588940083359
230,0.4687220779585727,0.4653034643459423,0.42837315088941624,0.5838527254553826,0.5872713445587611,3.4186158891460288,0.10132991691455433,0.4495030064276544,0.7342865429537122
231,0.46843820399584296,0.46504281990474056,0.4279099207488098,0.5838852846266427,0.5872806696936397,3.3953839175432607,0.09982379752983074,0.4495313276636296,0.7343746337284927
232,0.4674859670543465,0.4640556718428901,0.42759914773966434,0.5823942343079388,0.5858245271708133,3.4302945223674794,0.1019956849866653,0.44707996011337986,0.7337218095347708
233,0.467007309788206,0.46358790191526505,0.4268013544008002,0.5821571285752951,0.5855765327269673,3.4194022109500795,0.10001851888001502,0.44734264012076264,0.7330429072901687
234,0.4663992303015732,0.46296979474609556,0.4263629341198412,0.5809168575607044,0.5843462862527469,3.4294367065615,0.10126676888732268,0.44684909372588805,0.7309729433308492
235,0.4681625724610943,0.46472933201019434,0.4285272360169746,0.58271438443176,0.586147623509973,3.4332412993062866,0.1042025233074331,0.4473753217614439,0.7340038653842491
236,0.48999004049368067,0.486549314598078,0.4535210773150412,0.5988335689866916,0.602274298603563,3.440726986803053,0.14786374928197143,0.46583357597049424,0.7468659108643396
237,0.513474257333796,0.5100270192714937,0.48256534311187144,0.6143385146152377,0.6177857513048529,3.447239025499633,0.2053873093812832,0.48128465414261723,0.7610240608249993
238,0.5426807966795102,0.5392228897933096,0.5183013440379568,0.6336080866264928,0.6370659935126934,3.457906847508016,0.2757595801211896,0.5016381427211356,0.7775063096683374
239,0.5686471588150894,0.5652346800410863,0.5421537145216202,0.6605494334870167,0.6639619150063939,3.4124788611687613,0.2931144242236922,0.5330388715216564,0.8003078273364476
240,0.524841163957578,0.5213823104642543,0.4896318064013931,0.6314458311483473,0.6349046864111503,3.458856728318013,0.19133331457212616,0.4992350723169484,0.7783270306448234
241,0.5042678084721793,0.500816842513618,0.46649773089136737,0.6143341488913694,0.6177851121045566,3.450966045297964,0.15553146211437804,0.4826100957011868,0.76135165116992
242,0.49596010168364857,0.49251122942670894,0.4578808940606565,0.6064298332230827,0.60987870508323,3.448870364175764,0.14541586480174146,0.47480003272470445,0.7534267837171633
243,0.4774283970183029,0.47397173726116854,0.4381310449053204,0.5908921874011323,0.5943488402948315,3.4566570332943427,0.11680585922912627,0.45667187421816896,0.740915397981724
244,0.4723101762204172,0.46886195255810087,0.43234168659572597,0.5868446775459051,0.5902929002323267,3.4482235223022712,0.10735265186479427,0.45244843984902783,0.7372239907682693
245,0.46781736356013537,0.46436029084941044,0.42795162820352756,0.5823931674941832,0.5858502384354288,3.4570711051958765,0.10309184814215822,0.44756500926451875,0.7331980285390585
246,0.46601450775715464,0.4625623147879714,0.4264678904138567,0.5804679516237732,0.5839201404748953,3.452190850354991,0.1025367638819421,0.444974392781201,0.731892509827643
247,0.4645084088742626,0.46106792545095543,0.42471845915052436,0.5794332783700065,0.582873760817419,3.4404833098888914,0.09928382161807654,0.44374843206110515,0.7311231140482979
248,0.46206934979040015,0.4586315762872274,0.42247756602481873,0.5769594109242835,0.5803971916876838,3.437773381689977,0.09753297165052288,0.4407752714769666,0.7291244536734777
249,0.4608869253516669,0.45745002979981725,0.42158952930197524,0.5752248149546156,0.5786617105064653,3.4368955015750102,0.09842563429649634,0.4393100481682778,0.7270328800383984
250,0.4600086894962761,0.4565760272790649,0.4205619199278544,0.5748783605653804,0.578311019061323,3.432662197993616,0.09596525931334744,0.4383340678055452,0.7273864313911816
251,0.4603765073891551,0.4569404685656001,0.4208477873109836,0.5750361389502985,0.5784721860099756,3.4360415270621076,0.09652056871836628,0.4391475071277323,0.7268753011864095
252,0.4596474857886261,0.4561994903462531,0.42004076086089265,0.5744454464538358,0.5778934377781476,3.4479953364186597,0.09525849216005364,0.43844322241995565,0.726420568300263
253,0.45747737434752,0.45403393128227953,0.41804564476399253,0.5720821312109572,0.5755255678095548,3.4434400365780737,0.09403786765623967,0.4359831842813358,0.7241158674157064
254,0.456899892591066,0.45345087888301727,0.41727193854360456,0.5716895127562406,0.5751385288128711,3.4490138548404548,0.09246257779172704,0.4357619190353333,0.723591322433867
255,0.4557338190962403,0.45228853253376233,0.41633784235832116,0.5705367017452903,0.5739820002651592,3.4452906695575582,0.09198850117953572,0.4339165612492213,0.7231084586219335
256,0.4549662461916548,0.45152512118729726,0.4160198267842849,0.5693162248991684,0.5727573461822573,3.441125948337309,0.09356878176680054,0.43232075888804283,0.7221699292044624
257,0.45550335387653396,0.4520519416659974,0.41603124087000115,0.5705419740645994,0.5739933835297619,3.4514137102829205,0.09102590478884312,0.43363206586678193,0.723435744251781
258,0.45418457095466014,0.4507325775184062,0.4151319818193855,0.568591906982345,0.572043900418599,3.4519920471804997,0.09233695372923023,0.4317373916608646,0.721321597550575
259,0.4532401939440477,0.44977387454536333,0.41376578920434043,0.5680273986411807,0.571493712549117,3.4663143811701183,0.08928446761510406,0.4315655107076068,0.7204473919901071
260,0.4535321882835778,0.4500716358219475,0.41459938879491787,0.567875807428583,0.5713363585175263,3.460550976211367,0.09219036163636873,0.4307560824198275,0.7208517128806099
261,0.4523333571355263,0.4488775826650114,0.41360637291424046,0.5662437203806396,0.5696994944543622,3.455775955590725,0.09254163386485867,0.42942998682950717,0.7188475172740172
262,0.45143983357885237,0.4479793449900656,0.41272300728450967,0.5653908685755927,0.5688513530463184,3.4604877450132423,0.09159410896383631,0.428440180409079,0.718134756159465
263,0.45120852602261696,0.4477640885850344,0.4123387185735383,0.5655180218409359,0.5689624524150834,3.444433792326338,0.09013396289471715,0.42836318739072243,0.7185189920434337
264,0.45138229525702683,0.44793536881612933,0.4124614895677,0.5657246862224814,0.569171619526814,3.4469295048207504,0.09008029253416758,0.42864024988735866,0.7186639318795631
265,0.450058645623414,0.446622476769935,0.41130972607781796,0.5645028188014983,0.5679389845128109,3.4361672826103273,0.08907596909847565,0.4267565625075944,0.7180966372625482
266,0.4484998520306865,0.44504603326384995,0.40963343984791595,0.5631617886979788,0.5666156115828765,3.453819687823762,0.08669450374259156,0.42522690141960284,0.7169789092795547
267,0.4491185349884459,0.44567320784590747,0.4100775716222418,0.5637426200896212,0.5671879454626801,3.4453255792194324,0.08685106268275251,0.4264424306083472,0.7169392164897129
268,0.44839864775147015,0.4449494023274157,0.4097449542721985,0.562659114245332,0.5661083596693864,3.4492448535313835,0.08809791510966923,0.424943649080341,0.716193289025819
269,0.4473677861171474,0.44390809555283633,0.4090100543432074,0.5611974889102194,0.5646571808472174,3.4596925481011773,0.08889164648797282,0.423441013937247,0.7146974998054079
270,0.4464062558377806,0.4429496164135729,0.40814277730257487,0.5601661913512465,0.5636228348935153,3.4566390428580838,0.08836941619964331,0.4222902875767633,0.7137686142221378
271,0.44663898357816545,0.44317260117529106,0.4080745076566945,0.5608559501132505,0.5643223287948562,3.4663815903294726,0.08670662126338666,0.4228809966527116,0.7146359040780906
272,0.4464899422711458,0.44300872295526517,0.40813870574124816,0.560566992050197,0.5640482058753294,3.4812205795248277,0.08751366203285542,0.4221762069140719,0.7147262657705337
273,0.44477077897138073,0.4413112346411352,0.4062941430304796,0.5589833125316569,0.5624428596072765,3.459543652481293,0.085120376439436,0.42079269277959386,0.7129693550143837
274,0.4444141358984336,0.44091983384561007,0.4061080107117523,0.5582097806532462,0.5617040799606957,3.4942994598177277,0.08616981344091759,0.4201979538805839,0.7119562758864066
275,0.4444710172715484,0.44100967730580154,0.40594820290557254,0.5583602802579288,0.5618216266903185,3.461343225535406,0.08535729682447671,0.4209600889605556,0.7115272119046115
276,0.44393732564704114,0.4404820368718054,0.4058869513795289,0.557711756821372,0.5611670459934,3.4552873411209473,0.08653132961717773,0.4191844996229785,0.7119450309843672
277,0.4437547925995082,0.4402819307384923,0.40561933980094483,0.5574496164301309,0.5609224700550245,3.4728612334404803,0.08625222205815447,0.4192486732243719,0.7113571465337135
278,0.4427624040582533,0.43929051936809516,0.4044194091091314,0.5565372193061263,0.5600091016477027,3.471884655326165,0.08444749248911469,0.4187889489371728,0.7100218041803649
279,0.4424883723687937,0.4389997757609348,0.4042033498966681,0.5560906054562654,0.5595792048094984,3.4885974216049376,0.08471632846163606,0.4184419247541294,0.7094517918146098
280,0.4417722429054682,0.4382947032165939,0.4038630610170361,0.5552878228611722,0.55876535940788,3.4775406125210395,0.08534892731570391,0.4167641495555886,0.7094761205474521
281,0.4412336353884193,0.43776876748830734,0.40331054970316427,0.5546618868610592,0.5581267565306506,3.464868415555923,0.08495080489806024,0.41642174260914006,0.7085590908191924
282,0.44031570270019454,0.4368261576728368,0.40251873448067493,0.5536930645571719,0.5571826068391557,3.489544817508232,0.08453134907132732,0.41506211989944297,0.7079627326642407
283,0.440130761219641,0.43662734660539493,0.4023510695855023,0.5536341693342139,0.557137581203086,3.5034132351245586,0.08413487406311468,0.4146243021315746,0.7082940347120031
284,0.44075561394447815,0.4372661850914847,0.4029815196990967,0.5539838022660677,0.5574732362130169,3.489429629162174,0.08535606024794203,0.4155920824480383,0.7079964010953131
285,0.43997370648744427,0.43648175562230235,0.4021868567515638,0.5533225687127526,0.5568145219264763,3.491952042993173,0.08428071246500193,0.4147082454718974,0.7075716081005329
286,0.4391183839529785,0.43562530581150694,0.4015687196728307,0.5523527988687442,0.5558458889676067,3.493081215518376,0.08440218653802006,0.4132683805721876,0.7070355730418809
287,0.43873912800598075,0.4352561095263641,0.4011945433756481,0.5518229984044599,0.5553060100206414,3.4830152679579256,0.08435540537464829,0.41308275554711205,0.7061454775565903
288,0.43827384146223314,0.4347868536435773,0.4006352140110746,0.5516684991543822,0.5551554924637863,3.4869876710061933,0.08294453513991193,0.412548035340328,0.7064130679228702
289,0.437924532741898,0.4344209948431978,0.4001863389596016,0.551093901756557,0.5545974382825702,3.503537410881589,0.08276008835217213,0.4126464378902405,0.7051524875317602
290,0.43768726738076624,0.43419242353480514,0.4002507697360556,0.5506452278895273,0.5541400666415327,3.494841775434315,0.08390381947540473,0.4117855009049467,0.7050630033938479
291,0.43736324413468747,0.4338686340959349,0.3996320066905871,0.5507442492639131,0.5542388657693084,3.4946123931681607,0.08177520552956402,0.4118866763791835,0.7052341418842825
292,0.43685245431340314,0.43335536449407663,0.399619361948049,0.5496845701565284,0.5531816631180213,3.4970901976733297,0.0839649073862695,0.4104721049431975,0.7044210609621004
293,0.4369447018418993,0.43345357969365733,0.3996159160317342,0.5498211479049743,0.5533122682837369,3.4911200582402007,0.08366698238190322,0.4108297297447523,0.7043510409257703
294,0.436170416690755,0.43268931280927464,0.3989355778170816,0.5488891749984286,0.552370278879909,3.4811018863656016,0.08351594090365214,0.4099944110888721,0.7032963755792231
295,0.4349233718838954,0.4314139691262247,0.39786527053020376,0.547440711865969,0.5509501150204321,3.509402454135314,0.08324107551325907,0.4082965920322359,0.7020581660617294
296,0.43457622810549423,0.431059662430953,0.3972555090515422,0.5474349686292145,0.5509515352796505,3.516564312835699,0.08136079341344758,0.40832888481641855,0.7020768418548862
297,0.43529560338382717,0.43179586573700635,0.3982228150939118,0.5478835787949866,0.551383313299641,3.4997336580496805,0.08341912847493527,0.40868618638234927,0.7025631355184065
298,0.43323419677692165,0.4297365542258578,0.39637082814097874,0.5456328289077281,0.5491304700861049,3.497641966985515,0.08240591374317405,0.4062169702759146,0.700489594958677
299,0.43347020454224855,0.42994730508597734,0.3963213074910808,0.5461012630764638,0.5496241666507962,3.522898481320288,0.08126691961275583,0.40692405656285746,0.7007729499277429
300,0.4323302420856885,0.4288243153469303,0.39564176261446465,0.5447017856963722,0.5482077000809471,3.50592459213309,0.08210172321340428,0.4047844422811568,0.7000391405449792
301,0.4327519740956256,0.42923364151549365,0.39590509403691354,0.5449067035267018,0.5484250439461635,3.5183352346512944,0.08248792310419938,0.4058391974743599,0.6993881642239349
302,0.43151706890392405,0.42800973734867664,0.3947515247557909,0.5438920851661474,0.5473994208394559,3.507331621307999,0.08104206605828808,0.4041878248599417,0.6990246835394959
303,0.4319428066934515,0.42844166741520434,0.3954411263451297,0.5437609711196106,0.5472621117705447,3.5011413764850663,0.08345799142720674,0.40445224223869575,0.6984131419002345
304,0.4314348806190422,0.4279365082059931,0.39464731687648386,0.5436849275824405,0.5471832999954896,3.498368380866749,0.08115441709242094,0.40434676018409826,0.6984407749695931
305,0.4298230263023507,0.42631893050288844,0.3933042650408949,0.5418337931861205,0.5453378940795385,3.5040995547907863,0.08088008675237661,0.40216543554144396,0.6968672695499653
306,0.4300696554909768,0.42655292426823455,0.393663084476961,0.5418998421461044,0.5454165747415337,3.516731472828698,0.08185472691410864,0.4022080653024346,0.6969264528870626
307,0.42975101505478924,0.4262202267661374,0.39323264550244735,0.5415843204655807,0.5451151114996066,3.530789394865966,0.08118257347726272,0.40214548203403805,0.6963698738725462
308,0.4295913812474151,0.4260664218383197,0.39313018503228553,0.5413900849929856,0.544915043029394,3.5249597997106035,0.08127313868128254,0.40188279226770846,0.6962346231263934
309,0.42846895139309177,0.4249403713503601,0.3926212076726428,0.5397253120576104,0.5432538907276551,3.5285785432426393,0.08319530164479094,0.3995040077964107,0.6951643148957932
310,0.42890365166001804,0.425367302412436,0.3925128787080347,0.5406419391167082,0.5441782805249604,3.5363482896180924,0.08093105430020064,0.40099403051945665,0.6956135593502158
311,0.427935545426901,0.42442518075879165,0.3918345104494126,0.5394270494070873,0.5429374144719891,3.5103632798937854,0.08138122740153059,0.39956118106927835,0.6945611203304509
312,0.42606290967913146,0.42253909961659947,0.3900963656976953,0.5378796251697822,0.5414034352323142,3.5238081820365466,0.07924196489501145,0.39688277924476917,0.6941643644683264
313,0.4268072168897407,0.42327903954834334,0.3904276199587904,0.5385084866018937,0.5420366731553079,3.5281788939063863,0.07894719978134251,0.3989444383831923,0.6933912295967437
314,0.4265466330612508,0.42301237456615814,0.3906298242764063,0.5379800267595316,0.541514287603206,3.5342617638894405,0.08068626881257027,0.39757075469328285,0.6936324430095416
315,0.4251339575312643,0.4215956377271012,0.389028627448221,0.5365905292002405,0.540128846655822,3.5383204455511224,0.07863979203778662,0.39666918070250257,0.6917769283260017
316,0.4258402093746286,0.4223146529860872,0.3900705028905762,0.5369335406115691,0.5404590946515286,3.525556663336107,0.08115168684472193,0.39683180524102646,0.6922280107440173
317,0.42536711598437826,0.421863601185427,0.3895082907330951,0.5367040949229844,0.5402076069765616,3.5035133632922095,0.07988956112169285,0.3964754505288734,0.692159863095697
318,0.4245365880384167,0.42101868968852435,0.38903453557900536,0.535441926161391,0.5389598258839704,3.517901137476561,0.08107414477836232,0.3949750798367991,0.6910543715451938
319,0.4244161417111942,0.4208942171415437,0.3888493151856052,0.5352536807518375,0.5387756080668622,3.521925004620739,0.08089529618100753,0.3950967765853919,0.690555864463139
320,0.4242226706107944,0.4207166675699405,0.38860159167586233,0.5352195159442651,0.5387255199610136,3.506006903080427,0.08019839772252824,0.3949753332262461,0.6906310422637558
321,0.42338865916048635,0.41985682187083817,0.3878265347314336,0.5345088327347095,0.5380406649304019,3.5318364209946904,0.07928793688886841,0.3937086296750728,0.690483039147822
322,0.42319578052467904,0.41965780560813304,0.3876743334130702,0.5338990575506259,0.5374370342366512,3.537974718964842,0.08009815269416938,0.39380358576174046,0.6891212489331271
323,0.4235180832576992,0.41998056049139304,0.38776515414063645,0.5347147579028393,0.5382522885084753,3.537524000523373,0.07866425722698035,0.3942917136783092,0.6903394864762846
324,0.42162090542077074,0.4180839795695659,0.3862866431249479,0.5320178300581977,0.5355547627728378,3.5369283915338174,0.0797486292689599,0.3920042576679183,0.6871070402180732
325,0.42188448479553914,0.41833826913469857,0.38678770005896007,0.5320497607103823,0.535595980489284,3.546217593583927,0.0812364850419809,0.39176488910359675,0.687361727991135
326,0.4215439514918223,0.41801626588338225,0.3861260692950589,0.532316901543107,0.5358445830334858,3.5276849593306325,0.07862119113650413,0.3918245786619341,0.6879324280730937
327,0.42092805289029644,0.4174072486155751,0.38593766672356433,0.5309893488883972,0.5345101555117002,3.520805335980004,0.08082896862990052,0.39073120639366227,0.6862528127017918
328,0.4199480218353697,0.4164363025932614,0.3847677480320829,0.5299939981850414,0.5335057201725238,3.5117199984588567,0.07929181553404638,0.39037252171685605,0.6846389094459449
329,0.41962419930187306,0.4161085997523486,0.38451716182642853,0.529764035615444,0.5332796379103425,3.5155982353482242,0.07899784854941336,0.3897146804270962,0.684838951942345
330,0.4196522769073481,0.4161250546451265,0.38454987343029395,0.5296194920354543,0.5331467156703629,3.527220385929971,0.07940337678518772,0.38985249387269916,0.6843937358525041
331,0.4191014953828965,0.4155698389769373,0.38411437209324256,0.5292260004659916,0.5327576541265767,3.5316569649860043,0.07887954941571038,0.3887742634684373,0.6846892868241375
332,0.4196183244158528,0.4160799613827722,0.3845903332090155,0.5296510139057301,0.5331893769388106,3.5383628569476335,0.07946270101037803,0.38947461731530814,0.6848336812102053
333,0.41848436761520114,0.4149567768830282,0.38367162338689575,0.5285576944644608,0.5320852855934262,3.5275903610326953,0.07891124472177556,0.3877171821712633,0.6843864252859845
334,0.4185542936546419,0.4150154725194363,0.3835597877216751,0.52861490842463,0.5321537299566279,3.5388216347778476,0.07844383596097793,0.38828020406395636,0.6839553160863028
335,0.41690067369417133,0.4133521537207665,0.3824166014345484,0.5264865995397152,0.5300351222584941,3.548519061254314,0.07937281418453665,0.3855724230478375,0.6823045579423661
336,0.4169207643094188,0.41336117937394123,0.3828046848315822,0.5262204565003262,0.5297800445779702,3.5595853797134285,0.0811370105066073,0.38475326186206193,0.6825237950218286
337,0.41657751451168357,0.4130297160569006,0.3818651918307102,0.5266056862311553,0.5301534833132513,3.5477965634776,0.07741105889203781,0.3854606939267237,0.6827238166490962
338,0.41606837711603617,0.41250495687153926,0.38174056396633654,0.5250505175080905,0.5286139442192302,3.5634213560302723,0.08029549693023184,0.3848399366243746,0.6800862638887719
339,0.4155133176446176,0.41195703877223916,0.38130375677495176,0.5246112887573654,0.5281675648843698,3.556277049621604,0.07986374590284492,0.38385014445629856,0.6801973505601818
340,0.41545772365890593,0.4118820367291832,0.3811714481582484,0.5249584107872564,0.5285340990896661,3.5756876542440375,0.07872299497163567,0.38350011301624043,0.6812912294786583
341,0.4152798814368617,0.4117238151379393,0.3808041171939221,0.5247439173710093,0.5282999768064965,3.5560649418496277,0.07803422764088448,0.3840175810242866,0.6803605553699766
342,0.4152912279499139,0.41173391668819703,0.38110428337529223,0.5245911043168143,0.5281484142058442,3.5573088856814103,0.07928718516576973,0.383343801937244,0.6806818802350715
343,0.4138447871179021,0.410301400178969,0.3797480634066131,0.5228211144484732,0.5263645096235285,3.543389999253066,0.07880127841500165,0.38204133585658423,0.6784015665297973
344,0.41288923015050555,0.4093319681232119,0.3788011189028701,0.5222182135738114,0.525775475601105,3.5572635759420215,0.07713067540701193,0.3806200828664635,0.6786526017756975
345,0.413602068081911,0.41005160376166816,0.3795002648280481,0.5226393450546196,0.5261898162382976,3.5504686491830006,0.07841463346797041,0.3817140887370424,0.6783720804616332
346,0.4139489781067242,0.4104070630529108,0.380135541159114,0.5227077177807169,0.5262496424433395,3.5419174587610773,0.08024233987152084,0.38154649234753196,0.6786177963522451
347,0.41156027425575187,0.4080180797314378,0.3775794128905787,0.5200568113707947,0.5235990004043607,3.542194764534318,0.07788558403507931,0.3799257609066924,0.6749268984271279
348,0.4120078757861056,0.40845343831976183,0.37779432992018913,0.5211585286110586,0.5247129684259841,3.5544375380666704,0.07623516430943593,0.3803102230266428,0.676837605017044
349,0.41136885028213166,0.4078075990118368,0.37755330932702297,0.5201251485357185,0.5236864002028058,3.561251447028331,0.07766079305583687,0.3788784903538832,0.6761206313404688
350,0.4113286925267298,0.4077897024008815,0.37764466781545863,0.5200281271877886,0.5235671159409498,3.5389869336646083,0.07814844766080101,0.3786216711410304,0.6761638944892843
351,0.41027052926262236,0.40671250635919576,0.3765964589452692,0.5190935245560587,0.5226515409928425,3.558019563679045,0.07686124901552345,0.37730905149814337,0.6756190723032778
352,0.41041768673899875,0.406862543722244,0.37693944243099586,0.5185876245677107,0.5221427689571525,3.555144431651947,0.07898984698511019,0.37758011752943976,0.6742483574780426
353,0.40913997064523877,0.4055818530800275,0.3755192717509803,0.5178058365130004,0.5213639581962728,3.558119588037239,0.0762268403245417,0.37618594808345135,0.6741450211477605
354,0.40975583559448403,0.40619141487562216,0.37602666865453827,0.5185581888171056,0.5221226099327598,3.5644210175929114,0.07621898161888808,0.3769465116834246,0.6749145041356287
355,0.4083532395981421,0.40480266894827477,0.37514516125698233,0.5166276238534295,0.5201781917579228,3.550572236865148,0.07754411570092422,0.37463214545208756,0.6732592257976361
356,0.4079825462262036,0.4044153364753929,0.37481642327063286,0.5159493862574545,0.519516590517517,3.5672072146856,0.07795053308668133,0.3743780160623731,0.6721207175206778
357,0.40707424201524356,0.4035147232690189,0.3735450053759812,0.5155573158158635,0.5191168373074623,3.5595203356246974,0.07482946261672417,0.3740357528405466,0.6717698164190393
358,0.40821073428681104,0.4046559902501218,0.3751156081201877,0.5160882348163216,0.5196429788530109,3.5547411913664146,0.07858696350437053,0.3745531688902437,0.6722066824107601
359,0.4079881728810773,0.40443014980606484,0.3747096059883443,0.5158858420223416,0.5194438709848945,3.558025544390656,0.07775267915208377,0.374833804426883,0.6715423416302074
360,0.40708127982455994,0.40351452706056606,0.3737663829892863,0.5151570171664712,0.5187237681609858,3.5667525855445654,0.07635851350243292,0.37380310535945666,0.6711375357951136
361,0.4058232159762985,0.402255597540096,0.3727586979636961,0.5136003269699676,0.5171679463820648,3.567619789586131,0.07650561896952077,0.37211659449860107,0.669653888055857
362,0.4047527813726983,0.4011949925874797,0.371891792781836,0.5125525973927593,0.516110391668726,3.557792240014476,0.07601910764395053,0.3704713999195552,0.6691848798036661
363,0.40650307837258404,0.40294728415524544,0.37360895730986704,0.5140382582311709,0.5175940506790301,3.5557916263918004,0.07822322253755805,0.37260764192745555,0.6699960278109193
364,0.40573402575427314,0.4021581491149128,0.3727661658208462,0.513470759898821,0.5170466310474331,3.575874646905087,0.07680136235863153,0.37174362070743194,0.6697535272466488
365,0.4056229709013197,0.40206534999143567,0.37287086982999873,0.5133243691753938,0.5168819873399038,3.5576202946628928,0.0774341996875801,0.37112486775335796,0.6700535579180709
366,0.40519383192577135,0.4016200118933105,0.3722584893288223,0.5128040002292332,0.5163778271251293,3.5738207229224415,0.07662829130716399,0.3712509646824085,0.6688962100906825
367,0.40290710875867036,0.3993164301240303,0.3704161893210423,0.5098948857045594,0.5134855598243461,3.5906768060494088,0.07702997752598353,0.36822422704022323,0.6659943679117736
368,0.4031579928159628,0.3995800243838737,0.3704454367239727,0.5107342371111853,0.5143121996557339,3.5779654247892037,0.07535518516028,0.36857323805905795,0.6674078695419754
369,0.4033172578209379,0.3997429381840175,0.3707471776240247,0.510742974221256,0.5143172928822817,3.5743182664639916,0.07627324275766272,0.3684889676760495,0.6674793201541248
370,0.40239503662249043,0.3988146706959806,0.3698922512706298,0.5096514873707968,0.5132318505519327,3.5803647449695193,0.07591597192437154,0.36751615093868817,0.6662446506463525
371,0.40243912869196397,0.3988650428944245,0.3700206592040939,0.5095464431282941,0.5131205234350854,3.5740824260485176,0.07653537516479829,0.36749990534851046,0.6660266843104629
372,0.402835747274661,0.39925513060756107,0.3702635637565927,0.5101134985653176,0.5136941166051046,3.5806173684572133,0.07609648997458077,0.36813779644461664,0.6665564208804553
373,0.4013162448643008,0.3977450194355394,0.36884838773776146,0.5086905425638979,0.512261768968554,3.571224293720812,0.07469762160103284,0.36625612505951904,0.6655914131665924
374,0.4022844342415004,0.3987287886068091,0.37012088413545663,0.5090768744337254,0.5126325241864779,3.555646560911911,0.07783414684597989,0.3670169998412082,0.6655115059014918
375,0.40165112963594435,0.3980760662493066,0.3693390009256523,0.5087765782331554,0.5123516471105413,3.5750630057171207,0.07603923947466239,0.36637441905636975,0.6656033409589828
376,0.401009090419037,0.3974510237504871,0.3689936044277069,0.5076829375831203,0.5112410083697313,3.5580712168625936,0.07726776345454346,0.3654177576121172,0.6642952835915885
377,0.400547603419377,0.3969758235215712,0.3683407787540569,0.5074500598337806,0.5110218465950216,3.5717849214971817,0.07573158799604617,0.3652113660092232,0.6640793799538971
378,0.4005989585475297,0.3970252869583026,0.36822741749733634,0.5077930137209431,0.5113666866828572,3.573675425973201,0.07465839408506975,0.3654321968426761,0.6645916646528089
379,0.3997925300956759,0.3962150470693148,0.3679137760441524,0.5062267779553267,0.5098042609816877,3.577483210987477,0.07697954135549802,0.36395297873230364,0.6628088020042963
380,0.398769621692059,0.39518062376255353,0.3670541966463345,0.5050102275839466,0.5085992264893467,3.5889981183357142,0.07687082333867608,0.3625946038487404,0.6616971607300909
381,0.398875234731027,0.39531431902909114,0.36677010541298527,0.5057287147123207,0.5092896331596306,3.5609151313269725,0.07447787241010882,0.3633449968887602,0.662487445224228
382,0.3991286287143875,0.39554993790574705,0.36715428407306333,0.5057487392670047,0.509327424584897,3.578690638084041,0.07562798289525162,0.3633693859876596,0.6624654670248962
383,0.39827953328885546,0.39468111532675615,0.36663587271802583,0.5043068195513231,0.5079052443768576,3.5984193121370285,0.07705216892077023,0.36207017500909294,0.6607852821171648
384,0.3968164507284916,0.3932336432636106,0.365022171086311,0.502909501236349,0.506492304583169,3.582807112958372,0.07498331924015003,0.36106006494954834,0.6590231300987499
385,0.3975593621844909,0.39398066143459365,0.3659521445026068,0.5035766567331117,0.507155354737635,3.5787009354674075,0.07646612848747372,0.36135165719901885,0.6600386587223933
386,0.3965185989618044,0.3929378193202916,0.36469203012802054,0.5026580168751342,0.5062387841624637,3.580776309400808,0.07448770373673609,0.3608187721675572,0.6587696194906122
387,0.3967860053129529,0.3932040275408665,0.3653000747719957,0.5027962380838549,0.5063782148800466,3.5819804028411184,0.07608403548592928,0.36021176339825867,0.6596044314641153
388,0.3960544449170316,0.3924654409391239,0.3646452301116503,0.5018100332295822,0.5053990409287586,3.5890054130519884,0.07612612926357296,0.35948669367790564,0.6583228565111741
389,0.3949221013560918,0.39131409508927173,0.36336248560790835,0.5008431039469068,0.5044511088410398,3.608008824908163,0.07417914790133857,0.3585288366768677,0.6573794687682238
390,0.3954298741506904,0.3918445268609018,0.3641129668323459,0.5011045276239305,0.504689870795658,3.585345993886195,0.07595833352344333,0.35869340027523966,0.6576871791517361
391,0.39389095344145375,0.3902797643745404,0.3626690236151154,0.4993432751230389,0.5029544641899522,3.611188506513845,0.07518179932915509,0.35697907339158186,0.6558461946392712
392,0.39570597793267503,0.3921172969973572,0.36424940024489505,0.501625113433194,0.5052137902504508,3.5886772632942048,0.07528668500485718,0.3591074861181259,0.6583540266303975
393,0.395442883266567,0.3918512035033908,0.3639456813993451,0.5009748508665106,0.5045665292569999,3.5916806929143226,0.07571191428086448,0.35935637555391764,0.6567687496044259
394,0.39455297251492366,0.39097245274022485,0.3632056979813049,0.5002230375136519,0.5038035545429767,3.5805227545449614,0.0749968134051778,0.3579350051347109,0.6566852547145224
395,0.3939810310091291,0.3903908504132274,0.36273079340558295,0.4994842773635167,0.5030744538413573,3.590180819649712,0.075076926895057,0.35720411080300013,0.655911322461911
396,0.3925657208530368,0.3889510793924417,0.3616170129058772,0.49775332444089054,0.5013679668773804,3.6146399465212937,0.07526130502163485,0.35510945536756566,0.6544802886155408
397,0.39273523699898394,0.38915461200996887,0.361758770638981,0.49817130738516086,0.5017519292320095,3.580623008570855,0.07482205567256114,0.3552695797818648,0.6551846815725589
398,0.3923964910410256,0.388786819972937,0.3611681694691024,0.49776811524019177,0.5013777821902192,3.609671789178234,0.0738372571629644,0.3555959401670314,0.6540713027768446
399,0.3929077920488163,0.3893182546640309,0.36195575084219567,0.4980288991270927,0.5016184365118781,3.5895397302786107,0.07573289466273145,0.3556568382047157,0.65447750598589
400,0.39165790290573427,0.3880730492470718,0.3608135860165318,0.49657587033031914,0.5001607263375633,3.5848546893787967,0.07524463824978746,0.3543263831319634,0.6528697436385208
401,0.391010413799581,0.3874107164288219,0.36012256028584416,0.49605405088292903,0.49965374962637515,3.5996966441786946,0.07419770706703697,0.3536008653901558,0.6525691026575748
402,0.39175215334547386,0.38814581163326756,0.36100253653680736,0.49653768997348524,0.5001440303130045,3.6063391657002586,0.07591134529881187,0.35417328293952377,0.6529229785007039
403,0.3922085014981904,0.38860574742151105,0.3614557478422739,0.49671570418892513,0.5003184541475434,3.602752685632668,0.0769433991145041,0.35494958171530483,0.6524742396669707
404,0.3905668783183577,0.38695967587776087,0.35970274424673027,0.49551525097521315,0.49912244969454117,3.607199686214451,0.07402817504135299,0.3531500524799358,0.6519300179886449
405,0.3892965754423694,0.3856839333218866,0.35864293657862567,0.4939054023151391,0.4975180403175608,3.612640311710266,0.07412532703852473,0.35158907962857755,0.6502143995459022
406,0.39013475239727297,0.3865409027590688,0.3595838747401167,0.4947314293490077,0.4983252789872119,3.593847474163065,0.07530797779367054,0.35223100312153355,0.6512126509085453
407,0.3901279988414137,0.3865239046682939,0.35965166129667836,0.4946351860786951,0.4982392802518149,3.604092858771962,0.07572080264388764,0.35204742643506287,0.6511867499986369
408,0.38870176918517774,0.38508965042307464,0.3582628190131357,0.4930321210127333,0.49664423977483646,3.612119781494827,0.07478256056841949,0.35065677281591096,0.6493491325158788
409,0.38843646506132434,0.3848337039281757,0.3583513713646553,0.49278418607701496,0.4963869426953102,3.6027591325431128,0.07557891347868145,0.34937676954672636,0.6500984305269901
410,0.3879940789588367,0.3843916224978647,0.3578525846297898,0.49198328393446794,0.49558573941954526,3.6024559312863675,0.07571559237164102,0.34947925034981486,0.6483629063635089
411,0.38838248287829275,0.38478333364934875,0.35784826908406697,0.49279111196944164,0.49639026159517796,3.5991481952248567,0.0740029905105332,0.350600935650112,0.6489408684317352
412,0.38748529845109386,0.3838784333268873,0.35720465954536584,0.49162944483216525,0.49523631367764054,3.6068652147181215,0.07444906391849532,0.3491956853918053,0.6479692277010931
413,0.3875012312831103,0.3839055257398647,0.35730801190820344,0.4916731031432603,0.49526881103508763,3.5957071669627627,0.0746779783678145,0.34898049991608693,0.6482655653725343
414,0.3877669847474848,0.38416173799984227,0.35761408331412214,0.49211654597883303,0.49572179409916256,3.6052476131216835,0.07469509769875869,0.34889283176805097,0.649254318126975
415,0.38649125513562027,0.38287582840152506,0.35615408673651916,0.490559993630135,0.4941754176188562,3.6154265747777248,0.07343822673697745,0.34840484703989844,0.6466191856283728
416,0.3871201312597727,0.38349851965904236,0.3570622107608578,0.49110804742169323,0.49472966314048467,3.6216083849535954,0.07510372889625293,0.3482644673773349,0.6478184359714512
417,0.38628188265704044,0.3826530765569137,0.3562487527143616,0.49027720495881516,0.49390600968625487,3.6288066221767727,0.07432682107639381,0.3473093583777724,0.6471100761419408
418,0.3863783935798763,0.38275985833164944,0.35610083368623285,0.49053030993793456,0.4941488479315355,3.6185342846005972,0.07333540392301631,0.3480131922114792,0.6469539182998586
419,0.3867012246579908,0.38308405364619263,0.3561884831850286,0.490960329052526,0.4945775041823852,3.6171763790902065,0.07270287792860239,0.3489234714617014,0.6469390970762362
420,0.38595968406592485,0.3823351778543094,0.3557257446486901,0.4900838426009662,0.4937083446945206,3.6245057996377192,0.07311046680354437,0.3474652172636325,0.6466015585037649
421,0.38476259112572575,0.3811375759582204,0.3548027792608365,0.488661568085038,0.49228658187985636,3.6250170767414525,0.07323774939101993,0.34569422936602523,0.6454763516285043
422,0.3890892102075764,0.38545988238985995,0.35905833423845457,0.49267897142828604,0.4963083006186895,3.6293296270895534,0.0779942631662514,0.35053401339307194,0.6486467372903553
423,0.3893131993365142,0.3857055398876524,0.359387045103511,0.4924884650744994,0.4960961217779871,3.607657196025018,0.07941510539050152,0.35099350702595306,0.6477525281408529
424,0.3875017581482764,0.3839065327452172,0.3576015844410295,0.49084159020855944,0.4944368169843057,3.5952274257993473,0.07733814148872437,0.34899456587228983,0.6464720432086573
425,0.384600709125094,0.3810021912571165,0.3548724431813986,0.4879308739511518,0.4915293904464422,3.5985195641038916,0.07499090149950406,0.3455803962374128,0.6440460212413421
426,0.3830820651803355,0.37947349528607466,0.35334091650448757,0.4866384585240883,0.4902470270456621,3.6085684179358877,0.07295645197257587,0.3438114893226239,0.643254828221423
427,0.3828759591606891,0.37926915958228835,0.35328320982474226,0.4861889272638687,0.4897957278181641,3.6068025880170493,0.07372288308037661,0.34343278038068487,0.642693965715571
428,0.3824182935179717,0.37880549807478175,0.35266275167164934,0.4858651029072721,0.489477895605088,3.612793377724943,0.07247847794800107,0.3432843182510762,0.6422254669447518
429,0.3812454603438156,0.37764669576751625,0.35149888546829733,0.4848162799955658,0.48841504222328347,3.5987627886318827,0.07107263173440155,0.3420247729946787,0.6413992588663324
430,0.38163784377949833,0.37802889783333515,0.35191893229041865,0.4847807703085965,0.48838971762744676,3.6089451959897563,0.07245094668537046,0.3427347295702083,0.6405711252940735
431,0.38207313749763594,0.37845683760589816,0.3525400981816425,0.4853791775742895,0.48899547883871436,3.6162992049653395,0.07311995973600763,0.3424136711779838,0.6420866607247003
432,0.38211625249276876,0.37850437313586355,0.35250577994412163,0.48538186419091667,0.48899373805707375,3.6118784661171204,0.073007811977521,0.34274973182765733,0.6417597840697956
433,0.3802068920047989,0.37659914185135174,0.35053120091820245,0.48336203277818846,0.4869697815589486,3.6077479163105,0.07112842067920634,0.3411694775922301,0.6392957031748285
434,0.3806392744789453,0.37702420660599223,0.3513402068795125,0.4838431161721433,0.4874581826724093,3.6150661078491155,0.07262721227447778,0.34040369378143437,0.6409897124780173
435,0.3812838493169062,0.3776620234590333,0.35169644732619415,0.48434770899781565,0.4879695362283755,3.6218280612071156,0.07267139470000282,0.3420117820776294,0.6404061626083948
436,0.380782473619227,0.3771399219780785,0.3513556667779495,0.48398326580238754,0.48762581744353606,3.64255221098522,0.07238036824156373,0.3407892541153562,0.6408973792852709
437,0.3788364573685803,0.375211418468603,0.34973077114085666,0.4815169671706563,0.48514200607063357,3.62503918112075,0.07252530493016464,0.33853124929829953,0.6381357436602216
438,0.3796540548707908,0.3760215422904676,0.3505723408311766,0.482185710083456,0.4858182199184051,3.632509315129706,0.0737304305640988,0.33939736728704245,0.6385892237120715
439,0.3788277192075461,0.3751725274995747,0.34976148535639917,0.4813634900469366,0.485018680382221,3.655189066321012,0.07294347677976376,0.3384076486971362,0.6379333301043502
440,0.37828099666503145,0.37463598616606214,0.34918340652398216,0.48105967451274373,0.48470468501171304,3.645010654426127,0.0717884857836238,0.33774881735685364,0.6380129094688358
441,0.37909495555998485,0.3754605834498685,0.35014722170526064,0.48148858018511703,0.48512295229523333,3.634371848962598,0.07387747054704448,0.33857912791423034,0.6379850585712036
442,0.37809081722524107,0.3744540593207161,0.3492340937755484,0.480592266566979,0.48422902721687805,3.636755786983604,0.0729289962720768,0.3371813104881061,0.6375919773493709
443,0.37741718664577684,0.37378326457324923,0.3484291552467799,0.4796872676469817,0.4833211883468223,3.6339217594691684,0.07233451599052117,0.337152340957783,0.6358006145079902
444,0.3770137382694696,0.37336264648811557,0.3481961174614355,0.4797471546041489,0.48339824638550294,3.6510923827625343,0.07148531941511341,0.33567331540966344,0.6374297195649395
445,0.37660735539928447,0.3729866976873529,0.3477567803756759,0.4789361844778318,0.48255684356245043,3.620656215960107,0.07182769107921555,0.335941794472832,0.635500868433197
446,0.3769835776757662,0.3733620145265985,0.34811603112502165,0.47930672178168915,0.4829282835581698,3.6215609374257376,0.07216318721402759,0.3363694879124172,0.6358154167499247
447,0.3767523687063425,0.3731219786433446,0.3478886111793264,0.47892124549267573,0.48255163692836067,3.6303910397505237,0.07226821475639837,0.3362452541379115,0.6351523497156979
448,0.37659776958255897,0.37294558105643766,0.3477340005271166,0.4788513917016142,0.4825035788550485,3.652188100245154,0.07193535905346118,0.33589249766743756,0.6353741609050714
449,0.37659936214617235,0.37296207341928195,0.34804114067713193,0.4786909696287112,0.48232825698291454,3.6372891178488,0.07322600839130738,0.335238197749362,0.6356592233681173
450,0.37604273937725685,0.37240727548763963,0.347429990435985,0.47763434003136407,0.4812698052936683,3.635464759214442,0.07355187723923176,0.3353773187758812,0.6333607704616271
451,0.37575730301785615,0.37211987394444074,0.34739756231344016,0.47756364880469515,0.48120108062348466,3.6374318193900326,0.07359992605226852,0.3341102433015906,0.634482517822392
452,0.3751452459238896,0.3715109914144452,0.3465013362577211,0.47722155905619246,0.48085581631101093,3.6342558112664376,0.07153811962345429,0.3340679709539863,0.6338979187909113
453,0.3754203334348843,0.3717842612518772,0.34682391735665785,0.47743026707917935,0.48106633926218645,3.636075992042017,0.07210023645961744,0.33426374160544226,0.6341077741121551
454,0.37458023836433396,0.37095311597209474,0.3461000238896789,0.4764782313757468,0.48010535376798597,3.6271243844370313,0.07185621171406852,0.333243548805742,0.6332003162807164
455,0.3740245354244202,0.37039999359801073,0.3456887026813743,0.4752245204360333,0.4788490636351298,3.624541324778142,0.07321678823749553,0.333009163792419,0.6308401473437595
456,0.3737970637884789,0.3701736530883572,0.34507612103865104,0.4753804661765207,0.4790038755039553,3.6234121296036026,0.07098766736158067,0.33351949348472015,0.6307211998942602
457,0.37406279979399015,0.3704378900660075,0.3454635172020664,0.4758078317691114,0.47943274149709403,3.6249129042088364,0.07129099008772347,0.33324909828986654,0.6318504639605302
458,0.3729621427507013,0.3693352707344322,0.3443645956963247,0.47468496730920434,0.4783118406981605,3.6268699073070843,0.07024244470813369,0.33215687398474697,0.6306944680797321
459,0.3733415282557619,0.369721851543198,0.345218946293302,0.4748829130905058,0.4785025884303827,3.6196781357830057,0.07247747925920167,0.3313627059981307,0.6318166544000723
460,0.37230194924374455,0.368671708503358,0.3440911405139709,0.47359069898729916,0.4772209411003728,3.630238120699152,0.07169552750351962,0.33079613016508774,0.6297817690932694
461,0.37302813813299446,0.3693915247895727,0.34475549624394325,0.4744233473701072,0.47805995934084194,3.6366115693953365,0.07200588130155199,0.3315607970054307,0.6306998094409093
462,0.3731695537238552,0.3695498285597286,0.3450175248040875,0.4742563237235374,0.47787604888766394,3.619724541441405,0.07317040152861172,0.3317554365949435,0.6301267359616217
463,0.37310090990279293,0.3694789837958702,0.3446531186283128,0.47449248800735844,0.47811441274159416,3.621926117818447,0.07154274361892414,0.33222721045761067,0.6301894038862014
464,0.3721486206812239,0.3685192986009103,0.3438642435191389,0.4733951275792213,0.4770244496595349,3.6293222918790122,0.07140271593530044,0.3309087397040717,0.6292812671323352
465,0.3706334078856705,0.3669931028398862,0.342661679509562,0.471815723701963,0.47545602874774734,3.640306500146268,0.07099284364641807,0.3284843189976292,0.6285078768766197
466,0.37205583637847706,0.368416397155039,0.3437932349336624,0.47311126259257785,0.476750703188703,3.6394380195915548,0.07177942907474547,0.33090210885356425,0.628698172458602
467,0.37076902573981185,0.3671164743417285,0.3427928344578827,0.4719984853555076,0.475651036753591,3.652551924680454,0.0710154160262012,0.32852228681317935,0.6288407958210179
468,0.37094650807119867,0.36730875981587563,0.3430882898990779,0.47174327556458084,0.4753810251925909,3.637748821470625,0.07246919691069344,0.3288810589773357,0.6279146138092047
469,0.37132909957261856,0.3676809819751011,0.34327203701322306,0.4718677867076602,0.4755159056778647,3.6481138848280383,0.07277751157677573,0.33006949048756096,0.6269690952484622
470,0.3705903576749312,0.36693257541697677,0.34245289514158306,0.4714735158380307,0.4751312980959852,3.657783411697931,0.07106468467542533,0.32915711033983425,0.6271369030424999
471,0.3704642885213449,0.3668116292922606,0.3426149543153592,0.4710929625302006,0.474745621759285,3.652660183273403,0.07236811847363328,0.3284748698919529,0.6270018775886064
472,0.37007195626115064,0.3664331351007734,0.34197932405624515,0.47117918814502635,0.4748180079327165,3.6388215968058923,0.07021411192228401,0.32836572288094173,0.627358139226144
473,0.36939889750235283,0.36576131105251386,0.34162719015296134,0.4700317559116991,0.473669340988851,3.6375831829296166,0.07153482059537614,0.32725154750850743,0.6260952084516612
474,0.3700597495988103,0.3664375172325414,0.3422005413225461,0.4708867757901222,0.474509008156391,3.622228526520017,0.07151571084544486,0.32804297853948916,0.6270429320625368
475,0.3693245371797609,0.365669411350043,0.3416053939633508,0.46976884388803536,0.4734239710904403,3.6551281505885336,0.07202020567681301,0.3271328753792755,0.62566308886853
476,0.3701978337533099,0.36653080963324886,0.3423549576001272,0.47080600761432106,0.4744730331070692,3.6670199508673855,0.0721648007553552,0.3281390935600812,0.6267609851271955
477,0.3683520446968147,0.36467130273612725,0.34068837832658144,0.4686685365260441,0.4723492812321057,3.6807455776320297,0.07148873447546131,0.32600314819199355,0.6245732420251797
478,0.3681513848129731,0.36447460588554376,0.34050434558629217,0.46862249428653685,0.47229927458665316,3.6767796113706397,0.07101445176718088,0.3256106865345981,0.6248879057548594
479,0.3672218823677432,0.36355542143543407,0.33987346987537276,0.4673363303014296,0.4710027912337388,3.6664628603339153,0.07176195585060652,0.32422742784859765,0.6236310256561302
480,0.36767250373450144,0.36399345511195896,0.33988745352397426,0.4682137565502978,0.47189280517284027,3.679047402137902,0.06995973183219491,0.3254535299125615,0.624249105103456
481,0.367500145997706,0.36382912049494276,0.3399004410200301,0.46773294609585614,0.4714039729713064,3.6710237729201944,0.07101139566717322,0.3250993009564172,0.6235906273480498
482,0.3675306595328387,0.36388009010179734,0.33958186875705715,0.46814839536013814,0.4717989647911795,3.650569251734132,0.0691488416568544,0.3258564088704046,0.6237403644036371
483,0.368307277919492,0.3646535480052458,0.34079926251592974,0.4681578062343357,0.4718115347758949,3.653730160471946,0.07290716662321986,0.326124598189368,0.6233660256789716
484,0.36740249825407595,0.36374886772022613,0.34001883484769013,0.4671694873347905,0.47082311689274564,3.65363164932962,0.07256398294234971,0.3249415500574122,0.62255096263961
485,0.3673965919249433,0.36374899159450674,0.3399321881825652,0.46759791133342865,0.4712455116638652,3.647597407127894,0.07139396862391303,0.3247470535919708,0.6236555456643312
486,0.3651882034276363,0.361531119245383,0.337804277913096,0.4650549129021601,0.4687119970844134,3.6570841744461693,0.07013914172181383,0.32260589047960775,0.6206677965270224
487,0.36566932602896457,0.36202752354248857,0.3383337131675605,0.46566986394211646,0.4693116650559054,3.6418016220262985,0.07048869957948341,0.32288021383288956,0.6216322225862031
488,0.3660834114214378,0.36244017100239795,0.33889143617730555,0.46563740109487933,0.46928064014123216,3.6432412505450116,0.07228787526482942,0.3233333105940577,0.6210531331129578
489,0.36513667400040273,0.3614861603133238,0.33787218386125717,0.4650579945416535,0.46870850822873233,3.6505137585444003,0.07034340752044055,0.3221776313857236,0.6210955169484872
490,0.3650217039544791,0.36136978966548916,0.33774116970987444,0.46446762621381293,0.46811954050280286,3.651915596302742,0.07117865367592476,0.3226029632674056,0.619441896837879
491,0.36426988933617455,0.3606197231533974,0.33708538190629594,0.46382248997902775,0.4674726547891178,3.650163618340343,0.07050043370503666,0.3214645728484981,0.6192911513291833
492,0.3651457725132314,0.3614900741014347,0.3379725787162609,0.4649569213647729,0.46861261977656965,3.6556963600585597,0.07086758403366913,0.32200752274301164,0.6210426283466083
493,0.36554276192518564,0.3618812825170169,0.33813168539036603,0.4653309644255204,0.46899244383368915,3.661478345022651,0.07057456818575823,0.3231011128502812,0.620719363295633
494,0.3644988266479716,0.36083210876580835,0.3372393214646841,0.4641723278165936,0.46783904569875684,3.6667166824347683,0.07024231113388882,0.3217047268042851,0.6197709202251661
495,0.3637375346552172,0.360074536454639,0.3366560064317855,0.46309679062429115,0.46675978882486935,3.6629961298798093,0.07069437874440196,0.3207677797303435,0.6185058783223707
496,0.3637759740960045,0.3601243013999324,0.3366334620312248,0.4628559144742629,0.4665075871703349,3.651675679521537,0.0711310718767546,0.32133643977416426,0.6174328681289313
497,0.3636959949793169,0.3600344624331462,0.3367957803318508,0.46316736906541683,0.4668289016115876,3.6615319433037263,0.07097969810636234,0.320081089299203,0.619326563072788
498,0.3639376129594455,0.3602604935734595,0.3368859311666966,0.46323792100724837,0.4669150403932343,3.6771178810919904,0.0711110535393777,0.32087129505686984,0.6186754339759665
499,0.3630429175248374,0.3593775421734893,0.3361546710567879,0.4621962610767573,0.46586163642810546,3.665375435854214,0.07103267882841018,0.31970802292672795,0.6177233023024069
500,0.3635010127220792,0.3598183618041413,0.3365119619414977,0.4626540043406368,0.4663366552585747,3.6826513946034916,0.07117868583755298,0.32037731696264743,0.617979865702162
501,0.361836026848628,0.35816791571057416,0.33500312793679526,0.4607819651326244,0.46445007627067825,3.6681094702390853,0.07043386687205909,0.31854240844557724,0.6160331085115167
502,0.36350205051637285,0.35985647688327227,0.33669700811088576,0.4626392284049624,0.46628480203806305,3.6455708653346033,0.07178406374473373,0.3200378557382277,0.6182691025922692
503,0.36116105606548216,0.35750938332651366,0.33439570417632386,0.4601435634291142,0.4637952361680827,3.6516731195460124,0.06989157413001454,0.3177120230338607,0.6155835145795547
504,0.36232795560690256,0.3586536489746132,0.33546828692789,0.4613048893035252,0.46497919495991985,3.6743104541932303,0.07077753240361236,0.3190496825794386,0.6165776545514988
505,0.3617008334979517,0.35803310606882016,0.3348677378414603,0.46082220521707595,0.4644899340188945,3.6677271265398472,0.06992903525514454,0.318225180236244,0.6164489915663495
506,0.3620318113770919,0.3583781039084235,0.335581626768548,0.4604158765358563,0.4640695840045247,3.6537093452173584,0.07299921470457978,0.31827276422849615,0.6154728999194502
507,0.36084626452577073,0.35719499454175707,0.33437012775676117,0.45952188844258685,0.4631731584266005,3.65127207924883,0.07111987457639153,0.31686932060863526,0.6151211939299008
508,0.3606460015415159,0.35698191954018016,0.3340799190685791,0.4592243872794714,0.46288846790812005,3.6640809049877427,0.07084502319437688,0.3169724203112658,0.6144223181452413
509,0.3602810292181329,0.3566222130158429,0.3335107051348163,0.4590099630016095,0.4626687792038995,3.6588157643170267,0.06952951111491956,0.3170776156351351,0.6139249869841129
510,0.3593265092728935,0.3556715947940822,0.33283944710547564,0.45771802025074665,0.4613729347295579,3.6549141684982063,0.07016382650607951,0.3156623333081276,0.6126921983364032
511,0.3591382083767565,0.3554793357548846,0.33259616188970387,0.45771514812833586,0.4613740193775207,3.6588694032639553,0.06941483931742627,0.3154213305169964,0.6129523160518524
512,0.3598203364787834,0.3561671692053591,0.3333658106724278,0.45806311994801757,0.46171628722144187,3.653169083741124,0.07107145520085995,0.31622540285879863,0.612800569446793
513,0.35915849005288036,0.35549213473167984,0.3328279850829544,0.45743162560565903,0.4610979809268596,3.6663560929938415,0.07073066006379404,0.3151000249016924,0.6126532709697203
514,0.35928959168088914,0.3556346404290791,0.3326228882671046,0.45790736868940013,0.4615623199412101,3.6549529724731937,0.06909344897355138,0.3159169146121513,0.6128582894566162
515,0.3589149983871236,0.35524161272059246,0.3322734790510649,0.45717934623344547,0.4608527332726637,3.6733847709386716,0.06954043526396815,0.3157475847977449,0.6115324132173943
516,0.35959119808978424,0.35595030764660074,0.3331156691423034,0.45796604925842327,0.46160693970160677,3.6408902457739303,0.07049936075172393,0.31598066598359265,0.6128669887748971
517,0.357964993767191,0.3543017284717436,0.3317923265937937,0.45616278572449714,0.45982604964725743,3.663265592719892,0.07018548693640621,0.31353587824777546,0.6116556139376662
518,0.3578636332697558,0.35418559598510924,0.33186020508821423,0.4556436482501914,0.45932168553483793,3.678036794854652,0.07148815878875052,0.31330108132110135,0.6107913873186211
519,0.35800431009761374,0.35433270537454303,0.33177123293039307,0.45612678824032155,0.45979839296339226,3.671603633243002,0.07019576992264494,0.3137908350031511,0.6113271038709849
520,0.35891926399063145,0.3552505676911091,0.33244008964752714,0.45700905762931865,0.46067775392884097,3.668693284072135,0.07041569998117178,0.3154802327964236,0.611424342017673
521,0.3590451073908214,0.3553680359201922,0.33265780230441855,0.4570866830274329,0.46076375449806206,3.677070663660797,0.07092809664523185,0.315344101117643,0.6117012026113501
522,0.35715913550593775,0.35348292892465666,0.3310828595742256,0.4550134047259955,0.45868961130727665,3.6762091768607257,0.07040135544725097,0.3127423959934012,0.6101048354109057
523,0.3582387863410038,0.35455555457269256,0.3319211632345769,0.4564137753928982,0.46009700853389646,3.683232293278247,0.07005738892725535,0.3141612136973113,0.6115448879826708
524,0.3573563017940384,0.3536950076128262,0.33145811958637283,0.45517261811579335,0.45883391229700554,3.661295556558813,0.07123108555104674,0.31252900923100596,0.6106142572208719
525,0.35565520705572773,0.3519967201910846,0.32951630014402056,0.45319075697443817,0.4568492438390814,3.6584874347372422,0.06937350430594541,0.3118469747934208,0.6073284274642096
526,0.35662218012497465,0.35298414465633815,0.33020192691429606,0.45490586918521675,0.45854390328116623,3.6380328937330106,0.0678936142893994,0.31295884071643854,0.6097533164714128
527,0.35691648719550123,0.3532541918857529,0.3308397990930591,0.45467142410611194,0.45833371941586026,3.6622949092668695,0.07036638357745267,0.3126750368250922,0.6094779718818747
528,0.3556674824382127,0.3520019356832954,0.3295986355101732,0.4535887636654495,0.4572543090476798,3.6655465372606506,0.06879182920508695,0.3112116922959873,0.6087923933379553
529,0.35577235491252623,0.35211333103770187,0.3297064896001366,0.453661080625427,0.45732010450025135,3.6590231038890066,0.06897440204445773,0.311374624530889,0.6087704386029925
530,0.35613863438786086,0.3524705430250796,0.3302707704398734,0.4533662999457016,0.45703439130848283,3.668092368531888,0.07134569355344635,0.3118070655372684,0.6076595433412931
531,0.35580050804796043,0.35211633451982727,0.32945435765236564,0.4535812905856541,0.45726546411378727,3.684175320862437,0.06835978217061023,0.3122169007475147,0.6077863921060456
532,0.3555148927781083,0.3518404746149975,0.3296733730321481,0.4528011610049831,0.4564755777954069,3.674417538538216,0.0706804146458666,0.31101235449206877,0.6073273580337695
533,0.3547986054664981,0.35113315551818897,0.32882452556965974,0.4520938171354632,0.45575926708377235,3.665451888602258,0.06953396671761622,0.31072234373892244,0.6062172769899633
534,0.35360667098765325,0.3499325326382149,0.3278473794202918,0.451001775665822,0.45467591401526036,3.6741404907443447,0.06879847200494225,0.3087486378170252,0.6059950226586085
535,0.35518124056145545,0.3515171945717061,0.3290412282720664,0.4529549805819452,0.4566190265716945,3.6640489385384543,0.06839507722241195,0.31109793235947647,0.6076306903606784
536,0.3545958169740325,0.35094993373566113,0.3286574316586724,0.451955283865649,0.4556011657313333,3.645881840203811,0.06930678096519781,0.31044457573477163,0.6062209396406917
537,0.3534583166997696,0.34979603530992576,0.32766994661287935,0.4510265165372219,0.4546887979270658,3.66227758715761,0.06819578482976875,0.30856329451451503,0.6062507581564968
538,0.3534515505752447,0.349777342529767,0.3276618463652475,0.4506077948299489,0.4542820028754265,3.674208421508114,0.06905139388316138,0.30893408593705934,0.6050000585167903
539,0.3539999296185609,0.3503198820015817,0.3282066634036775,0.4512239482794017,0.4549039958963809,3.6800485388243445,0.06944618451591017,0.309392452947782,0.6057813681900694
540,0.3546608825753429,0.35097850388912644,0.32918942966620757,0.45148369386797543,0.4551660711815049,3.6823769812534164,0.07194973132397126,0.3095149407180019,0.6061036007015685
541,0.3547430507096081,0.3510691052763185,0.3291082696633272,0.4515960484732394,0.455269993906529,3.673942741879288,0.07146155863957424,0.3100890598952577,0.6057741864630969
542,0.35309623006480595,0.3494150605979005,0.3272621739399695,0.45012107323124584,0.4538022426981512,3.681168693825254,0.06883483342008652,0.30881288913609783,0.6041388021994513
543,0.35375905444442735,0.3500847365303664,0.3281310694322349,0.45077015793593767,0.4544444758499986,3.6743166171290453,0.07016607745275433,0.3089168979543368,0.6053102307501522
544,0.3525779533832354,0.34891204991199937,0.32703400568680696,0.44956094379389017,0.4532268472651262,3.6659029347727565,0.06930491850235858,0.30755964872776154,0.6042374474361416
545,0.35120930267178185,0.34751090153209935,0.32565496632974755,0.44814516987333886,0.4518435710130213,3.698400388565283,0.06800315049739998,0.30610868551397374,0.6028530664819742
546,0.3521128342000646,0.34843189115145085,0.32657954532193295,0.4487193803235583,0.45240032337217206,3.6809429599896486,0.06966471122447086,0.3073838227470387,0.6026901027074432
547,0.35147916438468885,0.34779626911773487,0.3260398741869156,0.4480803735438934,0.4517632688108474,3.682894227057749,0.06933399129788967,0.30646886023183056,0.6023167649719002
548,0.3523799730488275,0.3487113356890546,0.3268858218909425,0.44923423744869473,0.4529028748084676,3.6686356675071483,0.06953224311333073,0.307336610881662,0.6037886027553692
549,0.35157709752925653,0.34789602482606286,0.32591739245437384,0.44815596542413305,0.4518370395000138,3.681070792499143,0.06879489631876323,0.30724927350830455,0.6017080043751201
550,0.35229034445705326,0.3486061405903918,0.3269974907532404,0.44856972349509355,0.45225392736175496,3.6842066791255768,0.07127659043988208,0.3071802809603912,0.6025356008406808
551,0.35093961337051105,0.34727624426560677,0.32548161779174106,0.44753400650587216,0.4511973756107764,3.6633711852114508,0.06875072648871412,0.30608924777227237,0.6016048764573365
552,0.3515071412692528,0.34783251245230296,0.3258315532294998,0.44812419224488903,0.4517988210618389,3.6746273575261497,0.06859530181432637,0.30721820286599455,0.601681151034893
553,0.3510699862303945,0.3473838568591694,0.3259305015511974,0.44724982725969104,0.4509359566309161,3.6861250838087205,0.0707415964463796,0.30560279339712787,0.6014471102121195
554,0.3508143727515146,0.34712136497425494,0.3252268289224241,0.44752684608772103,0.4512198538649807,3.693012515946917,0.06797507401795728,0.30607358907014615,0.6016318358161887
555,0.3510636364053848,0.34737901153132056,0.3258675413944173,0.44720864090056417,0.4508932657746284,3.6846235651213215,0.0706328030202448,0.30580746905543726,0.6011623570111725
556,0.3515689246686254,0.34790197852362226,0.32601851945559984,0.44807341895372843,0.45174036509873156,3.66694688736942,0.06928235813894904,0.30706765943184394,0.601705544670094
557,0.3521303288389256,0.3484694507534704,0.32705214552074596,0.44815162657490304,0.45181250466035827,3.6608759574471468,0.07232562818783314,0.3067753975363076,0.6020554045886176
558,0.35084059547073937,0.3471412874246167,0.3256908861820369,0.44684791446976113,0.4505472225158838,3.699305206119006,0.07084334397855402,0.3055190907488971,0.6007102305788752
559,0.35023964809058766,0.3465398018868032,0.32497050996820204,0.446347103525555,0.45004694835665243,3.699841852023388,0.06966113415488068,0.30516223923127916,0.6000881588214505
560,0.3499598875990357,0.34627781888270986,0.32483206707052553,0.4458672494693556,0.44954931818568133,3.6820696143204894,0.07024080160979788,0.30476517040723516,0.5994902246073023
561,0.34888110743361694,0.3451917042681621,0.3237727593607764,0.44490148390356093,0.4485908870690158,3.6894011378245373,0.06898475372403078,0.30347346338319797,0.5988600583289243
562,0.34895468842386984,0.3452567445927277,0.32383789230954435,0.4450211419759787,0.44871908580712083,3.6979419497029737,0.06893518497244451,0.3034807793117762,0.5990977035919167
563,0.3490902836608475,0.3453862240371107,0.3237572661210582,0.44513766894927337,0.4488417285730102,3.70405895472345,0.06843986101622802,0.30424331843359687,0.5985886236453666
564,0.34882796146364337,0.34511417101166497,0.3236120492380787,0.44470254829694317,0.4484163387489216,3.713789902560442,0.06890443872530369,0.3037688395409929,0.5981628627560901
565,0.3488729162561932,0.34516031374687683,0.32359983073631265,0.4448172141103789,0.44852981661969527,3.7126057987034686,0.06862532497042158,0.30391495894424864,0.5982592064255903
566,0.3488483637753645,0.34516012795154205,0.32403354300102255,0.44448168118380094,0.4481699170076234,3.688237041310039,0.0706771022180037,0.3029882232998721,0.598435310611368
567,0.3484960422965424,0.3448049166984119,0.3235842161853779,0.4438146112762196,0.44750573687435014,3.6911224430951766,0.07068579668094031,0.30323848440390605,0.5968283670289176
568,0.3473645286107072,0.34366158353377263,0.3223246165898774,0.44323054427892966,0.44693348935586424,3.70294208044455,0.06800526067930916,0.3018497462515438,0.5971188405813525
569,0.3471587882191211,0.3434594740280791,0.32229217204870875,0.44265484511745024,0.4463541606811792,3.6993147079444437,0.06911551624204067,0.30154031807889864,0.5962206831978739
570,0.3488833519806747,0.345208757877693,0.32367321497118273,0.44479721543299033,0.448471809535972,3.6745963714327816,0.0688951497307009,0.30396185622836414,0.5981626469653989
571,0.34834535519139037,0.3446589403334347,0.323348701675833,0.44404472063753664,0.4477311354954923,3.686411818311814,0.0694708583294037,0.3029609621965272,0.5976142839331899
572,0.3473356610238445,0.3436304383910187,0.3221978269150121,0.4428774434999409,0.4465826661327667,3.7052216112892506,0.06835450972529271,0.3024391977531355,0.5957997740709168
573,0.3474833347914072,0.34379590153908635,0.3226346231570729,0.4428536990277413,0.44654113228006215,3.6874352209256593,0.06976000460339948,0.3020036716326487,0.5961401923048535
574,0.3474645354349693,0.3437751012339185,0.3227082767067045,0.442926116258217,0.4466155504592677,3.6894348206473753,0.06983626403313997,0.3016063844012288,0.5966821704334645
575,0.3472549152400006,0.3435658551605111,0.3223627003438613,0.44272118578415287,0.44641024586364236,3.6890571300140085,0.06919485336345878,0.3017945242103976,0.5960987130057345
576,0.34679595801675006,0.34309847259873233,0.32230669808027423,0.4419691222161859,0.4456666076342036,3.6974894916380685,0.07060297579645639,0.30041363995124126,0.5959034860884813
577,0.3468703217710596,0.3431994815488735,0.32187750340365984,0.4424608871099459,0.44613172733213197,3.6708421657393417,0.06823659152832766,0.3016668875232881,0.5957290411381552
578,0.3460149638041098,0.342355141390052,0.3211954021333747,0.4412665482196245,0.4449263706336823,3.659823519070829,0.06863197439778147,0.3007123108045709,0.5942419421848697
579,0.3446834110643161,0.34098683140525804,0.32003301355254526,0.4399429933335893,0.44363957161996037,3.6965790060022057,0.06780861593185032,0.29868985719498903,0.5936005801638068
580,0.3462661467532796,0.34256468116486405,0.3214979372937373,0.44145781319747945,0.445159278785895,3.7014684502964355,0.06916852214699729,0.3006669705014471,0.5946582991384525
581,0.34512936022265345,0.34142005325607705,0.3204055479015537,0.44021148268118654,0.44392078964776294,3.7093069125268476,0.06839996411023744,0.29947524846736884,0.5933414277905138
582,0.3458915889777911,0.3421920671034906,0.321158066493824,0.44083377218109193,0.4445332940553924,3.699521882450808,0.06942642292194806,0.30046220668016815,0.5935855679007561
583,0.3443885351866001,0.3407068620936911,0.3197793479272898,0.4391263037458861,0.44280797683879514,3.6816755709522875,0.06873918929549162,0.29889685193297244,0.5917019862071693
584,0.3451083631621028,0.34141991049662557,0.32040449719542263,0.44025389702683004,0.4439423496923073,3.6884518946276676,0.06830746595107338,0.29943301026535446,0.5934730133335983
585,0.3457690058272706,0.34208198175365095,0.32109235979404843,0.4408748053247528,0.44456182939837247,3.687026864120796,0.06913619063802656,0.3000623396765032,0.5940785475581959
586,0.3441009935757032,0.34042189001350703,0.319531335520547,0.4387609597567647,0.44244006331896085,3.6791046150471076,0.06873797330121936,0.29858741455903454,0.5912686009636968
587,0.34427452488484334,0.3405979332112288,0.31948008685070817,0.43921963017421817,0.4428962218478327,3.6765900623373695,0.06761414942154999,0.2991362985474208,0.5916898239426752
588,0.3445104181273201,0.3408247891434151,0.3197920247456632,0.43982276625022393,0.4435083952341289,3.68562775389159,0.0673135691793242,0.29871655037052214,0.5933459626337143
589,0.3438660993169391,0.34018169819086136,0.3193920290847612,0.4390063795437698,0.4426907806698476,3.6844010532395624,0.06778944617243884,0.29753904761535394,0.592847590461057
590,0.3431685367862541,0.3394824149219112,0.3187519686069365,0.43759733700160286,0.4412834574932587,3.6861189536458085,0.06876686868231345,0.29741162775917507,0.5900774056768194
591,0.34275475023203766,0.33906735991908304,0.3182766956041596,0.4376302618330955,0.4413176521460501,3.687388892652492,0.06722265227251063,0.2967029710110249,0.5909044643064418
592,0.34360984004243067,0.33991877802759246,0.3192847261822623,0.43796060294631406,0.4416516649611522,3.6910638810062033,0.06965617760720978,0.29764064578068006,0.5905573623306505
593,0.34352089760113896,0.3398260965369596,0.31873423927076516,0.43850796757391264,0.44220276863809194,3.6948001486828708,0.066796398655615,0.2982245708228273,0.5911817559023991
594,0.3432105354329329,0.3395126080204146,0.3187609289287877,0.4378777445113329,0.44157567192385117,3.697925435677412,0.06820486842535005,0.2972412761937547,0.5908366429715673
595,0.3425107321300795,0.33882260235705447,0.3183490515034076,0.4369188381661267,0.4406069679391517,3.6881307806630663,0.0689436419270115,0.2960140982756043,0.5900894089241
596,0.343410647314373,0.3396963061038948,0.318909881536632,0.4380445605282648,0.44175890311143,3.714342677709052,0.06831622781642867,0.2975451691239032,0.5908682334547465
597,0.34167402208430514,0.33798275220389845,0.317227982593209,0.43650880155695476,0.44020007143736145,3.691269248284295,0.066326957859552,0.29555130089603343,0.5898056992655737
598,0.340903668737789,0.3371872191979929,0.31654018842517667,0.4353550213753383,0.43907147091513443,3.7164517694688093,0.06661932986764524,0.29481488808362166,0.5881863505388173
599,0.34180562866810804,0.3380706344696634,0.31746837365923275,0.43609788446556796,0.4398328786640126,3.7349912463953787,0.06793733908197956,0.2957141000768099,0.5887536960524936
600,0.3417812307003635,0.33805138401394913,0.3173680410041102,0.43565284621376665,0.439382692900181,3.7298474059597373,0.06856208384444534,0.2963817503414552,0.5871602897379801
601,0.3415815188714007,0.33787082217716835,0.3173068547021489,0.4358083411230806,0.43951903781731294,3.7106946670309853,0.06804509812140902,0.2954957538926803,0.5883797281678095
602,0.34121801050801465,0.33751233887783955,0.3171166525165054,0.4354407215084091,0.43914639313858417,3.705671978751804,0.06822806896897218,0.29465076975060606,0.5884711144638817
603,0.3405788906103589,0.3368660569748633,0.3163868252237566,0.43477440136677503,0.4384872350022706,3.7128320515005653,0.0673646746379581,0.2942718867669649,0.587523915155108
604,0.34109804004205563,0.33737737876599366,0.3169197756187141,0.4352093578114189,0.43893001771479384,3.7206605608062633,0.06810375234395663,0.2947997753570388,0.5878557957046622
605,0.3414792532584529,0.33777966354338546,0.31719893501275903,0.43568718801217354,0.439386777727241,3.699593943887239,0.06796503633250003,0.295485584898448,0.5881461822630563
606,0.3406441473154423,0.3369237655527774,0.31638300827442634,0.4346888946860589,0.43840927644872374,3.7203827485973004,0.06753269905514664,0.29466159324845037,0.5869547371256905
607,0.3411782168042278,0.3374733195304013,0.3169841691181359,0.4349605304682671,0.4386654277420936,3.7048997720311383,0.06882699295883772,0.29535128213210515,0.5867742322554216
608,0.3405685933878543,0.3368453063974281,0.3164816696401893,0.4345950190863965,0.43831830607682265,3.7232850823912016,0.06803633782579642,0.29407713129263896,0.5873315446065372
609,0.3393464024953166,0.335633741346526,0.3154854902628301,0.43302026808197525,0.43673292923076584,3.712659021640433,0.06825715122987744,0.2926125506374123,0.5855867697978973
610,0.34040416512784444,0.336690503965826,0.31645095406268386,0.43435494501456035,0.43806860617657883,3.713661540451132,0.06844600688997213,0.2936461801128278,0.5872606802604403
611,0.3395216878089342,0.3358272539063639,0.3155198923307771,0.43359295279055715,0.43728738669312744,3.694433232698993,0.067159328292003,0.2928763832300419,0.586523975387414
612,0.3395392347064195,0.3358388893807608,0.31548303770006625,0.43329547509181066,0.43699582041746937,3.7003477348960447,0.06767067758513252,0.2933560520271124,0.5854223930779958
613,0.33912391713429973,0.33542203579329893,0.3151115455315155,0.43262885309844273,0.43633073443944353,3.7018778084764894,0.06791997021154647,0.2930681931860973,0.5843464730025282
614,0.3397779460646515,0.3360737070264298,0.3158498959452954,0.4334884578587984,0.4371926968970201,3.704241223968418,0.06840322507440122,0.2932456125561905,0.585900838103128
615,0.33854058261567976,0.33485564614165897,0.3146064481039449,0.43204997369993414,0.43573491017395494,3.684937905390171,0.06757007182695403,0.2923342079921522,0.5839150793563552
616,0.34008281254090605,0.33636177171687937,0.31624291810941335,0.43315464675362136,0.4368756875776481,3.721041521094351,0.07032512131034148,0.2938782573282483,0.5845253851268737
617,0.3394228960164548,0.33570749949919915,0.31545559436179355,0.4329584534325244,0.4366738499497801,3.7153978896853133,0.0682943911513179,0.2931345072033681,0.5849378638964156
618,0.33958398029288617,0.3358848011077587,0.31556893271179925,0.4331291891787283,0.43682836836385575,3.6991766133124813,0.06828702318395972,0.2935072742871734,0.5849125076000876
619,0.33802458879843855,0.3343231050648163,0.3140178439255969,0.431827167998805,0.43552865035974025,3.701482499147671,0.06621205445597522,0.29164120083062844,0.5842002939731794
620,0.33685030337502175,0.33315209636331333,0.31291311602877303,0.43048064444467465,0.4341788514563831,3.6982081686262176,0.0656159363000695,0.2904594054364523,0.5826640109785944
621,0.33763712834393905,0.333929409919432,0.3139569780280925,0.4309006461826062,0.43460836460711333,3.707719457883035,0.06797203410600491,0.29082662123448133,0.5830722787089381
622,0.33749062745165337,0.333773434902104,0.31365792578225,0.4308860911851995,0.4346032837347488,3.7171945714315693,0.06707455615703045,0.29094372512239824,0.5829555075903855
623,0.3375824143149605,0.3338824977502414,0.31412447747158123,0.4305519678580671,0.4342518844227861,3.6999164299383227,0.06922527891122938,0.2904649363678537,0.5826832235567259
624,0.33688543047910113,0.3331837311478217,0.3131161997132955,0.430150045373535,0.43385174470481447,3.7016976471640475,0.06694153463853354,0.29036650366172295,0.5820405506624425
625,0.33739583821080493,0.3336729052771163,0.3134490160278898,0.4305117435809647,0.43423467651465336,3.722935353221118,0.06721361647163976,0.2914507273033653,0.5816827005686285
626,0.3372261610207861,0.3335217077683184,0.3136190916510442,0.4302928392601425,0.4339972925126102,3.704454717467954,0.06820192682674438,0.29042357358627074,0.5822317778270594
627,0.3381407803856842,0.3344378857978946,0.31445405907062973,0.43137456872944524,0.43507746468992187,3.7028945448073434,0.06851781630696217,0.2914050604830375,0.5834392923037326
628,0.33765869245292385,0.33393617442461515,0.31394860957028325,0.4304788008080236,0.4342013188363323,3.7225196410443724,0.06883336821072991,0.2913287955571868,0.5816836640662365
629,0.33612706484061944,0.33239883847183443,0.3123156222755766,0.42919403111904636,0.4329222588605184,3.7282285806128086,0.06646791706146547,0.2898078319322038,0.5806711143021448
630,0.3365328898958355,0.3328048498907635,0.31278437379239576,0.42942824885758535,0.43315628886265733,3.7280419052140497,0.06743000350428725,0.29020953291008994,0.5807135841236478
631,0.33645644468684643,0.3327239537547929,0.3129728238610065,0.42918026363648026,0.43291275594122075,3.7324945720763205,0.06853650382426026,0.28951028206014684,0.580871700554196
632,0.33576324545637914,0.3320434588500603,0.3122736555009748,0.42859295159631944,0.43231273820263827,3.719789783231386,0.06760202358956387,0.28878683181021786,0.580432112052227
633,0.3352312792780246,0.33149633217990376,0.3116594639966367,0.4282374342018085,0.4319723812999293,3.734948531720826,0.06644372697001355,0.2882359074083495,0.5802987560216966
634,0.3364198386304539,0.3326931083189493,0.31278350967518415,0.42933192765511125,0.4330586579666158,3.7267283087542005,0.06762992932631112,0.2897546997748935,0.5809658926869091
635,0.3357305566412633,0.33199430625187315,0.3120015333585921,0.42863471633927264,0.43237096672866276,3.73624624825073,0.06666968529625049,0.28929943785730905,0.580035483335239
636,0.3361433393001213,0.3324266229979037,0.31252362790104293,0.42910208657904036,0.432818802881258,3.716717310284659,0.06730686650135913,0.2894301964422489,0.5808338238292995
637,0.33607090879318824,0.3323709986200432,0.3126344474775837,0.42870319230644854,0.43240310247959357,3.699908478048132,0.06848984421071666,0.28924485470545985,0.5801686441224871
638,0.3355427512100765,0.3318242070571087,0.31180983555535696,0.428469746082367,0.4321882902353348,3.718541870446632,0.06642172535189024,0.28918761846057456,0.5798201589071309
639,0.33478928153872617,0.33107621363488493,0.3114201451064271,0.42717337842123165,0.4308864463250729,3.7130657250437644,0.06793921694197042,0.28795996101351257,0.5783612689512073
640,0.33560135598103746,0.3319040288402692,0.31213594664768934,0.4282946028633056,0.4319919300040739,3.6973293389549955,0.06780223419186708,0.2888094733498344,0.5797961378921146
641,0.33523828508657444,0.3315144425761404,0.3114961820911615,0.4280261355966662,0.4317499781071003,3.7238414418830335,0.06638146711552945,0.28903007979185386,0.5790770090968972
642,0.3357312705135895,0.3320216343273315,0.31225183453865296,0.42825200769831784,0.43196164388457575,3.7096382249555555,0.06825143088509214,0.2891005811801957,0.5794034877798033
643,0.33512473923562025,0.33140897040917916,0.31186355767854046,0.42735789534469953,0.4310736641711406,3.7157675142380864,0.06892722283938069,0.288122412936642,0.5785410451176957
644,0.33440055269995966,0.33068573951034846,0.3108536635062042,0.42688245030563055,0.43059726349524174,3.7148140241191214,0.06679311335440719,0.2879837364355151,0.5777841373157399
645,0.33447103473126955,0.3307485722431651,0.31098861665809785,0.4269374421964922,0.43065990468459664,3.7224616939191897,0.06709625752399448,0.28784216730746487,0.5780274236789922
646,0.33330022213097826,0.3295796671416443,0.3098248324084514,0.4257237148417891,0.4294442698311231,3.7205560529090467,0.06603752517252999,0.2867053178155452,0.5767316523538557
647,0.33481519466340437,0.3311080916959976,0.31144916462186173,0.42715774175716675,0.4308648447245735,3.707103770257072,0.06806215724045529,0.2880502554442909,0.5782350925242742
648,0.33380648716828426,0.33009010388208576,0.3105196563748843,0.42627149412811294,0.4299878774143115,3.716382809275558,0.06704164279766243,0.2866328653134473,0.5778844585389532
649,0.3338463106636694,0.3301132846410517,0.3103148505365132,0.4260165504454365,0.4297495764680542,3.7330243964124903,0.06694231628326042,0.2876207195798799,0.5763815140801396
650,0.33249222438684595,0.328774846149203,0.3092346966223736,0.42437177712044816,0.4280891553580911,3.71737666359991,0.0670497984192748,0.28584293538008115,0.5748113581455625
651,0.3333992910882731,0.3296577452583766,0.3103276549611601,0.42538477033752037,0.42912631616741687,3.74154828142974,0.0683109360274843,0.2859697267386329,0.5767022927873809
652,0.3325614764369534,0.32881735121015593,0.3091962785762006,0.4249376932379581,0.4286818184647555,3.744125830093362,0.065740191423612,0.28557356728757616,0.5762750758846786
653,0.3336779733234363,0.3299446649455304,0.31043070081799695,0.4259215914954295,0.42965489987333544,3.7333080083099617,0.06750157464747379,0.2865359279568052,0.5772545979622672
654,0.33196260173915315,0.32823905424919003,0.3087345677856577,0.42372936765338587,0.427452916516036,3.7235464679118153,0.06684895816382079,0.2853141793912158,0.5740405632549587
655,0.33243188672719476,0.3286967679788501,0.30910609622317364,0.4244708708933507,0.42820598964169543,3.735118501089425,0.06644224727237426,0.28572747774070956,0.5751485639272211
656,0.3320763295033116,0.32836330195432434,0.3089435056264815,0.4240955084229854,0.4278085359719727,3.7130275747251837,0.06672723697764534,0.2849343146467947,0.5751689682979728
657,0.33144919328142214,0.3277045517956108,0.30848964900797154,0.4231858839659264,0.4269305254517377,3.7446422397597052,0.06723206251398528,0.2839353159740272,0.5743015797157947
658,0.33099497785539067,0.32726776061533336,0.3080970728277259,0.42266604941326236,0.42639326665331967,3.7272188099823054,0.06710717699732785,0.28345554306722454,0.5737285058504388
659,0.3326236453469,0.32892597006910695,0.3095965915637378,0.4243433621235141,0.4280410374013071,3.6976760546480762,0.06823268070811632,0.2855615167683858,0.5749955733674342
660,0.3313328665810208,0.3276401636153513,0.3083117929303676,0.42316433808794124,0.42685704105361066,3.6927036374281874,0.06672541701716457,0.284160412142885,0.5740495570360563
661,0.332251263805841,0.3285472573201062,0.309195360774057,0.42414317747893715,0.427847183964672,3.7040049683151164,0.06740857555405963,0.2850613966611016,0.5751161209624978
662,0.33114751378766666,0.3274422246331403,0.30806142013465043,0.42289623827246203,0.42660152742698837,3.7052895203474057,0.06651231247600611,0.2841908596925231,0.5734810789697845
663,0.33138550516082554,0.32767281655829433,0.3083594004513335,0.4233052922736487,0.42701798087618,3.712689001554206,0.06657665327845524,0.2840350997151982,0.5744664488442728
664,0.33217231456904844,0.32846941815815883,0.30908529199297885,0.4240651919327867,0.42776808834367624,3.7028955998031217,0.06723100447791992,0.2850787565085304,0.5749461073247423
665,0.330792155206611,0.3270706510363658,0.3081419774314061,0.4220655039515844,0.4257870081218295,3.7215054120121778,0.06850973770059926,0.28296921579432,0.572946973136965
666,0.33096094286325983,0.3272201541989516,0.3078843292228264,0.4225126236687894,0.4262534123330976,3.740791376909364,0.06676964079220546,0.2840060913206734,0.5728772509308245
667,0.331175422777843,0.32746758215201766,0.308052665426303,0.4230587121693082,0.42676655279513354,3.7078407595765897,0.06614336353995123,0.28417257036438687,0.5738420584468629
668,0.33056360278338914,0.3268403828937658,0.30749601225451456,0.42212301549528863,0.42584623538491195,3.7232197550141843,0.06638402094211283,0.28366185153676005,0.5724421596518521
669,0.3289246625310871,0.3252164609529167,0.3062179473481105,0.42020277175469206,0.42391097333286254,3.708205147843088,0.06645677780136654,0.28132991075043884,0.5708671526198509
670,0.3296333106570469,0.32589738634517185,0.30675801493230165,0.4209200608382855,0.4246559851501605,3.7359225691630282,0.06662406022759297,0.28238788722186864,0.5712620880630386
671,0.33013040593048787,0.3264044629622381,0.3072798531683455,0.42153944556084244,0.42526538852909224,3.7259433069603185,0.06694071302904248,0.28273330980086764,0.5721655410371611
672,0.3306520243542964,0.3269122982033726,0.3077544546268878,0.42229687817965794,0.4260366057032688,3.739726890887919,0.06682036783292852,0.283076614484636,0.573366376469143
673,0.3305507629262582,0.3268385741855653,0.30769665738197055,0.42187973574881676,0.4255919231168226,3.7121890805187134,0.0675184683362843,0.28331710692574197,0.5722544010743343
674,0.32991168806989574,0.3261884511932704,0.3070399475187739,0.4211062420911607,0.42482947896778606,3.723236283881924,0.0671073908121005,0.28281615295398144,0.5711962901117477
675,0.32978735645926655,0.3260540500867706,0.3070636999268204,0.42104378701886414,0.4247770933913601,3.7333077500732137,0.06731246999884175,0.2821398130871058,0.5717388050038852
676,0.32949341519911024,0.3257340400199231,0.3066068299385488,0.4208787821445074,0.42463815732369453,3.7593747680673673,0.06624168954781595,0.2820602670210049,0.571518544007137
677,0.32900734299933926,0.325259615809594,0.30604840883165435,0.420235724458166,0.4239834516479112,3.7477277340156308,0.06586129751328557,0.2820108746101033,0.5702730436340516
678,0.32890794940156104,0.32517255093606096,0.3062675566971838,0.4197229230176549,0.423458322855842,3.7354001078343124,0.06762008208643408,0.281468755920485,0.5697138367174511
679,0.3288038343180423,0.32506124524600044,0.3063648986211566,0.4194014361862143,0.4231440252582561,3.742586632176413,0.06859838782121655,0.2809633355146692,0.5695329808897147
680,0.328391455497275,0.32464183570455846,0.30552751661290706,0.41952370795126054,0.4232733277439771,3.749619797349362,0.06574242012176465,0.2812065548629116,0.5696335708164147
681,0.3285782146192189,0.32483322707686163,0.3057584275483828,0.4195127858558804,0.4232577733982377,3.744990670110477,0.06648201956009857,0.2814941900953538,0.5692990639948424
682,0.32836430292199864,0.3246428100335251,0.30598161242213257,0.4191022791335719,0.4228237720220455,3.7214909125764235,0.06803814222290173,0.28031587311156836,0.5695908089986419
683,0.327794147603758,0.32406091788725355,0.30542136044028684,0.41854413441935645,0.4222773641358609,3.7332308945273187,0.0674734319224766,0.27964514305197796,0.5691455068799307
684,0.3288623773288109,0.3251193019609393,0.30614429591113007,0.41987418149306044,0.42361725686093205,3.743077208130168,0.06691937176721822,0.2814068521750664,0.5701066594022605
685,0.32870640437051346,0.32498277475525894,0.3060429442503676,0.4194309607861324,0.423154590401387,3.7236320864343524,0.0675371502019725,0.28148914526674806,0.5691025454648839
686,0.32764812855679337,0.32392339430382117,0.3050777534543717,0.41830015320836234,0.42202488746133454,3.7247301464073947,0.06692029863392204,0.28022718870326657,0.5680857791493976
687,0.3280860502306357,0.3243513407360611,0.30541700200881833,0.41913071058130213,0.4228654214485638,3.734707858674858,0.06622609283779113,0.2804932058093444,0.5695317013738137
688,0.3276526901995634,0.3239064545736934,0.3053779831010689,0.4179841907880597,0.4217304264139297,3.7462327667344772,0.06851665944547351,0.27958962636570484,0.5680276750874802
689,0.3273383169647771,0.32362273905979894,0.30483782716087404,0.41805609858006015,0.4217716764850383,3.7155768049411013,0.06668905523203826,0.27968795638841104,0.568136467505548
690,0.32756747360622424,0.3238388478605813,0.30500718401078053,0.41847352842797303,0.42220215417361595,3.728623972302849,0.06633663364626084,0.27983015683453133,0.5688547885173428
691,0.3280743238586194,0.3243223017992498,0.3057601940357329,0.41810728967211236,0.42185931173148195,3.7520210802147567,0.06944386968834874,0.2804125271584757,0.5674241882041445
692,0.32644586734267267,0.3226889148166858,0.303880586582107,0.41698456769282977,0.42074152021881656,3.756952882799668,0.06597222302936101,0.27896801505898694,0.5667015152596964
693,0.3260616289707086,0.3223167687450737,0.30365466407710334,0.4166996358817067,0.42044449610734164,3.7448606180518427,0.06587041316057289,0.27807301254999983,0.5670205727889839
694,0.32666371515561626,0.3229211756075488,0.3040656750474143,0.4172045683830751,0.4209471079311426,3.742540085903386,0.06608388354025242,0.27935223839573825,0.5667609094329428
695,0.32735159268221353,0.32359743690954007,0.30470071382855457,0.41800623161623746,0.4217603873889109,3.75415501709506,0.06636840993817997,0.2800181316960497,0.5677156004385795
696,0.32604654799823757,0.3222725882338036,0.3038318724072893,0.41626527806802294,0.42003923783245684,3.7739614794347816,0.06733402754064514,0.2777864573863223,0.5663751398714896
697,0.32545477182970667,0.32168172915962456,0.30312233450130494,0.4159117826736844,0.41968482534376655,3.7730426283867593,0.06587554901012546,0.2772958839849072,0.5661955665624069
698,0.3252942619048335,0.32154017875588337,0.3029442633193532,0.4153713727327678,0.41912545588171796,3.754078206847837,0.06645967795796084,0.27768150873860253,0.5646916028191263
699,0.32663065820299664,0.32288579026672126,0.30430410001808983,0.41712494010588985,0.4208698080421652,3.74486871021349,0.06699129737465877,0.27855613114551575,0.5673648736467461
700,0.32716964004536503,0.32341489490736897,0.3046669237752663,0.41774616466876024,0.4215009098067563,3.754743532895956,0.06681058722601473,0.27947859960993915,0.5677115823048059
701,0.32588228913638695,0.32213747588238645,0.303683398620565,0.415760818049821,0.41950563130382157,3.7448149533870625,0.06793433242819642,0.27807921066092006,0.565036654922764
702,0.32594273030521975,0.32220636026685123,0.30346066153233925,0.4163335532689961,0.4200699233073646,3.7363714107981516,0.06603837144078861,0.2784779834936059,0.5658656373303672
703,0.3256937918602112,0.3219631537982739,0.30328829015446634,0.41593224738904494,0.41966288545098224,3.730635637772002,0.0663475432560872,0.27819217230485216,0.5653251672485999
704,0.3241722360709109,0.32043162377543827,0.30192639430721446,0.4141522030493217,0.41789281534479433,3.7406109707438717,0.06586520029308986,0.2764219000704986,0.563492085402627
705,0.3258039000095245,0.3220567511070886,0.303737898842814,0.41559537466630186,0.4193425235687378,3.7471509746786245,0.06845149697186965,0.27768891228322035,0.5650732921541659
706,0.3245053565643725,0.320755658249668,0.30226260329288046,0.4146375855918238,0.4183872839065283,3.749700460471709,0.06588763830236241,0.2765403515188417,0.5643598178000105
707,0.32538685546842744,0.32165224282335747,0.30317518308077757,0.4154709308492318,0.4192055434943018,3.7346160430709165,0.0669668967205228,0.27745630754846257,0.5651023506088709
708,0.32449805988558506,0.3207476388404334,0.30252905543350667,0.4143461626547195,0.4180965836998712,3.7504267708008645,0.06732754874471797,0.27602120287000553,0.5642384085435582
709,0.3253689863648334,0.3216188922765745,0.3027359615366594,0.4158666109751351,0.419616705063394,3.750092530945472,0.06477148865207831,0.27816838655552445,0.5652679950695924
710,0.3255802181694481,0.3218435615933855,0.3033457677456148,0.415378545751757,0.41911520232781957,3.7366521688792806,0.06769061906812172,0.27800710135202866,0.5643395965971849
711,0.3240127653451908,0.3202723107478652,0.30187045185203043,0.41385370102577307,0.41759415562309865,3.740451708505719,0.06631948110674644,0.2761041939837678,0.5631876967930459
712,0.3234089783581524,0.3196602221571657,0.30143813626420457,0.4130935550229332,0.41684231122391996,3.7487579928580357,0.06657673080712181,0.27511783702933734,0.5626198388166932
713,0.3232366589922491,0.31947367774277724,0.30105600271477206,0.4130189525604934,0.41678193380996537,3.762980889570546,0.06554772670522531,0.275390188721454,0.5622301018465419
714,0.3242020525384095,0.32044481684210147,0.3021127408401878,0.4140810448731309,0.41783828056943895,3.7572356290463795,0.06659321074071399,0.27601332901921705,0.5637316796452762
715,0.32313217495619373,0.3193858877151465,0.30068418228098626,0.41305212938729785,0.41679841662834516,3.7462871442728223,0.06432402335555058,0.2760126253348025,0.5617158990105351
716,0.3237996574956421,0.3200493303508628,0.3019912359031596,0.4134181156652615,0.41716844281004073,3.750328239926163,0.06761057783734588,0.27509134164942645,0.5632717964588287
717,0.3239534862846211,0.32020570165650286,0.30184529562483764,0.4136820419223328,0.41742982792313815,3.7477849976284636,0.06660247444784782,0.27602592881697896,0.5629074708855208
718,0.3231601025848862,0.3194161479037286,0.3010880117709794,0.4129144195366695,0.41665837421782714,3.7439544631577775,0.06586693425955382,0.27511812040341677,0.5622789874142046
719,0.32369007117115967,0.31992967736167677,0.3013880188278948,0.4131508276440249,0.4169112214535078,3.7603954455542796,0.06630072440548568,0.2765526244776761,0.5613107130912707
720,0.32262028376804747,0.3188494577623177,0.30048384560059627,0.4122469542523261,0.41601778025805586,3.7708252758892287,0.06539592837238535,0.2747678959721411,0.5612877223636659
721,0.32163273051686747,0.31787213939434766,0.29946400368329473,0.4112452731882338,0.4150058643107536,3.7605897427977912,0.06433788003060148,0.2739415648880945,0.5601125723082799
722,0.321907360826563,0.3181369064651234,0.29997855065623047,0.41124023929822784,0.4150106936596675,3.770451829689962,0.06594532089305893,0.273753686071772,0.560236642132478
723,0.3222454777614124,0.3184457786351753,0.300317435512958,0.4116664028459421,0.41546610197217915,3.7996990002930358,0.06610065913106006,0.2738507119667277,0.5610009416825225
724,0.3219846130039418,0.3182100734186499,0.3000720240585922,0.411205895955548,0.41498043554083996,3.774541500533558,0.06630767245125796,0.2738800804020476,0.5600283096144636
725,0.3227746085152861,0.31899138466837423,0.30060038282614726,0.411890979838826,0.4156742036857379,3.7832263766024856,0.06650636661241448,0.2755083550798588,0.5597864288183887
726,0.3209495534245682,0.31717105922445027,0.29904940528121515,0.4100787471785482,0.41385724137866614,3.77849733310451,0.06550494330516604,0.272885383676822,0.558757893856415
727,0.3222332408785091,0.31846382567332604,0.3003651486664807,0.41148214719414755,0.4152515623993306,3.7694140742604962,0.0666363006615197,0.27399406575950713,0.560465077866578
728,0.321587789815808,0.31781670531595124,0.2996374395370655,0.4109153398166847,0.41468642431654146,3.771081901102797,0.06557013598458722,0.27350006116599046,0.5598421318362025
729,0.32112732607926253,0.31734847017611134,0.29918045623776895,0.41033237497984143,0.4141112308829926,3.7788577890516226,0.06537813398103656,0.2731193456451599,0.5590438799662485
730,0.3222402678993633,0.31847039835622043,0.3002627344494374,0.41159598286437576,0.41536585378020563,3.76987002752976,0.06607902503112273,0.2742091766275404,0.5605000040006963
731,0.3215994548029761,0.31785647250971977,0.2998706389563081,0.41058974834001505,0.41433273063327136,3.7429813443005795,0.06697871862833943,0.2733538234757193,0.559279372705835
732,0.3206827856088208,0.3169113855732564,0.2988164594551778,0.409906105038158,0.41367750507372236,3.771398313271137,0.06514514557757194,0.272455421121226,0.5588488105648325
733,0.3202673726992969,0.31651056434834507,0.29856288098482486,0.4094324123413282,0.4131892206922801,3.7568090756448234,0.06535452426273473,0.2716971181223143,0.5586369879256912
734,0.3213495871346389,0.317588073416295,0.29933194956062253,0.4104111435688756,0.41417265728721947,3.7615137696480656,0.06568262534911103,0.27378784012305474,0.5585253954834541
735,0.3219711797492201,0.3182051134392614,0.2998890033747147,0.4110941783735846,0.4148602446835433,3.7660650378210416,0.06597466369505707,0.274512318815847,0.5591800337903317
736,0.3205392688523526,0.3167802330700345,0.2986801342489737,0.4096239896162074,0.4133830253985255,3.75903496943004,0.06531546716908407,0.27249829952087967,0.5582266260325888
737,0.32043833592548004,0.3166802629329782,0.2986698955908745,0.40960426640922365,0.41336233940172556,3.7580713202259273,0.06532517250877956,0.27204932343749616,0.5586351868530622
738,0.31974792772164745,0.31597817491052305,0.29798559208017494,0.4085917301253476,0.412361482936472,3.769750872718726,0.06533131270946552,0.2716213426988045,0.5570041269181915
739,0.3197752026269315,0.3160129464564885,0.2980520738440909,0.40848248030222245,0.4122447364726655,3.762257973381666,0.06576742653303672,0.27171408257153273,0.5566747094839328
740,0.3207186555617917,0.31696031768358884,0.2990150557721678,0.40961876268136327,0.4133771005595661,3.758337713223046,0.06636588161488839,0.2724167926785928,0.5582624859156133
