epoch,learning_rate,train_total_nll,train_selection_score,train_market_nll,train_sector_nll,train_idio_nll,train_mse,train_market_mse,train_sector_mse,train_idio_mse,train_coverage_68,train_coverage_95,train_standardized_residual_mean,train_standardized_residual_std,val_total_nll,val_selection_score,val_market_nll,val_sector_nll,val_idio_nll,val_mse,val_market_mse,val_sector_mse,val_idio_mse,val_coverage_68,val_coverage_95,val_standardized_residual_mean,val_standardized_residual_std
1,0.0002,0.5539015407172827,0.5598067910287908,0.5793376427641662,0.5592634252597293,0.5476918184964765,1.0688786913783381,1.121252410209185,1.0780976498914387,1.0579142766736191,0.7582869581607324,0.9431442273804547,-0.012460104108268763,1.0536464731692048,0.49110737442970276,0.47237552063805716,0.3748102699007307,0.5079302532332284,0.47816113914762226,0.9609615121568952,0.7164347512381417,0.99603784935815,0.9340366636003766,0.7558548109872001,0.9458723749433245,-0.011545952276459761,0.992444361959185
2,0.0002,0.5463448516143266,0.5525604110007034,0.5736184640688831,0.5515127834819612,0.5402677085725577,1.0596513632805116,1.1136633805354559,1.0684593129756204,1.0490427541842657,0.7618930129533661,0.9440977784589932,-0.011935867888245424,1.045092029047818,0.4872903823852539,0.46880259258406504,0.3725475030285971,0.5038572038922992,0.4745482759816306,0.9557059492383685,0.7120563813618251,0.9902357714516776,0.9292978388922555,0.7578600559915815,0.9468676618167332,-0.01101229792194707,0.9884892276355198
3,0.0002,0.540483720932505,0.5453753678907325,0.5613541275919003,0.5451151115340083,0.5351565950080425,1.053015427319624,1.1092788818489265,1.060937074411239,1.0432184295537101,0.7641191095861483,0.9448330860777628,-0.011575576435360644,1.04056461453743,0.4845293036528996,0.4662683606147766,0.37122075472559246,0.5008677542209625,0.47196771843092783,0.9517567413193839,0.709054172039032,0.9858695609228951,0.9257338557924543,0.7588846598352704,0.9473214319774083,-0.010463430280131953,0.9857972604887826
4,0.0002,0.53661047435698,0.54145749767072,0.556886262012883,0.5415836327422661,0.5309614152921753,1.0483765556027325,1.105407545002558,1.0563860544472308,1.0384662453785225,0.7652455689781333,0.9451805940665652,-0.01086244423655794,1.0369698934779676,0.48239425250462126,0.46435971770967754,0.3704908788204193,0.4985298386641911,0.4699887292725699,0.9486308353287833,0.7072059341839382,0.9823698316301618,0.9229394027165004,0.7598507063729423,0.9473799807684762,-0.009930327667721681,0.9838827422686985
5,0.0002,0.5340345777491088,0.5388227941986237,0.5546964319376108,0.5383468688724594,0.5290335616391558,1.044815681558112,1.101614587012768,1.0523596822574575,1.035378409909152,0.7666020333858495,0.9455381730734478,-0.010414505852133616,1.0347752228066425,0.48072912437575205,0.4628692609923227,0.3699287942477635,0.496690034866333,0.4684616582734244,0.9461495450564793,0.706232990537371,0.9795526436397007,0.9207434058189392,0.7605679205485752,0.9476434418133327,-0.009354723617434502,0.9826288138117109
6,0.0002,0.531530343747664,0.5365421976178839,0.5532854234354349,0.5359224282163141,0.5264129877792403,1.0419387701103398,1.1008962717229624,1.049419300500027,1.0324929065113488,0.7675706936161883,0.9456624140265778,-0.009911263563765114,1.0329496963354972,0.47941797545978,0.4617655192102705,0.36983313305037363,0.49526151163237436,0.467227109840938,0.9441745110920498,0.7054955533572606,0.9773369005748204,0.9189680133547101,0.7613583292279925,0.9479508144514901,-0.008846696732299668,0.981430879661015
7,0.0002,0.5297879879436795,0.5348611773738968,0.5526294219023865,0.5334545235357954,0.5253600649997264,1.0396209723267016,1.1011453198886076,1.0467500915541994,1.0304411622846792,0.7683311935821314,0.9460401417839179,-0.009268843497122703,1.0313561006625127,0.47837198206356596,0.46075201460293363,0.36904747997011456,0.49413045389311655,0.46625758920397076,0.9426147852625165,0.7046492355210441,0.9755258475031171,0.9176362667764936,0.7616217732429504,0.9481850181307111,-0.008404075101550137,0.9807332583836147
8,0.0002,0.5275882019394798,0.5331173261739142,0.5526788731721262,0.5313977330877301,0.5229422741832332,1.0376245903163095,1.0996637600724415,1.0447410159518764,1.0284402477576435,0.7684352812984327,0.94611400982324,-0.008946566595717373,1.0297283076715054,0.47752825702939716,0.4599396118095943,0.36842094148908344,0.49323680996894836,0.4654567411967686,0.9413300156593323,0.7038801312446594,0.9740867359297616,0.9164876937866211,0.7624121904373169,0.9482728498322623,-0.008125945127436094,0.9801153796059745
9,0.0002,0.5271629271785602,0.5318678120314251,0.5478375386227355,0.5310464209309005,0.5225902938623033,1.0367658525568,1.0963790585185342,1.0438283940675133,1.0277164085547374,0.769251169300177,0.9460905047178391,-0.008506240879690501,1.0288276080284373,0.47676282695361544,0.4592217377253941,0.3679425631250654,0.4924361194883074,0.46471716250692097,0.9401446751185826,0.7035484739712307,0.9727757487978254,0.9153999601091657,0.7626171112060547,0.9482435669217791,-0.007757666321205241,0.9795437966074262
10,0.0002,0.5258361467690085,0.5298999700403433,0.5437530093295599,0.5291341718074547,0.5219409024477372,1.0349954037073021,1.0973997839096565,1.0420697708955131,1.0258408087495041,0.7692914693036936,0.9462734925643151,-0.008361571680618993,1.0283865913390136,0.4760893029826028,0.45861226320266724,0.3676293322018215,0.49174065249306814,0.4640535031046186,0.9391344104494367,0.7033433147839138,0.9716815948486328,0.9144467115402222,0.7628219894000462,0.9483313986233303,-0.007447298616170883,0.9790569288390023
11,0.0002,0.5250556232284658,0.5297967700151316,0.5462678022037941,0.5286096810562086,0.5207945224693111,1.0334350429189187,1.0984188944513347,1.0405960076903906,1.0241079634724064,0.7699596134443132,0.9464212237598343,-0.007873063861724814,1.0272574816004045,0.47549405694007874,0.4580792188644409,0.3674032815865108,0.4911061780793326,0.46348493865558077,0.938172425542559,0.7032569476536342,0.9705768142427716,0.9135982053620475,0.7632025650569371,0.9484191962650844,-0.007120783839906965,0.9786182131086077
12,0.0002,0.5236731945583287,0.5285239973192757,0.5450748758198845,0.5275954714934764,0.5190375775510815,1.0325397281114468,1.0967595076109284,1.0392696301691726,1.0236689821305303,0.7703591766750514,0.9465773499018098,-0.0076822151105204305,1.026860164576656,0.47493575726236614,0.45749666009630474,0.3667849430016109,0.4904840588569641,0.4629921317100525,0.9373144422258649,0.7027901325907026,0.9695678693907601,0.9128789731434414,0.7633489455495562,0.9485216736793518,-0.006752898850079093,0.9782308765820095
13,0.0002,0.5231875517065563,0.527231748508174,0.5410425112574636,0.526446084486663,0.5193339547192934,1.0314740435135896,1.0941593840497004,1.0381645091789782,1.0226940616728768,0.7706647196062638,0.9465353846000636,-0.007239189733790698,1.0259804069171852,0.4744352230003902,0.45701078857694355,0.3663983302456992,0.4899482897349766,0.462523204939706,0.9365367037909371,0.7024770379066467,0.9687588555472237,0.9121165445872715,0.76372948714665,0.9486094968659537,-0.006519157705562455,0.9778183698654175
14,0.0002,0.5223660189496269,0.5269472509302119,0.5427501518117179,0.5259073612876751,0.5181451282071505,1.0306413155363818,1.0935597204881269,1.0376675204625205,1.0215180379210285,0.7709450784305762,0.9466898320762548,-0.007075314584087544,1.025765865873326,0.4739746281078884,0.4565179305417197,0.36575609871319364,0.48949853011540007,0.4620581567287445,0.9358109746660505,0.7021488377026149,0.967989810875484,0.9114207625389099,0.7637002212660653,0.9486680456570217,-0.006395320141954082,0.9775752765791756
15,0.0002,0.5214953859128283,0.5260337608872593,0.5419075572209913,0.5247955170278359,0.517514945129462,1.0296121447194984,1.0933925522881414,1.0363119642244993,1.0207863079238049,0.7710340511658469,0.9467217337151277,-0.006980644992976633,1.0242584779881478,0.47350782581738066,0.4560934730938503,0.36552310415676664,0.489021646124976,0.46159341079848154,0.9350443397249494,0.7019003459385463,0.9671611956187657,0.9106988906860352,0.7639197792325702,0.9487704890114921,-0.006241640674748591,0.9771339467593602
16,0.0002,0.5205928870213075,0.525327174466998,0.541365624588084,0.524530195695464,0.51596313589851,1.0295430227725004,1.0921867318905383,1.0365270176607708,1.0204709091677278,0.7714638204313338,0.9467737779089932,-0.006829743287862263,1.0233672169374308,0.473052693264825,0.45561861991882324,0.36494748507227215,0.4885821895939963,0.46112673197473797,0.934325669492994,0.7015551243509565,0.9663760151181903,0.9100343585014343,0.7641100713184902,0.9488875951085772,-0.006086594092526606,0.9769038898604256
17,0.0002,0.5199071927615087,0.5242474800613802,0.5390254982574988,0.5234461592761175,0.5157309758376294,1.0283505309867176,1.0956056666447453,1.03494667549104,1.019512729161346,0.7717190025344728,0.9467603383891959,-0.006523398020582753,1.0235665657553255,0.4726054498127529,0.4550602648939405,0.3639357771192278,0.4881153106689453,0.4607181761945997,0.9336350730487278,0.7009824599538531,0.965585035937173,0.9094405770301819,0.7641100713184902,0.9488290463175092,-0.005822876135685614,0.9768550651414054
18,0.0002,0.519714409198385,0.5238607100993624,0.5380436925172684,0.5230331519934317,0.5157846218796187,1.0274463555962992,1.0948404703027947,1.0339758982123683,1.0186702592886843,0.7716266712163329,0.9468862530639461,-0.006240459497831094,1.0235017699519,0.4721402866499765,0.45451939957482473,0.36307862401008606,0.48764478734561373,0.4602708986827305,0.9329573171479362,0.7005259139197213,0.9648190651621137,0.9088434832436698,0.7640368853296552,0.9488875780786786,-0.005548570172062942,0.976617157459259
19,0.0002,0.518574806066641,0.5223936891775527,0.5350926926486381,0.5219772054913467,0.514621798740676,1.026800498618142,1.0952482037951992,1.0332893603164235,1.0180299791139757,0.7723267183081651,0.9469265458953728,-0.0058472480971120105,1.0222021993831434,0.47165654386792866,0.45409599372318815,0.3628590404987335,0.48721112098012653,0.45972874760627747,0.9322261043957302,0.7004692809922355,0.9641059211322239,0.9080716712134225,0.7643588951655796,0.9490339756011963,-0.005307536572217941,0.9760715706007821
20,0.0002,0.5175360775244157,0.5205826377844237,0.5297249773192028,0.5211893956721043,0.5134764607600902,1.0262479491558554,1.091840539964968,1.0325748938447197,1.0177348572903882,0.7723787677819095,0.9471481473581399,-0.005657905718058689,1.0209581949316533,0.4712822565010616,0.45371406418936594,0.3624579054968698,0.48682449545179096,0.45936741147722515,0.9316049303327288,0.7004205329077584,0.96342020375388,0.9074961457933698,0.7644027897289821,0.9490046841757638,-0.0051496354197817186,0.975836455821991
21,0.0002,0.5165283577721728,0.5203247239085509,0.5325292801618943,0.5203092759746927,0.5122140548318335,1.0256139172753247,1.0915910263154303,1.0320919401756752,1.016936630453138,0.7725113906801754,0.9470322955832747,-0.005469383548609473,1.0208461457683193,0.4709077477455139,0.4532118695122855,0.3614477983542851,0.4864152840205601,0.4590488885130201,0.9310198681695121,0.7000652636800494,0.9627192957060677,0.9070202623094831,0.7642417975834438,0.9489607640675136,-0.0049501875681536535,0.9759658234460014
22,0.0002,0.5161635666032723,0.5195464692662694,0.5300732180819533,0.5198638329918545,0.5119996610141936,1.0252294754041993,1.0925281530640032,1.031678802345694,1.0165367301646955,0.7724375274934588,0.9470272789963441,-0.0053758860460334235,1.0207853466196055,0.4705601249422346,0.45262995788029264,0.35990271823746817,0.4860341889517648,0.4587743708065578,0.9305099674633571,0.6995963539396014,0.9620421869414193,0.9066742147718158,0.7635245834078107,0.9488290292876107,-0.004854602140507528,0.9768029877117702
23,0.0002,0.5149909998750418,0.5166901586547731,0.5203077539504032,0.5184357984061126,0.5113689971165479,1.0242814605991717,1.0903355911702177,1.03068610716037,1.0156747555647272,0.7720111153764232,0.9471212811367486,-0.005325946210336591,1.0208518598791396,0.4701267182826996,0.45220060859407696,0.35943898132869173,0.4856492962156023,0.4582938551902771,0.929881181035723,0.6995632307870048,0.961417385510036,0.9060216886656625,0.7635831321988787,0.9487704975264413,-0.004577716845752937,0.9765538573265076
24,0.0002,0.51437363699956,0.5168740115926257,0.5232478493888502,0.5184449837473925,0.5100064530961036,1.0241154203400267,1.0930503641283336,1.0309808871346868,1.014952156034666,0.7726389893921473,0.9470172029425411,-0.005163739667609296,1.019818122791011,0.4697349624974387,0.4516781781400953,0.3583518351827349,0.4852646972451891,0.45791814582688467,0.9293542674609593,0.6994138785770961,0.9608047349112374,0.9055690339633397,0.7637441498892648,0.948814400604793,-0.004432590844641838,0.9769525442804609
25,0.0002,0.5136251374506914,0.5147834855107485,0.5158845685227859,0.5172704723756617,0.5099044152851662,1.0238423335875722,1.0869755463544002,1.030184679561191,1.0153955344475054,0.7720027223221778,0.9472891557723269,-0.0047467677843033565,1.020162357590593,0.46934782181467327,0.4511106695447649,0.3570109265191214,0.48488200988088337,0.45755823595183237,0.9288809044020516,0.6993441581726074,0.9602202347346714,0.9051928435053144,0.7634367517062596,0.948799763407026,-0.004188475398612874,0.9774965558733258
26,0.0001,0.5127816316840957,0.5146891333723581,0.5192081776265908,0.5162139276755021,0.5091350889181517,1.0239896397680974,1.0951542295801657,1.0306134004197363,1.0149937573910004,0.7722176007899759,0.9470877092249627,-0.0046852713323704215,1.0196582205894966,0.4691659467560904,0.45082998275756836,0.3562835710389273,0.4847242661884853,0.4573703961712973,0.9286875639642987,0.6993444221360343,0.9599870102746146,0.9050332052367074,0.7634660431316921,0.9487558432987758,-0.004102013306692243,0.9777987003326416
27,0.0001,0.5121579671815549,0.5134158303843849,0.5148160256029579,0.5159221785805864,0.5083051073935724,1.0232664725747527,1.0913050163573506,1.0295159270442331,1.014749137151565,0.7721773214176625,0.9472404789204361,-0.0047145697445700714,1.0193430812189168,0.4689654154436929,0.4505583218165806,0.35569682717323303,0.4845349064895085,0.45717168705804007,0.9284640295164925,0.6994111623082843,0.959731365953173,0.9048318181719098,0.7634513974189758,0.9487265774181911,-0.0040148230203028235,0.9779697401182992
28,0.0001,0.5114303449606565,0.5117345767575414,0.5091885521023687,0.5150811943224132,0.5078542120201552,1.0233528780375636,1.0922194444028401,1.029586201652892,1.01482404114586,0.7722058617879474,0.9472337642878187,-0.00433817178466826,1.019236442619144,0.46877032944134306,0.45026298080171856,0.35497360144342693,0.4843402249472482,0.45699383105550495,0.9282753978456769,0.6995034643581935,0.9594902055604118,0.9046855909483773,0.763305025441306,0.9485363108771188,-0.003954214443053518,0.978371228490557
29,0.0001,0.5108172311058914,0.5106229094041658,0.5056959937397664,0.5147106126370457,0.5070946386577042,1.023298487746282,1.0935650499307736,1.0297439799696986,1.0145106032696738,0.7718180573358941,0.9471515025533411,-0.0044008968339558675,1.019304020827206,0.4685496176992144,0.4499730808394296,0.3543796794755118,0.4841279515198299,0.45677716391427176,0.9280544349125454,0.6995594586644854,0.9592397723879132,0.9044865795544216,0.7630561930792672,0.9484923822539193,-0.0038564855099788736,0.9786144920757839
30,0.0001,0.5103460989179088,0.5102095534663534,0.5061958890295737,0.513606050047457,0.5072244630370211,1.0231392558147159,1.0935219041030344,1.028772352661039,1.0151601998670492,0.7718281227383806,0.947126322230863,-0.004330710413092266,1.0185870339915621,0.46835208364895414,0.4496279145990099,0.35341063141822815,0.4839255852358682,0.4566099388258798,0.9278797166688102,0.6995658704212734,0.9589862653187343,0.9043838552066258,0.7628220319747925,0.9483899388994489,-0.0037419453728944063,0.9792346784046718
31,0.0001,0.5095458500091076,0.5102433680389334,0.5087882321245903,0.5137531545549189,0.505363768543638,1.0233517782662505,1.0959205218479686,1.030037287864939,1.014247541725483,0.7714554373569752,0.9473227365652964,-0.004220574334811246,1.0188575445293342,0.4681516204561506,0.44921051604407175,0.3520804260458265,0.4837135246821812,0.45645889214106966,0.9277479989188058,0.6994967971529279,0.958756182874952,0.9043482371738979,0.7623243502208165,0.9482289382389614,-0.0036566566808947493,0.9802585584776742
32,0.0001,0.5096694484345435,0.5093013923777352,0.5035764993579951,0.5136176158358852,0.505924267489301,1.0235165757395583,1.0912267690552118,1.02921906279956,1.0155572279623943,0.771285878501058,0.947129684018283,-0.004128385397319001,1.0194154522447054,0.4679201415606907,0.4488389321735927,0.35111211453165325,0.48348183291299,0.4562519107546125,0.9275522146906171,0.6995574917112078,0.9585123913628715,0.904191757951464,0.7621048007692609,0.9481703809329441,-0.0035795789611126694,0.9809372510228839
33,0.0001,0.5088388264575984,0.509323118453873,0.5073973330637155,0.5126293150205461,0.5050966461316415,1.023395929285275,1.0920821640409692,1.0291127411451209,1.0153897600911301,0.7707134032334906,0.9471280023615848,-0.003937463045999583,1.0198987579565444,0.46771134223256794,0.4484553933143616,0.35000491568020414,0.48325267859867643,0.4560935837881906,0.9274204543658665,0.6996793406350272,0.9583026681627546,0.9041292752538409,0.7618413312094552,0.9480532918657575,-0.003494308529687779,0.9817960347448077
34,0.0001,0.507715716309506,0.5059759414507313,0.49442041022498,0.5116473152218753,0.5042272971430865,1.0233817702675256,1.0917883741202503,1.0295269723983527,1.0149562130875303,0.7707083694030246,0.9469869749032103,-0.003974179110784967,1.0189942183460385,0.4674611134188516,0.44808790939194815,0.3491500403199877,0.48299045647893635,0.4558755414826529,0.9272314139774868,0.6998572519847325,0.9580749528748649,0.90396705695561,0.7617096134594509,0.9479361772537231,-0.003360584910426821,0.9822324599538531
35,0.0001,0.5069466744913422,0.5033391800771538,0.4841927287368608,0.5105255058314699,0.5041262324626666,1.0231986175545411,1.0951488478575617,1.0289407579702288,1.015058104404717,0.7702265495345706,0.9470759616469457,-0.003960622661006463,1.0186953808000254,0.46724015048571993,0.4477022630827768,0.34807697790009634,0.48275570358548847,0.4556967743805477,0.9270909258297512,0.7000418475696019,0.9578780787331718,0.9038720386368888,0.761372949395861,0.9478483625820705,-0.0032584089120583875,0.982984185218811
36,0.0001,0.5064401125761404,0.5037846459343808,0.48946647111782343,0.5092877643082732,0.5041582162295984,1.023596865057762,1.0899882706628967,1.0293433663177294,1.0156372012813704,0.7705488924606605,0.9469450081670461,-0.003737951342266337,1.0189298643433493,0.4670614557606833,0.4472545385360718,0.3465184824807303,0.48254273193223135,0.4555982266153608,0.9270441361836025,0.7001763326781136,0.9577225191252572,0.9039276923452105,0.7606850011008126,0.9476288046155658,-0.0031955037266016006,0.9846611874444144
37,0.0001,0.5060367535549863,0.5036089464114131,0.4899335593000413,0.5091958676340393,0.5034143300893913,1.0238405447157601,1.0930721646873875,1.0297514620159323,1.0156216362898496,0.7697078075338131,0.947030626653221,-0.003524453169392032,1.0206119751722704,0.46685653924942017,0.44692493762288776,0.34566992095538546,0.48232569864818026,0.4554269696984972,0.9268874951771328,0.7003741604941232,0.9575267774718148,0.9037976350103106,0.7602166192872184,0.9475848930222648,-0.003057338962597506,0.9852351205689567
38,0.0001,0.5046558882631037,0.49999665879800387,0.47612778888991475,0.5084611177597056,0.5018017599201788,1.024928775464823,1.0975558366216396,1.031106381219775,1.0163301429379858,0.7696658329541294,0.9471028213066378,-0.0035136516439154765,1.0191155623242114,0.46657449432781767,0.4465139167649405,0.3447137773036957,0.48203936219215393,0.45517153825078693,0.926713730607714,0.7005016888890948,0.9573442935943604,0.9036239470754351,0.7597043343952724,0.9474678039550781,-0.003009620022826961,0.9858123319489616
39,0.0001,0.5033403272147796,0.49863900750097223,0.47470682914355933,0.5070356057047904,0.5005994324676818,1.0241586029132819,1.097839704734267,1.0301963403416607,1.0156648834119133,0.7687811153519782,0.9468912867723339,-0.003511426486818838,1.0191204203011375,0.4664125783102853,0.4461069277354649,0.3432695823056357,0.4818701871803829,0.4550597071647644,0.9266393184661865,0.7006041322435651,0.9571968827928815,0.9036161388669696,0.7591334666524615,0.9472336173057556,-0.0029917205351271798,0.9873225433485848
40,0.0001,0.5035385444600095,0.49834310533874654,0.4731071039736729,0.5064712084078263,0.5016202400784217,1.02450342472553,1.1000750566896145,1.030087967377959,1.0163999034146194,0.7687072455730428,0.946896333817757,-0.0033409466595447127,1.0201041881572999,0.46615275740623474,0.4457533529826573,0.34251279064587187,0.48161387869289946,0.45481287581580027,0.926435683454786,0.7007779223578317,0.9569902845791408,0.9034022603716169,0.7590895550591605,0.9472043429102216,-0.0029443159832486083,0.9877657294273376
41,0.0001,0.5019307469198536,0.49589860866573976,0.4668803699066623,0.5050678087757968,0.4999620863491611,1.024359711914629,1.0980672440770585,1.0301584585837322,1.0161040706385482,0.7689573853918057,0.9469651635097225,-0.003215644843361345,1.0187159017361682,0.4659438601561955,0.4453492760658264,0.3413114675453731,0.4813715602670397,0.45467063784599304,0.9263183985437665,0.7010640331677028,0.9568216460091727,0.9033234374863761,0.758665110383715,0.9470579709325518,-0.0028957899194210768,0.9888392686843872
42,0.0001,0.5016289816657152,0.4957483888160737,0.4677456640397593,0.5044152487471845,0.49997210317981344,1.025118707420273,1.099407628476162,1.0307147606055187,1.0170464161659472,0.7686048344777171,0.9471884352759221,-0.003176953678610184,1.01843093043404,0.4657148080212729,0.4450975741658892,0.3409510169710432,0.4811540884631021,0.4544344203812735,0.9261958684240069,0.7014776808874947,0.9566997970853534,0.9031823703220913,0.7587236421448844,0.9471165026937213,-0.002858884699110474,0.9885589735848563
43,0.0001,0.49874331973420616,0.4907391895346927,0.45305262503719185,0.5021287697404089,0.49688090058210505,1.0247515317603861,1.0990424075617402,1.0307578772260664,1.0162688533098834,0.7686249848457098,0.9471280072141902,-0.003125703841980968,1.0167534362335908,0.4656296287264143,0.44453440393720356,0.3384296042578561,0.4809937264238085,0.45450536268098013,0.926345705986023,0.701747110911778,0.9567051955631801,0.9034730621746608,0.7574502570288522,0.9465895550591605,-0.002968807871054326,0.9919868281909398
44,0.0001,0.4999802893879349,0.49196773672860766,0.45380433598848957,0.5037847242169788,0.4977150097664844,1.0261019985918747,1.0981730942352577,1.0321086568827513,1.017693016691447,0.7671661074504569,0.9468375769750436,-0.003346844350740779,1.0196529615859282,0.4653639623097011,0.4440090230533055,0.33685735719544546,0.4806702435016632,0.4543414456503732,0.9262407507215228,0.7019068428448269,0.9565691522189549,0.9033904501370021,0.7566305654389518,0.9463992885180882,-0.0029657265903162105,0.9936469282422747
45,0.0001,0.4989097599212902,0.4910173643508204,0.45486225414385995,0.5012928565923093,0.49799494359106267,1.0257860042776625,1.0934341791282844,1.0315444579627413,1.0177728067101177,0.7671107113880191,0.9467334751892383,-0.003254917712526418,1.0199320248561337,0.4651280769280025,0.44359015566962107,0.33571134720529827,0.4803843583379473,0.4541856476238796,0.9261254923684257,0.7022307770592826,0.9564222097396851,0.9032919321741376,0.7562792641775948,0.9462383048874992,-0.002941152679600886,0.9947628123419625
46,0.0001,0.49742199398893855,0.488255757584794,0.44576920421686284,0.500661015647897,0.4959046784359189,1.0264771586189623,1.1030389331758053,1.0325344735942494,1.0178678510009602,0.7664324755675965,0.9468963244177413,-0.003271520890939754,1.019682447451295,0.46498505558286396,0.44321093388966154,0.33429778047970365,0.48026700956480844,0.4540595497403826,0.9259463037763324,0.7023032903671265,0.9561918207577297,0.9031553949628558,0.7553132176399231,0.9460626499993461,-0.002931042740653668,0.996749358517783
47,0.0001,0.4980603339302192,0.4883142325033363,0.4442024743074768,0.5004947407698546,0.4974212254918787,1.0271413079055223,1.1042597836185832,1.0328874060635194,1.0188246605888245,0.7653295058991686,0.9465572165942351,-0.003184508982091127,1.0221610126041232,0.4647071361541748,0.442690657717841,0.3327679591519492,0.47996705770492554,0.4538451475756509,0.9258155993052891,0.702495310987745,0.9560394372258868,0.9030357088361468,0.7547423754419599,0.9460187554359436,-0.002907872266535248,0.9983616386141095
48,0.0001,0.49621389820767375,0.487169196345656,0.44578222455089667,0.4989003994741992,0.4952084867391474,1.0270695391826854,1.1071646786077902,1.0333155463795387,1.018153619656365,0.7653681154563619,0.9467267656533827,-0.003082806825913447,1.0207761922861696,0.4643158997808184,0.4422465818268912,0.3321114352771214,0.47956329584121704,0.4534754923411778,0.9255779215267727,0.7027586783681598,0.9558406046458653,0.9027425221034459,0.7547131095613752,0.9459455609321594,-0.002828639665884631,0.998012798173087
49,0.0001,0.4961089667636678,0.4870845915351961,0.44661182204821265,0.49800934876409236,0.49585848308134495,1.0264764609119554,1.1046327285380835,1.0318275505740766,1.0185201265722803,0.7660748958587646,0.9470104857462831,-0.003026772253391754,1.019624535084015,0.46410588707242695,0.4418547068323408,0.3309695167200906,0.4793293135506766,0.4533204436302185,0.9254069328308105,0.7029100741658892,0.9556611265454974,0.9025691321917942,0.7541569130761283,0.9456820998873029,-0.0028644855732896496,0.9991776858057294
50,0.0001,0.4937693604248582,0.4833409478892684,0.4364614893214494,0.49606973070153443,0.4933792815962878,1.0267545769779851,1.1062917201505584,1.0324866925516436,1.018371535275328,0.7655410300873514,0.9469550810162983,-0.0033047388336839155,1.0192018985992448,0.4639325737953186,0.4414368484701429,0.3295396864414215,0.47912722400256563,0.45321766819272724,0.925227803843362,0.702978960105351,0.9554563079561506,0.9024081570761544,0.7534250787326268,0.9453161529132298,-0.0029248573617743595,1.001104210104261
51,5e-05,0.4911327088605546,0.47845781823029837,0.4222002855277464,0.49324401592024153,0.4913191417212127,1.0268100162560794,1.1012538976078454,1.033055997236655,1.0180826600978634,0.7643104724498266,0.9467536360864693,-0.003056956300606376,1.018932493295782,0.46387313519205364,0.4412125178745815,0.3286155036517552,0.479064758334841,0.4531901053019932,0.9252008029392788,0.7030950358935765,0.9553939189229693,0.9024110095841544,0.7529713256018502,0.9450673375810895,-0.0029518622239785536,1.0024801237242562
52,5e-05,0.49133708928098935,0.47955701907231635,0.4266916868079948,0.49384971395615607,0.4909793916446883,1.0268044196454549,1.106001778864824,1.0326599486961892,1.018309056545244,0.764736890121417,0.9467788142725803,-0.003231257118696716,1.0187500273943313,0.4637196660041809,0.44093125207083567,0.327830970287323,0.4788721672126225,0.45309656858444214,0.925148103918348,0.7032346555164882,0.9553298439298358,0.9023635302271161,0.752663927418845,0.9449502399989537,-0.002939639413463218,1.0032455495425634
53,5e-05,0.49130814037625753,0.47893260996950876,0.42332557139797083,0.494013621678306,0.49086888945536067,1.0274641761337862,1.1046398992850972,1.0333694199751537,1.0189867178049687,0.7633787451251861,0.9463020353761625,-0.002904724840733332,1.0209275836890865,0.46359693152563913,0.44070869258471895,0.32721838780811857,0.4787157050200871,0.45302386794771465,0.9250786304473877,0.7033518382481166,0.9552544014794486,0.9022939034870693,0.7524004748889378,0.9447745936257499,-0.0029234059620648623,1.0040468062673296
54,5e-05,0.4922059631109604,0.4790075131245167,0.42093141600527767,0.49392445251933137,0.49286331752905527,1.0275057281400384,1.1058273932839808,1.0326688555467451,1.0197319172616501,0.7635281584962356,0.9465219511231336,-0.0029502848911452497,1.022915904545137,0.46345616238457815,0.4404999188014439,0.32672558086259024,0.47856935007231577,0.45290036712374004,0.9249982067516872,0.703504068510873,0.9551734498568943,0.9022056545530047,0.7523272803851536,0.9446574960436139,-0.0029217993641006096,1.0044570650373186
55,5e-05,0.4888333390293766,0.47409452196578766,0.4088066758495444,0.4911644473572725,0.4891698306423545,1.0271779204782192,1.1030301353104959,1.0325292408985172,1.0192980403113963,0.7638706186461071,0.9466680093905404,-0.0029777969637598614,1.0191792104406596,0.46346036876950947,0.4404159443719046,0.3262221600328173,0.47861455593790325,0.4528807359082358,0.9249061856951032,0.7035903334617615,0.9550581574440002,0.9021316596439907,0.7519906418664115,0.9445111325808934,-0.0029304222469883306,1.0053442205701555
56,5e-05,0.4925021745428573,0.47774521372468426,0.4127754198699137,0.49445766195296265,0.49320431196317266,1.0272306720843025,1.09413711562623,1.0334609255873723,1.0187700720426673,0.762645116477396,0.9460871431135363,-0.003082777676780561,1.0248020634367963,0.4633658656052181,0.4402097037860325,0.32554190499441965,0.47851790274892536,0.45280795437949045,0.9248195546013969,0.7036916017532349,0.9549637862614223,0.902045590536935,0.7518589156014579,0.9443793978009906,-0.002934279818353908,1.006162370954241
57,5e-05,0.48949427444142557,0.4745853150495186,0.4090188285722161,0.49140110558506406,0.49026995552422387,1.0275971869352958,1.1078897618478345,1.0337372689874613,1.0187809563147003,0.7629791901652409,0.9464581609382668,-0.0029830724645655885,1.0211666028315265,0.4632096588611603,0.4400474088532584,0.3253560704844339,0.47835889032908846,0.45265577520642963,0.9246948105948312,0.7037958332470485,0.9548525725092206,0.9019001296588353,0.7519467302731105,0.9443061947822571,-0.002876962468560253,1.0061573386192322
58,5e-05,0.4883355701879178,0.47334285326878106,0.4066567513738848,0.49096673659892553,0.4884271097683748,1.0280150362484528,1.1034025750401932,1.0347777915745593,1.0187396251172576,0.762972469642354,0.9463356052126203,-0.0031012762328385696,1.0206847674896702,0.4631249862057822,0.43993678263255526,0.3251213048185621,0.47828721148627146,0.4525630218642099,0.9245686105319432,0.7038833158356803,0.9547192794936044,0.9017740402902875,0.7520345619746617,0.944320831980024,-0.002811571317059653,1.0063006452151708
59,5e-05,0.48872740453045244,0.4727374238352622,0.40264813343317646,0.49055274034608526,0.4897714050623068,1.0277061719987188,1.1017079872164552,1.0331708734852194,1.0197745164235432,0.7627122615827882,0.9463540783492468,-0.0030251346601014007,1.0209734857357042,0.4631330796650478,0.4397852676255362,0.324290007352829,0.4782951261316027,0.4525989592075348,0.9244807192257473,0.7039488468851361,0.9546019264629909,0.9017100163868496,0.7513905252729144,0.9440134593418666,-0.0028411410083728178,1.0080169609614782
60,5e-05,0.48717999327079003,0.47187849725141195,0.4048709085338005,0.48886605714201253,0.48823760092044816,1.0271782399871932,1.1037150560069926,1.0332120994207985,1.018593097520497,0.7623697833653541,0.9466109345402403,-0.002979954507934379,1.0207053363109575,0.4632148402077811,0.4396688682692392,0.323307603597641,0.4783969989844731,0.45269620418548584,0.9244449734687805,0.7040279848234994,0.9545219796044486,0.9017154489244733,0.7505708336830139,0.943647529397692,-0.002896031331537025,1.0102788209915161
61,5e-05,0.4871149185493672,0.4697268212751065,0.39470382656614045,0.48796472369983634,0.4893456320852972,1.0280367739677918,1.1026201842689416,1.0332461563184574,1.0203414528539592,0.7617452709539329,0.9462298401428746,-0.0029831982725116303,1.0221113098992243,0.4628917617457254,0.43943932226725985,0.3235267187867846,0.4780264369079045,0.45240254061562674,0.9243043746267047,0.7041835359164647,0.9544355017798287,0.9015103578567505,0.7511563130787441,0.9439110159873962,-0.0028309836384973358,1.008833885192871
62,5e-05,0.4858926787812223,0.47045183941699026,0.40197654870370686,0.48840894832772225,0.4861734794367904,1.0282873465535094,1.1094385764565886,1.0347579872675328,1.0191117469860356,0.7626182469293757,0.9466763989655592,-0.0029234410904031257,1.0188301459252376,0.4627530404499599,0.4393484890460968,0.3236505261489323,0.47787802134241375,0.4522645175457001,0.9241888778550285,0.7042815174375262,0.9543498924800328,0.9013579998697553,0.751405153955732,0.9440866368157523,-0.002776077183495675,1.0081809248243059
63,5e-05,0.485930991856428,0.47054175450383123,0.40304283572659394,0.48772850744063834,0.48689637474689007,1.0269876683118462,1.1032760041955185,1.0326716759481982,1.0187610896867907,0.7625527809780802,0.9465958220923307,-0.003116436432489121,1.020604852340921,0.4628696952547346,0.4392209563936506,0.32248967034476145,0.4779867061546871,0.4524322066988264,0.9241371410233634,0.704308203288487,0.954254014151437,0.9013484801564898,0.7506000995635986,0.9435597062110901,-0.002806112968495914,1.0107646499361311
64,5e-05,0.48478950003874466,0.4678593295937737,0.3938482816837045,0.48653279219721135,0.4860775610207901,1.0281338937088458,1.1054273084134123,1.0340415778309031,1.0196499537945527,0.7617016327240744,0.946337291538807,-0.0027722281494921316,1.0202296147026653,0.4625702330044338,0.43901404312678743,0.32268250414303373,0.4776826288018908,0.45212072134017944,0.9239651816231864,0.7043110132217407,0.9541171448571342,0.9011350188936506,0.7509953039033073,0.9439110074724469,-0.00270521837020559,1.0092417001724243
65,5e-05,0.48565804184673383,0.46876186272820874,0.3953068058535312,0.4870106380259264,0.48731724404397525,1.027752071084942,1.1016663324204214,1.0336556657729121,1.0193848074916931,0.7621599380871118,0.9467502620301976,-0.0030195991493402936,1.0201065715495832,0.4624430537223816,0.43881382261003765,0.3221871001379831,0.47754022904804777,0.4520209857395717,0.923834570816585,0.704189053603581,0.9540038704872131,0.9009869013513837,0.7507172226905823,0.9438817245619637,-0.0027369714475103785,1.0098162719181605
66,5e-05,0.48508933685525407,0.46839001577936923,0.39596779515544267,0.48625817209772126,0.48689119716943136,1.0278113663532278,1.102742061453847,1.03367103037319,1.019453662820065,0.7605331841030306,0.9461727705724533,-0.003089682608690252,1.0225382769223792,0.46254630599703106,0.4386952519416809,0.3211191637175424,0.4776466744286673,0.45216018812997,0.9237459046500069,0.7040964961051941,0.9538902384894234,0.9009234479495457,0.7498243536267962,0.9432523250579834,-0.0027930022084287237,1.012318798473903
67,5e-05,0.48290402177841435,0.4667057919917324,0.39562224220204095,0.4848305256593795,0.4838869203009852,1.0274493882610929,1.105026085713675,1.0332313002956506,1.019081446188142,0.76109725868647,0.9465857436580043,-0.002772360191052456,1.0209441047049277,0.4623505984033857,0.43851135458265034,0.32102151427950176,0.47741777130535673,0.45199384008135113,0.9236251882144383,0.7042145984513419,0.9537918312208993,0.9007719244275775,0.7501902835709708,0.9434279884610858,-0.0027411149016448428,1.0115829280444555
68,5e-05,0.4830698458066795,0.46594756646334545,0.39172140789288346,0.4842393142836435,0.48494541396315866,1.0275367408060014,1.1116099499825998,1.0334219927673027,1.018848691362634,0.7610687304629586,0.9463624697554374,-0.002872861700043792,1.0198328318927938,0.46217637402670725,0.4383906424045563,0.32114540679114206,0.4772269002028874,0.4518269683633532,0.9234874163355146,0.7042790821620396,0.9536780629839215,0.9006040607179914,0.7504390903881618,0.9436475379126412,-0.002673284716105887,1.0108719979013716
69,5e-05,0.482256125073157,0.46455206690357087,0.38682178344960955,0.48439842630397095,0.4832949693912246,1.0276239858306009,1.1058002812888033,1.0336708968807597,1.0189711711251668,0.7603653056830305,0.9462802074716082,-0.0030275403449947992,1.0205584664986918,0.46210125514439176,0.4381595849990845,0.32027730345726013,0.47712559359414236,0.4518043654305594,0.9234288164547512,0.7043400066239494,0.9535975711686271,0.9005638871874128,0.7497511506080627,0.9433840598378863,-0.0026901279842214926,1.0124874796186174
70,5e-05,0.48298162023531616,0.4659912956414074,0.39187904510263655,0.4845774629698371,0.48442250758760474,1.0279413211425024,1.106358916223568,1.0340222548168865,1.0192466703244984,0.7604660336567204,0.9462332035173102,-0.003064226650971971,1.0217416978041087,0.46198613728795734,0.4379966599600656,0.3199036589690617,0.4770171897751944,0.45169107828821453,0.9233180369649615,0.7043677653585162,0.9534924796649388,0.9004412378583636,0.7494730608803886,0.9433255365916661,-0.0026623360213956664,1.012935723577227
71,5e-05,0.4827194513721583,0.4653058798418128,0.3894751737713509,0.4842335068288365,0.4843136183707701,1.0277866148606851,1.1016361310246414,1.0341449401895022,1.0189668579218758,0.7602175687193199,0.9462080177928751,-0.0025981848246880023,1.0219562477901907,0.4617855335984911,0.43790072202682495,0.3202839025429317,0.47678759694099426,0.45150041580200195,0.9232447573116848,0.7046023862702506,0.9534369792257037,0.9003405911581857,0.7499121682984489,0.9435597062110901,-0.002603490637349231,1.0117234587669373
72,5e-05,0.4802747072773107,0.4620044448561261,0.3820185022236931,0.4822665780431725,0.4815581488230872,1.0276258767292064,1.1045699652744083,1.034159954669716,1.018527152748274,0.7599758219548024,0.9465404221539124,-0.002872844956981193,1.0203353991217938,0.4619386451584952,0.437700663294111,0.31854954787663053,0.47696827564920696,0.4516887196472713,0.9231488449232919,0.7043472187859672,0.9533091528075082,0.9002814548356193,0.7481264897755214,0.9429596066474915,-0.0027319239785096477,1.0158351234027319
73,5e-05,0.4822284740572762,0.46395277702313964,0.38403770332145987,0.4841310423853699,0.48359902596022003,1.0273654442290068,1.1056106588624406,1.0336908669088416,1.0184317469535824,0.7589987678767105,0.9459394076758022,-0.002869829002823118,1.0250837834016886,0.4619145393371582,0.43767794966697693,0.31848129630088806,0.4769930711814335,0.4516171855585916,0.9229995778628758,0.7042696390833173,0.9531659143311637,0.900124055998666,0.7482143044471741,0.9429010323115757,-0.0026984458922275473,1.016170050416674
74,5e-05,0.4806205989822509,0.4621640588769654,0.3818917526108634,0.482130174965231,0.4824020412416258,1.0273884833622027,1.103744982147119,1.033921315800637,1.0183106236316215,0.7589718976267411,0.9459880900517281,-0.00279039326333715,1.0223257251110556,0.4617800031389509,0.43768242427280973,0.319051057100296,0.4768847269671304,0.4514328326497759,0.9228914380073547,0.7044870938573565,0.9530639222690037,0.8999987244606018,0.7488290412085397,0.9430913414273944,-0.002577398704098804,1.0145048243658883
75,5e-05,0.47934214939414327,0.4592780723549803,0.3726522404446824,0.4803771176554274,0.48186352314914854,1.0271420640879512,1.0971042049645279,1.0332058493564877,1.0187462013743196,0.759584668350415,0.946347358925063,-0.0027862644973232448,1.0208094870806106,0.4617733061313629,0.4376139896256583,0.31868977206093924,0.4769063634531839,0.45140952723366873,0.922783008643559,0.7045651759420123,0.952947199344635,0.8998926707676479,0.7485363227980477,0.9430766871997288,-0.0025546703421111617,1.0152015856334142
76,2.5e-05,0.479648523829988,0.46021901431965084,0.3767517219582278,0.4802529926917764,0.48247390091266623,1.0272212333698731,1.099810409960964,1.0329844492615887,1.01903829663702,0.7588090585307226,0.9461358272290755,-0.002816670288604098,1.0226253025115482,0.46173239180019926,0.4375547340938023,0.31855580636433195,0.4768616386822292,0.45137578674725126,0.9227284789085388,0.7045852201325553,0.9528960841042655,0.8998323253222874,0.7484045624732971,0.9430913414273944,-0.0025492383699331966,1.015268155506679
77,2.5e-05,0.47957561625557804,0.45969161337849057,0.37412932850859193,0.4803297192361864,0.482336268828456,1.0285703154386647,1.1013431911644298,1.0349524197246378,1.0197624118890876,0.7591045283990461,0.9463087519620299,-0.002782075286066065,1.0210495141000548,0.4616917754922594,0.4375885043825422,0.31890295233045307,0.4768244411264147,0.4513189366885594,0.9226674863270351,0.7046522838728768,0.952837484223502,0.8997651764324733,0.7486094832420349,0.9431791646139962,-0.0024921376524227007,1.0144002522741045
78,2.5e-05,0.4797494622968858,0.46029239844128345,0.37696614531114414,0.48010822817782406,0.4828168206409009,1.0268517924893288,1.1049546009140385,1.0329304521839495,1.0181695955018173,0.7592102949032098,0.9461408696050102,-0.0026431622883019788,1.0227195021743598,0.4617155151707785,0.43753452386174885,0.31850176623889376,0.47686293721199036,0.45134226764951435,0.9226054464067731,0.7045574017933437,0.9527705311775208,0.8997089607375008,0.748346039227077,0.9430913243974958,-0.002502586626048599,1.0152851002556937
79,2.5e-05,0.48059262316225737,0.4608947030410239,0.3755937144808811,0.4818519255593686,0.4828332796257945,1.0274704759449331,1.108575305753162,1.0334694797542239,1.0187679890541315,0.7592018966911637,0.9462348794973757,-0.0026614416008686414,1.0224853703381156,0.46169324432100567,0.43747962372643606,0.3183330850941794,0.4768170884677342,0.451348215341568,0.9225537436349052,0.7045939649854388,0.9527168529374259,0.8996559807232448,0.7482289501598903,0.9430474298340934,-0.0024878993696932283,1.0155348096575056
80,2.5e-05,0.4781052004784361,0.45925871448765887,0.37727615699606926,0.47966016179710796,0.47991132189906444,1.0271371847168336,1.1030426466397854,1.0334876326799272,1.0182564800907512,0.7591817591413741,0.9463456828229194,-0.0028588447790865675,1.0201921839928907,0.46171408891677856,0.43755012324878145,0.31859782338142395,0.4768547373158591,0.4513439791543143,0.9225044335637774,0.704646246773856,0.952664886202131,0.8996059213365827,0.7483460477420262,0.943062058516911,-0.002445963377665196,1.015130000455039
81,2.5e-05,0.47838567593313763,0.45727787569310197,0.3658478009474931,0.4797575063450301,0.4807651851095423,1.0279967749784131,1.0976682847973267,1.033762811759894,1.019908142010493,0.7588275316978685,0.9460300631359547,-0.0026876120696953487,1.0219853968420092,0.461726861340659,0.43750275458608356,0.3182967390332903,0.4768651936735426,0.4513693792479379,0.9224426916667393,0.7045997381210327,0.9526035189628601,0.8995434556688581,0.7481264812605721,0.942930315222059,-0.002468955403726016,1.0159886990274702
82,2.5e-05,0.47852335259112344,0.4571962369843379,0.36435133078375415,0.48035115423229374,0.4805012985308599,1.027121543640121,1.0964185716064538,1.03342316520562,1.018509950902727,0.7585219810146951,0.9457765678778344,-0.00266853218141865,1.0232918122091845,0.46176849944250925,0.4375051259994507,0.3181135824748448,0.47692355513572693,0.4514020894254957,0.9223947525024414,0.7046287911278861,0.9525518843105861,0.8994973387037005,0.7478337287902832,0.9428278633526394,-0.0024699512203889234,1.016552712236132
83,2.5e-05,0.47684719699258016,0.45602086947871306,0.3663497499423459,0.4776881504260267,0.4796894732586128,1.0276369701210681,1.1015937889898,1.0330496265591564,1.0197590045054876,0.7583020690826654,0.945852112355015,-0.0025822428995490652,1.0213046687661351,0.46188237411635263,0.43755896602358135,0.31786719816071646,0.4770797107900892,0.45148550612585886,0.9223469580922808,0.7046263899121966,0.9524953620774406,0.8994568841797965,0.7474092500550407,0.9426229255540031,-0.002485639016543116,1.017632348196847
84,2.5e-05,0.4772534182879843,0.45574440201672906,0.36228930104773777,0.4789241094254739,0.4794149250783984,1.0270570993301384,1.1062227453382212,1.0330325691015123,1.018442967032019,0.7583306036542393,0.9460552556052064,-0.0026002565465394942,1.0228205456589652,0.4619054879461016,0.4374730203832899,0.31732448509761263,0.47709485462733675,0.4515356251171657,0.9222942590713501,0.7045442461967468,0.9524388228143964,0.8994073271751404,0.747101868901934,0.9425058535167149,-0.002506767266563007,1.0188950129917689
85,2.5e-05,0.47733073865091624,0.45669063087981965,0.3688932327630882,0.47714567724643947,0.4811304397480462,1.0277513450558102,1.0965044899470247,1.033324264466793,1.0198867512677061,0.7578806873473887,0.9458772964924345,-0.002615077489261223,1.022612866901216,0.4618410851274218,0.4373972713947296,0.3172177927834647,0.47701355814933777,0.45148973379816326,0.9222552861486163,0.7045634814671108,0.9524036390440804,0.8993633304323468,0.7470286914280483,0.9425204736845834,-0.0024958860262164046,1.0189298306192671
86,2.5e-05,0.476863161851001,0.45535019557413786,0.36273668075425775,0.47771851615422334,0.4798119872640599,1.0279190135624734,1.1010819980564694,1.0332632968197464,1.0201359669245393,0.7582852756189677,0.9461190438063036,-0.0026481272191375767,1.0220741014021577,0.4618136669908251,0.437492698431015,0.3178238144942692,0.4769992615495409,0.4514276385307312,0.9222197532653809,0.7047255464962551,0.9523690683501107,0.8993203725133624,0.7474531531333923,0.9427254029682705,-0.002432633756792971,1.0177541290010725
87,2.5e-05,0.47661427437068865,0.45591785505803134,0.36650913231231225,0.4777319424743232,0.479166810184763,1.0275072118165367,1.1039708969962945,1.03373574447583,1.0187302194554806,0.7586260742550316,0.9461576540654462,-0.0028336391516251102,1.0210838161000702,0.4617939591407776,0.4375065565109253,0.3179937558514731,0.47696695583207266,0.45141432540757315,0.9221863150596619,0.7048015594482422,0.9523381846291679,0.8992807013647897,0.7476434452193124,0.9427400231361389,-0.0024028573783912827,1.017480628831046
88,2.5e-05,0.4772037998017322,0.45544208986784823,0.3625407471711124,0.4773251542938836,0.48090452801186306,1.0281159013769166,1.0980368530634301,1.0339864622429586,1.019914491690554,0.7577463881028229,0.9460653223200328,-0.0027478008363653436,1.0225523242081243,0.4618315739291055,0.4374675623008183,0.3176033752305167,0.4770277270248958,0.45144335286957876,0.9221458435058594,0.7047686151095799,0.9522901518004281,0.8992475100925991,0.7472336036818368,0.94263756275177,-0.00242552616899567,1.018627337047032
89,2.5e-05,0.47738337464901465,0.45698955354480575,0.36822262819888835,0.47911693728769733,0.4792885053511833,1.0277188393133332,1.1019456436007804,1.0337173038425045,1.0192462166516645,0.7577530959906239,0.9460032064976963,-0.0027125762095169394,1.0231685397323436,0.46179501925195965,0.43737185852868216,0.3172593925680433,0.47698784300259184,0.4514201836926596,0.9220814790044513,0.7047010404723031,0.9522276094981602,0.8991811360631671,0.7469115938459124,0.9425204651696342,-0.0024336097495896475,1.019443154335022
90,2.5e-05,0.4753340571676226,0.4528747564911293,0.3562782222621574,0.4761406934786258,0.47849588006872185,1.027564087648973,1.0978452222687858,1.0337078365312744,1.0190774281697583,0.7575869012416111,0.9459729825479827,-0.0029910589061406595,1.0217703112991907,0.46165367535182406,0.4373695467199598,0.31785586050578524,0.47684113468442646,0.4512593703610556,0.9220344935144696,0.7047609090805054,0.9522014515740531,0.8991096700940814,0.7475848964282444,0.9427693145615714,-0.002344149663778288,1.0176003405026026
91,2.5e-05,0.47672558413733596,0.4555235632675706,0.3645454298912777,0.47728661632025116,0.47990387475191476,1.0268336603474264,1.1011195060722168,1.0328406807220232,1.0183505871573046,0.7581392259275492,0.9460552564902728,-0.002686817389023545,1.0222794090364753,0.461688505751746,0.43736440794808523,0.31768147008759634,0.4768744025911604,0.4513030307633536,0.9219824842044285,0.7047327331134251,0.9521478499685015,0.8990587677274432,0.7474385414804731,0.9426814913749695,-0.0023428405235920635,1.018249545778547
92,2.5e-05,0.47723135907590175,0.45606404240779613,0.3652169864969991,0.47780823094137986,0.480388429689212,1.028225418548369,1.1032127646135172,1.0337188542346984,1.0202323510838482,0.7569758237110182,0.9459326937451341,-0.0028368539826136656,1.0247257209959484,0.4617135524749756,0.43733562741960796,0.3174033633300236,0.4769186888422285,0.45131865569523405,0.9219121847833905,0.7046294808387756,0.9520806414740426,0.8989864928381783,0.7473214183534894,0.9425936767033168,-0.002344349931393351,1.0189875534602575
93,2.5e-05,0.4759703153869279,0.4542838130861567,0.3607874136366602,0.4769616863145257,0.4788182519425872,1.0271899256410808,1.098580689657302,1.0323374766419622,1.0196623741451192,0.756975817149319,0.9459629124760078,-0.0027569330172374875,1.0236783961546585,0.46172676767621723,0.4372880927153996,0.31705606409481596,0.47696991903441294,0.45130637288093567,0.9218450614384243,0.7045749596187046,0.9520072085516793,0.8989250149045672,0.7469408597264972,0.9425204651696342,-0.0023430397268384695,1.0198762672288078
94,2.5e-05,0.47452291672314,0.453402581501178,0.3625457115925341,0.4752996749164993,0.47747864832465486,1.027801403221691,1.1077444353777508,1.033899446847313,1.01903854671406,0.7572612112079958,0.9457530624672381,-0.0025230340655565003,1.0225572963586174,0.4616587630340031,0.43731617076056345,0.31747923152787344,0.4769168198108673,0.4512063946042742,0.9217975820813861,0.7046676874160767,0.9519624965531486,0.8988701701164246,0.7473653554916382,0.94263756275177,-0.002262498168939991,1.0189088838441032
95,2.5e-05,0.4754985487131479,0.45537949850543363,0.36796910160483914,0.47705605150001573,0.4775254607536337,1.0272145430308028,1.1013467297820145,1.0332481468328134,1.018709960590554,0.7575063193021404,0.9458386871793975,-0.0028428506093978105,1.0230555232829823,0.4616048378603799,0.4372553527355194,0.3173876234463283,0.47686369929994854,0.45115321023123606,0.921740574496133,0.7046398861067635,0.9519138421331134,0.8988038727215358,0.7472921524729047,0.942652199949537,-0.0022557032560663564,1.0190558178084237
96,2.5e-05,0.47324568523056865,0.45099225356465295,0.3550938207310893,0.47422281373053776,0.47620689200549265,1.0269876576910493,1.100813698109394,1.0339885804815532,1.0175259766734934,0.7576943466251957,0.9458638643583639,-0.002505399588604219,1.0202766999915143,0.4616029049668993,0.43722261275563923,0.31720118863242014,0.47688308358192444,0.4511360824108124,0.921666647706713,0.7045108846255711,0.9518462249210903,0.8987254926136562,0.7471018944467817,0.9426375882966178,-0.00225514847053481,1.0195310711860657
97,2.5e-05,0.4758635373586761,0.4541938426674053,0.3616896855849458,0.4759801868530523,0.4795527010927186,1.0278653283334058,1.1058527779347214,1.0335786998485579,1.0195526987909356,0.7569002676669354,0.9456170884633882,-0.002948884117854325,1.0239914814081792,0.46152997442654203,0.4371948795659201,0.31736590606825693,0.47681031056812834,0.45105508821351187,0.9216253757476807,0.7045679433005196,0.9518066985266549,0.8986789924757821,0.747336072581155,0.9426961285727364,-0.0022236800120611277,1.0190207191876002
98,2.5e-05,0.4735233654624306,0.4501679850521908,0.350012089738587,0.47408215462764713,0.4770816033367493,1.0269674988081072,1.1035489837633787,1.0332553237142528,1.018127205459753,0.757168872717766,0.9460703572797213,-0.0025942793496990745,1.021695690587186,0.4614280504839761,0.43717645747320993,0.317711421421596,0.4767009062426431,0.45094567963055204,0.9215868541172573,0.7046743546213422,0.9517787439482552,0.8986256718635559,0.7477166312081474,0.9427839602742877,-0.0021686159473444733,1.0180332490376063
99,2.5e-05,0.4728862053451939,0.4500721547308178,0.3523417573233354,0.47333306463266483,0.4764575545017498,1.0268844128631653,1.1011005223438304,1.0327216472249732,1.018573451579319,0.7580703878732321,0.9462264822009155,-0.0026638824733511124,1.0195395898892217,0.46149577839033945,0.437149316072464,0.3172357380390167,0.47681012749671936,0.4509903107370649,0.9215136596134731,0.704578833920615,0.9516988056046622,0.8985592978341239,0.747248249394553,0.9426961285727364,-0.0021944588515907526,1.0194079961095537
100,2.5e-05,0.4743033520270786,0.4519328558774588,0.355578818689904,0.4752389742543132,0.47732529988730804,1.0271806266450663,1.095968725128291,1.0343117881175254,1.0177567437314035,0.7568263955990351,0.9460418153529404,-0.0023905624543959004,1.0230551370888323,0.4615464380809239,0.4370733754975455,0.31660707933562143,0.4768734404018947,0.4510507753917149,0.9214492269924709,0.7044576576777867,0.9516353181430272,0.8984958784920829,0.7466481413160052,0.9424619163785662,-0.0022433910884761383,1.0211341210774012
101,1.25e-05,0.47425801204341045,0.45286169219371053,0.3603285236567396,0.47550945897256175,0.4768041662234742,1.0278184987677101,1.1055856360207443,1.0344159827132258,1.0186284502164193,0.756853260996399,0.9457580994106962,-0.0028896222922987227,1.0234209617711432,0.46156345520700726,0.43715030806405203,0.316928825208119,0.4769002752644675,0.4510479228837149,0.9214382682527814,0.7045453361102513,0.9516223669052124,0.8984842300415039,0.7468676822526115,0.9425058450017657,-0.0022062484973243307,1.0205733350345068
102,1.25e-05,0.4735951170027714,0.45127996632946615,0.3556371846994985,0.47407938298114555,0.47704278259965865,1.026929148331216,1.1062971998713778,1.0329062839806904,1.0183064051304362,0.7571285881266128,0.9460821068109883,-0.0026147241396109414,1.0226578885203927,0.461525559425354,0.4371832651751382,0.31727966240474154,0.4768481808049338,0.451010742357799,0.9214283142771039,0.7046290210315159,0.951614328793117,0.8984688350132534,0.7472189835139683,0.9426668541772025,-0.0021626532709758195,1.0197663477488927
103,1.25e-05,0.47411041723967695,0.4529804821449002,0.36194446879017983,0.4750184219309567,0.47694125090936973,1.0271355906206707,1.108347658462788,1.0334282801570003,1.0181358221306047,0.7571017378364169,0.9460686798652379,-0.0022756108733755285,1.0222930110422574,0.46151514989989145,0.43717221702848164,0.31726122328213285,0.4768417307308742,0.45099705883434843,0.9214070354189191,0.7046317458152771,0.9515923517090934,0.8984473347663879,0.7472043463162014,0.9426229255540031,-0.0021527363153706703,1.0198065638542175
104,1.25e-05,0.4723609132731321,0.4496692576532906,0.3517516316875579,0.47348128050886173,0.4752609591360771,1.02749198195999,1.0910992245459277,1.0341679912558348,1.0186956204699054,0.7580569639183958,0.946416193011841,-0.0024806350751894897,1.0190719923970641,0.46154023919786724,0.43718972376414705,0.31723504407065256,0.47687773619379314,0.451012807232993,0.9213865654809135,0.7046504957335336,0.951568603515625,0.8984289254461016,0.7471311688423157,0.9426083139010838,-0.0021476553353880134,1.0199974179267883
105,1.25e-05,0.47341454723402593,0.45114929448380203,0.3557118640624128,0.4739058191386846,0.47684667903035344,1.0264813861234092,1.1022540712686177,1.0322483061706476,1.0181887736090989,0.7571839869052889,0.9457648235043683,-0.002458443486874926,1.023337224905636,0.46157245550836834,0.4372315151350839,0.3172982633113861,0.4769274251801627,0.45102708680289133,0.9213611228125436,0.7046506319727216,0.9515409469604492,0.8984044875417437,0.7470140712601798,0.9425790224756513,-0.0021389678752581987,1.0201874801090784
106,1.25e-05,0.47667380875950277,0.4559840495868396,0.367470619788978,0.47696799210750074,0.48001972860210806,1.027243939718099,1.109898035457912,1.0332094130000882,1.0185235034973878,0.7559282523024344,0.9454626310988689,-0.002431392928467862,1.0281408640646166,0.4615569157259805,0.43729710578918457,0.3177055929388319,0.4769167559487479,0.45099196689469473,0.921347303049905,0.7047132083347866,0.9515289408820016,0.8983869552612305,0.7474385329655239,0.9426668541772025,-0.0021031831690509406,1.0194245406559534
107,1.25e-05,0.47273358885776795,0.4493016296939488,0.34917370123522623,0.4729557434260021,0.47663003128428244,1.0263974270757137,1.0981804827391277,1.032160791994301,1.0182411613613291,0.7577648500693009,0.946456479708842,-0.0022382953230919165,1.019335219296076,0.46153286525181364,0.43736808214868816,0.3181736596993038,0.4769001305103302,0.45094425337655203,0.9213425346783229,0.7047909838812692,0.9515271357127598,0.8983762093952724,0.747731259890965,0.9427839517593384,-0.002060269487888685,1.0183633736201696
108,1.25e-05,0.47278079456142813,0.4504599052395994,0.35401354489787934,0.47400532095968206,0.4755150785033543,1.026765131852716,1.1061183516941373,1.0328900847627882,1.0179950443219967,0.7568230416856542,0.9461643710175479,-0.002698863538304469,1.0220074148832439,0.4615794079644339,0.4374001622200012,0.318117550441197,0.47697180083819796,0.45096912554332186,0.9213159254619053,0.7047647152628217,0.9514964904103961,0.8983542152813503,0.747614187853677,0.9427400316510882,-0.0020614078301670296,1.0187559468405587
109,1.25e-05,0.4726139579408912,0.45057542290189484,0.3556204708002191,0.4735650517851404,0.4755626543631507,1.0264317462582253,1.1024090902535535,1.0320188052154966,1.0183123197545776,0.7576825900133975,0.9462046699834005,-0.0025228943634745832,1.0210513466453162,0.46159304891313824,0.4374165875571115,0.31813369052750723,0.4769973371710096,0.4509705517973219,0.9212890437671116,0.7047548464366368,0.9514672671045575,0.8983286278588432,0.7475409933498928,0.942666837147304,-0.002061870331609888,1.018931312220437
110,1.25e-05,0.47156509479314196,0.449716769299993,0.3558388511324564,0.47226355990506536,0.4747240539703135,1.0268376455267942,1.1019987055904976,1.033754536633118,1.0174153985515717,0.7572796753413605,0.9460972320465815,-0.00262447768470384,1.0200110999853014,0.46166559202330454,0.43739746298108784,0.31770687443869455,0.4770855392728533,0.4510443253176553,0.9212428757122585,0.7046310135296413,0.9514195833887372,0.8982871089662824,0.7470726200512477,0.942447304725647,-0.002096288022585213,1.0202355299677168
111,1.25e-05,0.4712286586341526,0.44957891114235415,0.3563295286463519,0.47213401281095074,0.47415330629133895,1.0262602954049997,1.1033020337849961,1.0322044839995737,1.0177480689208445,0.7569926086597667,0.9460468559892619,-0.0025147969638513895,1.0212833942417237,0.46161791682243347,0.43732636315482004,0.31755928482328144,0.47701606154441833,0.451021603175572,0.9212287494114467,0.7046435730797904,0.9514069131442479,0.8982696873801095,0.7469847798347473,0.9424180218151638,-0.0020913402050999658,1.020348106111799
112,1.25e-05,0.4733432629019312,0.4514388372454958,0.35679836730681136,0.47453863036003835,0.47603281305438117,1.0270269532052299,1.1023547276129677,1.0328775483159243,1.0186654578034107,0.7563361957997343,0.9455700793512894,-0.0028059250821540187,1.0238743387486955,0.46163816111428396,0.43735394307545256,0.3176173269748688,0.4770369018827166,0.45104008487292696,0.9212136438914708,0.7046428322792053,0.95139308486666,0.8982536196708679,0.7470872487340655,0.942418030330113,-0.0020868174199547085,1.0203709602355957
113,1.25e-05,0.4722442489615234,0.44922671340028264,0.3513046318271254,0.47204924762035355,0.47647050760125603,1.0266190902794927,1.1051045791100553,1.0330756308174232,1.017546333506116,0.7574844911839494,0.9460367817971502,-0.0025985710238451325,1.0209915683138877,0.46161689928599764,0.4373752474784851,0.3178260028362274,0.4770101436546871,0.45101655806813923,0.9212081772940499,0.7047111817768642,0.9513897044318063,0.8982434102467128,0.7473214438983372,0.9424472876957485,-0.002070655081687229,1.0199590495654516
114,1.25e-05,0.4725894736163261,0.45145466531537704,0.35978611453764875,0.47407857410674575,0.47486047792361447,1.0267181793848674,1.1051359931688949,1.0333022724892382,1.0175202541392825,0.7569892512976788,0.9463607951487508,-0.002305949626359812,1.0215111342199144,0.4615981025355203,0.437384375504085,0.3179629274777004,0.4769824317523411,0.45100190384047373,0.9211999944278172,0.7047917587416512,0.9513817599841526,0.8982319406100682,0.7474824615887233,0.9424765535763332,-0.002048739847461028,1.01965355021613
115,1.25e-05,0.4733320263276879,0.4502920338390915,0.3509855270233144,0.4743612168754484,0.4763810505057626,1.027744857183311,1.1023464776648049,1.0331339663074863,1.019869132098087,0.756089413831372,0.945566723972971,-0.0023827119751872006,1.0238053204155066,0.4616606533527374,0.43737350191388813,0.31761310356003897,0.47706992285592215,0.4510530744280134,0.9211631502423968,0.7047128421919686,0.9513404028756278,0.8982011931283134,0.7469262480735779,0.9424619419234139,-0.0020764946737991913,1.0207483172416687
116,1.25e-05,0.4690577344777214,0.4465264659231892,0.3498282684494884,0.4696694026222854,0.4724203397906626,1.025634532211624,1.101263758315835,1.0317143303763239,1.0170338739814113,0.7571974187036447,0.9466159646778429,-0.002400907245309641,1.017860692065005,0.4616413712501526,0.437383166381291,0.3177520292145865,0.4770451145512717,0.4510339285646166,0.9211503863334656,0.704763514654977,0.9513291120529175,0.8981848614556449,0.7471604347229004,0.9424765620912824,-0.002046969103892999,1.0203797561781747
117,1.25e-05,0.4710932002272657,0.44794851572038696,0.34877381331482366,0.47157336164912506,0.4746902210554952,1.0270398059259973,1.1014143917356707,1.0327076714770096,1.018892836888143,0.7566585198952733,0.9460283888955026,-0.0023857887108994793,1.0221082187590085,0.46164724230766296,0.437396126134055,0.31778857111930847,0.4770571376596178,0.4510327790464674,0.9211343697139195,0.7047882165227618,0.9513110433306012,0.8981688022613525,0.7471604432378497,0.9424912078039986,-0.0020322235400921534,1.020379900932312
118,1.25e-05,0.47218138887463507,0.44923306811606645,0.3504936683501455,0.4730429387037655,0.4753762018784339,1.0265532065463323,1.100155640338179,1.0331139134493963,1.0175390630212735,0.7564117431762704,0.9458957622128148,-0.002545316623503803,1.0225097773567078,0.4616652854851314,0.43739622831344604,0.3176924799169813,0.47709366253444124,0.45103624888828825,0.921109676361084,0.7047630803925651,0.9512875761304583,0.8981432744434902,0.7469847883496966,0.9424326590129307,-0.002037328218908182,1.0206879717963082
119,1.25e-05,0.4718794210776267,0.44963731655266365,0.35385224252893444,0.47279476228275485,0.47489825809728287,1.026332899203254,1.103579570559801,1.031494011161148,1.0185968599988446,0.7565158221945052,0.9460367841776737,-0.002171281799559586,1.0226707534794923,0.461677576814379,0.43744065506117685,0.31786808371543884,0.47711206333977835,0.45103671721049715,0.9210969465119498,0.7048128758158002,0.9512736541884286,0.8981298123087201,0.7472189749990191,0.9424326504979815,-0.0020142766713563886,1.0204345073018755
120,1.25e-05,0.47124813105653507,0.44791796692078134,0.3482183440947496,0.47147571762830126,0.47512144782698223,1.0270784595228744,1.1049914787930217,1.0328824385825146,1.0186774166376238,0.7562505769168055,0.9458487538026652,-0.002437366337309884,1.0226702266513417,0.46173485262053354,0.4374470625604902,0.31764219062668936,0.4771839039666312,0.4510888286999294,0.9210659265518188,0.7047479919024876,0.9512416550091335,0.8981009125709534,0.7468969566481454,0.9423301901136126,-0.002030044511359717,1.0212421757834298
121,1.25e-05,0.4735657047810337,0.4520083971500885,0.3600973788738495,0.47357389556708485,0.47733988773499275,1.0274002568513019,1.1015896839602324,1.0340513308965056,1.0182761215150387,0.7555689840700098,0.9455096447583778,-0.0024664631772441125,1.025027657251021,0.46176312225205557,0.4374625938279288,0.31759439621652874,0.4772207609244755,0.45111107400485445,0.9210408585412162,0.7047214508056641,0.9512157099587577,0.8980772154671806,0.7468530450548444,0.9422862870352608,-0.0020309487923181485,1.0215445416314262
122,1.25e-05,0.47011108979529376,0.44611933484055477,0.3425522257411291,0.4713330608847443,0.47314116110022836,1.0269020280652454,1.1032133201910665,1.0328987235603,1.0183615824288732,0.7562287531934271,0.9458621826711461,-0.0025515819752385724,1.021332899057981,0.46173764978136334,0.4374530741146633,0.3176616941179548,0.4771869480609894,0.4510907913957323,0.9210310237748283,0.7047784413610186,0.9512049300330025,0.898065618106297,0.7469115853309631,0.9423448187964303,-0.002011091381843601,1.021344074181148
123,1.25e-05,0.4705101026062836,0.4480536886807045,0.3511678373819733,0.47160314845233103,0.4733951432364328,1.0265246295220902,1.1048638859713193,1.0324557286558917,1.0179822886838585,0.7567458222965918,0.9458621794055562,-0.002038625761255225,1.0219052406194817,0.4617423415184021,0.4374601202351706,0.3176731424672263,0.47719704253332956,0.45108988881111145,0.9210106304713658,0.7047907795224871,0.951183157307761,0.8980451907430377,0.7469554969242641,0.9423594645091465,-0.002002978980142091,1.0213778274399894
124,1.25e-05,0.47119260365329396,0.4477635193835511,0.3476128501734609,0.471447792653847,0.47505681234265495,1.0264864896604848,1.1043236631951574,1.032548058844809,1.0178303978898497,0.7562959045553231,0.9457866421615045,-0.002477205449050503,1.0225978204365334,0.4617332603250231,0.43748065403529574,0.31781784551484243,0.47718997086797443,0.4510736508028848,0.9209926298686436,0.7047958884920392,0.951167174748012,0.8980247974395752,0.7470872317041669,0.9423887474196297,-0.0019835381203198005,1.0210791400500707
125,1.25e-05,0.47092392486727547,0.44729044018680475,0.34566530806555607,0.47175209688883957,0.47427106327846974,1.026995196991924,1.1061365853134815,1.0334267323894861,1.0179255572393253,0.7567844316706679,0.9459780195219604,-0.002511501550808915,1.0214764580809637,0.4617582474436079,0.43750890663691927,0.3178565800189972,0.47721822346959797,0.45109489134379793,0.920979346547808,0.7048004865646362,0.9511543256895882,0.8980105859892709,0.7469847968646458,0.9423594645091465,-0.0019860031648672055,1.0211836695671082
126,6.25e-06,0.4720726771593948,0.45017960959071696,0.3564041445515306,0.4724922930040667,0.4755087470739729,1.0275521034835486,1.103648899154546,1.0333501214072818,1.0192175040901836,0.7561045265844768,0.9458067866392277,-0.0026734476897924426,1.0232535679402623,0.4617512311254229,0.43748848353113445,0.317779255764825,0.4772109474454607,0.4510904720851353,0.9209609201976231,0.7047520535332816,0.951138436794281,0.8979902182306562,0.7469701511519296,0.9423594645091465,-0.0019904296745413114,1.0213764139584132
127,6.25e-06,0.4711574790298298,0.447667477409228,0.34718182348802157,0.4714841511819647,0.47496342417892284,1.0278164444370144,1.1094890840225688,1.0338948223142823,1.0190156360070521,0.7560340121228207,0.9459763470821605,-0.0025011540028846957,1.0223216209970738,0.4617358658994947,0.4374848646777017,0.3178225372518812,0.47719863057136536,0.4510701596736908,0.9209488545145307,0.7047564387321472,0.951127827167511,0.8979768412453788,0.7469701511519296,0.9423741017069135,-0.001981534462954317,1.0212622710636683
128,6.25e-06,0.4720108041809695,0.44968607950015244,0.3537503417278032,0.47273466323683094,0.4752289188927525,1.0267641309341649,1.1008580238527355,1.0333520376370982,1.0177064449800568,0.7558275231384828,0.9456808758099385,-0.002634894354955598,1.0239094114584368,0.46172928384372164,0.4375140241214207,0.3179991628442492,0.4771964933191027,0.4510531340326582,0.9209488459995815,0.7048132419586182,0.9511263370513916,0.897975776876722,0.7470726030213493,0.9424472962106977,-0.0019628183051411596,1.0208642312458582
129,6.25e-06,0.4693974795032634,0.4456399046666672,0.34378078136606455,0.46994552966941644,0.47303656985743864,1.0270874867119426,1.1073647678905552,1.033044858797965,1.0184542084130885,0.7561548835365698,0.9459914616664373,-0.002417636225529347,1.0207275418031538,0.46172523498535156,0.4374984417642866,0.31793396387781414,0.4771930192198072,0.4510504390512194,0.9209343791007996,0.704801082611084,0.9511127131325858,0.8979610545294625,0.7470433286258152,0.9424033675874982,-0.0019630902014406665,1.0210582103048051
130,6.25e-06,0.4694975324917377,0.44565709258004815,0.3436575469852287,0.469843312891947,0.4733463902383112,1.027424843935129,1.1000051375724569,1.0336360765980623,1.018794354388974,0.7561263504909724,0.9462113773218498,-0.0024497352580549895,1.0204408361065773,0.461714825459889,0.43752215589795795,0.31810786042894634,0.47717827558517456,0.45103814346449717,0.9209356137684414,0.704856642654964,0.9511135731424604,0.8979600071907043,0.7472482664244515,0.9424765620912824,-0.0019424367429954664,1.0206655263900757
131,6.25e-06,0.47093933359879564,0.4478438366271262,0.3486881867409729,0.4716004810147693,0.4743531772373764,1.0270282664911843,1.1066645671328825,1.0333601227797915,1.018041547054031,0.757266250165743,0.9460720437585056,-0.002449223188005285,1.0203223360909357,0.4617184783731188,0.43753849608557566,0.3181803141321455,0.47717968055180143,0.4510419709341867,0.9209311859948295,0.704875009400504,0.9511090346745082,0.897955596446991,0.74726288659232,0.9425058450017657,-0.0019318160401391132,1.0205297555242265
132,6.25e-06,0.47149144788308445,0.44904829634194243,0.352768947696051,0.4720623447110088,0.47487775286343914,1.0268891152515207,1.103227775522946,1.0332973238387844,1.0179362286681464,0.7561934972444193,0.9457849650522164,-0.002543557561167191,1.0226911502927007,0.461740391595023,0.4375488417489188,0.3181447812489101,0.4771986390863146,0.45106856737818035,0.9209212235042027,0.7048708200454712,0.9510986804962158,0.8979454977171761,0.7471896920885358,0.9424765535763332,-0.0019366470431642874,1.0207722272191728
133,6.25e-06,0.4705872467036621,0.44610364566506083,0.34090138798607234,0.4713706044862652,0.47412684260730675,1.0265350078718514,1.1033948851864703,1.032642991617284,1.0178650987801403,0.7563160428375815,0.9460317458608366,-0.0024090178728845644,1.0214541319145403,0.4617242217063904,0.43754975710596355,0.31822881954056875,0.47717271958078655,0.4510587283543178,0.9209172810826983,0.7049019592148917,0.9510944145066398,0.8979412146977016,0.7473214524132865,0.9425351193972996,-0.0019249995405386602,1.0205728667122977
134,6.25e-06,0.4712139303508442,0.4471687989483964,0.3439445480040508,0.47189408519362036,0.47477612941617914,1.0265673384932572,1.1026014729273728,1.0331156624932198,1.0174846941547033,0.7565880141011642,0.9460988972837718,-0.002558837933737653,1.0220372668914286,0.46174816148621695,0.43755772709846497,0.31815958448818754,0.47720546807561603,0.4510769375732967,0.9209044235093253,0.7048908131463187,0.9510782871927533,0.8979306221008301,0.7471604347229004,0.942476579121181,-0.0019275931741244026,1.0209014756338937
135,6.25e-06,0.4701934390292678,0.4487346069848177,0.35647343580562885,0.47093322584705966,0.473244316261729,1.026752725663212,1.1054591931749842,1.0327487224441154,1.0181330309973822,0.7560608697682237,0.9460250248191178,-0.0028078872273536374,1.022148132385258,0.46177153502191814,0.43756760018212454,0.31810908232416424,0.4772311193602426,0.4511007411139352,0.9208942396300179,0.704895521913256,0.9510663747787476,0.8979220645768302,0.7470286914280483,0.9423887303897313,-0.001928312288198088,1.0211878759520394
136,6.25e-06,0.4711863947140517,0.44750440595275737,0.3456919224245147,0.4719962772655292,0.47455958435307144,1.0272163963903846,1.0977672690986304,1.033758991355476,1.0183220288110157,0.7558040197116561,0.945704387721195,-0.002512249214115948,1.0233990916885967,0.4618006774357387,0.4375700737748827,0.31799006887844633,0.4772675037384033,0.45112766538347515,0.9208806497710091,0.7048735022544861,0.9510496854782104,0.8979118551526751,0.7468091334615435,0.9423009582928249,-0.0019371182923870428,1.0216152497700282
137,6.25e-06,0.4699184110515007,0.4463554401002172,0.34533204181006305,0.4704606333452802,0.4735290310014167,1.0270816228112623,1.108713028434601,1.0330880825115483,1.0183543195739138,0.7569909255076114,0.9462147329443245,-0.0022395433685410897,1.0193254799642626,0.46181791595050264,0.4375846939427512,0.317988178559712,0.47728975330080303,0.4511405825614929,0.9208700060844421,0.7048673289162772,0.9510375601904733,0.8979025397981916,0.7468091334615435,0.9422423839569092,-0.0019374997188736285,1.021785284791674
138,6.25e-06,0.47051681551454744,0.44560114846312565,0.3384310625726238,0.4714199494717369,0.4740165000961673,1.0268857308796473,1.1027516917698943,1.0325327495764416,1.018709981435394,0.7554884096078243,0.9455062906923992,-0.002322008958228478,1.023745155310057,0.4618374151842935,0.4375933153288705,0.31794185297829763,0.4773181123392923,0.45115300161497934,0.9208571144512722,0.7048502138682774,0.9510247707366943,0.8978903293609619,0.7467359559876579,0.9421838521957397,-0.0019406997598707676,1.0220204762050085
139,6.25e-06,0.4694470120007358,0.44626969553785817,0.34709056166581964,0.46979894800730626,0.47317365774788495,1.0269109445294538,1.1015032238064213,1.0331101335443964,1.0182253335356042,0.7556915429086485,0.9460418136438467,-0.0022199803088728243,1.022525574815499,0.4618357505117144,0.43759046282087055,0.31793212890625,0.4773182400635311,0.45114978296416147,0.9208428689411708,0.7048187341008868,0.9510111468178886,0.8978755559240069,0.7466920529093061,0.9421692064830235,-0.001936657104774245,1.0220706037112646
140,6.25e-06,0.4716170512433548,0.44835238495180685,0.3477004670480307,0.4730144522920121,0.474350206878206,1.0268607904101663,1.1028179679231893,1.0336702811492142,1.0175194060015056,0.7559786087662149,0.9454945291059175,-0.0027277953624706267,1.0243224042901247,0.46181918893541607,0.4375788910048349,0.3179470939295633,0.4772969228880746,0.4511366997446333,0.9208341326032367,0.7048117859022958,0.9510036110877991,0.8978649207523891,0.7466920273644584,0.9422277723039899,-0.0019279607638184512,1.0219755683626448
141,6.25e-06,0.4704549255214834,0.44774329192322215,0.3503552886137154,0.4709915657624549,0.4739214806024441,1.026841342723864,1.1076617096853574,1.0325076402423934,1.018481049547425,0.7560508028702801,0.9455213907798986,-0.0025887527451571505,1.0233851049841214,0.4618265117917742,0.4376078503472464,0.3180617690086365,0.47730999333517893,0.4511350393295288,0.9208261626107352,0.7048292756080627,0.9509956410952977,0.897856593132019,0.7467359559876579,0.9422716583524432,-0.0019127614796161652,1.021799453667232
142,6.25e-06,0.46860496891320086,0.4439285491377161,0.33866365136425125,0.46866717611101427,0.4728740512622788,1.0258380449007427,1.0938597240633556,1.0320862177635424,1.017322482387652,0.7550619921498707,0.945776568884979,-0.0023346846430553256,1.0220821712545658,0.4617970032351358,0.4376063857759748,0.3181908939565931,0.4772693131651197,0.4511117424283709,0.9208257113184247,0.7048755713871547,0.9509966714041573,0.8978535873549325,0.7468969736780439,0.9423302326883588,-0.001897733991167375,1.0214281167302812
143,6.25e-06,0.47149641664590947,0.4477779844206416,0.3467718088437641,0.47139272470689103,0.4757575209911091,1.0269745443640033,1.1018973659748794,1.03259307301722,1.018858513158221,0.7552265201967555,0.9456053359106877,-0.002428976420257803,1.0247825143035716,0.4618006774357387,0.43761010680879864,0.31819250328200205,0.4772753800664629,0.4511129983833858,0.9208124790872846,0.7048703176634652,0.9509831837245396,0.8978388820375715,0.7468676737376622,0.9423302326883588,-0.001888303435407579,1.021491025175367
144,6.25e-06,0.47054673281926956,0.44654306709857944,0.3435165114391784,0.47120713655056246,0.47412061813362305,1.0259514806884653,1.10303818523365,1.0326246343938374,1.0167089789510688,0.7556965678884503,0.9457144518418612,-0.002134900149558821,1.0241122797276505,0.46179125138691496,0.4376063815185002,0.31821260707718985,0.47726658838135855,0.45110184379986357,0.9207999110221863,0.7048652682985578,0.9509727273668561,0.8978251133646283,0.7467944877488273,0.9423594900539943,-0.0018801514857581683,1.0214251450129919
145,6.25e-06,0.47097081525839724,0.4473775663378296,0.3461875476046092,0.471548667029729,0.4745523950654424,1.0271658784477635,1.1017465046351833,1.0336410935207079,1.0182046206010895,0.7561213066195807,0.9460267112673825,-0.002249509504344362,1.0220291288583876,0.46181240677833557,0.4376311217035566,0.3182464284556253,0.4772929166044508,0.4511178604194096,0.920789088521685,0.7048689041818891,0.9509613258498055,0.8978141120501927,0.7468237706593105,0.9423302071435111,-0.0018775488715618849,1.0214728798185075
146,6.25e-06,0.46821541891181034,0.4437010885200559,0.3389107081228443,0.468483331352396,0.4722575579645447,1.026299959747717,1.1010312752057148,1.032489679070906,1.0176192343204495,0.756349628513676,0.9465118828823307,-0.002305556983289753,1.0187175398414952,0.46182625208582195,0.43763600076947895,0.31821040170533316,0.4773101338318416,0.4511294833251408,0.9207736594336373,0.704846339566367,0.9509463310241699,0.8977987085069928,0.7467505931854248,0.9423009497778756,-0.001880058819161994,1.0216438599995203
147,6.25e-06,0.4697411739392825,0.44590777308282886,0.3431761829717551,0.47081076621215767,0.47289048033803166,1.026459546041562,1.096686224356347,1.0325282833787397,1.018050302802387,0.7554447524558564,0.9458521234946439,-0.0022892855349556183,1.021953951439611,0.4618214709418161,0.43762223209653583,0.3181572215897696,0.47730652349335806,0.4511250300066812,0.920758809362139,0.7048246605055672,0.9509326134409223,0.8977829047611782,0.7466920529093061,0.9423009497778756,-0.0018818477567817485,1.0217937316213335
148,6.25e-06,0.4696656925764929,0.4461526058297614,0.3459277307291368,0.46965116106786303,0.47380490765105254,1.0261892359865914,1.100827830117358,1.0327397804655787,1.0171509697628949,0.7559215294905827,0.9458219009183092,-0.002565215352148483,1.0219477551507143,0.46181347966194153,0.43766431723322186,0.31840371659823824,0.47730732389858793,0.4510997108050755,0.9207591073853629,0.7048834562301636,0.9509316171918597,0.897783100605011,0.7469701426369804,0.9423740931919643,-0.00185368161848081,1.021231131894248
149,6.25e-06,0.47036398684007963,0.44701612377191163,0.3475121636910739,0.47033401345571857,0.47448891450122144,1.0263260657886206,1.1046558571545453,1.0316646264506437,1.0183764935394342,0.7557989776714362,0.9460821156311329,-0.0024422501853805013,1.0220482342071064,0.4618386243070875,0.4376785584858486,0.31836457337651936,0.4773386759417398,0.45112107907022747,0.9207486510276794,0.7048763888222831,0.9509181550570897,0.8977746963500977,0.7468676737376622,0.9422863040651593,-0.0018564757691430195,1.0215115802628654
150,6.25e-06,0.4692347170875674,0.44502490926753296,0.34067745561698615,0.470315096107313,0.4724395352330381,1.0266930278728268,1.0970462259731106,1.03355355141899,1.0174874915444296,0.7563412300269542,0.945998163511371,-0.002240522662454265,1.0212137723542822,0.4618457428046635,0.4376992072377886,0.3184451971735273,0.47734335916382925,0.45112831251961844,0.9207424862044198,0.7048963989530291,0.9509115559714181,0.8977686592510769,0.7468969736780439,0.9423740931919643,-0.0018459815099569304,1.021393963268825
151,3.125e-06,0.471118815514105,0.4480027356516442,0.348917500779254,0.471629664187424,0.47468132867119706,1.0267576093375836,1.099917715961849,1.0327490604784448,1.0183275679838821,0.7549864429726822,0.945578479943859,-0.0023012700998756024,1.0250979659499966,0.4618478034223829,0.43768772057124544,0.3183747146810804,0.4773467012814113,0.451131386416299,0.9207327280725751,0.7048764910016742,0.9509021639823914,0.8977587393351963,0.7467652388981411,0.9423009412629264,-0.001851332889470671,1.0215885554041182
152,3.125e-06,0.46929531967523946,0.4466130279054168,0.34875892466663766,0.4703933758517137,0.47221516456533197,1.026426379276555,1.0970615427187633,1.0330334998251411,1.017464778146192,0.7551929324453327,0.9459746697897552,-0.002373616194127903,1.0228604678917224,0.46185473884855,0.43769438351903645,0.3183773032256535,0.47735602940831867,0.4511363889489855,0.9207284195082528,0.704873297895704,0.9508973104613168,0.8977544478007725,0.7467505846704755,0.9422862955502102,-0.0018516552102352893,1.0216251952307565
153,3.125e-06,0.4690828362887051,0.44412694850824946,0.3369052462237832,0.46987218044686796,0.4726993459283054,1.0271569609458913,1.1028517737671832,1.0332077593298001,1.0185827565876813,0.7558560514230332,0.9458806477506162,-0.002192440062915812,1.021850007104068,0.4618438482284546,0.43768554500171114,0.3183810498033251,0.4773417328085218,0.4511281635080065,0.920723021030426,0.7048631991658892,0.9508938193321228,0.8977478316852024,0.7468237621443612,0.9423155784606934,-0.0018508964317983814,1.0215889641216822
154,3.125e-06,0.4676609138037325,0.44425276574939565,0.3445857216838196,0.46754161469520084,0.4718826904061264,1.0261881616685675,1.1019443338550914,1.0319403535087965,1.0179107527334874,0.7558224837229427,0.9461459047172964,-0.00236143560601323,1.019783269211505,0.46183870094163076,0.43768117257526945,0.31838288477488924,0.47733424816812786,0.45112491079739164,0.920719827924456,0.704861010823931,0.9508911967277527,0.8977442639214652,0.7468237621443612,0.9423448358263288,-0.001847571593576244,1.02155830178942
155,3.125e-06,0.47078155100925484,0.4470001305761059,0.3451559633489639,0.471218679525641,0.4745319599349622,1.026973147118818,1.1028904555946268,1.0333161988566,1.0180996304832846,0.7554800110600634,0.9459192695766611,-0.002503597951163688,1.023946086931888,0.4618381772722517,0.43766874074935913,0.3183197719710214,0.4773330092430115,0.451127575976508,0.9207126327923366,0.7048443811280387,0.950884393283299,0.8977364557129996,0.7466773986816406,0.9422716668673924,-0.0018516179905938251,1.0217162796429224
156,3.125e-06,0.4699965613778286,0.4469174176408765,0.3473341237168036,0.4711302886604958,0.47295148218221317,1.0265488274208534,1.1009389731863248,1.0327835435813595,1.0178344294589052,0.7553373186086546,0.9458890448639592,-0.002250229422178518,1.0228013456691796,0.46183444772447857,0.43766668864658903,0.31832678828920635,0.4773279471056802,0.4511244595050812,0.9207073790686471,0.7048381907599313,0.9508802550179618,0.8977296778133937,0.746735964502607,0.9423009412629264,-0.0018494896025263838,1.021702868597848
157,3.125e-06,0.47147866338872935,0.4473434562293676,0.34457438524966966,0.4713617117052132,0.4758257340054236,1.0271987472200663,1.1080400379449968,1.033599618606792,1.0181028404665555,0.7558745288629136,0.9459276562828439,-0.002227247537662601,1.0235754818532996,0.46184307762554716,0.437665126153401,0.3182782658508846,0.47734008942331585,0.451131420476096,0.9206988385745457,0.7048130035400391,0.9508719273975917,0.897722031388964,0.7467066901070731,0.9422570466995239,-0.0018531973806342908,1.0218580961227417
158,3.125e-06,0.46912282964723023,0.44557701950798384,0.3444008559553183,0.46987968309378536,0.47252333147429343,1.0266518535152558,1.1061967554241343,1.0328359919148595,1.0178162714059207,0.7549545500929149,0.9457513844118446,-0.002280008743509471,1.023740996321958,0.46184217078345163,0.4376577309199742,0.3182425584111895,0.47733992763928007,0.45113080739974976,0.9206918818610055,0.7047999926975795,0.950865490095956,0.8977144019944328,0.7467066901070731,0.9422131265912738,-0.0018571083034787858,1.0219674791608537
159,3.125e-06,0.4691177683949654,0.44516063247713383,0.3427215754619575,0.46940850183039645,0.47304021849793404,1.026872638427961,1.10215251084419,1.033092343312804,1.018143592372773,0.7553305927448497,0.9457262053406672,-0.002216834593297226,1.0230057932936223,0.46184088928358896,0.4376570667539324,0.318242860691888,0.47733977011271883,0.4511286658900125,0.9206861002104623,0.7047901153564453,0.9508600064686367,0.8977082712309701,0.7466920443943569,0.9421984808785575,-0.0018551614734211139,1.0219795618738448
160,3.125e-06,0.47011722229836966,0.4461246558445512,0.34356983496601984,0.47037442676299546,0.47407822938863886,1.0271876395755832,1.1109821679222236,1.032979093755262,1.0186027792619547,0.7552802332901551,0.9454811005121124,-0.0025583249991268484,1.0236273032240666,0.46182907479149954,0.43765026330947876,0.31826011197907583,0.47732583965573994,0.4511178050722395,0.9206833498818534,0.7047970124653408,0.9508587547710964,0.897704711982182,0.7466920443943569,0.9421984808785575,-0.0018532753456383944,1.0219127110072546
161,3.125e-06,0.46911843712367707,0.44574234431301457,0.3450680607658011,0.47008561248725583,0.4722863764135397,1.0269299370779847,1.1127826069418247,1.033031445250289,1.017966703427369,0.7553037401046498,0.9460686739139293,-0.0024972555599057605,1.0213993069946126,0.4618110614163535,0.437650842326028,0.3183461172240121,0.47730134214673725,0.4511031593595232,0.9206852487155369,0.7048260569572449,0.9508611474718366,0.8977048311914716,0.7468676737376622,0.9422716838972909,-0.0018456057545595936,1.0216580544199263
162,3.125e-06,0.4694808004028176,0.4464028118759073,0.3478563119143751,0.46963407678355085,0.47338169663610424,1.0262671769489342,1.105443180614536,1.0321590827174267,1.0177360901878971,0.7559148197716099,0.9461861993493755,-0.002184787810686165,1.0212406774575564,0.46180774910109385,0.43764279995645794,0.318317996604102,0.4772979702268328,0.45110071556908743,0.9206795607294355,0.7048181125095913,0.9508563194956098,0.8976985812187195,0.746809150491442,0.9422570466995239,-0.0018476350731881602,1.0217339907373701
163,3.125e-06,0.47072220718439456,0.4491322891442396,0.3567522475033373,0.4710439951433259,0.4741994696461843,1.0266770939917302,1.1021780598426072,1.0328774698196896,1.0179600609429238,0.756109559224681,0.945979704535807,-0.0024307696530843394,1.023409093152665,0.4618128836154938,0.43764408997126986,0.31829926797321867,0.4773068300315312,0.45110268677983967,0.9206745539392743,0.7048154899052211,0.950850282396589,0.897693429674421,0.7467213273048401,0.9422570466995239,-0.0018484001879447273,1.0218291282653809
164,3.125e-06,0.47096122382423294,0.44699052401951384,0.34349251072710746,0.47220305852015937,0.4739682882551163,1.0274141947550464,1.105614280798346,1.0336990775173283,1.0185228028910256,0.755817448244422,0.9461123314626511,-0.002440387018299597,1.0225390140911401,0.4618112402302878,0.43764982904706684,0.3183316332953317,0.4773096740245819,0.45109550867761883,0.9206715226173401,0.7048217143331256,0.9508475916726249,0.8976911391530719,0.7467652133532933,0.9422716583524432,-0.0018427696278584854,1.0217490536825997
165,3.125e-06,0.469301222503582,0.4438184920910134,0.3351949230561303,0.4692884549323071,0.4737842390308976,1.0271188740967117,1.0978415995088529,1.0336328864524869,1.0182473646086787,0.7557486116550424,0.9460082412742677,-0.0023085670612458687,1.0211235218272718,0.46181473561695646,0.437652941261019,0.31833002396992277,0.47731622627803255,0.45109606640679495,0.9206683124814715,0.7048285603523254,0.9508434619222369,0.897687554359436,0.7467213187898908,0.942242409501757,-0.0018421929229849152,1.0217842033931188
166,3.125e-06,0.4690178217823177,0.444251216059151,0.3382322046461315,0.4694312239114407,0.4729638666418108,1.0268932626421978,1.1007695621059788,1.033001819697027,1.0183221705132,0.7561968549422221,0.9459494944724802,-0.002349511591724277,1.0212918074388597,0.461821117571422,0.43766037055424284,0.31833962883268085,0.47732474548476084,0.4511002813066755,0.9206626330103193,0.704827972820827,0.9508378505706787,0.8976817556789943,0.7467213187898908,0.9422716583524432,-0.0018382453792063253,1.0217967118535722
167,3.125e-06,0.47092325551291336,0.4472649283611768,0.3468496508160067,0.4705016892565499,0.475480495601572,1.0270402064338076,1.098382972596672,1.033017598752541,1.0186847748355992,0.7555387611884797,0.9457916778536619,-0.00248361937010244,1.023853461954817,0.4618361123970577,0.4376689536230905,0.31831258961132597,0.4773478422846113,0.45110837476594107,0.9206566299710955,0.7048244646617344,0.9508309364318848,0.8976768255233765,0.7466773986816406,0.9421984893935067,-0.0018396240526012012,1.0219456468309676
168,3.125e-06,0.4694984130870362,0.44591233575276945,0.3447852171938418,0.47004536854811835,0.4731086885935212,1.0273908225622046,1.1016667821867552,1.0335866055974456,1.018719179594877,0.7562086043819305,0.945850439793137,-0.0024580379296618732,1.0214956040206593,0.46184104681015015,0.43767743025507244,0.31833137358937946,0.47735739180019926,0.45110820872443064,0.9206509079251971,0.7048216802733285,0.9508249844823565,0.8976709161485944,0.7466920443943569,0.9422131265912738,-0.0018376597103529743,1.0219501171793257
169,3.125e-06,0.4690242769836586,0.4452502599936904,0.34418616235958144,0.46875034059797016,0.47345948580955766,1.0267056571295856,1.1044737175374049,1.0323733374270425,1.0184458419108353,0.7563513006788001,0.9463977150836481,-0.0022851575461168105,1.0205570198423852,0.46185497300965445,0.4376890105860574,0.318327580179487,0.4773763290473393,0.4511177497250693,0.9206429719924927,0.7048110025269645,0.9508171677589417,0.8976638657706124,0.7466920443943569,0.9421984893935067,-0.0018396779196336865,1.022067470209939
170,3.125e-06,0.4685607671859749,0.44540855796655754,0.34542240165040483,0.4697811621552666,0.4714449540627534,1.026411561799916,1.102194403478932,1.032677999411982,1.0176191436164024,0.7556881830744785,0.9458437240618165,-0.002446656651590811,1.0216967135408386,0.46186026505061556,0.43769214834485737,0.318321236542293,0.47738210218293325,0.451122841664723,0.9206370455878121,0.704806889806475,0.9508109603609357,0.8976575561932155,0.7466627614838737,0.9421838521957397,-0.0018385438680914895,1.0221272196088518
171,3.125e-06,0.4687418306844392,0.44367943314241254,0.33605685659206896,0.4694807069672723,0.4724257005158291,1.0264896029578803,1.100007870627011,1.033348190222895,1.0171802753799095,0.7553708891470616,0.9460921807589435,-0.0020209809511764518,1.0219605617869896,0.46186005217688425,0.4376987431730543,0.31835794023105074,0.4773809994970049,0.4511221817561558,0.9206326007843018,0.7048116837229047,0.9508071286337716,0.8976522598947797,0.7466920358794076,0.942198497908456,-0.0018359657676358307,1.022079118660518
172,3.125e-06,0.4682933280880611,0.44473575682012595,0.3427652833984256,0.4697569355986635,0.4710140815925061,1.0263588438263564,1.1080829921405986,1.0331048889765664,1.0168886933336487,0.7560155402985342,0.9461509373880201,-0.0026248193226031734,1.0203761020136441,0.461864846093314,0.43769085833004545,0.3182942569255829,0.47738668748310636,0.4511288319315229,0.9206253460475377,0.7047966548374721,0.9507994822093419,0.8976452606064933,0.7466188584055219,0.9421399320874896,-0.0018408452160656452,1.0222797904695784
173,3.125e-06,0.46969451615276914,0.4452207009730068,0.34138408752660904,0.4692203512847332,0.4744456544846556,1.0265301448592026,1.100091423337666,1.0326477240673775,1.0179604758559528,0.7554766571772019,0.9459310192605257,-0.0021937142466745708,1.0233706158060816,0.46187272667884827,0.43768967049462454,0.31825428775378634,0.4773950363908495,0.45113764490400043,0.9206192323139736,0.7047885315758842,0.9507934110505241,0.8976392575672695,0.7465602925845555,0.9421399320874896,-0.0018441170520548309,1.0224315438951765
174,3.125e-06,0.4702250325429519,0.44564311715253974,0.34054747828140786,0.4705089784956442,0.47426374223802376,1.027495363798742,1.1104571829376866,1.033899262814539,1.018326111011974,0.7553675299843213,0.9456674439505437,-0.0023516416705856784,1.0239263009670998,0.46186193398066927,0.43768055524144855,0.31825511370386395,0.4773815614836557,0.4511291469846453,0.9206153239522662,0.7047900046621051,0.9507899539811271,0.8976344977106366,0.746574946812221,0.9421399320874896,-0.0018408643414399453,1.0223932095936366
175,3.125e-06,0.46823369811207466,0.4446597489954201,0.34311061781672286,0.469230735982557,0.4714075059415863,1.0264101741989027,1.0966400093624546,1.0326391995044715,1.0178402010380032,0.7564990349567919,0.9463490298083668,-0.002062445984096102,1.0194182939793108,0.4618592986038753,0.4376777155058725,0.3182527891227177,0.4773779256003244,0.45112734181540354,0.9206109387534005,0.7047871436391558,0.9507858412606376,0.8976298996380397,0.746560309614454,0.9421106832368034,-0.0018409047708181398,1.0224346433367049
176,1.5625e-06,0.4693474452646952,0.44449619540665253,0.337706241243568,0.4701503473126577,0.4729325690149834,1.026789754827512,1.097408246182199,1.0336182919515442,1.01760743742287,0.7546993648157447,0.9456204372800074,-0.002523084056191242,1.0235735483189088,0.46185870681490215,0.4376744542803083,0.3182379518236433,0.47737732955387663,0.4511273333004543,0.9206082224845886,0.704785134111132,0.9507836614336286,0.8976272855486188,0.7465310522488185,0.9421106832368034,-0.0018407903844490647,1.0224697419575282
177,1.5625e-06,0.46809708135163425,0.4439043016599742,0.33947030184394694,0.4693286378934209,0.4711530470750421,1.0264931555228909,1.0991434875782244,1.0325185366306804,1.0180459314288692,0.7552349067198211,0.9459008073049878,-0.002470400920497798,1.021856459299235,0.4618634751864842,0.43767806461879183,0.3182349843638284,0.4773836306163243,0.4511307563100542,0.9206051741327558,0.7047818303108215,0.9507805194173541,0.897624169077192,0.7465017693383353,0.9420960375240871,-0.0018401691423995154,1.02251113312585
178,1.5625e-06,0.4703808259609963,0.44693406856310286,0.3465497422938584,0.47078650146036105,0.4741028791595836,1.0259169121308627,1.1033520663144707,1.031965372871266,1.017287410715575,0.7547514172193641,0.945561686632759,-0.002395590762972557,1.0269905250010218,0.4618596945490156,0.4376788990838187,0.31825543301446096,0.4773800713675363,0.4511259027889797,0.9206038202558245,0.7047862155096871,0.9507793613842556,0.8976223553930011,0.7465456894465855,0.9420960375240871,-0.0018364274209099157,1.0224532059260778
179,1.5625e-06,0.4714971138035647,0.44833984771143515,0.34972154143463324,0.4713975291220396,0.47565587561556577,1.0271437426926964,1.1052596123476122,1.032800725284016,1.018882677912773,0.7549679732542434,0.9455331410436342,-0.0024036645481083493,1.0253540761520847,0.4618494042328426,0.4376757911273411,0.3182880793298994,0.47736468059676035,0.451119350535529,0.9206035903521946,0.7047931466783796,0.9507802724838257,0.8976206268583026,0.7466188413756234,0.9421252948897225,-0.0018318344705871173,1.022343865462712
180,1.5625e-06,0.46990374959070624,0.4455565753437224,0.3401691247668562,0.47141586684350534,0.4727160376398855,1.0273072218443269,1.1001461932919177,1.0337503370845618,1.018436033482803,0.7551711145817043,0.945920956665836,-0.0022292811711091326,1.0234835213779854,0.4618454575538635,0.4376729003020695,0.3182916130338396,0.4773591033049992,0.45111670238631113,0.9206014445849827,0.7047954201698303,0.950777700969151,0.8976177062307086,0.7466188413756234,0.942154586315155,-0.001830123331663864,1.022329568862915
181,1.5625e-06,0.4684130862103446,0.44413863523032077,0.3402407469196437,0.46880456258929576,0.47229400000935995,1.0274940064120646,1.1044953163623565,1.0338743947679059,1.0185469674929801,0.7548068130986848,0.945867216501612,-0.0023117812435751654,1.0228052416399571,0.4618447848728725,0.4376750758716038,0.31830652696745737,0.4773580474512918,0.45111581683158875,0.9205990433692932,0.7047967740467617,0.9507757936205182,0.8976156285830906,0.7466481157711574,0.942169223512922,-0.0018287434608542494,1.0223097971507482
182,1.5625e-06,0.46947347705814696,0.44463448598027167,0.33842562679992966,0.46977398812740323,0.473541197765197,1.0262101004200597,1.0998878804036916,1.032485812551476,1.0174787584720852,0.7553541052359772,0.9457648169731886,-0.002111130514569844,1.0235960534823838,0.4618450828960964,0.4376776771886008,0.3183185415608542,0.4773582560675485,0.45111611059733797,0.9205967017582485,0.7047990560531616,0.9507734520094735,0.8976132273674011,0.7466335041182381,0.9421545778002057,-0.0018268244207969733,1.0223033598491125
183,1.5625e-06,0.4695583679586939,0.44526712752829073,0.3410424465972585,0.4701921678602665,0.47320848628611545,1.027474600751157,1.0981275457268913,1.0335901078967882,1.0190040113006686,0.754853826941311,0.9460367775549354,-0.0021910331664313173,1.0227673197183254,0.4618464069707053,0.4376883166176932,0.3183689670903342,0.47735982707568575,0.4511153868266514,0.9205958502633231,0.7048090015138898,0.950772898537772,0.8976113285337176,0.7466335041182381,0.9422131095613752,-0.0018227219115942717,1.0222041692052568
184,1.5625e-06,0.46930929400404475,0.4439402361192034,0.33536554473946784,0.46971035662883986,0.47337314510919226,1.0272605830562218,1.1034291151298723,1.0336301201926825,1.018352054811049,0.7552164453026947,0.9460636399919048,-0.002217181816151584,1.0218399617223939,0.46184531279972624,0.4376921696322305,0.3183938477720533,0.4773582858698709,0.4511141819613321,0.9205952882766724,0.7048170822007316,0.9507725664547512,0.8976106899125236,0.7466773901666913,0.9422277552740914,-0.0018200566326933248,1.0221524664333888
185,1.5625e-06,0.4684490263767262,0.4448151687475821,0.34329504633767755,0.46917598792606907,0.4718938572279808,1.0278041512308156,1.1013367204439073,1.0340367851657741,1.0191204016231843,0.7559517560344565,0.9459981738269726,-0.0024099485451308843,1.0203539521280338,0.46184355446270536,0.43769483481134686,0.3184162676334381,0.47735606346811565,0.4511118233203888,0.9205931765692574,0.7048203945159912,0.9507707953453064,0.8976082376071385,0.7467213017599923,0.9422277552740914,-0.0018171671545132995,1.0221110156604223
186,1.5625e-06,0.4686174635025274,0.44463614720414374,0.3414393691484341,0.4695300517391072,0.4719441461672981,1.0268996644496184,1.1016304282365672,1.033265715431569,1.01804222312269,0.7553624953908671,0.9455398605593766,-0.0022323448873800738,1.022694192418549,0.46184044224875315,0.4376932552882603,0.318421802350453,0.4773522530283247,0.45110919220106943,0.9205913032804217,0.7048225913728986,0.9507689561162677,0.8976058534213475,0.7467213017599923,0.9422277552740914,-0.0018158599933875458,1.022104867867061
187,1.5625e-06,0.4676687057910671,0.44377042736936334,0.34048168163573017,0.4690049142942512,0.4705720810602093,1.0267914655082848,1.1003332976738245,1.0328848430332744,1.0182467497011605,0.7563143644769925,0.9462718214978942,-0.0023967009466913988,1.0193423750579997,0.4618364231927054,0.43769305092947824,0.3184416038649423,0.4773445086819785,0.451108238526753,0.9205905624798366,0.7048265933990479,0.950768768787384,0.8976044399397713,0.7467505846704755,0.9422424009868077,-0.0018126700472618853,1.0220534886632646
188,1.5625e-06,0.46898400058699946,0.4443249464706464,0.33889223314741607,0.46927571255490524,0.47302879688377203,1.0267272156382363,1.0995055306769614,1.0325869834551247,1.0184414454197432,0.7552231615833668,0.9459007982101675,-0.002324099658668438,1.022292010795136,0.4618374747889383,0.43769844089235577,0.3184641897678375,0.47734659910202026,0.45110770208495005,0.9205887402806964,0.7048293692725045,0.9507668784686497,0.8976024389266968,0.7467652218682426,0.9422424009868077,-0.0018099481406222498,1.022021336214883
189,1.5625e-06,0.4683036649465195,0.44534896723868844,0.3471283640729667,0.46864655826009977,0.47200003991173406,1.0269392725143198,1.1059610700216649,1.0331638015604483,1.0180807076413632,0.756255610319998,0.9462080239273009,-0.0022072858938683134,1.0195228735483797,0.46183072669165476,0.43769706998552593,0.31848848291805815,0.4773375391960144,0.4511019672666277,0.9205873012542725,0.7048356703349522,0.950766248362405,0.8976005400930133,0.7468091249465942,0.9422424009868077,-0.0018061192406873619,1.0219516583851405
190,1.5625e-06,0.4707850234299761,0.44605469926466895,0.3402310232138304,0.47115975209400707,0.4747620434774476,1.0260950051633382,1.1063464699313998,1.0321905952933137,1.0173242634159445,0.7564369114435335,0.9461626958920293,-0.002448550627184903,1.0223354367311344,0.4618229568004608,0.43769393648420063,0.3185078629425594,0.47732686144965036,0.4510964070047651,0.9205867052078247,0.7048434870583671,0.9507664527211871,0.8975992543356759,0.7468676907675607,0.9422424009868077,-0.0018029732330303108,1.0218787278447832
191,1.5625e-06,0.4692345976341216,0.4450212790608345,0.3415467674403818,0.4694715795978423,0.47325376278915837,1.0262232909615199,1.100994219367344,1.033203799176448,1.0167504351259926,0.7560390402461343,0.9459326966444895,-0.0021811284344687228,1.0209561233574223,0.46182803171021597,0.4376938853945051,0.31848437445504324,0.47733387776783537,0.45110027279172626,0.9205832992281232,0.704839927809579,0.9507622122764587,0.897595729146685,0.7468091249465942,0.9422424009868077,-0.0018048141085143601,1.0219691055161613
192,1.5625e-06,0.4680396713816198,0.443584818948066,0.33863947442477627,0.46869571286473466,0.47169688084585754,1.0264140369339108,1.100616925017869,1.0327858044987632,1.01756866159527,0.7557318307043526,0.9462382421088231,-0.00233829960033762,1.020754315367248,0.4618283808231354,0.4376967123576573,0.31849793451172964,0.4773341587611607,0.45110019615718294,0.9205807277134487,0.7048447728157043,0.9507597940308707,0.8975935918944222,0.7468091249465942,0.9422277637890407,-0.0018016431380861572,1.0219605735370092
193,1.5625e-06,0.4691143487119943,0.44475381989632884,0.3409100794297759,0.46910582315720356,0.473396275236371,1.0265496668910834,1.1038346599751232,1.0327801755069161,1.0177428363471903,0.755585775610977,0.9459243061233653,-0.00225258261586229,1.0221707590164677,0.46182338680539814,0.4376928763730185,0.3184991989816938,0.4773287262235369,0.451095564024789,0.920577619756971,0.7048447217260089,0.9507568904331752,0.8975899474961417,0.746794513293675,0.9422277637890407,-0.0018002021492325834,1.0219560520989555
194,1.5625e-06,0.46883154119886133,0.44497313018157675,0.34216984338139,0.46986820207335556,0.4720168343520567,1.0267357890018731,1.1048843997353721,1.0325580636965452,1.0183086065652733,0.7550619894031129,0.9457480253711823,-0.0024557415845065248,1.022634546267211,0.4618204193455832,0.4376955968993051,0.3185275409902845,0.47732457518577576,0.4510926604270935,0.9205766831125531,0.704851107937949,0.9507559537887573,0.8975884914398193,0.746823787689209,0.942242409501757,-0.0017959992733917066,1.0218846031597681
195,1.5625e-06,0.4699183259935667,0.4464190215009698,0.3455291751770258,0.47059142945121635,0.4733915779905568,1.0272542961548368,1.1038841017075094,1.0335955805981154,1.0183588047852836,0.7552332302209236,0.9457950281657381,-0.0024431129746783774,1.0245303531457264,0.46181995953832355,0.43768908296312603,0.3184955418109894,0.47732414092336384,0.4510930223124368,0.9205717444419861,0.7048384036336627,0.9507517388888768,0.8975829056331089,0.746794513293675,0.9422277723039899,-0.0017985162890649267,1.0219718302999223
196,1.5625e-06,0.4693391228784248,0.4456442584761948,0.34357101479006374,0.47034451655406434,0.47252598479657193,1.0273440257134465,1.098918823358406,1.033272362280307,1.0190300630168065,0.7556730766389166,0.946344003974018,-0.0027024289392816123,1.0219138367506888,0.46181081022535053,0.43768427201679777,0.3185123588357653,0.4773121305874416,0.45108580589294434,0.920570399080004,0.7048422694206238,0.9507512365068708,0.8975811004638672,0.746823787689209,0.9422277723039899,-0.0017962516618094274,1.0219062311308724
197,1.5625e-06,0.4680930505150474,0.4436981724398721,0.3387884144531539,0.4689581056344344,0.47153809118808016,1.0267993116525278,1.1043691333598866,1.0334406602828246,1.017572249562937,0.7568112968238756,0.9462802087839481,-0.0023412558930142532,1.0192508768315078,0.46181453125817434,0.4376946176801409,0.31854820251464844,0.4773175460951669,0.45108736412865774,0.9205701862062726,0.704850435256958,0.950751279081617,0.8975804192679269,0.7468676737376622,0.942242409501757,-0.0017928581718089326,1.021852399621691
198,1.5625e-06,0.4694729327728244,0.4456049057226332,0.3431540216489505,0.47013571663081066,0.47302077900612594,1.0269702609477749,1.0999142655609695,1.0327596951617501,1.0187494244809892,0.7558140882881739,0.9456405819713672,-0.0020993349637838127,1.0229620373804509,0.4618112700326102,0.4376995733806065,0.3185894318989345,0.47731288841792513,0.451084098645619,0.9205710802759443,0.7048627989632743,0.9507515345300946,0.8975806151117597,0.7468969566481454,0.942242409501757,-0.0017886475294030138,1.02174231835774
199,1.5625e-06,0.4695211542733071,0.44498900563303045,0.34069862453618904,0.46924178818831125,0.4740945824097195,1.0268909250597311,1.1078032852745154,1.0332607783480174,1.017824202211344,0.7558325490033511,0.9458454048029289,-0.002108126794809692,1.0225985995086107,0.4618114871638162,0.4376991391181946,0.3185878779206957,0.47731237752096994,0.4510845754827772,0.9205689941133771,0.7048628755978176,0.9507500784737724,0.8975779158728463,0.7468969481331962,0.942242409501757,-0.0017880935587787203,1.0217598165784563
200,1.5625e-06,0.4691353978038872,0.4443704628724656,0.338457288875741,0.46945503749300505,0.4731716322581462,1.026931725400445,1.1007256537172285,1.0334574700744714,1.0179462731342346,0.7560726281806742,0.9459713104744173,-0.0022758644677916065,1.0208260963589364,0.46181260687964304,0.4376996840749468,0.3185863792896271,0.4773127692086356,0.4510866829327175,0.9205668568611145,0.7048652768135071,0.9507483414241246,0.8975760000092643,0.7468969481331962,0.942242409501757,-0.0017875087048326219,1.0217751009123666
201,1e-06,0.4685783232717226,0.44355484817312485,0.33538863719028505,0.4699911410174978,0.47160512703355006,1.0265924442870398,1.1031186497034442,1.0333572132307873,1.0172768598694222,0.7554262902757417,0.9459243041090762,-0.0022374454099366404,1.022380453406147,0.46181128706250874,0.4376967762197767,0.31857834117753164,0.47730990818568636,0.45108717679977417,0.9205654689243862,0.7048636589731488,0.9507464340754918,0.8975744843482971,0.7468823364802769,0.942213135106223,-0.0017874441275905286,1.0217917476381575
202,1e-06,0.46997870655164803,0.44561362986801467,0.3410802197590646,0.47060684829996113,0.47364718648206866,1.0264084652577432,1.0993752941008537,1.032985375071573,1.0173992424272478,0.7561934933684389,0.9459125569888523,-0.002088593578474435,1.023080854463504,0.46181378620011465,0.4376986197062901,0.318576272044863,0.4773132545607431,0.4510890543460846,0.9205637318747384,0.7048615642956325,0.9507448162351336,0.8975724663053241,0.7468969481331962,0.942213135106223,-0.0017875245373163904,1.0218085476330347
203,1e-06,0.4685707594026252,0.443717419368697,0.33702050749912543,0.46927695250242596,0.47224945336565016,1.027035098715556,1.1025439365301997,1.033386010728124,1.0181674316365232,0.7554648982459193,0.9458202182849859,-0.0024497894393842555,1.0223540542251441,0.4618159234523773,0.4376975212778364,0.31856090256146025,0.4773161751883371,0.45109075733593534,0.9205616968018668,0.7048581157411847,0.9507421255111694,0.8975706100463867,0.7468969481331962,0.942213135106223,-0.001788499399221369,1.0218597309929984
204,1e-06,0.46796785436162447,0.44433855564851854,0.3434233238192869,0.4681386483734959,0.4719485203333531,1.0264823587503547,1.094943476147488,1.0323753027933045,1.018307623775324,0.7565191837377689,0.9463121102091843,-0.0020329896258109207,1.0199990426950802,0.46181638325963703,0.4376949071884155,0.31854557565280367,0.47731640934944153,0.4510918855667114,0.9205599852970668,0.7048581498009818,0.9507408312388829,0.8975695541926793,0.7468969481331962,0.942213135106223,-0.0017896013201347419,1.021905439240592
205,1e-06,0.4719478436390437,0.44764548021283324,0.3438658021195876,0.4721139386197084,0.4760511295342531,1.02748848341455,1.1037384195933266,1.0336416708281635,1.0187936026623965,0.7552114048494905,0.9458370072012734,-0.00231049698229099,1.0253463600820842,0.46181669405528475,0.4376945495605469,0.31854244640895296,0.47731654558862957,0.45109263913972036,0.9205582056726728,0.7048560976982117,0.95073892389025,0.8975674169404166,0.7468969481331962,0.942213135106223,-0.0017894114800063626,1.021922196660723
206,1e-06,0.4681562645827204,0.44355278099370626,0.33761334492497364,0.4691546048589444,0.47150934359017727,1.026891567801062,1.1001275262036692,1.0329960486978003,1.0183459849340515,0.755600883206281,0.9463272197882578,-0.0024172250959684587,1.0206437894642444,0.4618223990712847,0.43769603967666626,0.3185238540172577,0.4773244432040623,0.4510967603751591,0.9205553276198251,0.7048505459512983,0.9507357989038739,0.8975649476051331,0.7468969481331962,0.9421984893935067,-0.0017904726389263357,1.0219960979052953
207,1e-06,0.4704021297231187,0.44559442691783446,0.33979199708454194,0.47044314132002885,0.47471485382706097,1.0266006066746671,1.0986167398160749,1.0321624250944248,1.0186384152706867,0.7558426391876971,0.9460149647575492,-0.0023236610689207613,1.0230507518594472,0.461822760956628,0.4377027579716274,0.31855691756520954,0.4773248221193041,0.45109651344163076,0.9205555745533535,0.7048576985086713,0.9507358840533665,0.8975649390901838,0.7468969481331962,0.9422277467591422,-0.001786623416202409,1.021926326411111
208,1e-06,0.4693690854283522,0.4456976529762065,0.3442957437593877,0.46983166956864925,0.4730755283596939,1.026808608268019,1.097944381355446,1.033119177122453,1.0181268553091696,0.7556865010515458,0.9456439422328107,-0.0021338196744578684,1.0228776698593476,0.4618235571043832,0.4377064662320273,0.3185744711330959,0.47732454538345337,0.4510975990976606,0.9205550636563983,0.7048629692622593,0.9507353816713605,0.8975646240370614,0.7468969481331962,0.9422277467591422,-0.0017849574464240245,1.0218984058925085
209,1e-06,0.46788297814097213,0.4431832725886986,0.336076625954232,0.46960051874289194,0.47055891644509096,1.0265498038017011,1.0956267280207497,1.0331400233052415,1.0176569257585806,0.7554800078555125,0.9458722546658513,-0.002179056311601318,1.0213193456392928,0.461824038199016,0.4377117327281407,0.31860147203717915,0.47732420904295786,0.45109779068401884,0.9205548763275146,0.7048697301319667,0.9507356286048889,0.897564206804548,0.7469115938459124,0.9422423924718585,-0.0017829402516196882,1.0218536257743835
210,1e-06,0.468306966198449,0.4444003384417286,0.3410450421308043,0.46967262911662283,0.47118337962850815,1.0263610376313108,1.0961389654853437,1.0326798925079936,1.0177161155818855,0.7559920417548325,0.9462281655056686,-0.002521422287736315,1.0206120266892393,0.4618245022637503,0.4377120222364153,0.3186006546020508,0.4773243921143668,0.45109894020216806,0.9205531222479684,0.7048670479229519,0.9507333891732352,0.8975620525223869,0.7468969481331962,0.9422423924718585,-0.0017821015124874456,1.0218658873013087
211,1e-06,0.46816577175245855,0.4435335246953852,0.33812675594184805,0.468541514656816,0.4721247093590845,1.02631820645994,1.099908733819609,1.0325224733755518,1.0176607010551313,0.755992046210684,0.9457614576883702,-0.0023987710421558717,1.0207693146792547,0.4618267800126757,0.43771461078098844,0.3186048056398119,0.4773268401622772,0.4511007624013083,0.9205520578793117,0.7048678142683846,0.9507322992597308,0.8975607412202018,0.7469115938459124,0.9422423924718585,-0.001781038141676358,1.0218668580055237
212,1e-06,0.46820998220827054,0.44385501514992465,0.3391209284479778,0.469069791615345,0.4716530918647739,1.0263250394778196,1.0987089106319992,1.0330775441173645,1.0171598742939665,0.7561548878398237,0.9458202183460249,-0.0023280726318928107,1.0202596096643348,0.4618311822414398,0.4377175143786839,0.3185991219111851,0.47733273250716074,0.45110441957201275,0.9205501079559326,0.7048647999763489,0.9507307665688651,0.8975585784230914,0.7468823194503784,0.9422277467591422,-0.0017815253896904843,1.0219051156725203
213,1e-06,0.4681607922314987,0.4436742936838485,0.3381035980647854,0.46928259588423227,0.471374235196536,1.027093053108231,1.1021363269165732,1.0340049345555578,1.0176797742667836,0.7559601490276627,0.9460115972629768,-0.0024107605607176837,1.020208553906532,0.4618304414408548,0.4377170503139496,0.3186001607349941,0.4773321918078831,0.4511030273778098,0.9205482431820461,0.7048640251159668,0.9507293786321368,0.8975563815661839,0.7468823194503784,0.9422277467591422,-0.0017809755268639752,1.0219102927616663
214,1e-06,0.47123400109337954,0.44715403408742965,0.34419261360101316,0.4715233936379399,0.47517935238126235,1.0263980812923883,1.0983751998519018,1.0323717396380165,1.018025272330808,0.7556697219015084,0.9459864204197252,-0.0023529647512831597,1.0242574196623584,0.4618316463061741,0.4377184978553227,0.3186003565788269,0.47733520184244427,0.4511027293545859,0.9205457738467625,0.7048602019037519,0.9507270455360413,0.8975540229252407,0.7468823194503784,0.9422277467591422,-0.001779675650011216,1.0219221029962813
215,1e-06,0.46864580003286227,0.44461324894910464,0.3418903059673749,0.46890060180160126,0.4726162657820745,1.0269244490863725,1.107363792181137,1.0333671757214142,1.0178003768950197,0.7559769274757511,0.9460552473038939,-0.002378284906385742,1.0207359004618874,0.4618335962295532,0.437720707484654,0.3186036859239851,0.4773376328604562,0.4511038064956665,0.9205442837306431,0.7048607213156564,0.9507252829415458,0.8975526094436646,0.7468676737376622,0.9422277467591422,-0.001778913295960852,1.021928880895887
216,1e-06,0.4689958047024482,0.44514923326430783,0.34254909574954984,0.469887339360764,0.4723191275940879,1.0259753864237546,1.1077861606433828,1.032451767709032,1.0167722896130587,0.7556512452551358,0.9458034247297296,-0.0019836787967019917,1.0222701199287887,0.4618341156414577,0.43772011569568087,0.3185977893216269,0.4773382246494293,0.4511047771998814,0.9205421805381775,0.7048575963292804,0.9507232819284711,0.8975504807063511,0.7468676822526115,0.9422277467591422,-0.0017789233742015703,1.021953386919839
217,1e-06,0.46675252392544725,0.4426884496450058,0.34036823064928107,0.46649724629617506,0.47122058904116054,1.025906505153781,1.0974277160256811,1.0310484235615103,1.0183803645757548,0.7562169946588984,0.9461072826776148,-0.002189370549364512,1.0192222160311522,0.46184100423540386,0.437720707484654,0.31857041801725117,0.4773470163345337,0.4511103459766933,0.9205389874322074,0.7048505204064506,0.9507200207029071,0.8975474408694676,0.7468384248869759,0.942198497908456,-0.0017813879530876875,1.0220553704670496
218,1e-06,0.4706919272923799,0.447879044111118,0.34981629301265027,0.4714593527046034,0.47395368674994126,1.0261892649801463,1.105105312311277,1.0326982626412016,1.0170497396818747,0.7553641692345654,0.9453736585772349,-0.0024975641302505,1.025648561979158,0.4618399739265442,0.43772025619234356,0.31857230407851084,0.4773457944393158,0.45110958388873507,0.9205379230635506,0.7048514485359192,0.9507189052445548,0.8975461976868766,0.7468384248869759,0.942198497908456,-0.0017816710086273296,1.022060411317008
219,1e-06,0.46934851785836557,0.4464659377421346,0.3475748183662563,0.47062064280768756,0.4721354758257263,1.0272326722733498,1.1054307117989535,1.0334760199371997,1.0183827643265067,0.7558879571210038,0.9459629245617422,-0.0025213922866793225,1.0217846449802181,0.4618356483323233,0.4377198134149824,0.3185895255633763,0.4773403320993696,0.45110576493399485,0.9205373695918492,0.7048544883728027,0.9507192373275757,0.8975451758929661,0.7468530365398952,0.9422131095613752,-0.0017792235760550415,1.0220056346484594
220,1e-06,0.4695280760572436,0.44618139032577775,0.34575951343552,0.47037467273515854,0.4728071500689814,1.0264333105062864,1.10278846722533,1.0330056373241676,1.0173159336897268,0.7556294152752534,0.9455213884604142,-0.002658907874500216,1.0230080076992603,0.46183586546352934,0.43772122263908386,0.31859657168388367,0.47734024694987703,0.4511059182030814,0.9205361434391567,0.7048548630305699,0.9507178579057965,0.8975437709263393,0.7468530365398952,0.9422131095613752,-0.0017773779441735574,1.022000253200531
221,1e-06,0.46991213890630895,0.446620146067278,0.34643317675871294,0.4707571923946394,0.47318301853069084,1.0265603575777287,1.1035593311052962,1.0330146117754857,1.0175390758699963,0.7553977482879217,0.9458521180011282,-0.002381363447280615,1.0230799982990904,0.4618339921746935,0.4377255524907793,0.3186272851058415,0.4773381267275129,0.45110335094588144,0.9205359475953239,0.7048630118370056,0.9507173810686383,0.8975433281489781,0.7468676822526115,0.9422423924718585,-0.0017741183816854442,1.0219321506364005
222,1e-06,0.4690490278047717,0.44357643334058633,0.33433730626374836,0.4696622305324123,0.4729261555491016,1.0268181610644567,1.1008940885693246,1.0329920519210105,1.0181751172480311,0.7567861182104912,0.946046855195754,-0.0023119891198375583,1.020340256244173,0.46183320028441294,0.4377256120954241,0.3186312104974474,0.4773368920598711,0.45110301460538593,0.9205342701503209,0.7048623050962176,0.9507160101618085,0.8975415655544826,0.7468676822526115,0.9422277552740914,-0.0017729955891679441,1.021930251802717
223,1e-06,0.4680884144761534,0.4439252991891188,0.3411000589041361,0.4679117363291524,0.4724980452643012,1.0274237998314413,1.1099319612131446,1.0338334557769608,1.0182639430317584,0.7557402293436721,0.9458000734715479,-0.0024985932404585744,1.020732667650007,0.46182993054389954,0.4377266636916569,0.3186518592493875,0.47733266013009207,0.4510998385293143,0.9205336655889239,0.7048669372286115,0.9507158824375698,0.8975406033652169,0.7468823194503784,0.9422277552740914,-0.0017705579521134496,1.0218803797449385
224,1e-06,0.4687476904344632,0.4444684974669922,0.34030347766475805,0.4693738286976197,0.47240291629701897,1.0263182501028698,1.101080562906026,1.0327892974896486,1.0173550878984772,0.7559870082295619,0.9459612413790675,-0.0026761235393148873,1.0214209806229357,0.4618317357131413,0.4377309169088091,0.3186653597014291,0.47733573828424725,0.45109985981668743,0.9205324649810791,0.7048689212117877,0.9507144689559937,0.8975388152258736,0.7468823194503784,0.9422277552740914,-0.0017694670573941299,1.0218720265797205
225,1e-06,0.4701239533810144,0.4467226048951508,0.34758967501471366,0.469524569210491,0.474807915126612,1.02692095069353,1.102881508153094,1.0332856405959396,1.0180242190102218,0.7549041821232712,0.9457883249474256,-0.002040848674570223,1.025103844561091,0.4618351672376905,0.43773319891520907,0.31866069776671274,0.4773410047803606,0.4511018821171352,0.9205304384231567,0.7048650979995728,0.9507122210093907,0.8975376316479274,0.7468823194503784,0.9422277552740914,-0.001769875209512455,1.0219099862234933
226,1e-06,0.46883793093580745,0.44368671311882907,0.3362133798847062,0.4690751935723984,0.47302141788673596,1.027277072026555,1.1026301025978065,1.0335423107703894,1.0185001060648937,0.7548957929144867,0.9456103689781654,-0.0022282634686041553,1.0229914433762042,0.4618372235979353,0.43773751173700604,0.31867476446287973,0.47734340173857553,0.45110287836619783,0.920529808316912,0.7048666902950832,0.9507115909031459,0.897537248475211,0.7468676737376622,0.9422277552740914,-0.0017689705959388188,1.0218898909432548
227,1e-06,0.4704129786230147,0.446078514234872,0.3419453276352765,0.4707849038086729,0.4743232859658145,1.0266906004713794,1.101316085120561,1.0324380449069444,1.0184557117441648,0.7559332828062715,0.9462130557739973,-0.0025413480210101304,1.0226767406790793,0.4618350011961801,0.43773798431668964,0.3186866726194109,0.47734073655945913,0.45110090715544565,0.9205278924533299,0.7048653023583549,0.950710117816925,0.8975351793425423,0.74686769928251,0.9422277552740914,-0.0017673475667834282,1.0218602929796492
228,1e-06,0.47030111449959944,0.44757090967493796,0.3503131770928945,0.47063850343257907,0.4739633820878501,1.026168221702224,1.100113092540657,1.0324549798897091,1.0174168766429958,0.7563714461331482,0.9461996247996688,-0.0021802550738787537,1.0214351513907047,0.4618358314037323,0.43774049622671946,0.31869720986911226,0.4773409920079367,0.4511018991470337,0.9205266918454852,0.7048657195908683,0.9507088150296893,0.8975336721965245,0.74686769928251,0.9422277552740914,-0.0017668862960168294,1.021854043006897
229,1e-06,0.46922335729071624,0.4435887751186193,0.334509244452851,0.46902870744298925,0.47390856569813145,1.027097148341029,1.0970235104690256,1.0335610014197159,1.0183023620249978,0.7560827017623952,0.9458554721586654,-0.0021081368602941996,1.0220426310042632,0.4618350437709263,0.4377422332763672,0.31870940753391813,0.477340395961489,0.4511004686355591,0.9205254146030971,0.7048655918666294,0.9507070694650922,0.8975322757448468,0.74686769928251,0.9422277552740914,-0.0017660403391346335,1.021834339414324
230,1e-06,0.4686618998791704,0.4445359633631787,0.3422247198869556,0.4681475056450732,0.47339085454032537,1.0270158571886883,1.101482965490846,1.0335037913068525,1.0180455622035787,0.7557368671289787,0.9458890563698226,-0.002179215593273998,1.0216738701599168,0.46183385593550547,0.43774242060525076,0.31871583206313,0.4773388845579965,0.4510993702071054,0.920524001121521,0.7048668605940682,0.950706490448543,0.8975303939410618,0.74686769928251,0.9422277552740914,-0.0017651032456862076,1.021822648388999
231,1e-06,0.4691301844117584,0.4453903154965492,0.34440403657880003,0.4689206279856208,0.47349728203649954,1.0270060963100858,1.1044111087635975,1.032929723011306,1.0185022315366172,0.7547094414494188,0.9456187563252584,-0.002456349397962269,1.0237426539292656,0.4618356909070696,0.4377443662711552,0.31871752228055683,0.4773413453783308,0.4511006091322218,0.9205230048724583,0.7048680356570652,0.9507050939968654,0.8975297382899693,0.7468384078570774,0.9422131095613752,-0.0017645432713574597,1.0218320829527718
232,1e-06,0.46901417257721095,0.4441658415613697,0.3382483948607721,0.4689998958303693,0.47338738094460214,1.0257165273579951,1.0998804314711492,1.0326453521199186,1.0163156365164108,0.7551425695114116,0.9458386830287412,-0.0021974783376841845,1.0238464658710813,0.461833472762789,0.43774587767464773,0.3187353312969208,0.47733871000153677,0.45109824197632925,0.9205226216997419,0.7048736640385219,0.95070481300354,0.8975286313465664,0.7468384078570774,0.9422131095613752,-0.0017627807932772807,1.0217920201165336
233,1e-06,0.4688547422381712,0.44485161653006927,0.34218059227641157,0.4691795787930916,0.47275234579551667,1.0263324769655375,1.0999993485667068,1.032551792695836,1.017657479169243,0.7550586286228373,0.945776572394725,-0.002124554833971418,1.0234233584394226,0.46183905005455017,0.4377483512674059,0.3187228058065687,0.47734599454062326,0.4511026271751949,0.9205199990953717,0.7048685891287667,0.9507021307945251,0.8975263833999634,0.7468237706593105,0.9422131095613752,-0.001763999179404761,1.021852663585118
234,1e-06,0.4683933442852403,0.4449267388763516,0.34413031140352845,0.46910999197259173,0.4718188925608573,1.0267916759404536,1.1083453995901928,1.032829856512428,1.0180351481459657,0.7556831513498602,0.9458487644234622,-0.0023657696887171703,1.0206281938005946,0.46183651259967257,0.43774861097335815,0.318736915077482,0.477342243705477,0.4511003281388964,0.9205190454210553,0.704870879650116,0.9507013303892953,0.8975250039781842,0.7468237706593105,0.9422131095613752,-0.001762954268737563,1.0218242236546107
235,1e-06,0.4685070842153527,0.44464445407123243,0.3421447362828975,0.46923803662069624,0.4719882579229455,1.026956266338741,1.1056600182226115,1.0336412185897474,1.0176478917331373,0.75513585515347,0.945895771185557,-0.0022000198100378316,1.0217586934902212,0.46183151858193533,0.43774503469467163,0.318740257195064,0.4773358872958592,0.45109676463263376,0.9205172657966614,0.7048700962747846,0.9506998573030744,0.8975227475166321,0.7468237706593105,0.9422131095613752,-0.0017613734151901944,1.0218015568596976
236,1e-06,0.469316915585576,0.4465448609145556,0.3487744442985049,0.4699721054516874,0.47267972374658246,1.0263413654128162,1.1003000257995517,1.0324940498035136,1.0177232886178642,0.7557486234355815,0.9458772986288017,-0.002186914210155782,1.0220115044699287,0.4618330981050219,0.4377431273460388,0.3187223715441568,0.47733816504478455,0.4510985314846039,0.920514532497951,0.7048648510660444,0.9506977455956596,0.8975201078823635,0.7468237706593105,0.9422131095613752,-0.0017628290890050785,1.0218599268368311
237,1e-06,0.46835887163526513,0.4446473872118343,0.34226148830763936,0.4695937179994168,0.47132739963375236,1.0265607579939804,1.10822971698509,1.0334353017245448,1.0169637898451478,0.7554833679338387,0.9460535665627815,-0.0024753148480105326,1.021350897402258,0.46183791756629944,0.4377473167010716,0.3187218223299299,0.4773447471005576,0.45110186508723665,0.9205124293054853,0.704862117767334,0.9506956424031939,0.8975183112280709,0.7468237706593105,0.9422131095613752,-0.0017630855020667826,1.021892488002777
238,1e-06,0.469754114708898,0.44589471170002537,0.34368745119707195,0.4702205280432381,0.473489826481219,1.0263814308432146,1.1054363410044377,1.0332000627923,1.0169273812649986,0.7555085456621567,0.9459259845144737,-0.002339082059516732,1.0232093933601594,0.4618371937956129,0.43774969237191336,0.3187378091471536,0.4773440829345158,0.451100264276777,0.9205114160265241,0.7048646977969578,0.9506942714963641,0.8975171191351754,0.7468384163720267,0.9422131095613752,-0.0017607932843800103,1.0218588539532252
239,1e-06,0.46854909666977473,0.4437758956148389,0.3379732984429558,0.4687301140684869,0.4727205914133827,1.0259037703596137,1.1071378628351844,1.0318775732457424,1.0172222879564097,0.7551459328553277,0.9455868606071746,-0.002536627449451946,1.0231443503790492,0.4618360825947353,0.4377533793449402,0.3187633752822876,0.47734162637165617,0.4510996426854815,0.9205115437507629,0.7048709733145577,0.9506949186325073,0.8975167274475098,0.746853062084743,0.9422131095613752,-0.0017577520172510827,1.0218013269560677
240,1e-06,0.4687175320254432,0.4446133478629058,0.34177948758044246,0.4687878120513189,0.4728784496303222,1.0269751588442482,1.1019931176169004,1.0330379375176006,1.01841170859227,0.7562808047119801,0.9463406313826839,-0.0022028681905096117,1.0200564787745536,0.46183569942201885,0.43775762830461773,0.31878748536109924,0.4773411452770233,0.45109856128692627,0.9205111946378436,0.7048773680414472,0.950694705758776,0.8975158929824829,0.746853062084743,0.9422277467591422,-0.0017555030561717494,1.0217537454196386
241,1e-06,0.46801937337539407,0.4431508141362356,0.3368368044274316,0.4683000738658602,0.47211138123557683,1.0254039341403591,1.106416908765657,1.0312621694189796,1.0168453019762795,0.7557318285679854,0.9460350923579715,-0.0023327807719875043,1.0219061674976495,0.46184284346444265,0.4377584031649998,0.31875807472637724,0.4773507458823068,0.4511046324457441,0.9205078482627869,0.7048696449824742,0.9506904653140477,0.8975133044379098,0.7468237706593105,0.942198497908456,-0.0017585775349289179,1.0218638607433863
242,1e-06,0.4696671653575184,0.44560743394535257,0.34172714104483937,0.4709115503265256,0.4726874076032175,1.026392305440556,1.0989539700169717,1.032850344548516,1.0175153605460632,0.7553020565557407,0.9460116027259728,-0.0022451527084329315,1.0224524392754495,0.4618513924734933,0.4377610811165401,0.31873269166265217,0.47736205799239023,0.4511116828237261,0.9205049106052944,0.7048629096576146,0.9506874935967582,0.8975103327206203,0.7467798675809588,0.942198497908456,-0.0017615712713450193,1.021973465170179
243,1e-06,0.4664614876141868,0.44184008226965976,0.3371185591693298,0.46623023503631184,0.4710041539399244,1.0266959093438621,1.093446248839955,1.0324809325699678,1.018685653523427,0.7558560616775958,0.9460787553391699,-0.0021712777070811754,1.019140698271291,0.4618563524314335,0.43776667969567434,0.31874035937445505,0.47736782261303495,0.45111560821533203,0.920503922871181,0.7048647914613996,0.9506863866533551,0.8975095919200352,0.7467652303831918,0.942198497908456,-0.0017615387083164283,1.0219878043447221
244,1e-06,0.4700369206655349,0.4467497383455588,0.346574867162348,0.4708898986264857,0.4732993397569876,1.0271519023946047,1.1096181050057419,1.0342343000955478,1.0173204214647373,0.7549444715670299,0.9456002951828077,-0.002011638702883426,1.0239167535726192,0.46185587985175,0.437765760081155,0.31873912044933866,0.4773666943822588,0.4511152761323111,0.9205025860241481,0.7048650298799787,0.9506847262382507,0.8975086808204651,0.7467652303831918,0.9421838521957397,-0.0017617851761834963,1.0219979201044356
245,1e-06,0.4688107110083073,0.4437877961262275,0.33635858569582244,0.46952568053344673,0.4725107738926541,1.0262675724210217,1.1028054950179897,1.0320871357910462,1.0178965954553514,0.7556411705441922,0.9458940952970502,-0.0023948882224350113,1.0221365653607886,0.461863385779517,0.4377698940890176,0.31872459394591196,0.4773778872830527,0.4511200785636902,0.9204994184630257,0.7048590353557042,0.9506811840193612,0.8975064669336591,0.7467505846704755,0.9421838521957397,-0.0017634661967999168,1.0220747419766016
246,1e-06,0.4689705921208254,0.4438792908124538,0.3376338671887159,0.46828397038772784,0.474035080219011,1.0266623224775058,1.1055553683365422,1.032730537930697,1.0179643021201208,0.7563395556949434,0.9460737209288328,-0.0026265203645686524,1.021203322039466,0.46186674918447224,0.43777071152414593,0.31871301361492704,0.47738238743373324,0.45112304176603046,0.9204969576426915,0.7048547863960266,0.9506786806242806,0.8975033845220294,0.7467359730175563,0.9421692064830235,-0.0017638916449089135,1.0221211569649833
247,1e-06,0.4693495369970768,0.44612936044557244,0.34593233452414585,0.4704949459966121,0.47231807622675154,1.0272076424732004,1.1097216653750606,1.033551942490335,1.0181130471134332,0.7552433006896523,0.9456170834887047,-0.0024332872098831566,1.0237357590788154,0.46186905247824533,0.43777826002665926,0.3187432033675058,0.47738502281052725,0.4511237527642931,0.920496540410178,0.7048600826944623,0.9506782463618687,0.8975027203559875,0.7467505846704755,0.9421838521957397,-0.0017616503672408207,1.022070118359157
248,1e-06,0.46910598350682137,0.4453314720088863,0.3432917046321092,0.4697569330655424,0.4726488668370479,1.0271933676338294,1.1013649619974604,1.0342581525437355,1.0176562416938044,0.7551778272305522,0.9457312403308753,-0.0024052363393219788,1.0232675171972725,0.4618728288582393,0.4377819895744324,0.31874468496867586,0.4773905234677451,0.4511259453637259,0.9204951013837542,0.704861411026546,0.9506767817905971,0.8975014005388532,0.7467359474727085,0.9421838521957397,-0.0017614983620920352,1.0220870545932226
249,1e-06,0.46903789858298,0.44509268087786524,0.34234386693192215,0.4696710844926204,0.472627860731915,1.0273664919950385,1.1004754185249301,1.0333767720387035,1.0189193305270952,0.7562522547890819,0.9462382353029676,-0.0021337940142081295,1.0212965940611214,0.46187429768698557,0.43777802160808016,0.3187159810747419,0.47739337171827045,0.4511271459715707,0.9204916102545602,0.7048501883234296,0.9506728989737374,0.8974975177219936,0.7467359474727085,0.9421692064830235,-0.0017627865142588104,1.0221642340932573
250,1e-06,0.4688972096014682,0.44400327082359053,0.3381826577434403,0.4686062524426124,0.47354536336077463,1.0267434235236856,1.1045485435848168,1.0321980980928287,1.0186951381392315,0.7557284741357724,0.9460888241293244,-0.002304442843953524,1.0214576637262696,0.4618721306324005,0.43777260184288025,0.31869728224618094,0.4773909960474287,0.45112551535878864,0.9204889025006976,0.7048445854868207,0.9506711448941912,0.8974945800645011,0.7467213358197894,0.9421692064830235,-0.001763021556793579,1.0222046971321106
